id,Status_C,Status_CL,Status_D
15000,0.10996546438686317,0.0002289103112867319,0.0898056253018501
15001,0.18688068027940036,0.00048233388912110274,0.012636985831478539
15002,0.1905165090575062,0.0013560646880743453,0.008127426254419496
15003,0.03521562742079251,0.00017089652426367834,0.1646134760549438
15004,0.19526041038353376,0.0015739886545016912,0.0031656009619645577
15005,0.09007731854241921,0.004643355508146289,0.10527932594943452
15006,0.19468660167165985,0.001640154941412952,0.0036732433869271974
15007,0.1914180305459597,0.00442392319787874,0.004158046256161559
15008,0.061820823102624045,0.0015050842937280905,0.13667409260364785
15009,0.014812160721550473,0.015559936470368338,0.1696279028080812
15010,0.13345994823713075,0.002992099560220938,0.0635479522026483
15011,0.1787845427752663,0.0008992743262905723,0.020316182898443128
15012,0.19237869847846056,0.00020219292951814948,0.007419108592021261
15013,0.1652562447715828,0.003130289553040641,0.03161346567537657
15014,0.0054870205209391065,0.00035685481892082225,0.19415612466014007
15015,0.0023272834277110904,0.006318389204517926,0.191354327367771
15016,0.19595775988884281,0.0012492256881862476,0.0027930144229709247
15017,0.09783867635333961,0.005083221277645232,0.09707810236901517
15018,0.18599344672625856,0.0037898851658752708,0.010216668107866202
15019,0.19506552377921826,0.0013254009938152805,0.0036090752269664467
15020,0.000816799838534815,0.00012213231308738534,0.1990610678483778
15021,0.19099039483287555,0.0037741831675516557,0.005235421999572757
15022,0.09557469823308522,0.04143555649173457,0.0629897452751802
15023,0.19483544653976217,0.0005229270742587163,0.00464162638597909
15024,0.19325122206018222,0.0003686702238836328,0.006380107715934132
15025,0.193289517421964,0.0008969002847936839,0.005813582293242305
15026,0.07588075648976689,0.005682906831877561,0.11843633667835556
15027,0.1779352197500537,0.014519085793693565,0.007545694456252737
15028,0.0010659976274160414,0.00019059116967538073,0.1987434112029086
15029,0.02371310528752477,0.12162365917401712,0.05466323553845812
15030,0.1885431701181355,0.006784347656130953,0.004672482225733509
15031,0.1963287369905587,0.002123034916743701,0.00154822809269763
15032,0.18487958067557808,0.001323119523142328,0.013797299801279589
15033,0.14964146045626384,0.01415201178543562,0.036206527758300536
15034,0.05927301097996973,0.004530715942466202,0.13619627307756405
15035,0.10880026894060515,0.005196174153878439,0.08600355690551639
15036,0.19813618558779608,0.0005653734596995739,0.00129844095250435
15037,0.19132703946082608,0.00044478427703420703,0.008228176262139723
15038,0.18611944401198421,0.003680425660483922,0.010200130327531857
15039,0.1653480510524448,0.0045192248146411,0.03013272413291413
15040,0.17023930918939625,0.0006061240610232925,0.029154566749580474
15041,0.19360337191031307,0.003691613767935016,0.002705014321751921
15042,0.03588817997944964,0.005500002876202585,0.15861181714434774
15043,0.0733562046206718,0.025915952482061504,0.1007278428972667
15044,0.18807509057574862,0.0013686533168101626,0.010556256107441245
15045,0.19739723265683337,8.805364199029624e-05,0.00251471370117635
15046,0.023937916727219767,0.0018533851420656142,0.17420869813071463
15047,0.18626054672965422,0.0015925097341027068,0.012146943536243106
15048,0.06948832900137655,0.0005589721167357565,0.1299526988818877
15049,0.002349609630458684,0.00041461200237882497,0.1972357783671625
15050,0.1945951555693042,0.0007358960738656675,0.004668948356830152
15051,0.19484005573184288,0.0028612542008028957,0.002298690067354231
15052,0.18940726372219013,0.0009828874873582531,0.009609848790451615
15053,0.19163698889928574,0.0008158506213152989,0.007547160479399004
15054,0.13835558056438932,0.016502497126483866,0.045141922309126795
15055,0.19871288199109666,0.0002418471119317926,0.001045270896971545
15056,0.14379741452430286,0.0016113473985942747,0.054591238077102845
15057,0.14372750349336633,0.0023642401365180296,0.053908256370115634
15058,0.09465967202410101,0.008939250859664521,0.09640107711623443
15059,0.16436170654241244,0.004841369992825516,0.03079692346476202
15060,0.1921158115538138,0.0020012669448730667,0.005882921501313124
15061,0.19629483177745194,0.001519626233563188,0.0021855419889848437
15062,0.1946421950243197,0.0002211201018467643,0.005136684873833558
15063,0.1971094333993319,0.0008005306267218357,0.0020900359739462345
15064,0.1951254969445076,0.0023114012291556726,0.0025631018263367407
15065,0.10996457985700639,0.03892556503379345,0.051109855109200165
15066,0.19392517858981623,0.00034214990210932624,0.005732671508074499
15067,0.15457682405868514,0.006885566646082096,0.03853760929523276
15068,0.19258923758228302,0.005608500148472543,0.0018022622692444121
15069,0.021344009921188616,0.004860375349345426,0.17379561472946595
15070,0.12976167340449452,0.004002108503369303,0.06623621809213619
15071,0.08054420583865747,0.10734608633339934,0.012109707827943189
15072,0.1279841984945093,0.00027159202993865016,0.07174420947555209
15073,0.17134620665079922,0.0012413483187109383,0.027412445030489813
15074,0.19204534266311304,0.0020127512924967795,0.0059419060443902045
15075,0.09728833745309548,0.030300495338361294,0.07241116720854321
15076,0.08943178292731879,0.000774400398550711,0.1097938166741305
15077,0.08785092849493856,0.0007308343066343311,0.11141823719842711
15078,0.023746320297642322,0.018644187317112842,0.15760949238524485
15079,0.19753311764001463,0.00019034622495836165,0.002276536135027046
15080,0.003552534678219519,0.00022713127499815797,0.1962203340467823
15081,0.023934628091724475,0.0036030498761500176,0.1724623220321255
15082,0.19348083177166048,0.0005612113577077476,0.005957956870631725
15083,0.0173807531919048,0.0013792256447196429,0.18124002116337556
15084,0.16182759803509356,0.004404864251637566,0.03376753771326887
15085,0.1941338547877017,0.002561434376849573,0.0033047108354486822
15086,0.17851302719352954,0.01192322064188887,0.009563752164581576
15087,0.1966386046294048,0.0007096854890232844,0.002651709881571912
15088,0.03990280881488921,0.0036047468452145336,0.15649244433989626
15089,0.19429497830456754,0.0041083000613052366,0.0015967216341272288
15090,0.009696620781675517,0.0036018703196490586,0.1867015088986754
15091,0.1488963227441046,0.0011887149971234177,0.04991496225877197
15092,0.19094065812112554,0.0013380328642389945,0.007721309014635473
15093,0.08764841392211212,0.012058858569921477,0.1002927275079664
15094,0.036772972750733005,0.027928557063004362,0.13529847018626265
15095,0.06904120996817684,0.0023519452066627002,0.12860684482516044
15096,0.18955584255545554,0.0019476078796581084,0.008496549564886371
15097,0.07246250347060153,0.003780317089419683,0.12375717943997881
15098,0.013543507039176875,0.0007815529888202197,0.1856749399720029
15099,0.19552629598809063,0.0001096748435995278,0.004364029168309873
15100,0.17513177407354383,0.01842823949943284,0.006439986427023307
15101,0.0012223867766837308,0.0008846322103589777,0.19789298101295727
15102,0.002270411384813024,0.00041633943375494814,0.19731324918143206
15103,0.19594800887979708,0.002401477550052455,0.0016505135701504795
15104,0.17691311668674584,0.0025557843591012086,0.020531098954152945
15105,0.06077809220874579,0.0004955726097027976,0.13872633518155142
15106,0.1689941362472205,0.001809543311124547,0.029196320441654967
15107,0.19456836288587792,0.0005232720044102827,0.00490836510971177
15108,0.16173406602506765,0.0034915746894786702,0.03477435928545368
15109,0.15667283562868295,0.0013559646798518006,0.04197119969146525
15110,0.1910378495977304,0.0034040115001060084,0.005558138902163605
15111,0.18112349705221012,0.006685340003255165,0.012191162944534702
15112,0.1866024271600364,0.0012414951003225452,0.012156077739641074
15113,0.06449602720918855,0.0021688907800382637,0.1333350820107732
15114,0.1628585858020261,0.021151935836253247,0.015989478361720634
15115,0.14773135028971224,0.0004937936269926323,0.05177485608329514
15116,0.1107518183881335,0.000488170230511459,0.08876001138135503
15117,0.19101278491615264,0.0008957613403240174,0.00809145374352337
15118,0.18661487754652756,0.0009937830398244274,0.01239133941364802
15119,0.19059406954228283,0.002032801014428728,0.007373129443288445
15120,0.1397193600998183,0.0016495727383018578,0.05863106716187981
15121,0.1954265143277043,0.002170462726869198,0.002403022945426506
15122,0.018140907731178612,0.0008123900559657649,0.18104670221285563
15123,0.16360166725280065,0.008484859394967922,0.027913473352231433
15124,0.19650696689831,0.0004242493749921029,0.00306878372669791
15125,0.1860712527323684,0.0016509405265693635,0.012277806741062247
15126,0.14355508911690681,0.008212723446734242,0.048232187436358924
15127,0.16064724840235825,0.00041383988878469953,0.03893891170885706
15128,0.18498664170744206,0.00116006322497801,0.013853295067579935
15129,0.1599167207140005,0.0029490087726941104,0.037134270513305374
15130,0.13740372303468049,0.0012154213848040369,0.061380855580515495
15131,0.1975260301468207,0.00026142078499110256,0.0022125490681881715
15132,0.0006041469383417915,0.00019974480405653155,0.19919610825760167
15133,0.002711909575431197,0.00039958200647783736,0.19688850841809097
15134,0.1831511748271172,0.0005932892506994385,0.016255535922183362
15135,0.13263787666690952,0.005941433011616867,0.06142069032147361
15136,0.19511394016530847,0.0003898780615127026,0.0044961817731787755
15137,0.17782139985954964,0.002917938980978146,0.01926066115947221
15138,0.0006365961950903801,0.0002887954442752643,0.19907460836063434
15139,0.1942367513110575,0.001171863109397037,0.004591385579545442
15140,0.1966102086505414,0.00047141587769396773,0.0029183754717646082
15141,0.17900391606429175,0.002383518738641848,0.01861256519706641
15142,0.1901546095059947,0.007359397269468153,0.0024859932245371264
15143,0.18960822046776898,0.0012214667909036425,0.009170312741327404
15144,0.01713546830265717,0.0007869887415786822,0.18207754295576414
15145,0.18703215762368225,0.0012517882609325798,0.011716054115385167
15146,0.0015461179411419982,0.00014045541067887442,0.19831342664817914
15147,0.19771665085137644,0.0007183409326542659,0.0015650082159692762
15148,0.19114942961910047,0.0009859711100927667,0.007864599270806759
15149,0.1901503396573674,0.0008587648991850918,0.008990895443447533
15150,0.11122987473012196,0.004770268895659233,0.0839998563742188
15151,0.17219449921237845,0.004042202487323363,0.0237632983002982
15152,0.18771874112089024,0.00756736874555342,0.004713890133556341
15153,0.19082635594637012,0.005957566483505166,0.0032160775701247334
15154,0.19210498807768714,0.0035739760035533273,0.004321035918759524
15155,0.18263546752273313,0.00519465019426767,0.012169882282999204
15156,0.009306560144517828,0.0030747098977236325,0.18761872995775855
15157,0.0093030845311508,0.0013358292217074527,0.18936108624714174
15158,0.19222148162588976,0.0010692552420732305,0.006709263132036988
15159,0.1953557729658881,0.00027345453586002564,0.004370772498251853
15160,0.17557505506924145,0.00367294548438686,0.02075199944637169
15161,0.1923864561988416,0.0006162669908966929,0.0069972768102617225
15162,0.17585241515512567,0.003948110706574049,0.02019947413830026
15163,0.19142736514657693,0.0004636234137983013,0.00810901143962476
15164,0.03214736135053735,0.008562736368339718,0.15928990228112294
15165,0.1664083633699017,0.015022845584944664,0.018568791045153615
15166,0.18041882306712478,0.0011763686875486735,0.01840480824532658
15167,0.19529643847584716,0.0005674179624031461,0.0041361435617496565
15168,0.18253284434207,0.002067247556813144,0.015399908101116803
15169,0.0009517841985334482,0.00029738979094816336,0.1987508260105184
15170,0.1770609052584434,0.000980003827139193,0.02195909091441737
15171,0.17430099281641093,0.011870910581746904,0.013828096601842208
15172,0.1611256210901839,0.022326977119321197,0.016547401790494864
15173,0.18178190972639788,0.00635353629969169,0.011864553973910433
15174,0.18959032180645768,0.0013433129046787878,0.009066365288863523
15175,0.17890175509892575,0.001402302104422546,0.019695942796651697
15176,0.19762563916174986,0.0007193452593918338,0.0016550155788583102
15177,0.07760933867947066,0.004769527997854017,0.11762113332267532
15178,0.15344670328857027,0.01782722931750111,0.02872606739392867
15179,0.19347311339041925,0.0005451623135559944,0.005981724296024729
15180,0.17618264753389745,0.002797823137345061,0.021019529328757496
15181,0.18364849471885664,0.006966711512958893,0.009384793768184473
15182,0.007172035442325786,0.0031139469003146013,0.1897140176573596
15183,0.015140088378270588,0.0038861956187900724,0.18097371600293935
15184,0.18752503166114853,0.0023452673774272707,0.01012970096142419
15185,0.03662940565039819,0.1407849161203883,0.022585678229213556
15186,0.00037677700994710316,6.092805519923194e-05,0.19956229493485364
15187,0.07891182055885891,0.04860962886184118,0.07247855057929992
15188,0.19195395003844906,0.0003247993226397844,0.007721250638911126
15189,0.10542309731723085,0.0013523481413085625,0.09322455454146059
15190,0.18952799821493957,0.002410647814173655,0.00806135397088677
15191,0.038842712119194406,0.0019488922914105982,0.15920839558939498
15192,0.1965807123646806,0.0009814154897215177,0.00243787214559785
15193,0.011775770422673745,0.0006266358234524781,0.18759759375387378
15194,0.15607939571259044,0.0012258967618283196,0.04269470752558126
15195,0.19204264912775246,0.002255699105757907,0.005701651766489611
15196,0.19784416495566967,0.0008903443435236828,0.001265490700806642
15197,0.1195279797166714,0.04286897785097125,0.03760304243235737
15198,0.003031271280281681,0.0003078063184673359,0.196660922401251
15199,0.195069724410857,0.0011204840596608168,0.003809791529482167
15200,0.021249335674644286,0.0028510142361708535,0.17589965008918487
15201,0.19693907126394403,0.0004471660558523955,0.00261376268020356
15202,0.14594090191384138,0.002504843249472204,0.051554254836686395
15203,0.045083045206517076,0.00037081050213398886,0.15454614429134894
15204,0.1551596974818769,0.002394067700990137,0.04244623481713295
15205,0.01400642380241042,0.014794433112412391,0.17119914308517717
15206,0.19704229194726686,0.0005036476552252478,0.002454060397507901
15207,0.18781575553104995,0.007776393651673969,0.004407850817276124
15208,0.16626082281829585,0.002601778365776355,0.03113739881592779
15209,0.0062586376594633755,0.0007874927057648718,0.19295386963477174
15210,0.07705643786146146,0.005140137726597575,0.11780342441194096
15211,0.18266641396097857,0.009062247732594765,0.008271338306426687
15212,0.13065521922890372,0.01061476537280422,0.058730015398292056
15213,0.05790857710900636,0.001120078741239853,0.1409713441497538
15214,0.10115961842714774,0.0037699730663891227,0.09507040850646314
15215,0.1356663505297549,0.009893477321938526,0.054440172148306584
15216,0.19260450580627014,0.0017286647269713052,0.005666829466758562
15217,0.17145899951170168,0.011844747208375568,0.016696253279922774
15218,0.17363901437752233,0.003272392346784571,0.023088593275693108
15219,0.15149539003445028,0.002127864979898107,0.04637674498565161
15220,0.16403127124541167,0.003502437789905173,0.03246629096468316
15221,0.16145331135521573,0.00783154692533566,0.030715141719448603
15222,0.18286379676224485,0.0010319640277593706,0.016104239209995777
15223,0.19638729078081116,0.0005290429936011265,0.0030836662255877534
15224,0.19836164294175254,0.0007957053200915278,0.0008426517381559378
15225,0.19421844972843322,0.0019171651168879429,0.0038643851546788397
15226,0.18265363100212462,0.0025277019484396357,0.014818667049435717
15227,0.0400330474837324,0.0005137019016139336,0.15945325061465368
15228,0.07651363986621423,0.0018546427065713946,0.12163171742721438
15229,0.12242915360135567,0.04932085398080604,0.028249992417838328
15230,0.011031412904829783,0.0005486623915477021,0.1884199247036225
15231,0.17973763997762668,0.0016810828257192846,0.01858127719665405
15232,0.06339585353516726,0.004366440018702933,0.1322377064461298
15233,0.18214476371645458,0.0010891971286475645,0.01676603915489785
15234,0.1333300467161125,0.009492818432323526,0.05717713485156399
15235,0.1979058032199463,0.00021058128030262643,0.0018836154997510484
15236,0.10837581941174579,0.0010784077456109367,0.09054577284264327
15237,0.17247305838903632,0.0022339651729747436,0.0252929764379889
15238,0.13282151216581414,0.002657623947351662,0.06452086388683416
15239,0.19233825734012996,0.0011193425516596515,0.00654240010821041
15240,0.02806091553922658,0.0027688680130319478,0.16917021644774147
15241,0.1348593631763916,0.001687633551063071,0.06345300327254534
15242,0.16403992146958543,0.006847976474369211,0.02911210205604533
15243,0.02878786425202618,0.0016010202861026072,0.16961111546187121
15244,0.0007923190021826192,3.0023738738961032e-05,0.1991776572590784
15245,0.006323793586495913,0.0005118146108649593,0.1931643918026391
15246,0.18340660032021155,0.0004947854069174523,0.016098614272871004
15247,0.11301324377568282,0.07302852595453803,0.013958230269779137
15248,0.07872539155095586,0.0025865356628326846,0.11868807278621145
15249,0.18517713213418452,0.000829879416166175,0.01399298844964927
15250,0.19598078149473525,0.0004760977487456702,0.003543120756519128
15251,0.10373231535459018,0.005110169579686389,0.09115751506572342
15252,0.016458099471056288,0.0011569654038015526,0.18238493512514214
15253,0.007973402050313706,0.0011095369326098383,0.19091706101707648
15254,0.07056987496320535,0.0037686880499276884,0.12566143698686696
15255,0.041460504532309636,0.04349549405569942,0.11504400141199093
15256,0.003952501418449724,0.01351107892091466,0.1825364196606356
15257,0.18822176952426484,0.0010077734922821564,0.010770456983452987
15258,0.17517815637351078,0.004191258834820008,0.02063058479166922
15259,0.16591480931704033,0.0015228424148569892,0.03256234826810268
15260,0.17664561468453707,0.0014336044713708783,0.02192078084409204
15261,0.12333974998215655,0.000713725794572463,0.07594652422327099
15262,0.07887979157494199,0.0016111417497819453,0.11950906667527608
15263,0.0400481623446738,0.002471301885171975,0.15748053577015425
15264,0.19211196914677311,0.00022069838388845864,0.007667332469338403
15265,0.01002890170871433,0.02336736995483789,0.1666037283364478
15266,0.0959631393975898,0.011365224393226927,0.09267163620918327
15267,0.1499854906555348,0.003559963723546729,0.046454545620918476
15268,0.0016421827714895789,0.002592944046677132,0.1957648731818333
15269,0.1941380988073658,0.0032722158102023607,0.002589685382431823
15270,0.17571564741960427,0.0037832922371983228,0.020501060343197403
15271,0.0727627174582253,0.0024415785646510735,0.12479570397712361
15272,0.19672251157445314,0.0009492170750793529,0.0023282713504675307
15273,0.18737971281285426,0.0007911945759547416,0.01182909261119097
15274,0.15355368710078746,0.00176833549721628,0.04467797740199627
15275,0.19401567570579797,9.44446910930736e-05,0.005889879603108919
15276,0.19096936085787103,0.00030169986920944596,0.008728939272919506
15277,0.17492584115950302,0.004188194535863501,0.020885964304633454
15278,0.19518637431331365,0.0025231117018174602,0.0022905139848689027
15279,0.027909741334877593,0.00037434621306090796,0.17171591245206153
15280,0.17760841604709482,0.01095213490743445,0.011439449045470717
15281,0.16770248374266541,0.0013591099699166967,0.030938406287417914
15282,0.1900256476328261,0.00019426916224626856,0.00978008320492764
15283,0.0013298075547265985,0.0017315835321716606,0.19693860891310175
15284,0.09347026690095638,0.0020473233019558646,0.10448240979708776
15285,0.196032610990366,0.00017143839558835504,0.0037959506140456205
15286,0.14581404466652859,0.0028642426789792946,0.051321712654492105
15287,0.194477761942186,0.0008676343763941673,0.004654603681419848
15288,0.05355769448735388,0.0059241996995676545,0.14051810581307847
15289,0.1973419256228306,0.0009663013286699258,0.0016917730484994746
15290,0.18056971260632357,0.002231796330045995,0.017198491063630434
15291,0.1550207531853694,0.001942190688041158,0.04303705612658947
15292,0.18677700661455368,0.0004435127796264595,0.012779480605819857
15293,0.18228240349735556,0.010100468217453827,0.007617128285190582
15294,0.1876345422557446,0.001393094454421481,0.010972363289833873
15295,0.0018933220086668103,0.0003186131193373411,0.19778806487199582
15296,0.19602260183135398,0.0002576787965379412,0.003719719372108095
15297,0.0841937058917593,0.02147544952710643,0.09433084458113428
15298,0.03656916041538981,0.0013805713009598269,0.16205026828365038
15299,0.08764733684129758,0.0035733176263275414,0.1087793455323749
15300,0.1910843279047377,0.0007596670040168212,0.008156005091245469
15301,0.05069371401059636,0.0029028365815278716,0.14640344940787578
15302,0.19310204072779244,0.0009784130114028962,0.005919546260804659
15303,0.1489106085481707,0.01192761778766641,0.03916177366416287
15304,0.11098504856078215,0.0050059913873617985,0.08400896005185604
15305,0.19475238336182202,0.0030686250270192126,0.0021789916111587997
15306,0.01480237012590795,0.0017797209007443236,0.18341790897334775
15307,0.0476649709464433,0.04435548330435047,0.10797954574920623
15308,0.19020679284817693,0.0008282841074713825,0.008964923044351668
15309,0.1679617797833189,0.0016371413958664188,0.030401078820814702
15310,0.18806034855962567,0.002906770961000174,0.009032880479374152
15311,0.05633314366045539,0.008636317923574362,0.13503053841597024
15312,0.17940319895530554,0.0022232180405665253,0.01837358300412791
15313,0.10342826365785211,0.0004679159897108671,0.096103820352437
15314,0.1387183088589196,0.024392183478598846,0.036889507662481585
15315,0.0011016827646774593,0.00017184184069088295,0.19872647539463165
15316,0.01749526225629256,0.0014980696086488382,0.18100666813505858
15317,0.038911405317608574,0.001864235827392756,0.1592243588549987
15318,0.027321509183707925,0.00793013399242938,0.16474835682386268
15319,0.18707791599329793,0.00026842601184347444,0.01265365799485863
15320,0.19478441458003842,0.000574667555884017,0.00464091786407759
15321,0.19040844329556883,0.00019214732902367881,0.009399409375407487
15322,0.1940130490166273,0.000298184076279529,0.005688766907093168
15323,0.19288349117583517,0.0017512723372960985,0.005365236486868745
15324,0.19205747441199833,0.002854159028787307,0.005088366559214353
15325,0.0046544093287591935,0.006183016183203332,0.18916257448803747
15326,0.1700024918861195,0.0006000008560448357,0.029397507257835687
15327,0.1527178544104421,0.0016233499698776026,0.04565879561968027
15328,0.008905505630512135,0.0027471483285610547,0.18834734604092682
15329,0.002061792095579146,0.0004375885943021904,0.19750061931011867
15330,0.00948541586606481,0.005279086577124902,0.1852354975568103
15331,0.15830181388143477,0.00432469383511816,0.03737349228344705
15332,0.004671869969747803,0.00024934035424678904,0.1950787896760054
15333,0.09382790364636925,0.00033550013869291286,0.10583659621493784
15334,0.1753255707872689,0.002369418737057129,0.022305010475673976
15335,0.19033185165977307,0.002527166755434387,0.0071409815847925644
15336,0.0700642218445943,0.002989126796509157,0.12694665135889655
15337,0.17840470695463967,0.005079982872119676,0.016515310173240646
15338,0.18849737926389282,0.0001489262386913816,0.011353694497415776
15339,0.15634055657836032,0.0004885853144679258,0.043170858107171764
15340,0.1892090518102177,0.0020344975326081717,0.008756450657174135
15341,0.03311421411152189,0.01048737334432127,0.15639841254415685
15342,0.19455280907850253,0.00026773121970453175,0.00517945970179289
15343,0.19460616468616362,0.00032041755711589387,0.005073417756720484
15344,0.19513667937823212,0.000480358546186333,0.00438296207558154
15345,0.19591653767375727,0.0006520946148694884,0.0034313677113732358
15346,0.07929624509002416,0.019696185850396584,0.10100756905957924
15347,0.17484301087066884,0.004347835416966786,0.020809153712364394
15348,0.19584617317542574,0.0003074880718598831,0.0038463387527143643
15349,0.15588586091813744,0.022131533940524188,0.021982605141338395
15350,0.1741756998831363,0.005718529237271266,0.020105770879592456
15351,0.061192655548178584,0.0029634584039478027,0.13584388604787362
15352,0.19012834482895785,0.00798795941358717,0.0018836957574549882
15353,0.034659673249754365,0.0010977222314938703,0.16424260451875175
15354,0.0018239455013483422,0.0007830936731169268,0.19739296082553476
15355,0.024727247229154366,0.018439144944548833,0.1568336078262968
15356,0.18312393975804098,0.0026065503790727394,0.014269509862886286
15357,0.16166493311352012,0.0011171451982984418,0.03721792168818143
15358,0.19484420690956522,0.0003591501407471633,0.004796642949687608
15359,0.12780690322844593,0.008571029320929659,0.06362206745062443
15360,0.004084706444410563,0.00021694251551013826,0.1956983510400793
15361,0.18577630591493569,0.0006726656620644374,0.013551028422999855
15362,0.04225672445032262,0.0030654619680284094,0.15467781358164895
15363,0.19065049386204497,0.0016234626281135208,0.0077260435098414956
15364,0.18935200484098155,0.006328785107380969,0.0043192100516374985
15365,0.19388090966403174,0.0012635957348710901,0.004855494601097214
15366,0.19337141775801273,0.0007473507958081939,0.0058812314461791065
15367,0.004162084930488147,0.0007776068237875238,0.19506030824572435
15368,0.1681959431380168,0.00201230167343111,0.029791755188552056
15369,0.1926329934195532,0.00040259006713914784,0.006964416513307668
15370,0.008865086894964406,0.0013449058512039857,0.1897900072538316
15371,0.003742192627056094,0.002101313031074061,0.19415649434186982
15372,0.07673847449063885,0.0007736110379574871,0.12248791447140366
15373,0.1470002964440485,0.045189150866810274,0.007810552689141233
15374,0.19488892757546689,0.000357040975219985,0.004754031449313147
15375,0.19265746567276312,0.0005152042604729681,0.006827330066763913
15376,0.1952045269973844,0.002706544645343207,0.0020889283572724073
15377,0.19732206024522017,0.000519035026572899,0.0021589047282069224
15378,0.00030650257946046057,0.00014008037056223088,0.1995534170499773
15379,0.11728467192742845,0.007295808782344773,0.07541951929022678
15380,0.18627344859634656,0.0058463069392660875,0.007880244464387362
15381,0.18938234031220846,0.0018311433633553976,0.00878651632443617
15382,0.02854372876291459,0.004576762976281101,0.1668795082608043
15383,0.031932383713172544,0.003326069236536902,0.16474154705029054
15384,0.06314289685512137,0.011128214694289902,0.12572888845058872
15385,0.031832197939986116,0.0007982468301417064,0.1673695552298722
15386,0.1425053083636458,0.0005840089760932879,0.056910682660260906
15387,0.1866913643338211,0.0014296273145223868,0.011879008351656494
15388,0.16772794962334542,0.0013624047810385208,0.03090964559561606
15389,0.01854001165852985,0.008718753466591353,0.1727412348748788
15390,0.19705369096030056,0.0010298951095571653,0.0019164139301422391
15391,0.16248098271656625,0.0014920137627304959,0.03602700352070325
15392,0.004765557094510498,0.0001930995759776433,0.19504134332951187
15393,0.10949098544515667,0.0038728028001731286,0.0866362117546702
15394,0.17067286087004455,0.0014086872251139726,0.027918451904841473
15395,0.19262875143905,0.0005133172266782545,0.006857931334271751
15396,0.17801011105084072,0.0016494720685623066,0.020340416880596967
15397,0.1926111708371358,0.003552371950447712,0.003836457212416486
15398,0.1333850287767166,0.03742532295023927,0.029189648273044166
15399,0.189003558504945,0.000982684337911995,0.01001375715714301
15400,0.1543741014028645,0.00039507252081518834,0.04523082607632032
15401,0.014511026039573577,0.00035556920926662976,0.1851334047511598
15402,0.18534029482803893,0.003954467029523783,0.010705238142437285
15403,0.17568612412771223,0.0012320525810591682,0.023081823291228622
15404,0.18942058336640322,0.005864273308233684,0.004715143325363095
15405,0.0734929013582861,0.0011795656655320017,0.12532753297618188
15406,0.03666226603813413,0.004173003721791283,0.15916473024007458
15407,0.003006820772286164,0.00022868841206521496,0.19676449081564865
15408,0.1863372527229526,0.0011559503149119127,0.01250679696213551
15409,0.181218879190848,0.0013842823783944717,0.0173968384307575
15410,0.1955221296452419,0.001324103141733968,0.0031537672130241183
15411,0.013030291259917854,0.0016267439127019296,0.18534296482738022
15412,0.194023056377247,0.0036382225604864532,0.002338721062266522
15413,0.19624409228977424,0.0003050834736427253,0.00345082423658303
15414,0.018395144922451076,0.0015370705721556859,0.18006778450539324
15415,0.1786045473215036,0.01604933538649881,0.005346117291997595
15416,0.17904633848328738,0.0024800005346171036,0.01847366098209552
15417,0.13992805024024066,0.0013481817014520748,0.05872376805830727
15418,0.19183960337734296,0.0006867350112315199,0.007473661611425526
15419,0.19640316620167753,0.00014013681454335102,0.0034566969837791332
15420,0.17860107013942303,0.0004252061640927623,0.02097372369648419
15421,0.1942673576350097,0.00031199241249416744,0.00542064995249612
15422,0.1772169172607244,0.012974114039374356,0.009808968699901235
15423,0.19395431094641402,0.0034782770621804306,0.002567411991405566
15424,0.1971801014489911,0.00014291182846103725,0.002676986722547863
15425,0.18797164681807985,0.0006581139791386838,0.011370239202781459
15426,0.19590979614904191,0.00030257254129682526,0.003787631309661221
15427,0.19497976452729238,0.002976797654701408,0.0020434378180062235
15428,0.19847517126301661,0.00010094473208112332,0.0014238840049022297
15429,0.16981399027224556,0.002241091508736726,0.027944918219017723
15430,0.061897161818350664,0.10762836125545164,0.030474476926197692
15431,0.19402597368295346,0.0003763183749239842,0.005597707942122566
15432,0.1845821446344051,0.0011197243798189685,0.014298130985775911
15433,0.05503060236256998,0.0006760724314947605,0.14429332520593524
15434,0.1936867209147052,0.0034454107710257926,0.002867868314269014
15435,0.10595136479394955,0.01369520415500503,0.08035343105104541
15436,0.013224407146272732,0.0009463732211219282,0.18582921963260532
15437,0.1156796947411152,0.0005429689667318199,0.08377733629215298
15438,0.00667524843652041,0.012682575167866156,0.18064217639561345
15439,0.17406450493279618,0.0005091107141543678,0.025426384353049464
15440,0.016874930801624353,0.0024167293590596655,0.18070833983931597
15441,0.19441877242200725,0.000203182976734099,0.00537804460125865
15442,0.0015531473263184256,0.00018027102713435362,0.19826658164654726
15443,0.1967303232697463,0.0004250632700675901,0.002844613460186122
15444,0.015186885106443537,0.001636609119635304,0.18317650577392117
15445,0.001269587199270931,0.0003133234362190078,0.19841708936451002
15446,0.18910544885392122,0.004601201431019365,0.0062933497150594086
15447,0.03125036155709761,0.008150558888716871,0.1605990795541855
15448,0.1135450096619034,0.0010814568291756892,0.08537353350892092
15449,0.15850588969611384,0.0012117552369953317,0.04028235506689083
15450,0.018323091292050363,0.00266836094845069,0.17900854775949895
15451,0.18884103700545174,0.0013193207066398548,0.009839642287908398
15452,0.003026698656144055,0.0004158216503598131,0.19655747969349613
15453,0.0026751612634932902,0.0004590587185255931,0.19686578001798113
15454,0.1434069161841052,0.004792797862247441,0.051800285953647364
15455,0.1955135859522392,0.0005765055200467604,0.003909908527714038
15456,0.19526265238308096,0.00022975369920600705,0.004507593917713015
15457,0.18869178994440822,0.00011703521697941827,0.011191174838612365
15458,0.19668552869780306,0.0003126780510363567,0.0030017932511605507
15459,0.19341373129608702,0.0008382002508419098,0.005748068453071059
15460,0.13331798266202305,0.005399915147778407,0.06128210219019856
15461,0.019548558970829848,0.0003489540610773007,0.18010248696809286
15462,0.18715708951025684,0.00248886675610702,0.010354043733636159
15463,0.0010976267822664395,0.0007699489130630808,0.19813242430467048
15464,0.0016578000910753101,0.0035443620466067602,0.19479783786231794
15465,0.000992939038174039,0.00020627042620059867,0.19880079053562535
15466,0.16484921011645084,0.0013012526160467428,0.03384953726750244
15467,0.0013347266796610532,7.805823813216557e-05,0.19858721508220675
15468,0.14014440604712933,0.0014867107814897117,0.05836888317138097
15469,0.1977671625428823,0.00017498457820195262,0.0020578528789157594
15470,0.199070313062429,0.000216367016773089,0.0007133199207978849
15471,0.1772055582844107,0.00020879627113193109,0.022585645444457406
15472,0.1837387941689793,0.00035948546912990516,0.015901720361890786
15473,0.1871519093657929,0.0004187849441385369,0.012429305690068556
15474,0.12508345722658662,0.010624480138008844,0.06429206263540452
15475,0.12600275167395983,0.0016536592862595328,0.07234358903978065
15476,0.19807512346679923,0.0005212114699996525,0.001403665063201121
15477,0.0009622490175804682,0.00030980831568577663,0.19872794266673374
15478,0.14360424076662084,0.022159909211878027,0.03423585002150113
15479,0.13959158237378733,0.0009003375379599006,0.059508080088252736
15480,0.16025482179636216,0.0026296386155439857,0.037115539588093834
15481,0.17785419582561163,0.017691646258810752,0.004454157915577618
15482,0.1323757474819055,0.0002557568217218652,0.0673684956963726
15483,0.16083431050436434,0.0011868619041888293,0.03797882759144684
15484,0.1523069510271534,0.003219433988879699,0.04447361498396689
15485,0.19402777823388268,0.0014139128688397415,0.004558308897277574
15486,0.1603798171300229,0.0011738688245230113,0.038446314045454094
15487,0.17717343835823465,0.0011813901557622207,0.02164517148600311
15488,0.19494466664970875,0.002527497354670684,0.002527835995620535
15489,0.19439115509868954,0.00023156350810585045,0.005377281393204586
15490,0.0020248075691832556,0.0003228850568179305,0.1976523073739988
15491,0.19749715467126597,3.986346024645989e-05,0.002462981868487565
15492,0.10638089861314645,0.004993030685811708,0.08862607070104185
15493,0.19687144259275818,0.0002843296361822935,0.0028442277710595152
15494,0.01528204275145816,0.0003902487423361889,0.18432770850620567
15495,0.07646845531674812,0.0016438223881735706,0.1218877222950783
15496,0.1566793217223347,0.0014697574906841302,0.04185092078698119
15497,0.1725294662145053,0.01854230999572788,0.00892822378976683
15498,0.18783632643792675,0.00013775432019593766,0.01202591924187728
15499,0.1817078879511586,0.0009497810136475871,0.01734233103519381
15500,0.18507759906496923,0.0011310570057706895,0.013791343929260088
15501,0.19444658590006733,0.0010127027517375952,0.004540711348195096
15502,0.09131601147032944,0.0005452689474553869,0.10813871958221517
15503,0.1892171600671025,0.005328184175955991,0.005454655756941523
15504,0.06423436399192192,0.011502851505005613,0.12426278450307246
15505,0.047787814008687306,0.013431315919354652,0.13878087007195802
15506,0.1968038013328447,0.0005773080236538058,0.002618890643501499
15507,0.135699139964745,0.0008464266749361911,0.06345443336031878
15508,0.18722349196395754,0.0011203759205109585,0.011656132115531506
15509,0.13251165401332077,0.0030341716022140096,0.06445417438446521
15510,0.0836638914302659,0.0022202716397484268,0.11411583692998566
15511,0.19448502933327366,0.0006127601099469441,0.004902210556779397
15512,0.004566199795369074,0.006752057561776428,0.18868174264285448
15513,0.1342217695182524,0.00565005953062244,0.06012817095112514
15514,0.1912210209725232,0.0009924626721088633,0.007786516355367941
15515,0.16267079527148226,0.015418169252873818,0.0219110354756439
15516,0.1556772048086154,0.001337768526672803,0.0429850266647118
15517,0.19883109276678423,0.00046423124197361775,0.0007046759912421377
15518,0.17209914352715877,0.008703047238388457,0.019197809234452794
15519,0.1835940753165733,0.013443150411899005,0.0029627742715276646
15520,0.03117338544427945,0.007566397416555522,0.161260217139165
15521,0.18877019917876667,0.003988630936479296,0.007241169884754031
15522,0.15353353240209036,0.01624277546144587,0.03022369213646378
15523,0.1939437211010123,0.002553790870193904,0.0035024880287937927
15524,0.19136404382162414,0.00047478205521027633,0.008161174123165556
15525,0.059340420193449275,0.0014075088531969194,0.13925207095335382
15526,0.13894432184109362,0.007292728022581048,0.05376295013632535
15527,0.11098010481343742,0.02363647412905228,0.06538342105751029
15528,0.0005180727170806664,7.466670359677086e-05,0.19940726057932256
15529,0.17187401138718778,0.0045629281376443325,0.023563060475167888
15530,0.002616288313640345,0.0004877688345281896,0.19689594285183148
15531,0.006180310388543825,0.0005637163687292699,0.1932559732427269
15532,0.19100696030983477,0.000803725503577604,0.00818931418658763
15533,0.17196277937173446,0.010669088956217562,0.017368131672048003
15534,0.17363019958612552,0.0012814898939036861,0.025088310519970784
15535,0.18669161339137225,0.003463851150933501,0.009844535457694242
15536,0.19121813913080274,0.0008672504706136024,0.007914610398583625
15537,0.012375835878472073,0.0016637600170578428,0.18596040410447007
15538,0.19172033575181396,0.0008474506711872191,0.007432213576998792
15539,0.15506730110589895,0.0017553811296770368,0.043177317764423996
15540,0.08820890851002366,0.000911436779562498,0.11087965471041383
15541,0.0026532157991866904,0.00041868345384454456,0.1969281007469688
15542,0.1511445085940489,0.001980182001205525,0.04687530940474557
15543,0.19572600820979494,0.0012974778690866132,0.002976513921118456
15544,0.16530235112306726,0.0011484368213967354,0.033549212055535994
15545,0.16132074398520732,0.006442199320952592,0.032237056693840055
15546,0.1983101387041918,6.475472871466056e-05,0.001625106567093543
15547,0.13012704577321169,0.01236522736684585,0.057507726859942446
15548,0.18058950576950977,0.008414534299673903,0.010995959930816323
15549,0.04481617481874305,0.018954940033130446,0.1362288851481265
15550,0.09007374181214933,0.011853594685926925,0.09807266350192373
15551,0.0005038575278374949,0.00011581508426101459,0.1993803273879015
15552,0.1954518978043313,0.0020317175076712255,0.0025163846879974654
15553,0.0023425680838771944,0.00040777248612100986,0.19724965943000178
15554,0.17010410800865933,0.018001726885781867,0.011894165105558841
15555,0.15669972450492892,0.0027906217742382482,0.04050965372083283
15556,0.011689493443701729,0.019897655454900465,0.1684128511013978
15557,0.08517542663146313,0.00764259917747042,0.10718197419106645
15558,0.14446054457357577,0.013835125266345963,0.0417043301600783
15559,0.0027889219254518113,0.0005031594022000252,0.19670791867234816
15560,0.19639357333617075,0.0011214275254137066,0.0024849991384155246
15561,0.1449019377765628,0.0016977170390161003,0.05340034518442112
15562,0.19672965108307733,0.0009921839810462984,0.0022781649358763834
15563,0.19881648885773928,0.00037267761238787546,0.0008108335298728526
15564,0.15301723645047052,0.003407968957171654,0.04357479459235783
15565,0.004882148027640628,8.965849929118789e-05,0.19502819347306818
15566,0.13264441240964875,0.005185480173632033,0.06217010741671919
15567,0.0017506911676685656,0.00014768942151040538,0.19810161941082102
15568,0.19306108875791295,0.0003840787216488267,0.006554832520438236
15569,0.1677432154261403,0.0036201606269130084,0.028636623946946677
15570,0.1921665251238021,0.0014530200722574116,0.006380454803940496
15571,0.18342747501128148,0.0012420407929388745,0.015330484195779644
15572,0.0568333266246022,0.0217034437169605,0.1214632296584373
15573,0.18795457525328538,0.0012528831623806098,0.01079254158433402
15574,0.1894914921240291,0.0005546077146518669,0.00995390016131903
15575,0.17050700022753912,0.0010595442763893677,0.028433455496071493
15576,0.19608233562471278,0.0002664822052209839,0.003651182170066229
15577,0.19776601491965073,0.00014453054478802977,0.0020894545355612344
15578,0.10292719740378091,0.0029608129846366025,0.09411198961158249
15579,0.1639804924058031,0.0007374428158379537,0.03528206477835896
15580,0.00339295608420133,0.0002180587990754514,0.19638898511672323
15581,0.1858427851560424,0.008578891177387494,0.005578323666570087
15582,0.03348743584211295,0.0028440820303555357,0.16366848212753152
15583,0.18607727348646136,0.0007394172651445736,0.013183309248394049
15584,0.18214417159910856,0.0007100640499389888,0.01714576435095243
15585,0.1970433337974941,0.0006411236783689677,0.0023155425241369143
15586,0.1665733098829008,0.018854861443945735,0.014571828673153464
15587,0.1361364292391039,0.0011241768053614422,0.06273939395553466
15588,0.165643078706848,0.003551513328111639,0.030805407965040353
15589,0.19496925409865162,0.0032278659292068095,0.0018028799721415422
15590,0.009233705142360212,0.0016023718186443578,0.18916392303899543
15591,0.0062834420596218285,0.0005643150858131692,0.193152242854565
15592,0.19872727529707418,0.0007108022715999948,0.0005619224313258007
15593,0.1942861158384443,0.0007340495899453475,0.00497983457161037
15594,0.056534773211953895,0.007178220348884186,0.13628700643916195
15595,0.19814083767946383,0.00036226400167158393,0.001496898318864587
15596,0.05628300776832712,0.0069724738239791305,0.13674451840769372
15597,0.16741833284224508,0.007577028669164695,0.025004638488590265
15598,0.1955928687825782,0.001828407792018854,0.0025787234254029514
15599,0.18793202027696712,0.000880836308051379,0.0111871434149815
15600,0.17102438048350746,0.004287168361494398,0.024688451154998126
15601,0.039291389420163816,0.03239001477529947,0.12831859580453672
15602,0.13521658460425262,0.0008543565677125275,0.06392905882803489
15603,0.06980263218280078,0.00585927325693392,0.12433809456026532
15604,0.18579624512498227,0.00109365729056088,0.01311009758445684
15605,0.17569301366150175,0.0021295772728206,0.022177409065677663
15606,0.19745851456250946,0.0005327196427329021,0.0020087657947576443
15607,0.10979634050808831,0.003601158027607005,0.08660250146430468
15608,0.18926864873837845,0.0008073101623521425,0.009924041099269393
15609,0.14797388513247345,0.007727940374079844,0.04429817449344672
15610,0.17014584305093544,0.0010681486182377677,0.02878600833082683
15611,0.11696168487304082,0.0018475960915429815,0.08119071903541619
15612,0.1495001713374287,0.001506931591187737,0.048992897071383566
15613,0.19369216079915813,0.0026853684421195624,0.0036224707587222855
15614,0.13420142262132123,0.00043454443340751775,0.06536403294527127
15615,0.0028997112211356143,0.0005274301452278651,0.19657285863363652
15616,0.1937517132161975,0.0003729991648661256,0.005875287618936341
15617,0.19619146834976456,0.0024325757532255407,0.001375955897009929
15618,0.18749877811610388,0.0009541156701123942,0.011547106213783685
15619,0.1381504771844247,0.0017697439852070132,0.06007977883036826
15620,0.0036517348791645942,0.0005699504514271317,0.19577831466940826
15621,0.14748118649883152,0.005900502751760121,0.04661831074940832
15622,0.19345376110422421,0.0008917110190566176,0.005654527876719157
15623,0.1970192349363848,0.0006748545675091943,0.002305910496105999
15624,0.16761926779851796,0.0012129171772756772,0.03116781502420633
15625,0.18278208147090927,0.00530430711923658,0.01191361140985414
15626,0.08690589773659911,0.002856229781027006,0.11023787248237389
15627,0.19385296001967192,0.005074042122549421,0.0010729978577786376
15628,0.020485220630070227,0.0017597978877081772,0.1777549814822216
15629,0.19463051569321194,0.0013408036286496853,0.004028680678138358
15630,0.1960318343970436,0.0004285123495119048,0.003539653253444474
15631,0.0015253618769706496,0.0004293357743262667,0.19804530234870307
15632,0.18897865658260976,0.001071052305073162,0.009950291112317081
15633,0.18979335269479164,0.001232440947067149,0.008974206358141182
15634,0.1964344569615568,0.0005155468608081303,0.003049996177635043
15635,0.1453238530293345,0.00196146920568329,0.05271467776498221
15636,0.025980284090345307,0.002621130124151874,0.1713985857855028
15637,0.19038845442502353,0.001999836548052288,0.00761170902692416
15638,0.18572025085521196,0.0008356428115422877,0.013444106333245729
15639,0.1392251479686828,0.010019788364799635,0.050755063666517566
15640,0.17097468436411606,0.0008014719677013757,0.02822384366818259
15641,0.12152665147490767,0.007770352836199772,0.07070299568889259
15642,0.1619164000493501,0.0012511666953629729,0.036832433255286956
15643,0.19405951367707336,0.0035902232908227158,0.0023502630321039085
15644,0.09375341712449861,0.004011211443602973,0.1022353714318984
15645,0.19465219602828024,0.0012714996576525268,0.004076304314067225
15646,0.17845743074422077,0.0009715737182854376,0.020570995537493794
15647,0.18646253087322737,0.0011923959235993638,0.012345073203173244
15648,0.19495357175538938,0.0004185281283198311,0.0046279001162907885
15649,0.18370192207020491,0.004818330951488826,0.011479746978306204
15650,0.06376197780941212,0.0008131607887005484,0.1354248614018873
15651,0.001769208743392216,0.0017725822328966377,0.19645820902371114
15652,0.12092197053468912,0.008377280169229676,0.07070074929608122
15653,0.18903684659879721,0.001484459634979054,0.009478693766223713
15654,0.07723394105515737,0.0037515430549156436,0.11901451588992698
15655,0.11910248481397427,0.004100319848984366,0.07679719533704135
15656,0.19619956977811642,0.001436559543532261,0.0023638706783513205
15657,0.19490526633875876,0.000403127842813897,0.004691605818427381
15658,0.185282521847084,0.002279145783111885,0.012438332369804113
15659,0.06007303366062165,0.0008060318163220271,0.13912093452305632
15660,0.14177808735534186,0.00910671388133732,0.04911519876332084
15661,0.18081913864654311,0.0008092773724505285,0.018371583981006356
15662,0.195158259215883,0.0007993242667732242,0.004042416517343763
15663,0.17991288446126458,0.005686968020009691,0.014400147518725709
15664,0.1857918871131345,0.0034745554868777706,0.010733557399987733
15665,0.07589186566774991,0.001804164914177454,0.12230396941807262
15666,0.12158721668832158,0.0010624827630038298,0.07735030054867459
15667,0.18591535278826746,0.0010844153537889198,0.013000231857943611
15668,0.16890934007294875,0.0015987995685028393,0.029491860358548387
15669,0.14991012387576172,0.0022986255278930885,0.04779125059634517
15670,0.1805819845483036,0.0013007771389038794,0.018117238312792543
15671,0.19539479945111973,0.00024919322557225704,0.004356007323308023
15672,0.14587771634414803,0.004323625866131142,0.04979865778972086
15673,0.18094289081573714,0.0017451652200964553,0.01731194396416639
15674,0.18449490083009423,0.0010223981983836813,0.01448270097152205
15675,0.19186164342128148,0.003312669447119154,0.004825687131599338
15676,0.07394359185193049,0.0026761739980780707,0.12338023414999144
15677,0.02098954196179336,0.0013005421326392236,0.17770991590556742
15678,0.18877375970470334,0.0009058739600217105,0.010320366335274955
15679,0.059060140246637215,0.0026912868286409633,0.1382485729247218
15680,0.1823523968528959,0.002292081228184902,0.015355521918919215
15681,0.19666508108014671,0.0003696944595594457,0.0029652244602938116
15682,0.1851742119090378,0.006649032493686658,0.008176755597275508
15683,0.19317614423160664,0.0021831991872102822,0.004640656581183069
15684,0.1956965875838775,0.0008961961206089714,0.003407216295513527
15685,0.15821799524665672,0.003363625170073663,0.038418379583269636
15686,0.18769882070777213,0.005082258476418778,0.00721892081580907
15687,0.023247709010038038,0.0003345084710191952,0.17641778251894277
15688,0.1873825400474593,0.00010927882147298896,0.012508181131067728
15689,0.004271980908570653,0.0005359243109827533,0.19519209478044658
15690,0.060963893192226316,0.008397199503126496,0.13063890730464717
15691,0.11128780074807136,0.01074493153583915,0.07796726771608946
15692,0.04499470622420781,0.0024672150484544497,0.15253807872733774
15693,0.19635600359007,0.0023630025599400157,0.0012809938499899769
15694,0.15636359211207645,0.0023032799801362912,0.041333127907787266
15695,0.1748686202503031,0.0023427016088727335,0.02278867814082416
15696,0.07627766188904656,0.004261090816757811,0.11946124729419563
15697,0.05310851504701207,0.01147214878966275,0.1354193361633252
15698,0.010410370283450664,0.0058535817713437095,0.18373604794520562
15699,0.12370036699980946,0.00230037085366684,0.0739992621465237
15700,0.18648266898566246,0.002464946469874602,0.011052384544462949
15701,0.15445402590883825,0.008172656840938774,0.03737331725022296
15702,0.15973614460434798,0.0029215140961024637,0.03734234129954957
15703,0.11256091759756012,0.0008427425907682964,0.08659633981167157
15704,0.06154201369646835,0.0008713900846930266,0.13758659621883865
15705,0.0015676277809214267,0.0005884806558505624,0.197843891563228
15706,0.13636918066775383,0.00684253911876021,0.05678828021348596
15707,0.1447861538318144,0.002851372494748211,0.05236247367343742
15708,0.19254278521828128,0.0012927449900532384,0.0061644697916654785
15709,0.0019171574811897806,0.0004633229936331854,0.19761951952517703
15710,0.18568645507430132,0.004159420671137506,0.010154124254561142
15711,0.1984431260188255,0.0004826831448103355,0.001074190836364171
15712,0.1943513650284417,0.0011133129064246914,0.004535322065133648
15713,0.038805462381180336,0.010598378336229654,0.15059615928259001
15714,0.0013326716509810931,0.00045600778554930825,0.19821132056346957
15715,0.19538124487030856,0.0026511948831761346,0.00196756024651527
15716,0.0003678963003808524,4.321423172872513e-05,0.1995888894678904
15717,0.12321448951213398,0.001034163467515115,0.0757513470203509
15718,0.0023796707950561337,0.0001057759881633319,0.19751455321678055
15719,0.05027857951874248,0.009190968638859954,0.14053045184239757
15720,0.18805922450794968,0.0018847091243141538,0.010056066367736146
15721,0.19638830224727136,0.0012511622008605273,0.002360535551868138
15722,0.018114692225856165,0.0035942072900731576,0.17829110048407065
15723,0.17455962683502105,0.0008742218844186297,0.024566151280560312
15724,0.09638914843702126,0.010681939441874466,0.09292891212110431
15725,0.0018263079373706738,0.0021355204972138475,0.1960381715654155
15726,0.1894852667034998,0.001165441819880216,0.009349291476619982
15727,0.004228337898020597,0.0027633723985370177,0.1930082897034424
15728,0.18835021958662546,0.001948836538897241,0.009700943874477315
15729,0.15074788830484045,0.0005361262780400883,0.04871598541711945
15730,0.1879658263575322,0.0007881365133715638,0.011246037129096245
15731,0.15479429907606507,0.0029974179028945318,0.0422082830210404
15732,0.1926950447889077,0.0006591351335163062,0.006645820077575979
15733,0.00388440862263321,0.0012787685444618422,0.19483682283290496
15734,0.1886497139473559,0.004676725942266478,0.006673560110377616
15735,0.08470132720549581,0.02428890723285757,0.09100976556164661
15736,0.07142265893150464,0.002421501468244064,0.1261558396002513
15737,0.12128579139946108,0.0012107458464280779,0.07750346275411084
15738,0.18151718743574083,0.010125736881727411,0.00835707568253177
15739,0.1491161155325001,0.002174101234663198,0.04870978323283672
15740,0.0017563739378706866,0.0005124707824230461,0.19773115527970628
15741,0.06667163347560282,0.012530224193744338,0.12079814233065282
15742,0.18481198400883292,0.0023173036587217496,0.012870712332445328
15743,0.19569301950867884,0.00026694994092852216,0.004040030550392606
15744,0.010270497051924047,0.0010896267051759066,0.18863987624290002
15745,0.19831876265533038,0.0005186001282822028,0.0011626372163874219
15746,0.15863500930089575,0.002076879545870862,0.03928811115323336
15747,0.19848949852115383,0.0001345685195095825,0.0013759329593365994
15748,0.059544052592070226,0.0037472829270950503,0.1367086644808347
15749,0.19326861119121044,0.0005624794721287612,0.00616890933666079
15750,0.17952471861464983,0.0009618308591167763,0.019513450526233416
15751,0.1803634154122828,0.010497305410363578,0.009139279177353615
15752,0.015659327773589523,0.006798996718064597,0.1775416755083459
15753,0.19504222237647034,0.0006492709765187437,0.0043085066470109545
15754,0.1938709035124216,0.00034911197182141516,0.005779984515756989
15755,0.19293580792499695,0.0008926681363424631,0.00617152393866059
15756,0.17664368074182976,0.0006097564848503933,0.022746562773319833
15757,0.1648539918296331,0.0013176754796402463,0.03382833269072663
15758,0.006562295530305876,0.010335418487681502,0.1831022859820126
15759,0.10393143402599844,0.0076080167865360425,0.08846054918746553
15760,0.1953031934416541,0.0019084582281402279,0.0027883483302057074
15761,0.02786022473909954,0.000640304741615988,0.17149947051928446
15762,0.1671259187817309,0.0017072809193513926,0.031166800298917757
15763,0.028810317297373978,0.008355004762694731,0.16283467793993128
15764,0.18158288627680194,0.0003241916883138821,0.01809292203488419
15765,0.1808360212663584,0.001214540703712279,0.01794943802992934
15766,0.1703280515702493,0.006177397433552936,0.023494550996197766
15767,0.03676259010612569,0.0007455756711449984,0.16249183422272934
15768,0.11441623780767314,0.0021952272576503005,0.08338853493467654
15769,0.1455185350624747,0.006404737547962597,0.048076727389562694
15770,0.16280567205771357,0.03380499032156033,0.003389337620726111
15771,0.18679692847879867,0.002627748443795124,0.010575323077406237
15772,0.19253590705773468,0.0007828606512921273,0.00668123229097318
15773,0.18715118114023324,0.0019759664533182198,0.010872852406448547
15774,0.02149454150666524,0.0005642145655990644,0.1779412439277357
15775,0.10601607255144344,0.0023898744114091417,0.09159405303714743
15776,0.17171354696067093,0.0007349449324095782,0.027551508106919493
15777,0.07586751064837699,0.00028068099379186055,0.12385180835783113
15778,0.17609155893232903,0.009993629632859914,0.013914811434811051
15779,0.03143659744345579,0.0002305012626492847,0.16833290129389492
15780,0.1914673787308619,0.00033512916112357567,0.008197492108014562
15781,0.1918682002866572,0.0026270086992292527,0.005504791014113568
15782,0.002885959726496513,0.0001484863364811282,0.19696555393702236
15783,0.15889803083857634,0.003995636077193181,0.037106333084230454
15784,0.004745473684850504,0.00038457426033260833,0.1948699520548169
15785,0.12662565726149055,0.019377853448137437,0.053996489290372
15786,0.19021793922300295,0.0048278154321333,0.004954245344863753
15787,0.19269085028102834,0.0019447058389507788,0.005364443880020874
15788,0.19707346789068644,0.0020557784506519496,0.0008707536586615725
15789,0.07906920762743061,0.005940114956639748,0.11499067741592964
15790,0.012090465295766581,0.001081116849851209,0.18682841785438217
15791,0.012890972736478098,0.005485747383792259,0.18162327987972965
15792,0.19726802307543184,0.0004176272560629855,0.0023143496685051924
15793,0.09401660371117938,0.06579971786959074,0.04018367841922984
15794,0.09127636131057756,0.0051590867117873515,0.10356455197763507
15795,0.00027861919160179587,2.7720394545145556e-05,0.19969366041385309
15796,0.022651637959120827,0.0029602369529668944,0.17438812508791227
15797,0.18335394675620426,0.0012125286327557294,0.01543352461104001
15798,0.17302582380297457,0.0021009951232695535,0.024873181073755843
15799,0.16088776881155617,0.0049903340026297835,0.03412189718581406
15800,0.19586171321066387,0.00038812178900131443,0.0037501650003348235
15801,0.15609382181033143,0.0009025997868438217,0.04300357840282476
15802,0.10108141019368326,0.0018455100773070207,0.09707307972900969
15803,0.10243320702609411,0.0397006905296714,0.05786610244423449
15804,0.19637016607397612,0.0003812168568267251,0.003248617069197119
15805,0.18795263309740257,0.0025285492232708174,0.009518817679326608
15806,0.18188278642077021,0.0011678045207563392,0.016949409058473426
15807,0.13977330893978088,0.003338879567851617,0.05688781149236751
15808,0.038902232121269795,0.0026385712703863016,0.1584591966083439
15809,0.09476871456935158,0.025244537532487166,0.07998674789816125
15810,0.10287085694846052,0.01931510739358306,0.07781403565795643
15811,0.19052738816907547,0.0014173947112782847,0.008055217119646272
15812,0.1754745225282201,0.0007219084661816343,0.023803569005598293
15813,0.0041283125092627625,0.000411281141788696,0.19546040634894854
15814,0.1722892739810025,0.0008675450474210502,0.02684318097157648
15815,0.1764122120018889,0.0014664712176241206,0.022121316780487003
15816,0.19312704334095057,0.0006623681321749743,0.0062105885268744785
15817,0.18102572915025028,0.006622467432031103,0.012351803417718608
15818,0.04182789847302889,0.0027327486657850925,0.15543935286118601
15819,0.00355797874439862,0.00025835071801243273,0.19618367053758895
15820,0.18973300749459762,0.0011294087107382843,0.009137583794664044
15821,0.1924179290919012,0.002284879116252435,0.005297191791846399
15822,0.10600148032243321,0.004648001247430863,0.08935051843013593
15823,0.01341775176870976,0.0033882991836694646,0.18319394904762076
15824,0.1910854820146481,0.0019738776808542633,0.006940640304497638
15825,0.18797850714395778,0.0004694097745876479,0.01155208308145458
15826,0.011568851491054152,0.00046570048376595263,0.18796544802517987
15827,0.11127416195005917,0.01734635648937611,0.07137948156056473
15828,0.1976619484391407,0.00026917652211951146,0.002068875038739759
15829,0.1850079353333502,0.002689708914265278,0.012302355752384564
15830,0.19113635752600439,0.0035353274592212027,0.005328315014774374
15831,0.11489848228234685,0.0005207388744019674,0.08458077884325119
15832,0.19504077996301034,0.0008275603428257708,0.00413165969416387
15833,0.031427921496692296,0.0016283648642545097,0.1669437136390532
15834,0.17521533614953957,0.010215619167382142,0.014569044683078297
15835,0.16515136743711356,0.0035146327650584256,0.031333999797828006
15836,0.10167271555907542,0.0011563469967259094,0.09717093744419866
15837,0.0011825227730210344,0.0010078198946416458,0.19780965733233732
15838,0.15466106845731906,0.00390886447588755,0.04143006706679337
15839,0.1952557622039862,0.0006022712777386696,0.00414196651827515
15840,0.002889857053933184,0.00326635639120341,0.19384378655486342
15841,0.19044604797519804,0.0003994827535126709,0.009154469271289298
15842,0.1912120892541936,0.002775907626073208,0.006012003119733153
15843,0.1904996758670074,0.0023192398286333883,0.007181084304359195
15844,0.1648494121169787,0.007886859566016728,0.027263728317004538
15845,0.19085517630920779,0.0011089774990093574,0.00803584619178285
15846,0.07774086295201052,0.015076559511438095,0.10718257753655139
15847,0.18552251825585056,0.001386508806272972,0.013090972937876496
15848,0.19104257079774783,0.00042524037249295446,0.008532188829759183
15849,0.1864945534044712,0.0005342370989744053,0.012971209496554375
15850,0.1706981105507553,0.012539588222519932,0.016762301226724792
15851,0.17390513200198773,0.003327568887999363,0.022767299110012892
15852,0.0654749603263762,0.0003239661836846741,0.13420107348993912
15853,0.14110073411304527,0.002187712793585306,0.05671155309336943
15854,0.19671139025714907,0.002060055877135538,0.001228553865715404
15855,0.010838407440463318,0.00017606051269384763,0.18898553204684282
15856,0.02229461423513525,0.004223879703841453,0.1734815060610233
15857,0.11373172298310488,0.000581218615981683,0.08568705840091342
15858,0.0015063686074785227,0.0008764625281143191,0.19761716886440717
15859,0.19819455749923653,0.00033335332098132154,0.0014720891797821726
15860,0.17146730361594287,0.0009466019218925717,0.02758609446216455
15861,0.19305323736339836,0.0013307518485629972,0.005616010788038649
15862,0.19767350834536085,0.00021444346754946175,0.0021120481870896476
15863,0.080216308473992,0.006871485198963749,0.11291220632704427
15864,0.15926253333229423,0.0021581821916516917,0.038579284476054077
15865,0.18680729661744094,0.0010366945562874342,0.012156008826271627
15866,0.17159658831680583,0.0008650067058647551,0.027538404977329407
15867,0.18481360446133305,0.00018832881220551628,0.014998066726461454
15868,0.0028436617387385247,0.001198801417872288,0.19595753684338918
15869,0.1945175413598254,0.0016066966041329786,0.003875762036041648
15870,0.18698699850285455,0.0004625811845133347,0.012550420312632113
15871,0.0034559206178542143,0.0008874287403509883,0.1956566506417948
15872,0.06073652475733008,0.0006636109914235737,0.13859986425124635
15873,0.0016261152189726593,0.00013827281971123844,0.1982356119613161
15874,0.14716318527985536,0.0013231635824467677,0.05151365113769787
15875,0.15428808748066009,0.005598397078778744,0.04011351544056116
15876,0.1793085970978853,0.011069857190044125,0.009621545712070585
15877,0.1919802124016454,0.00033189245153046403,0.0076878951468241545
15878,0.189565575122445,0.00036657998661077763,0.01006784489094421
15879,0.020554193444683126,0.002030283913385329,0.17741552264193156
15880,0.17783482060275266,0.008964733167838006,0.013200446229409349
15881,0.19300070108171513,0.00013733308427926278,0.006861965834005603
15882,0.17593556413225409,0.0011098458697199884,0.022954589998025937
15883,0.19156555528289063,0.001651475091802003,0.0067829696253073595
15884,0.18873774368567411,0.0020790510962399944,0.0091832052180859
15885,0.1727419287773199,0.0013670423367521313,0.02589102888592798
15886,0.0012887268343277096,0.0011199551937243995,0.1975913179719479
15887,0.1981621851300706,0.0001865572393267728,0.0016512576306026022
15888,0.18344856741370846,0.000872629937691027,0.015678802648600533
15889,0.09433076115161161,0.0005900463645020488,0.10507919248388634
15890,0.06654298438229711,0.00028558074395181705,0.13317143487375108
15891,0.17857165514614354,0.0061662046163467096,0.015262140237509755
15892,0.1975289852905363,0.0007455106621084057,0.0017255040473552821
15893,0.10908265071832775,0.004979789759580803,0.08593755952209146
15894,0.0619164747474162,0.0007591917022511461,0.13732433355033266
15895,0.024964327713085443,0.003804519929024492,0.17123115235789005
15896,0.19698141057901788,0.0014964696855810841,0.0015221197354010423
15897,0.18002457281765544,0.003956240225656984,0.016019186956687588
15898,0.19509283643528166,0.000170583800722972,0.004736579763995391
15899,0.19717327849347172,0.00018787322078462444,0.0026388482857436554
15900,0.13755142351278324,0.0013657204195323639,0.06108285606768438
15901,0.02815142477202236,0.001121063332550399,0.17072751189542723
15902,0.1846526318555157,0.0008677145169003458,0.014479653627583947
15903,0.1662807223960167,0.004865484274032019,0.028853793329951267
15904,0.19182516512219255,0.0009930043968998418,0.007181830480907628
15905,0.19134069176547627,0.0009393784826796051,0.007719929751844108
15906,0.0028720085752571337,0.0002496288830078006,0.19687836254173505
15907,0.17532025229683182,0.001356172344350978,0.02332357535881724
15908,0.04286356403105708,0.0030594834514785633,0.15407695251746437
15909,0.19245923757873099,0.0009711240691342039,0.006569638352134787
15910,0.18631775977619086,0.0005706073494497965,0.013111632874359328
15911,0.07413027354913733,0.0030575793343849194,0.12281214711647777
15912,0.1778227050393431,0.0007589665478797262,0.021418328412777167
15913,0.1867120261844794,0.002242001110463541,0.01104597270505705
15914,0.19351701345719144,0.0003536967414313458,0.006129289801377212
15915,0.187811097281802,0.0036759653615776877,0.008512937356620325
15916,0.17312341540412157,0.007370755138462566,0.019505829457415864
15917,0.10478475438309012,0.004383592344668138,0.09083165327224174
15918,0.19397295106492948,0.00014563300327656301,0.005881415931793963
15919,0.1667141247661621,0.0011670783564003552,0.03211879687743756
15920,0.17464648437902147,0.0012128960672602145,0.024140619553718295
15921,0.07369837089267507,0.001213803923769891,0.12508782518355505
15922,0.07420821003061717,0.0014980805442039323,0.1242937094251789
15923,0.1748737859361838,0.0012943957624418692,0.02383181830137429
15924,0.1893153723986292,0.0001978469319432346,0.01048678066942757
15925,0.19158904787951328,0.00045844466649930927,0.007952507453987397
15926,0.19413215304245773,0.0024593375842677863,0.0034085093732744904
15927,0.05833507287238972,0.006182783568154797,0.13548214355945548
15928,0.19039296166794917,0.00013328769858926234,0.009473750633461581
15929,0.008208399495809263,0.0005745174456308961,0.19121708305855983
15930,0.022055639061848452,0.0056399434456216755,0.17230441749252987
15931,0.19528436521629627,0.0015429427050308588,0.0031726920786728343
15932,0.0934308862612826,0.00016440899361236185,0.10640470474510506
15933,0.1946573817062806,0.0025390262770352426,0.002803592016684164
15934,0.19746482603080404,0.0015810887866348413,0.0009540851825611506
15935,0.17739575828541698,0.0015945460281813165,0.021009695686401715
15936,0.002391744665351353,0.00022111828971726268,0.19738713704493138
15937,0.11112058226075387,0.0010690328326931173,0.087810384906553
15938,0.1411231623968197,0.0008218651011224706,0.058054972502057836
15939,0.17399001617203544,0.0177730064235087,0.008236977404455875
15940,0.18574858976987957,0.002963701987840107,0.0112877082422803
15941,0.19195071459891924,0.0009979971177526705,0.007051288283328116
15942,0.05031200829367385,0.0018697904017109916,0.14781820130461518
15943,0.00852994484892478,0.0007141368198117416,0.19075591833126346
15944,0.0022097196529310163,0.0004971220138938156,0.19729315833317518
15945,0.1787162969517255,0.0006611253985336163,0.02062257764974085
15946,0.005063381429001959,0.0006927997880581019,0.19424381878293995
15947,0.12674001063148604,0.032226791934805786,0.04103319743370816
15948,0.022595382172023174,0.004281613552230748,0.1731230042757461
15949,0.18009059917697806,0.008864960359948413,0.01104444046307352
15950,0.19428854192403133,0.0039452894835323585,0.0017661685924363225
15951,0.15596168160551913,0.024852254452821847,0.019186063941659028
15952,0.19313182983082783,0.000642931121219661,0.006225239047952482
15953,0.001596224792914338,0.0013698740127328422,0.19703390119435282
15954,0.0013406350240009576,0.00031857004134399735,0.19834079493465503
15955,0.177521619350768,0.0005853582433385053,0.021893022405893473
15956,0.14973519366807203,0.0038041929143279264,0.04646061341760006
15957,0.18685093323621116,0.002093292358615017,0.011055774405173817
15958,0.19565532692418638,0.00048166237835911406,0.0038630106974544753
15959,0.04651056331490206,0.0036758576634893453,0.14981357902160858
15960,0.19644480487806554,0.0003699492594456119,0.0031852458624888253
15961,0.03603187875836693,0.0012598626885871795,0.1627082585530459
15962,0.19130541438009452,0.0005220167335252873,0.008172568886380169
15963,0.1972670607921456,0.0007024217781348809,0.0020305174297195507
15964,0.17974626611715908,0.0010138237181812467,0.019239910164659705
15965,0.0027791565092578907,0.0012626316784391655,0.19595821181230294
15966,0.18457513683754578,0.001418702019512019,0.014006161142942198
15967,0.179987884444057,0.01044808363920477,0.00956403191673825
15968,0.12469680295475907,0.0010610602654092002,0.07424213677983173
15969,0.01998520596439758,0.0005911005302557358,0.17942369350534668
15970,0.1942710228632028,0.00034529136387459003,0.005383685772922644
15971,0.02407092466902747,0.016142414077012425,0.1597866612539601
15972,0.0884481859206435,0.0004958585964916482,0.11105595548286484
15973,0.1925835467257189,0.0025685971493922474,0.004847856124888889
15974,0.07895540516010749,0.000878401589794493,0.12016619325009806
15975,0.1610581748613908,0.0034604889064935723,0.03548133623211559
15976,0.068958745407713,0.0013979420280352726,0.1296433125642517
15977,0.1813246762153764,0.00361923235487617,0.015056091429747457
15978,0.004396239829765786,0.0014647744570721345,0.1941389857131621
15979,0.08882801833730328,0.012855799545132588,0.09831618211756413
15980,0.0003919310878233665,0.00046227470273825825,0.19914579420943837
15981,0.183797631360013,0.008956952430667884,0.007245416209319079
15982,0.1491341197994961,0.0006053304889158471,0.050260549711588075
15983,0.1805220200561475,0.0030000520773776087,0.01647792786647491
15984,0.19345627098101753,0.0025531010612652536,0.003990627957717211
15985,0.12396963945588209,0.000592464286356012,0.0754378962577619
15986,0.028636963713465913,0.0009639309615179006,0.17039910532501618
15987,0.001029397240039136,0.00024229577674268854,0.19872830698321814
15988,0.0494130818126412,0.0038054026103649234,0.14678151557699387
15989,0.18031776956122414,0.00558689111581057,0.014095339322965302
15990,0.0799023535791304,0.002381509331586133,0.11771613708928345
15991,0.1939257801939429,0.00035212141883477085,0.005722098387222327
15992,0.18665669330520868,0.0008271765093679975,0.012516130185423312
15993,0.11328933789566056,0.00440144407817219,0.08230921802616725
15994,0.13184200100018706,0.00207489249040606,0.06608310650940687
15995,0.17945851181353495,0.009427156635807048,0.011114331550658009
15996,0.1852599270762346,0.0012068566960892287,0.013533216227676203
15997,0.08681502376669702,0.005129471690687484,0.10805550454261548
15998,0.16693154123263068,0.023427329038998104,0.009641129728371195
15999,0.17767239143348887,0.008747258382472301,0.013580350184038845
16000,0.18335181078522908,0.004811310350234582,0.011836878864536307
16001,0.11100755482442881,0.001734066643664188,0.08725837853190699
16002,0.18784694959409248,0.0067352558256667154,0.005417794580240806
16003,0.14988722941154345,0.013285295641505438,0.03682747494695115
16004,0.19553740697581054,0.0013965449414186713,0.003066048082770758
16005,0.1917686510123554,0.002007810398863597,0.00622353858878103
16006,0.18673023676931466,0.002332478067790156,0.010937285162895159
16007,0.023874142823219147,0.0037379800491607828,0.1723878771276201
16008,0.1960307124845643,0.001111501403182821,0.002857786112252917
16009,0.19474938148134588,0.0011949504898597634,0.004055668028794376
16010,0.06166300520682509,0.0020927692758999626,0.13624422551727494
16011,0.14383831343929715,0.004511464485394542,0.05165022207530832
16012,0.19412754189588904,0.000750374690584557,0.00512208341352641
16013,0.19664554957964808,9.21423392367281e-05,0.003262308081115185
16014,0.1462353849963181,0.043825304074810494,0.009939310928871398
16015,0.18996227469450427,0.008384388768853682,0.0016533365366421006
16016,0.19441531564897113,0.0004862800721642473,0.0050984042788645885
16017,0.1937363866190301,0.0007370695205514966,0.005526543860418399
16018,0.057277528010846915,0.09710904676138724,0.04561342522776587
16019,0.15533922554644755,0.004297966420514056,0.04036280803303841
16020,0.19780966636997938,0.00017006540806652884,0.0020202682219540805
16021,0.1976332216203438,0.0012972703295404035,0.0010695080501158035
16022,0.0882059358399322,0.0005789252582817513,0.11121513890178603
16023,0.1551621213545992,0.024336050611811825,0.020501828033589
16024,0.17775292416510396,0.0010176402083735213,0.02122943562652253
16025,0.1697741083856287,0.001341359910534262,0.02888453170383703
16026,0.15189324353974137,0.0022450989587088467,0.04586165750154976
16027,0.18487348342302226,0.001133659205076559,0.013992857371901198
16028,0.18384825262456325,0.0010585178575191916,0.015093229517917533
16029,0.0004591828449213231,0.0004929345111603305,0.19904788264391832
16030,0.19607768841745582,0.0004758881353890803,0.0034464234471550713
16031,0.0066343726829518794,0.0009372186755015659,0.1924284086415466
16032,0.19517005192902148,0.00044097460434876104,0.004388973466629729
16033,0.18482808832766234,0.005544323763157118,0.009627587909180542
16034,0.004494518445372509,0.0004608998998549406,0.19504458165477256
16035,0.18173040809662305,0.009841100783412698,0.008428491119964226
16036,0.05498119260035952,0.004518925459586732,0.14049988194005375
16037,0.18937405440330288,0.004448213752946533,0.006177731843750566
16038,0.19721387596313006,0.00010958927119560781,0.002676534765674389
16039,0.16836070804731534,0.008498508066441944,0.023140783886242723
16040,0.016232387702371658,0.00015864584824230713,0.183608966449386
16041,0.17963759866048337,0.0029043108463410626,0.017458090493175586
16042,0.07936281266572429,0.0020427351100109096,0.11859445222426479
16043,0.19721092823405442,0.000843108769584697,0.0019459629963609036
16044,0.19228033196212463,0.000420945038788022,0.007298722999087329
16045,0.19659343901516815,0.0004354379495274953,0.00297112303530435
16046,0.02555956361294835,0.005924300339738713,0.16851613604731291
16047,0.17919342591891319,0.0007956889961129017,0.020010885084973888
16048,0.015786321520878225,0.003354735732523783,0.18085894274659797
16049,0.19763231814596743,0.0004966669332551991,0.0018710149207773578
16050,0.1759707417308175,0.0015763156679331407,0.02245294260124937
16051,0.18972807700071725,0.0004255753518734269,0.009846347647409309
16052,0.18590280826297584,0.0003276604497808524,0.013769531287243276
16053,0.12336931695677085,0.009787543920452705,0.06684313912277644
16054,0.19736045752193376,9.893284561390383e-05,0.002540609632452317
16055,0.1912945484665932,0.004173935169770228,0.004531516363636614
16056,0.17047881063104803,0.0008204105115635537,0.028700778857388427
16057,0.002699549409634889,0.001137182058638868,0.19616326853172622
16058,0.1944557643548554,0.0010242059540922336,0.004520029691052351
16059,0.07908962480739203,0.06760241925455596,0.05330795593805203
16060,0.19057616981064404,0.0007113887071626749,0.008712441482193294
16061,0.04894315291937913,0.0007034426725403144,0.15035340440808057
16062,0.19415039678425244,0.0007227972513654677,0.005126805964382077
16063,0.0973429925428065,0.00536903026992992,0.09728797718726355
16064,0.19333270300119668,0.00012935705145300755,0.006537939947350348
16065,0.1844584597632061,0.0005109712096870768,0.01503056902710682
16066,0.1966871950839842,0.0011570726574790388,0.0021557322585367853
16067,0.17065158745187498,0.009211072988756062,0.02013733955936896
16068,0.18442588708587038,0.001065816177920538,0.014508296736209092
16069,0.0013309170352220926,0.0019847723449969686,0.19668431061978092
16070,0.0025494435842017544,0.0003843831299686541,0.1970661732858296
16071,0.09556108895370488,0.0034777320741150746,0.10096117897218002
16072,0.19805530682271041,0.00021995371262965827,0.001724739464659953
16073,0.18068707611044954,0.0020464203163782307,0.017266503573172227
16074,0.12148856588327903,0.004787225799868494,0.07372420831685245
16075,0.15505768257594882,0.0005264609144422715,0.0444158565096089
16076,0.0020927812710619014,0.0011658239736919943,0.19674139475524607
16077,0.0019063623126478115,0.0005207401702701758,0.197572897517082
16078,0.1858121524064815,0.0006720900059383016,0.013515757587580193
16079,0.17314639358018502,0.0048753029710251845,0.021978303448789795
16080,0.08608710040341415,0.0009546703242302532,0.11295822927235559
16081,0.1904075475268979,0.00027286785151089927,0.009319584621591218
16082,0.018855211896102307,0.000921983066635309,0.1802228050372624
16083,0.0225180324909563,0.0023800361008739597,0.17510193140816974
16084,0.1906202144660837,0.003608432173325416,0.005771353360590908
16085,0.17627846564622782,0.013795374230458434,0.009926160123313769
16086,0.1952903656866794,0.001121201217492429,0.003588433095828154
16087,0.19267718606078138,0.0005025636280697665,0.006820250311148893
16088,0.18956514798435703,8.1478104380876e-05,0.010353373911262098
16089,0.19565698655912678,0.0005564351162999883,0.003786578324573235
16090,0.18236025458204808,0.0042322168874772805,0.013407528530474656
16091,0.14856609242831767,0.001190102568249193,0.05024380500343313
16092,0.023383863183358205,0.003637298246686993,0.17297883856995477
16093,0.19593410957171625,0.0002960640933136643,0.0037698263349700625
16094,0.19604324290245873,0.0002494209174121807,0.003707336180129078
16095,0.18667390757771646,0.001210524331728763,0.01211556809055479
16096,0.17665217578250428,0.0009810660487937183,0.022366758168701994
16097,0.15942571815442194,0.01631800255617138,0.02425627928940665
16098,0.18439781429294666,0.009874898847260083,0.005727286859793266
16099,0.1936244980282801,0.0003869582383744869,0.005988543733345392
16100,0.17842473437650655,0.0007986822322237338,0.020776583391269744
16101,0.1744387851217461,0.0029076786141856506,0.022653536264068266
16102,0.1854156727227238,0.0019640868369356053,0.012620240440340566
16103,0.1911301426222088,0.004866662206105335,0.004003195171685856
16104,0.0011949998660252615,0.0006567604723375415,0.1981482396616372
16105,0.18495808019028823,0.0001714751700069473,0.014870444639704803
16106,0.1851212833333906,0.009442932791302606,0.005435783875306808
16107,0.1954743547007905,0.0011031348036747329,0.0034225104955347223
16108,0.013042334319212479,0.0007415429145667574,0.18621612276622074
16109,0.19407035178363188,0.0009558194355986092,0.004973828780769545
16110,0.1792748222290866,0.0024586442873806586,0.0182665334835327
16111,0.19823630366340442,0.0006439174165719962,0.0011197789200235926
16112,0.004885347647586081,0.0003524674501037731,0.19476218490231018
16113,0.0010332500075687422,0.0015319904088702866,0.19743475958356096
16114,0.19662825182018723,0.0001683417393191766,0.0032034064404936084
16115,0.1398257064560363,0.03112008327337364,0.029054210270590047
16116,0.186536568915657,0.0008937521377214774,0.012569678946621487
16117,0.1886383184221659,0.0012855166646722612,0.01007616491316181
16118,0.19176380916735944,0.0003977305680958001,0.007838460264544773
16119,0.18710064837844625,0.002071922157452854,0.010827429464100894
16120,0.06911360770019494,0.014308004816567316,0.11657838748323776
16121,0.18899908706163762,0.0005721965381955904,0.010428716400166835
16122,0.18131341330274156,0.0032541242441161385,0.015432462453142295
16123,0.1824102017073043,0.003481667120614014,0.014108131172081697
16124,0.1980585625597185,0.0005168713488511785,0.001424566091430338
16125,0.01887478814491081,0.0013236533318272052,0.179801558523262
16126,0.17909103615598032,0.005135934382385609,0.015773029461634055
16127,0.1731685400341284,0.00496031861155298,0.021871141354318602
16128,0.02564052466452616,0.0017001463261061011,0.1726593290093677
16129,0.019846134222445504,0.0017942840184248295,0.17835958175912964
16130,0.19622368619710442,0.00042671579737370107,0.0033495980055218504
16131,0.18790807995874498,0.001409394656487874,0.010682525384767157
16132,0.19683966304081918,0.0003243549140280131,0.0028359820451528328
16133,0.18697874063131784,0.0016345884330002506,0.01138667093568196
16134,0.1546208112850111,0.004309708332076596,0.04106948038291233
16135,0.16075340738381752,0.012521470609280373,0.026725122006902125
16136,0.17560939422721417,0.0009715782311284898,0.023419027541657332
16137,0.19463109880103724,0.00042279219612863526,0.004946109002834105
16138,0.19491421175910523,0.0003729439097202577,0.004712844331174495
16139,0.18091340187452493,0.0002804123799959699,0.018806185745479122
16140,0.030523270268896598,0.0005884027772622308,0.16888832695384118
16141,0.1923731681761547,0.0010264723281525232,0.00660035949569277
16142,0.08319770221970366,0.054053071182966116,0.06274922659733026
16143,0.0199830919491799,0.0018524979554660852,0.17816441009535403
16144,0.18500077692655387,0.007653279471458133,0.007345943601988007
16145,0.1700494748552869,0.0025600858435062793,0.02739043930120681
16146,0.16518836900313832,0.026042251600167498,0.008769379396694175
16147,0.19473319556378452,0.0009885125784462182,0.00427829185776926
16148,0.1908698418826141,0.0003937003802105046,0.008736457737175383
16149,0.19402016694732124,0.003308518987664725,0.002671314065014001
16150,0.0003516238471557478,0.000126333106672637,0.19952204304617163
16151,0.18350195197439412,0.0002986086025297131,0.016199439423076167
16152,0.003850395921443115,0.0016976736557992565,0.19445193042275763
16153,0.16389624172362008,0.011468156842305031,0.024635601434074887
16154,0.180758889478626,0.0008453125168163963,0.018395798004557574
16155,0.1224343202235076,0.001351169429793827,0.07621451034669859
16156,0.008681709076462802,0.00245548576627252,0.18886280515726467
16157,0.005050652922577235,0.0001832496316901065,0.19476609744573264
16158,0.08030622004372459,0.006566430342897086,0.11312734961337834
16159,0.1981813367177644,9.279780278537583e-05,0.0017258654794502525
16160,0.18562025832746284,0.0014139522008840087,0.012965789471653149
16161,0.1962226580158303,0.0007370491701667877,0.0030402928140028955
16162,0.19776493887293617,0.00021197090056893688,0.00202309022649487
16163,0.19643929154648904,0.001251843083547943,0.002308865369963008
16164,0.1925593331108824,0.0028884876878643873,0.0045521792012532146
16165,0.15293821908681451,0.0032596840322122005,0.04380209688097329
16166,0.027405792354877407,0.00025254946594337576,0.1723416581791792
16167,0.18086725687636823,0.00072835192191791,0.01840439120171387
16168,0.1669212238994014,0.004279613255850625,0.028799162844747993
16169,0.16996514426687906,0.0032411808987026633,0.026793674834418264
16170,0.1935798892042939,0.0009893549782057564,0.005430755817500379
16171,0.04881457093975554,0.00349349796811418,0.14769193109213027
16172,0.19231489572244403,0.0009141235655708698,0.0067709807119851004
16173,0.03729386647049613,0.003691962446229351,0.15901417108327454
16174,0.17300827559653406,0.011742315589480879,0.015249408813985062
16175,0.13319017737056424,0.00027777161472744213,0.06653205101470834
16176,0.0013351418103756923,0.0004531575543806833,0.19821170063524363
16177,0.19485165743251967,0.0007592965116402887,0.004389046055840078
16178,0.193833004459499,0.002892062764303336,0.0032749327761976616
16179,0.18411258051407256,0.0010407484219306198,0.014846671063996859
16180,0.19193150034086037,0.0008307749614559443,0.007237724697683676
16181,0.19147749545104226,0.0029278883681809653,0.005594616180776758
16182,0.1983754764487544,0.000610400998781646,0.0010141225524639601
16183,0.11906342551880203,0.00548537531327299,0.075451199167925
16184,0.14038043971690461,0.009939510342919828,0.04968004994017555
16185,0.17282474109231727,0.0009167332266038566,0.026258525681078858
16186,0.0034874300781033984,0.0002496415782507396,0.19626292834364584
16187,0.19739484135860222,0.0011088626913953118,0.0014962959500024748
16188,0.05546449224024917,0.017690759239383062,0.12684474852036776
16189,0.08554979087116277,0.0185428999070568,0.09590730922178045
16190,0.1862406079959533,0.0016320512326260667,0.012127340771420633
16191,0.16935533115820803,0.0012802070519503472,0.029364461789841634
16192,0.1980376105901191,0.0001452282902299383,0.0018171611196509646
16193,0.15466436624289545,0.027949330544536577,0.017386303212567962
16194,0.004994041815627698,0.00018240803544244838,0.19482355014892988
16195,0.1986035630886938,0.00041557569459853034,0.0009808612167076975
16196,0.1876259600695993,0.0018815799076827757,0.010492460022717922
16197,0.014920800372929473,0.00980008579213507,0.17527911383493547
16198,0.18433054667249946,0.00062275854958552,0.015046694777914999
16199,0.1982620558652046,5.2962578860276483e-05,0.0016849815559351437
16200,0.0898544886737897,0.003950388766871324,0.10619512255933898
16201,0.18736530058938233,0.0005699559966033435,0.012064743414014372
16202,0.010543682085104453,0.0008620633021625879,0.18859425461273296
16203,0.07404447717132713,0.011801418698155524,0.11415410413051734
16204,0.07763136077015934,0.0008543613585874925,0.12151427787125316
16205,0.18064023308319985,0.0008780779083880667,0.018481689008412096
16206,0.19058464678582693,0.0008882321546491063,0.008527121059523938
16207,0.005902243082918037,0.00036029018502953643,0.19373746673205244
16208,0.12411414579960678,0.00586826430392798,0.0700175898964652
16209,0.197690632844845,0.00021679255892057095,0.00209257459623442
16210,0.18671059785424302,0.0010704920790249556,0.012218910066732045
16211,0.012016477044329498,0.0005676259320819659,0.18741589702358855
16212,0.009314099593676359,0.002421479709604595,0.18826442069671903
16213,0.13840463086396,0.0014184157212935812,0.0601769534147464
16214,0.17529976314246537,0.00512078533665799,0.01957945152087666
16215,0.19699407864251187,0.0001621086750881604,0.0028438126823999692
16216,0.19289652089009005,0.00042235331969096526,0.006681125790218975
16217,0.012715391481136592,0.0006711905388273495,0.18661341798003603
16218,0.18953705437403384,0.002703236979153658,0.007759708646812476
16219,0.005495789036461826,0.00033183884551698503,0.1941723721180212
16220,0.18609405481934088,0.009322832948836221,0.004583112231822921
16221,0.16836133530361447,0.007096844318428231,0.024541820377957328
16222,0.08896639207672517,0.007557339381442785,0.10347626854183203
16223,0.17773817582902646,0.005875428728773581,0.01638639544219999
16224,0.16471360664023324,0.0026377453184583772,0.03264864804130837
16225,0.18853026940316217,0.0009131913059090025,0.010556539290928835
16226,0.19373613718479524,0.001671907408387256,0.004591955406817514
16227,0.15133984680550328,0.005814978101164667,0.04284517509333206
16228,0.036640966014828504,0.0005989204506883789,0.1627601135344831
16229,0.1343065684358386,0.0006232649636272229,0.06507016660053418
16230,0.02909479117664302,0.00022240153484973948,0.17068280728850724
16231,0.1823336551041605,0.00035931265449296675,0.01730703224134655
16232,0.17332760707892342,0.009794249723773811,0.016878143197302777
16233,0.19743503897037615,0.00045137895752692515,0.002113582072096937
16234,0.19021348168533841,0.005604382150809268,0.0041821361638523505
16235,0.09846474740191008,0.003513403626602421,0.09802184897148752
16236,0.01665524677826013,0.0015158949044620158,0.18182885831727785
16237,0.03383118457248159,0.002226749846908628,0.16394206558060978
16238,0.17241072518072575,0.0009272727864063889,0.026662002032867855
16239,0.19689171905824274,0.00016122106134264816,0.002947059880414619
16240,0.1977098580967998,0.0016836674507136763,0.0006064744524865414
16241,0.1814932764480318,0.0005110324285772405,0.01799569112339097
16242,0.053270060814449426,0.0014298673125472622,0.14530007187300328
16243,0.09195972552586258,0.008468778027928597,0.09957149644620883
16244,0.1843485645433874,0.0015266728208918208,0.014124762635720758
16245,0.19640803879715643,0.0002343648619709745,0.003357596340872618
16246,0.16753066607057615,0.01318508112243261,0.019284252806991236
16247,0.12458072537457623,0.006096243842132936,0.06932303078329086
16248,0.07023654909085712,0.0004999676983152844,0.1292634832108276
16249,0.19716773379801242,0.0006371511059528113,0.0021951150960347493
16250,0.1705181228162825,0.002558844996996316,0.02692303218672119
16251,0.0021539995176926277,0.00029686645890803984,0.19754913402339933
16252,0.02419365985552236,0.0013880122562143725,0.17441832788826325
16253,0.15446783013081555,0.004576027046723306,0.040956142822461135
16254,0.16723831701287165,0.002282882059870265,0.030478800927258097
16255,0.008032601348030594,0.0003391686584458093,0.1916282299935236
16256,0.001781794284529072,0.00023740728234197968,0.19798079843312896
16257,0.19793651701866855,0.0011654523889511356,0.000898030592380334
16258,0.002008220082749371,0.00019376958466475307,0.19779801033258587
16259,0.18365756263305308,0.0027241261129205426,0.01361831125402636
16260,0.0008233845077171963,0.0007578456454838478,0.19841876984679896
16261,0.19624801088946656,0.0005147183721254492,0.0032372707384080044
16262,0.07563710987643638,0.0028686159465067486,0.12149427417705687
16263,0.005359527301700584,0.0025845662902421176,0.1920559064080573
16264,0.15745125100828097,0.007026350384630342,0.03552239860708868
16265,0.00625395097546967,0.0004595227397849101,0.19328652628474544
16266,0.1708575982377223,0.006192938578315368,0.022949463183962328
16267,0.19424853530082065,0.00280628508269862,0.0029451796164807575
16268,0.11808776610008065,0.000542620524598412,0.08136961337532092
16269,0.026740241899027063,0.00028343514531262615,0.1729763229556603
16270,0.007063133019860791,0.003897196804289032,0.1890396701758502
16271,0.012327562981037255,0.0006192459642600481,0.1870531910547027
16272,0.19361366556951767,0.0011086364578330923,0.005277697972649277
16273,0.16637786262233523,0.0031923541161247154,0.03042978326154005
16274,0.19508965130431805,0.0008474785677440172,0.004062870127937952
16275,0.19428338374038293,0.00014356927075519514,0.005573046988861885
16276,0.17991272763681057,0.0029791288253911245,0.017108143537798305
16277,0.1954087449213835,0.0003596938680658347,0.0042315612105506915
16278,0.13488404345783972,0.002273628830696389,0.06284232771146388
16279,0.08007345232700172,0.0025920344115861146,0.11733451326141216
16280,0.14965133841453704,0.01995133854121775,0.030397323044245205
16281,0.005665440959839727,0.00019807310014937222,0.1941364859400109
16282,0.0022750229864303513,0.00021799328410937856,0.19750698372946027
16283,0.1935218916394685,0.0009282996783986028,0.005549808682132902
16284,0.17881821628581845,0.0008865704154989744,0.02029521329868259
16285,0.19223350108260912,0.002835154229356536,0.004931344688034365
16286,0.051988711606929285,0.00582654956279079,0.14218473883027993
16287,0.015675282891553132,0.005381597473374687,0.1789431196350722
16288,0.010360603617539111,0.0016748526002856035,0.18796454378217528
16289,0.07821112079799462,0.002378995575887929,0.11940988362611744
16290,0.17319059723225555,0.0006872483844626227,0.026122154383281786
16291,0.1989080899186923,0.0003819271919839371,0.0007099828893237596
16292,0.19677377667110701,0.0005589362597747294,0.0026672870691182332
16293,0.1928730327540631,0.000416894530688373,0.006710072715248554
16294,0.19252270698554783,0.0009163014900722266,0.006560991524379953
16295,0.15912633813125415,0.011748674662399466,0.029124987206346396
16296,0.0050716830973165355,0.0007497949404614771,0.194178521962222
16297,0.15175741306408203,0.03014645985251223,0.01809612708340575
16298,0.18415302817522405,0.0011402748008873924,0.014706697023888554
16299,0.19727527531113065,0.0005040141629439821,0.002220710525925351
16300,0.09126147244911491,0.0013630933812072141,0.10737543416967785
16301,0.19232155704567216,0.0007101818634931964,0.0069682610908346305
16302,0.1380734752588372,0.005017601525618088,0.056908923215544714
16303,0.18229950465275485,0.006042224127875962,0.011658271219369175
16304,0.1565447658932634,0.003038330203741925,0.04041690390299467
16305,0.19847030296718776,0.0006536658021446129,0.0008760312306675979
16306,0.022382293093107894,0.08787535062042222,0.08974235628646988
16307,0.11485460506505,0.006152954880358786,0.07899244005459122
16308,0.18546018265644407,0.007512937611863611,0.00702687973169235
16309,0.1495162823398545,0.005217118935200953,0.045266598724944554
16310,0.19484837090548826,0.0008660277273062457,0.004285601367205511
16311,0.19266500512366902,0.000990753233296929,0.006344241643034071
16312,0.10628407838744347,0.02141710996487632,0.07229881164768023
16313,0.1276572911631051,0.0012314686175166445,0.07111124021937829
16314,0.10317943714160419,0.00290772143663353,0.09391284142176229
16315,0.19580240954516887,0.0011775877332767183,0.003020002721554387
16316,0.19412697396979905,0.00025015853547142024,0.00562286749472952
16317,0.13022112201453523,0.001651290610619713,0.06812758737484506
16318,0.0749885387337858,0.006318363731708214,0.11869309753450599
16319,0.12948597888465005,0.012937892207121373,0.057576128908228566
16320,0.14991465253689357,0.0012994791347935518,0.04878586832831287
16321,0.0893294708996891,0.003046371163881561,0.10762415793642935
16322,0.19320171831352187,0.00037900173207948797,0.006419279954398645
16323,0.0019649258497321928,0.0015663673828808082,0.19646870676738698
16324,0.0017807781287198325,0.00021202382689629638,0.19800719804438388
16325,0.1964200559309576,0.0023329824346705703,0.0012469616343718465
16326,0.0026836027121806085,0.0001966383010980444,0.19711975898672135
16327,0.15591006138623428,0.03112292411160151,0.012967014502164165
16328,0.1957223053771941,0.00047086098771200103,0.0038068336350938993
16329,0.18843771677267177,0.0023868565610153667,0.009175426666312892
16330,0.15483595319562407,0.004130663844831182,0.04103338295954472
16331,0.1823481305261234,0.00374736940640841,0.01390450006746819
16332,0.17339026340217226,0.014797844450741915,0.011811892147085848
16333,0.18595160653125875,0.008913998363163176,0.005134395105578054
16334,0.1975550232347763,0.0015089015006770463,0.0009360752645466318
16335,0.1889122834826616,0.0012929743446137842,0.009794742172724628
16336,0.1701246528128538,0.0038076614382379637,0.02606768574890822
16337,0.16681150826954544,0.0021722214127562695,0.03101627031769829
16338,0.18505956697338,0.0016793899520721497,0.013261043074547887
16339,0.1879481421784164,0.0007393505895855802,0.011312507231997991
16340,0.1964496270204371,0.0009456774349514075,0.0026046955446114746
16341,0.1967463293733386,0.0006380078858614813,0.002615662740799894
16342,0.05257919613597443,0.0008364228480199097,0.14658438101600565
16343,0.1872063630180682,0.004108288681427968,0.008685348300503859
16344,0.0024596263670286444,0.0006469962368224104,0.19689337739614893
16345,0.05643558512659365,0.02543750817198262,0.11812690670142371
16346,0.1572120877166815,0.01440767424062904,0.028380238042689472
16347,0.13442735904234365,0.0022928700491458057,0.06327977090851053
16348,0.1617104071733195,0.0024786072997382775,0.03581098552694219
16349,0.18813625415274743,0.0055498862683528855,0.0063138595788997135
16350,0.04675187336036348,0.000737966018128924,0.15251016062150757
16351,0.03806810649773081,0.0033551466102691523,0.15857674689200002
16352,0.01958535082245056,0.029819798416543624,0.15059485076100582
16353,0.18935343175222993,0.0014058409244852867,0.009240727323284775
16354,0.13737396231077692,0.0005241211568714533,0.06210191653235162
16355,0.028128052764422505,0.0031459621018856384,0.16872598513369183
16356,0.19014427838224485,0.0019493521518049437,0.007906369465950235
16357,0.16653035062667076,0.0014149529108318302,0.03205469646249741
16358,0.1818178507208493,0.007417003095679971,0.010765146183470724
16359,0.05172356518691131,0.0007655774139325901,0.1475108573991561
16360,0.18492952007261523,0.013100160766343714,0.0019703191610410615
16361,0.15890054992140604,0.0026719091361504564,0.038427540942443494
16362,0.008749413856878675,0.0006010804603340511,0.19064950568278727
16363,0.1781977146558788,0.009196780428560777,0.01260550491556039
16364,0.010324406683436394,0.0005507309322156817,0.18912486238434792
16365,0.0633033546451675,0.007009736382484718,0.12968690897234778
16366,0.008861623253815983,0.0006123546205412265,0.1905260221256428
16367,0.19527409885682284,0.0005086465041647178,0.00421725463901246
16368,0.19479621242658213,0.0020202464980934942,0.0031835410753243837
16369,0.006232821667434193,0.0007293687834072067,0.1930378095491586
16370,0.013000794479669245,0.11234104146223015,0.07465816405810063
16371,0.004837820567170935,0.010228430199397936,0.18493374923343114
16372,0.07515240109998647,0.003638017490519789,0.12120958140949371
16373,0.18926767548289655,0.0010822052825860485,0.009650119234517428
16374,0.18024559786175814,0.011485635792102936,0.008268766346138899
16375,0.0009863910189733401,9.038736339017367e-05,0.19892322161763648
16376,0.010768834753258539,0.000770656592345609,0.18846050865439584
16377,0.18720719275980574,0.0029299506958259357,0.009862856544368298
16378,0.16735781540354283,0.0014687278392596396,0.031173456757197522
16379,0.05179221340477903,0.008227286171928385,0.13998050042329258
16380,0.002181358887782516,0.000817535403212503,0.197001105709005
16381,0.06200150406487894,0.0021576980725827245,0.13584079786253836
16382,0.17551206594571028,0.002361658145609594,0.02212627590868014
16383,0.19440515734218736,0.00020881705279105937,0.005386025605021596
16384,0.19322967979750566,0.00014569928352337202,0.006624620918970932
16385,0.06859172141569723,0.015552781242503467,0.1158554973417993
16386,0.1876372283894895,0.0010906580624384613,0.011272113548072008
16387,0.1939460082807103,0.0027456795302848174,0.003308312189004895
16388,0.039608165191102926,0.020391141144379028,0.14000069366451806
16389,0.1965751208594261,0.0007890991210238874,0.0026357800195499687
16390,0.0038539362803164125,0.0056589891673785395,0.190487074552305
16391,0.13144947996545014,0.002647677420120044,0.0659028426144298
16392,0.1872422532355702,0.004668470832605303,0.00808927593182447
16393,0.19428541848090822,0.0031491845312404546,0.0025653969878513217
16394,0.1819177124864983,0.005949641808619251,0.012132645704882442
16395,0.1820164285069144,0.004075038753336,0.01390853273974962
16396,0.19443805257903218,0.0031670520493428727,0.0023948953716249623
16397,0.18958246963879638,0.003668349474025097,0.006749180887178577
16398,0.10681327670089209,0.07640081330951101,0.0167859099895969
16399,0.03647362898460757,0.0019018100584832088,0.1616245609569092
16400,0.18814644329229252,0.010879488337243894,0.0009740683704635708
16401,0.19820357297380448,0.0012028284315348094,0.0005935985946607385
16402,0.19430218410732564,0.0009219502166537746,0.004775865676020565
16403,0.17187071556307082,0.0036261152445180066,0.024503169192411182
16404,0.1954315577893849,0.0002810041150199379,0.004287438095595156
16405,0.04294851926473726,0.0005858102582836126,0.15646567047697912
16406,0.19004525358442292,0.0010771875195984162,0.00887755889597864
16407,0.0003223327334334082,0.0001703095577394148,0.19950735770882716
16408,0.1948663667172177,0.00017324684487752157,0.004960386437904798
16409,0.18320700516711735,0.00823665113198544,0.0085563437008972
16410,0.17157698990510914,0.01599176710656097,0.012431242988329894
16411,0.021248466057011563,0.002011629928830392,0.17673990401415804
16412,0.07851556381958949,0.10472168644071236,0.016762749739698126
16413,0.136881575768197,0.004295606293752912,0.05882281793805009
16414,0.015156739540416821,0.003711854264911938,0.18113140619467125
16415,0.18007719740108574,0.013473345967201724,0.006449456631712506
16416,0.1258013851563568,0.0012210988065804993,0.07297751603706272
16417,0.19133947798188658,0.0004555716760143055,0.008204950342099147
16418,0.18400378399711542,0.0007737097486566303,0.01522250625422795
16419,0.17538446725870932,0.004573790101456212,0.02004174263983447
16420,0.02526171810600229,0.003537919375544397,0.17120036251845333
16421,0.19597808016553425,0.00014200152042218443,0.003879918314043529
16422,0.17934218488860973,0.0005800561189957879,0.020077758992394494
16423,0.1360600594226475,0.001150122889261621,0.06278981768809086
16424,0.19599058547843332,0.0002837346407066331,0.003725679880860047
16425,0.17044133209191856,0.0008628517664397538,0.0286958161416417
16426,0.19548167510556125,0.0005516429970650999,0.003966681897373673
16427,0.1949571786510093,0.0006985920180195462,0.00434422933097118
16428,0.1930837046679244,0.0008212735829556704,0.006095021749119953
16429,0.18716610432808714,0.0034385191832676312,0.009395376488645236
16430,0.1864107490428491,0.008483407131016352,0.005105843826134571
16431,0.031372613994941616,0.0026290547916681616,0.1659983312133902
16432,0.00544915875802293,0.0006451798461470507,0.19390566139583004
16433,0.1723673473315547,0.000423562546131026,0.027209090122314282
16434,0.128300626639218,0.003719484025034827,0.06797988933574717
16435,0.003086430107609254,0.0031704447329316517,0.1937431251594591
16436,0.11923376207935707,0.008882336115962607,0.07188390180468031
16437,0.15917560865336214,0.0011973722130029397,0.039627019133634915
16438,0.19533377470288865,0.0007557258949193597,0.003910499402192014
16439,0.0012054960151938279,0.000375286477022293,0.19841921750778385
16440,0.19730903002093125,0.0006462202513452318,0.0020447497277235422
16441,0.009990355021334652,0.001040713577323879,0.18896893140134147
16442,0.17129584061785708,0.00032845407570908776,0.028375705306433817
16443,0.17233470581988164,0.0017371628065584951,0.025928131373559878
16444,0.1758801084641172,0.0003534237976412271,0.023766467738241537
16445,0.19167103830996235,0.0008644689148335188,0.007464492775204103
16446,0.16138452137571,0.001284689820212843,0.03733078880407717
16447,0.12158362121523585,0.006208647702922623,0.07220773108184152
16448,0.0821080077184148,0.0006509747314250668,0.11724101755016011
16449,0.18646560156581446,0.0011848815679448032,0.012349516866240726
16450,0.17200857065274025,0.0006448758452281227,0.027346553502031655
16451,0.19372295943146933,0.0010867256752227607,0.005190314893307912
16452,0.19059385013026267,0.0006367845079784303,0.008769365361758891
16453,0.1581716175692449,0.0025494106097031263,0.03927897182105199
16454,0.18696074344890018,0.001617775915205149,0.01142148063589469
16455,0.000445390667895658,0.0002603393550819467,0.1992942699770224
16456,0.19180673357868067,0.0013521874828460712,0.006841078938473255
16457,0.19206334912680914,0.0026161070118613304,0.005320543861329531
16458,0.19491934087198332,0.001914538725782849,0.003166120402233831
16459,0.18647476994103146,0.0010932122982159399,0.012432017760752593
16460,0.18572275846461758,0.0031622497592870154,0.01111499177609539
16461,0.15411194060176803,0.01609667554278737,0.02979138385544459
16462,0.1965449571291001,0.00045638806986262215,0.002998654801037268
16463,0.18221921343964115,0.004464950460562783,0.013315836099796075
16464,0.18806074542239765,0.002592483199928784,0.009346771377673573
16465,0.18620550248424514,0.0017384199820726302,0.012056077533682225
16466,0.1629799108847815,0.001825472428185558,0.03519461668703295
16467,0.19296146030401035,0.0007756959107219992,0.006262843785267662
16468,0.18974023732063158,0.00034323282662840766,0.009916529852740032
16469,0.19581789667859664,0.0015554494835611477,0.0026266538378421998
16470,0.19834646991990507,0.0005392288341302759,0.0011143012459646545
16471,0.12359058881923231,0.006333996096911897,0.07007541508385581
16472,0.18780766647709893,0.005937314187531052,0.006255019335370017
16473,0.14178209492649257,0.010037023325231152,0.048180881748276276
16474,0.17746715389194423,0.0015912976665581643,0.020941548441497596
16475,0.004871859998131466,0.000747070993080197,0.19438106900878835
16476,0.19332470270150598,0.0006044645102846584,0.006070832788209352
16477,0.18778763481791033,0.0022295032982557962,0.009982861883833908
16478,0.15675867097848967,0.007120055504301695,0.03612127351720863
16479,0.1962182632368778,0.0006724789452089512,0.0031092578179132114
16480,0.19004213336865008,0.00044737494380106096,0.00951049168754888
16481,0.19644597518031742,6.806312622613946e-05,0.003485961693456447
16482,0.05835716098912798,0.0023673600409268177,0.13927547896994522
16483,0.19294478841873228,0.0010043914214211602,0.006050820159846553
16484,0.17289896960255138,0.003198589583368594,0.023902440814080064
16485,0.14090682839846624,0.0002494045857904789,0.05884376701574329
16486,0.17394380970505688,0.0007398323711632151,0.025316357923779908
16487,0.004860118527892936,0.00026348127784850975,0.1948764001942586
16488,0.18758122995534857,0.0036658282988284276,0.008752941745823008
16489,0.14998781732310995,0.010989181160863348,0.0390230015160267
16490,0.1745904818963218,0.012316600876999508,0.013092917226678689
16491,0.012948268836018592,0.0024166834296368454,0.18463504773434458
16492,0.19316385255516408,0.0031569652380842458,0.0036791822067516753
16493,0.0037132092368796976,0.000230301292749882,0.1960564894703704
16494,0.1915054718399661,0.00034966386774741895,0.008144864292286474
16495,0.19707996598462083,0.00026841813304913115,0.0026516158823300306
16496,0.0005960382936651173,0.00016051439181328315,0.1992434473145216
16497,0.19426507691586237,0.00023510353755578595,0.00549981954658185
16498,0.11016060880202116,0.000852456384536455,0.08898693481344237
16499,0.055839718066800194,0.014100733757153252,0.13005954817604654
16500,0.0015363570457665387,0.00016490718903480273,0.19829873576519866
16501,0.19821209953739036,0.0001624170143008492,0.0016254834483087912
16502,0.19147197499562044,0.00039348273435008417,0.008134542270029497
16503,0.1947242756413013,0.0001555629698405489,0.00512016138885814
16504,0.19089319698920731,0.0001368970105795239,0.008969906000213156
16505,0.19118903728641884,0.0011784214549008546,0.007632541258680324
16506,0.04961677189283291,0.004337566810193419,0.14604566129697366
16507,0.19076205692641168,0.0015159548349569939,0.00772198823863132
16508,0.19431586253334843,0.0002827572361084508,0.005401380230543091
16509,0.03373191361111191,0.0002644074546035777,0.1660036789342845
16510,0.1313784054011583,0.0018785020024614893,0.0667430925963802
16511,0.17139174326361423,0.00967351762286501,0.018934739113520803
16512,0.18692314081810757,0.0036204578019199524,0.009456401379972475
16513,0.1690005566039921,0.0016171300786559577,0.029382313317351944
16514,0.19154639398693443,0.0018389532422149728,0.006614652770850581
16515,0.0872669754322267,0.024022730180868448,0.08871029438690486
16516,0.18375000812229428,0.002368460777516339,0.013881531100189387
16517,0.13062962658780014,0.006342906458914638,0.06302746695328523
16518,0.15163033514200971,0.004193685637462707,0.044175979220527566
16519,0.18904916095754226,0.0017376449566855207,0.009213194085772192
16520,0.07110293993487335,0.009527114179530937,0.11936994588559571
16521,0.0032330995189997734,0.0001345148912488793,0.19663238558975135
16522,0.16139046230577342,0.0013212112593474718,0.03728832643487913
16523,0.1918385572495314,0.000837900501630276,0.007323542248838351
16524,0.14740805498093146,0.0012234761016509082,0.05136846891741766
16525,0.19116854362799804,0.000667964559872751,0.008163491812129168
16526,0.19773191081213687,8.883888918775147e-05,0.002179250298675355
16527,0.18695022219377272,0.0011737016742630832,0.011876076131964218
16528,0.12202926782581917,0.01843764088168604,0.05953309129249479
16529,0.16695056548012482,0.005843028171095291,0.027206406348779903
16530,0.12202768897595928,0.001808031951608044,0.07616427907243269
16531,0.0018375748335719255,0.0007955684317911696,0.1973668567346369
16532,0.17245252402630548,0.001232672006375424,0.026314803967319066
16533,0.17994328928567757,0.002176447036300008,0.01788026367802241
16534,0.0780487126406039,0.023990876053879624,0.09796041130551646
16535,0.12840097414484555,0.008117030064540762,0.06348199579061367
16536,0.189322896622734,0.0016148993630604117,0.009062204014205608
16537,0.1886167170979074,0.0029394465495423765,0.008443836352550218
16538,0.19567656000891145,0.00035135858113815243,0.003972081409950408
16539,0.19605648327659644,0.0014754119377005542,0.002468104785703004
16540,0.02890739763709909,0.002278580936706572,0.16881402142619434
16541,0.18905421538186012,0.0015452158304719832,0.009400568787667905
16542,0.003180445962984608,0.000954501625625937,0.19586505241138946
16543,0.17276415793288877,0.0012773173181459476,0.02595852474896525
16544,0.1871904108663011,0.0004420956123989411,0.012367493521299995
16545,0.14338226427342066,0.0010089140929181151,0.05560882163366123
16546,0.18035153195325063,0.011481587331078638,0.00816688071567077
16547,0.028800190049066966,0.001139722758872091,0.17006008719206095
16548,0.0450830408686416,0.09303429592926504,0.061882663202093326
16549,0.0034730768837178847,0.003356349062567306,0.19317057405371482
16550,0.19430461286631553,0.0012942932739543034,0.00440109385973015
16551,0.1973556483591835,0.00026403311307474396,0.00238031852774176
16552,0.1885885937521361,0.000930625304830009,0.010480780943033915
16553,0.16279100693802015,0.024026434728131922,0.013182558333847929
16554,0.17589532168946215,0.0001809772485140672,0.023923701062023774
16555,0.00502562247221887,0.00023940903194800975,0.1947349684958331
16556,0.0005754265024755171,0.0004832538563132335,0.19894131964121126
16557,0.19840597923520215,0.0006171081219494155,0.0009769126428484153
16558,0.0010283581580185642,7.689185849063646e-05,0.1988947499834908
16559,0.19448111442863786,0.0030106308376349786,0.0025082547337271785
16560,0.18494477031406092,0.0035704430130240146,0.011484786672915066
16561,0.015059087680458586,0.001970770355333616,0.1829701419642078
16562,0.19138591165778965,0.00033984269984096017,0.008274245642369397
16563,0.17207645450731174,0.01741207640609718,0.010511469086591105
16564,0.19624164016365098,0.00011474581276055562,0.003643614023588485
16565,0.19182516512219255,0.0009930043968998418,0.007181830480907628
16566,0.07950208120524209,0.006914918010822534,0.11358300078393535
16567,0.11586193496026262,0.004267774437375984,0.07987029060236141
16568,0.049795086766100415,0.0007452094942218192,0.14945970373967776
16569,0.1974689939601328,0.0001640690669812028,0.002366936972886016
16570,0.1932820073167994,0.0021821393471746758,0.0045358533360259174
16571,0.16856431297922353,0.0010382894423020595,0.030397397578474407
16572,0.148360097718519,0.003531864364215432,0.04810803791726558
16573,0.1954228411201603,0.00044075443687851786,0.0041364044429611745
16574,0.18879350519058075,0.0006740792549563961,0.010532415554462864
16575,0.1961401705800387,0.0005102184839243198,0.0033496109360369895
16576,0.19452958632860334,0.0004892446005950402,0.004981169070801591
16577,0.19714897849974516,0.0006233179066252117,0.002227703593629622
16578,0.058966626907863404,0.0025610973730930964,0.1384722757190435
16579,0.19007151368103686,0.00023718589511414782,0.009691300423849001
16580,0.005090749882723566,0.000615798086663644,0.19429345203061277
16581,0.13821424162653567,0.0011216446556867525,0.06066411371777759
16582,0.15797832346337412,0.00035710056273310497,0.04166457597389278
16583,0.1911015149937907,0.0007446241709532957,0.008153860835256039
16584,0.1565882401476345,0.020197225773422204,0.02321453407894329
16585,0.19577369273008877,0.00039939255898447474,0.003826914710926748
16586,0.18942294113616395,8.87916976149098e-05,0.01048826716622112
16587,0.16628871629753497,0.02954574638453527,0.004165537317929762
16588,0.19753864570454122,0.0006540096286834937,0.0018073446667752954
16589,0.17219702133195944,0.0007041628552366813,0.02709881581280385
16590,0.0010247102287610332,0.0002524787304910682,0.1987228110407479
16591,0.1498027529731257,0.0009291907304246691,0.049268056296449626
16592,0.19181983842955902,0.0001886828670119467,0.007991478703429065
16593,0.19662566709787951,0.0005352080164831001,0.0028391248856373804
16594,0.08223130165058737,0.009185966799312037,0.10858273155010059
16595,0.19124373461352598,0.0036675760733394435,0.005088689313134571
16596,0.1974286561815218,0.0017077527338052374,0.0008635910846729376
16597,0.004969731741973082,0.0003260631486973612,0.19470420510932956
16598,0.19243399478624423,0.0008442742413158028,0.006721730972439955
16599,0.19666107281059256,0.0002047225333947063,0.0031342046560127153
16600,0.18832301599493845,0.000302546933566064,0.01137443707149546
16601,0.13104461771305007,0.0011902175286327703,0.06776516475831716
16602,0.024915320698346618,0.015366457657429403,0.15971822164422397
16603,0.19154334873746431,0.0006660922400641597,0.007790559022471539
16604,0.06987927032711452,0.10157780809201666,0.02854292158086879
16605,0.18806388177262193,0.00412862738756915,0.0078074908398089015
16606,0.1103818960944831,0.0065164293565432695,0.08310167454897363
16607,0.05286577399788324,0.0005169771799092524,0.1466172488222075
16608,0.12453332537868314,0.0044252478384033825,0.0710414267829135
16609,0.1919952820419007,0.0005426502180278055,0.0074620677400715155
16610,0.1915065274122914,0.0011920548540250648,0.007301417733683563
16611,0.19076183130074403,0.0013469074295555067,0.00789126126970045
16612,0.19750652958898332,0.0005817442113712701,0.001911726199645422
16613,0.03330711395900768,0.0010338447912188497,0.1656590412497735
16614,0.1955605259402225,0.0015876397304133024,0.002851834329364175
16615,0.1952473595550869,0.00023794276287981576,0.004514697682033301
16616,0.17438893374804107,0.009859961487044185,0.01575110476491476
16617,0.14253745523912914,0.001514765435583923,0.05594777932528694
16618,0.1835217135246981,0.0040139584460866205,0.012464328029215283
16619,0.19538387600345314,0.0015354430663690763,0.003080680930177744
16620,0.19319119227291298,0.0005445640608769034,0.006264243666210083
16621,0.17854032158539793,0.0013993414547026138,0.020060336959899443
16622,0.19138898291404,0.0011696510378192816,0.007441366048140714
16623,0.1640221533487808,0.006628918964839664,0.029348927686379495
16624,0.13808037641182597,0.00267929316820641,0.05924033041996761
16625,0.0062247457974229144,0.004543387381038812,0.18923186682153828
16626,0.002792937986808284,0.001184540309212503,0.1960225217039792
16627,0.004311313751705483,0.00046152658790635725,0.19522715966038817
16628,0.022476841846828757,0.000893870568096318,0.17662928758507496
16629,0.18303276156153597,0.0006304281828129586,0.0163368102556511
16630,0.1582151888347547,0.03030072186295112,0.011484089302294201
16631,0.005243075010902614,0.003559187425058375,0.19119773756403902
16632,0.18569846858753308,0.002806726379588208,0.011494805032878704
16633,0.18536077656971006,0.0016381430207435019,0.01300108040954642
16634,0.191766154609369,0.0010711108504528359,0.007162734540178173
16635,0.1788271700874073,0.0015695039253994878,0.0196033259871932
16636,0.19814279964220768,0.0002256385902711648,0.0016315617675211383
16637,0.004809792225379071,0.0015160105142628052,0.19367419726035812
16638,0.1456868951542849,0.007632272901938607,0.046680831943776493
16639,0.19502499990532052,0.0003261541407343142,0.004648845953945184
16640,0.009090559773486323,0.00032877631463316926,0.19058066391188053
16641,0.17696838211178087,0.013920315402060532,0.009111302486158577
16642,0.17899676983785273,0.00264033020905452,0.018362899953092753
16643,0.11922793473100521,0.00035726880070894565,0.08041479646828584
16644,0.05490095670470352,0.0006920370031296403,0.14440700629216685
16645,0.1939552480226647,0.0006138046369400807,0.00543094734039521
16646,0.16249441226108696,0.003423109903618255,0.03408247783529479
16647,0.18034486642245906,0.00044882210191523827,0.01920631147562571
16648,0.18988453774065278,0.000968236428468925,0.009147225830878267
16649,0.1891460752607252,0.001085354381820448,0.009768570357454345
16650,0.19590003113437265,0.0010617119160923284,0.0030382569495350305
16651,0.19508067155752845,0.0009168165939179898,0.00400251184855358
16652,0.15415057726042528,0.0009728351084911291,0.04487658763108361
16653,0.005616515372671824,0.00022890101765453836,0.1941545836096736
16654,0.19490179913872188,0.0008582787697497662,0.00423992209152838
16655,0.19193160884771887,0.0037694597509601454,0.0042989314013209875
16656,0.18466491803044432,0.001716087718562135,0.013618994250993551
16657,0.1834580552435323,0.0008052628604054005,0.015736681896062282
16658,0.16595135122737342,0.014200566330520364,0.019848082442106223
16659,0.1934965042288615,0.0034433665391640396,0.0030601292319744943
16660,0.18342321495243138,0.011676831262575835,0.0048999537849927916
16661,0.04149620804568419,0.06901263997189881,0.089491151982417
16662,0.18152290587932557,0.001055965560642435,0.017421128560031997
16663,0.19641253324726815,0.00041908019591255864,0.0031683865568193177
16664,0.0036396873521969595,0.00013715064837205597,0.196223161999431
16665,0.0016214774402632485,0.008173235167988253,0.1902052873917485
16666,0.18366332545774383,0.012383289317675773,0.003953385224580426
16667,0.19192754413187124,0.0006973734447368584,0.007375082423391901
16668,0.1592452344205916,0.0039004929086566198,0.03685427267075177
16669,0.19227165466266657,0.00039555461108663057,0.00733279072624677
16670,0.14994570215313338,0.007182105643569944,0.04287219220329669
16671,0.0997004331494654,0.04655693208634914,0.05374263476418547
16672,0.1886075775865803,0.0016988568810527179,0.009693565532366999
16673,0.1864614367100155,0.004075813325250306,0.00946274996473417
16674,0.19103391765549538,0.0006210956622057604,0.008344986682298864
16675,0.1610212937783146,0.004579346694643063,0.034399359527042345
16676,0.00863748995566998,0.00528234241400317,0.18608016763032684
16677,0.16470948182886008,0.011511734235090023,0.023778783936049864
16678,0.013868383096541726,0.00042487156240910134,0.18570674534104917
16679,0.17707627439257628,0.0007713432911763943,0.022152382316247287
16680,0.0005087015912695965,0.00017974044961668255,0.19931155795911373
16681,0.14979621560367534,0.0010518711174624072,0.049151913278862217
16682,0.19477882695353893,0.0033702189140426436,0.0018509541324183815
16683,0.1606457001613309,0.011743337203956887,0.0276109626347122
16684,0.0055618227138809675,0.0005617355101994819,0.19387644177591953
16685,0.18821341156902777,0.0005315819867016058,0.011255006444270639
16686,0.19359602671886733,0.0021257047712509086,0.004278268509881743
16687,0.19138184218255605,0.0009084452476500057,0.007709712569793935
16688,0.19062056454871784,0.00548519275105684,0.0038942427002253365
16689,0.12610094771826133,0.0026026092096626168,0.07129644307207607
16690,0.135509231323848,0.00042950271905710174,0.0640612659570949
16691,0.17624619968365635,0.0006110834805377203,0.023142716835805942
16692,0.19413672759368733,0.0005472057385872526,0.0053160666677254135
16693,0.19691302296722935,0.0001890648109887476,0.002897912221781914
16694,0.12761121314029097,0.02755431851390423,0.04483446834580479
16695,0.05284310187149244,0.0029116206582885445,0.144245277470219
16696,0.19608866049965312,0.0013997889501484197,0.0025115505501984593
16697,0.1942852404070984,0.00023365459199675416,0.005481105000904869
16698,0.13932078799188768,0.04503164570747597,0.015647566300636327
16699,0.19784370267647747,0.00021743035826474717,0.0019388669652577952
16700,0.09609169530495974,0.0002592090284795749,0.10364909566656069
16701,0.19541604141348676,0.0006110207780558989,0.003972937808457366
16702,0.013106494802584157,0.022601066761284795,0.16429243843613106
16703,0.18273126302290962,0.0035415632170694906,0.013727173760020906
16704,0.18375860199731747,0.006562052380054945,0.009679345622627594
16705,0.19808057245464214,0.000597568921007579,0.0013218586243502666
16706,0.18107360585067594,0.00302850101287455,0.015897893136449553
16707,0.1983631020208479,0.00020599548548585225,0.0014309024936662263
16708,0.07071817616414103,0.0022010793296684396,0.12708074450619056
16709,0.015815886824527333,0.0021853358526670538,0.18199877732280562
16710,0.19305293379559002,0.00023582038788980613,0.006711245816520177
16711,0.18466078064196,0.0010730888309024857,0.014266130527137478
16712,0.09620930438780119,0.0027942956805821818,0.10099639993161662
16713,0.19683033954276513,0.0017825659350041343,0.0013870945222307298
16714,0.010691613355274222,0.0005325664488554203,0.1887758201958704
16715,0.03943615592449614,0.0004578701882182335,0.16010597388728565
16716,0.18907419898563463,0.00349165838085719,0.007434142633508195
16717,0.1510965282950599,0.003246701881178077,0.04565676982376202
16718,0.08747288133899504,0.002713352596784127,0.10981376606422084
16719,0.18909660115894594,0.0009343579527261164,0.009969040888327934
16720,0.0011415042098965448,0.0008046145271982466,0.19805388126290518
16721,0.0037567979958719167,0.0001898924225241136,0.19605330958160397
16722,0.0005893807947079701,0.00012977269901981691,0.1992808465062722
16723,0.1942333350930564,0.0008756835203306867,0.004890981386612929
16724,0.0853461443284566,0.00041445064849225286,0.11423940502305116
16725,0.12625056418785582,0.0015114489627694233,0.07223798684937474
16726,0.00018486847625529977,2.2150823393239722e-05,0.19979298070035145
16727,0.19065381476809923,0.005775433506605349,0.0035707517252954067
16728,0.19321308140209875,0.0011940142415680834,0.005592904356333169
16729,0.19023148005474977,0.001515853931048576,0.008252666014201637
16730,0.17804602214979665,0.0019369842434609319,0.020016993606742407
16731,0.17434592938208943,0.006566449087859362,0.019087621530051193
16732,0.18100162038558584,0.0028065992637791404,0.016191780350635007
16733,0.07980132931129372,0.010434381484850786,0.10976428920385548
16734,0.18673260421722918,0.001946868203529754,0.0113205275792411
16735,0.18321111938229256,0.0008376915010357685,0.015951189116671666
16736,0.0003874293089967452,0.0003751200694430612,0.19923745062156023
16737,0.004678811293782383,0.00047550999462228914,0.19484567871159536
16738,0.18182201596467584,0.003278215467172002,0.014899768568152144
16739,0.0158987595031806,0.00702329132784376,0.17707794916897562
16740,0.001242317729785017,0.00018147918937827206,0.1985762030808367
16741,0.0018293367130200618,0.0003583985954348493,0.19781226469154506
16742,0.15589351375657395,0.01576008708794884,0.0283463991554772
16743,0.026582006401082152,0.0015842946973676868,0.17183369890155017
16744,0.1957654780218423,0.0004278115766142741,0.0038067104015434027
16745,0.16598753060687982,0.0016222471723062431,0.032390222220813905
16746,0.19768226675294795,0.0010022084927334164,0.0013155247543186295
16747,0.062263662253707,0.009841407512047198,0.1278949302342458
16748,0.19221082104905649,0.0007254796252254763,0.007063699325718006
16749,0.19580005633884986,0.0008146970668958065,0.003385246594254325
16750,0.19652005903640787,0.00015713828388568682,0.003322802679706436
16751,0.002783288956561063,0.0002966932571499022,0.19692001778628904
16752,0.17821090544643006,0.002995676564416198,0.018793417989153755
16753,0.1834643981400593,0.001420404896561212,0.015115196963379493
16754,0.008753916188172162,0.0032743439671273655,0.18797173984470048
16755,0.18531540937534943,0.0020953053365931045,0.0125892852880575
16756,0.1649154596411453,0.010396947725968716,0.02468759263288599
16757,0.19765016649610564,0.00017285894058409162,0.002176974563310272
16758,0.17376699326403602,0.0017557773821649785,0.024477229353798986
16759,0.1957726512131429,0.0013024336853860803,0.002924915101471027
16760,0.19022317905198327,0.0006880909049388895,0.009088730043077833
16761,0.18953204880935715,0.0005152570258878926,0.009952694164754961
16762,0.18081247917119414,0.0014999438180551146,0.01768757701075073
16763,0.12961538575836334,0.025854471112414186,0.044530143129222474
16764,0.18101028842740202,0.0012098894807525233,0.017779822091845456
16765,0.13960125090795927,0.010089811498288337,0.05030893759375239
16766,0.19411957249136727,0.00046021622317140947,0.005420211285461328
16767,0.07884333892983802,0.013671814538430176,0.10748484653173178
16768,0.11653455289570162,0.005508393279733096,0.0779570538245653
16769,0.001284129425368983,0.00019305263159740467,0.1985228179430336
16770,0.18532358426628653,0.0003269449155233135,0.014349470818190166
16771,0.00031106422359543725,4.2709419176596124e-05,0.19964622635722798
16772,0.02895509389944397,0.006641025533770858,0.16440388056678518
16773,0.1861048658935717,0.0006986274096849122,0.01319650669674341
16774,0.17560091416866183,0.00034312619681543815,0.02405595963452271
16775,0.1335480117765391,0.005645366965466014,0.06080662125799489
16776,0.18918683489664642,0.0005398872969193984,0.010273277806434177
16777,0.19616787687001627,0.0010104224439985124,0.002821700685985245
16778,0.18868682201228978,0.0009274641198897017,0.010385713867820468
16779,0.19449301711828876,0.0010400743148432207,0.004466908566868022
16780,0.19367103842723446,0.0028543495596504128,0.0034746120131151407
16781,0.09246110338798684,0.0007139458412767892,0.10682495077073635
16782,0.1862433423179435,0.004789622221286928,0.008967035460769563
16783,0.18959122163400594,0.00033572542523667784,0.010073052940757374
16784,0.1801346532269869,0.0007437384641935786,0.019121608308819513
16785,0.0038926908312852102,0.004536424100513732,0.19157088506820108
16786,0.008978148454849658,0.0036545842282666775,0.18736726731688366
16787,0.19504823121446466,0.0005111151283506756,0.004440653657184695
16788,0.1949624060348038,0.001015384162466372,0.004022209802729842
16789,0.1351869585885185,0.0007474021711417649,0.06406563924033973
16790,0.18800420133209664,0.003688719335252946,0.008307079332650432
16791,0.16248686574977433,0.004422810925344762,0.033090323324880884
16792,0.1950276309725007,0.0007061379898482493,0.004266231037651025
16793,0.18813831374609663,0.0010397253842303056,0.010821960869673072
16794,0.1726366461054469,0.0018789684889587693,0.025484385405594313
16795,0.009376986058396382,0.0008029525403933982,0.18982006140121022
16796,0.03846508563604051,0.0029259176359465503,0.15860899672801293
16797,0.014531542193694671,0.0021017751420196263,0.1833666826642857
16798,0.1710904881039909,0.013706537347058534,0.01520297454895054
16799,0.09002995510086645,0.008532721000167023,0.10143732389896654
16800,0.04361614621569228,0.0008661963791687663,0.15551765740513895
16801,0.16671418747122907,0.006467841210039604,0.026817971318731308
16802,0.194895437095142,0.00016977782030335315,0.004934785084554637
16803,0.18049384134947932,0.01263908870377908,0.006867069946741591
16804,0.1954794731021428,0.0002220149718487077,0.004298511926008488
16805,0.07863341529808812,0.0010323121573484239,0.12033427254456346
16806,0.198216149497832,0.001091094589903826,0.0006927559122641756
16807,0.17131251060899894,0.004433339058375325,0.02425415033262574
16808,0.18662109676138688,0.0010354024296464228,0.012343500808966682
16809,0.18741709853144814,0.005673639958491322,0.0069092615100605605
16810,0.18934188926880974,0.00033741940727261384,0.01032069132391765
16811,0.05978529910202085,0.0007833528290032528,0.1394313480689759
16812,0.15896368335003688,0.03430094469889289,0.006735371951070261
16813,0.18861481462447477,0.0016775475398078574,0.009707637835717344
16814,0.01835910119262667,0.0009952075974689236,0.1806456912099044
16815,0.19515274851087136,0.0010215412159728465,0.003825710273155751
16816,0.17169005979439836,0.0011499498486038735,0.027159990356997777
16817,0.11465131241425479,0.04981480674523871,0.03553388084050649
16818,0.07178753186506619,0.03046212382046822,0.0977503443144656
16819,0.19733801739473328,0.00022501949400433453,0.00243696311126237
16820,0.1842081416285825,0.00881671209137858,0.006975146280038896
16821,0.18811572243553815,0.0004894398346388682,0.011394837729823016
16822,0.11369820612000023,0.0026712061669170407,0.08363058771308271
16823,0.19345397080859622,0.0004056032877774932,0.006140425903626319
16824,0.07735799673207806,0.04632542152112396,0.07631658174679798
16825,0.012477632624710733,0.019136746676845583,0.1683856206984437
16826,0.129071379011507,0.01018765074804904,0.06074097024044398
16827,0.17817061333851741,0.006920094157037848,0.014909292504444773
16828,0.02880780049991214,0.03745322789147717,0.13373897160861067
16829,0.196500058878274,0.0001236246077403669,0.0033763165139856443
16830,0.18063334393454994,0.001162954864799373,0.018203701200650672
16831,0.005077086984581782,0.00035710364872499955,0.1945658093666932
16832,0.1876840961492136,0.0008821865716614746,0.01143371727912492
16833,0.19524350432807983,0.000477887884435716,0.004278607787484439
16834,0.16662852649487123,0.008483794699866884,0.024887678805261867
16835,0.19716483106337632,0.00033085440420266234,0.002504314532421015
16836,0.13779563362088695,0.0010448713324259923,0.06115949504668707
16837,0.03852436571911584,0.005140657591116627,0.15633497668976754
16838,0.1863856304353379,0.0003504059752493378,0.013263963589412783
16839,0.1931716024742926,0.002621285303483161,0.00420711222222424
16840,0.04333943291521314,0.0038014057738605537,0.1528591613109263
16841,0.08873968204627194,0.002972812171601495,0.10828750578212658
16842,0.1900025946086791,0.0012192622884362352,0.008778143102884673
16843,0.179906720729025,0.0011359283989022186,0.018957350872072783
16844,0.19268284334131253,0.004561130358270935,0.002756026300416536
16845,0.18158467884738005,0.012397718514987246,0.006017602637632714
16846,0.19578190650425978,0.0016683852518620218,0.0025497082438782287
16847,0.1364924834879207,0.021128647613157595,0.042378868898921694
16848,0.18350785848251122,0.006778279611682363,0.009713861905806446
16849,0.11447086116655861,0.004078911435907731,0.08145022739753367
16850,0.1919005187141905,0.0004043262623473835,0.007695155023462151
16851,0.17412732976064657,0.0007428018709996452,0.02512986836835377
16852,0.19574089973576822,0.0002975011244770163,0.003961599139754761
16853,0.1933937970083102,0.0009206490863068068,0.005685553905383016
16854,0.18047955783306077,0.004396709702036324,0.015123732464902909
16855,0.1889634363094971,0.00308354926155775,0.007953014428945136
16856,0.1614510518776021,0.007505954417477886,0.031042993704919995
16857,0.1692786328950176,0.0013188101461029215,0.029402556958879472
16858,0.010028827965506752,0.0009048452218195916,0.18906632681267369
16859,0.0005472927618954398,0.00021817722403700982,0.19923453001406757
16860,0.15686630653191955,0.011855266404894873,0.031278427063185586
16861,0.0009406116132043641,0.00024911729847644406,0.1988102710883192
16862,0.19595625338984862,0.0002252364018957868,0.0038185102082555706
16863,0.002007313485249045,0.004420269453027654,0.1935724170617233
16864,0.1961502294789949,0.0004772741027221913,0.003372496418282905
16865,0.19462058772619345,0.0011462806557478295,0.004233131618058711
16866,0.19177835135993815,0.005039927109920799,0.003181721530141058
16867,0.17146860773356368,0.006720903277021439,0.021810488989414907
16868,0.17434575159914517,0.00014059613645988516,0.025513652264394927
16869,0.13213142018833884,0.005149338476258937,0.06271924133540226
16870,0.15449226323254941,0.003196363133338971,0.04231137363411163
16871,0.1964966508416569,0.00044020646754321736,0.003063142690799873
16872,0.18852451632563977,0.0006873187306045724,0.010788164943755677
16873,0.18081941306453675,0.005421142939972342,0.013759443995490913
16874,0.009053270642758305,0.00046820968850314347,0.19047851966873855
16875,0.1815569754051772,0.0017458482020111534,0.01669717639281163
16876,0.19357889778085316,0.0019163844061727334,0.004504717812974098
16877,0.1317901596233639,0.01711410526717125,0.05109573510946486
16878,0.002164516314609432,0.00013351989492735758,0.1977019637904632
16879,0.18952991846428954,0.00242182779159625,0.008048253744114218
16880,0.16899659155510965,0.00014028752812624297,0.030863120916764082
16881,0.00437858029067813,0.00021043889200418508,0.1954109808173177
16882,0.07799184276240315,0.00039313477686200713,0.12161502246073486
16883,0.1857180291100437,0.0036058298359564075,0.01067614105399992
16884,0.19486111869524986,0.00043414607818331567,0.004704735226566852
16885,0.16512256457716984,0.001135553974502865,0.03374188144832732
16886,0.1945592822136017,0.0028163341059988397,0.0026243836803994756
16887,0.0866205620343081,0.0027051717477345957,0.11067426621795731
16888,0.004850223423715544,0.00033081983164772496,0.19481895674463673
16889,0.18969957340843654,0.0005264494513760973,0.00977397714018734
16890,0.15677072432058364,0.020875027736821962,0.022354247942594416
16891,0.19585535361184625,0.0007668186115537765,0.003377827776599935
16892,0.0008074349448904713,0.0002108482193868476,0.1989817168357227
16893,0.19010302441558452,0.003568131860041219,0.0063288437243742765
16894,0.17285050289882106,0.0015188847302975155,0.025630612370881406
16895,0.1356244634218193,0.0019040177696969765,0.062471518808483714
16896,0.11916869643311441,0.018877481015253227,0.06195382255163236
16897,0.008017069105770644,0.0005622657056960298,0.19142066518853332
16898,0.179625070105845,0.006345137898543239,0.014029791995611765
16899,0.19486654816156562,0.0037116921108385063,0.0014217597275958823
16900,0.1890953612913394,0.0005792227046793964,0.010325416003981208
16901,0.19679845169426838,0.00031341589374730966,0.0028881324119843467
16902,0.19430677488043196,0.0013164593566956434,0.004376765762872373
16903,0.18060448718873706,0.0014744376320046592,0.017921075179258256
16904,0.18450391800384913,0.001190203802522227,0.014305878193628638
16905,0.19305704263499807,0.00046797952002576815,0.006474977844976175
16906,0.13032888369725545,0.0026558287409108147,0.06701528756183374
16907,0.002920051164663977,0.0005437214832924961,0.19653622735204354
16908,0.09418188604439538,0.002415824636862717,0.10340228931874189
16909,0.17802523618768948,0.009555279794582804,0.012419484017727724
16910,0.14061602442717752,0.006149057699544621,0.053234917873277866
16911,0.1978701902536444,0.0001512050768091477,0.001978604669546492
16912,0.17815001905081285,0.0004507234526253025,0.02139925749656189
16913,0.18715939940203047,0.0014204110446462887,0.011420189553323237
16914,0.19174374344813186,0.0013782787389148689,0.0068779778129532815
16915,0.1947810284729196,0.0003759003801738489,0.00484307114690654
16916,0.01623584271610971,0.003232583927184176,0.18053157335670614
16917,0.05625590397902062,0.0002827737096916723,0.14346132231128772
16918,0.12603271862704685,0.039454973295933074,0.03451230807702006
16919,0.13997533760886036,0.0021979747182426816,0.05782668767289698
16920,0.013159076239349397,0.000537047998464704,0.18630387576218593
16921,0.15085123126622407,0.009156980966796107,0.03999178776697981
16922,0.19815393623357835,0.00018762370099747737,0.0016584400654242077
16923,0.19072138385238174,0.0006634942205391893,0.008615121927079068
16924,0.1960182345980476,0.0006411930305633967,0.003340572371389018
16925,0.012229868948306688,0.003837718784059605,0.18393241226763374
16926,0.18676881053467184,0.002711142716211729,0.010520046749116446
16927,0.1865552041504634,0.000987430515716328,0.01245736533382028
16928,0.0004396503813605611,0.0004500172212893214,0.1991103323973501
16929,0.18327613808277166,0.01218593277824376,0.004537929138984601
16930,0.1833732093190814,0.010803864021453464,0.005822926659465122
16931,0.09605954789448409,0.000687577252731074,0.10325287485278482
16932,0.18385745660996897,0.0011480879320952082,0.01499445545793579
16933,0.18453104746109764,0.004259010221773985,0.011209942317128397
16934,0.19736096142778317,0.0008620408209111809,0.0017769977513056906
16935,0.17980601867972773,0.017976986923525198,0.0022169943967470435
16936,0.195345474791426,0.000826184431687225,0.0038283407768867532
16937,0.06783392762389398,0.0015760429677294323,0.13059002940837658
16938,0.16494541576281813,0.010738177927964873,0.024316406309216977
16939,0.005954848490122632,0.00021475563135869212,0.19383039587851866
16940,0.07277018047095286,0.0005462298367302538,0.1266835896923169
16941,0.17518720573122354,0.006870467442734139,0.017942326826042295
16942,0.1495495869828989,0.014575588522744978,0.03587482449435612
16943,0.1866243574286405,0.0068331290743754835,0.006542513496984026
16944,0.13698302014780686,0.0033735761305862455,0.059643403721606904
16945,0.17277049747710518,0.001781309052704589,0.025448193470190228
16946,0.1862870176334031,0.0009104450508108676,0.012802537315786
16947,0.18833910345880672,0.0018119499917094613,0.00984894654948382
16948,0.010673875882287413,0.004882444317586159,0.18444367980012644
16949,0.1646475542157252,0.002182435252271723,0.033170010532003094
16950,0.1811927548172801,0.0011588225300341321,0.017648422652685774
16951,0.049713539914756036,0.022071951106022544,0.1282145089792214
16952,0.08705774611737951,0.0007993611683771452,0.11214289271424334
16953,0.1928265540929428,0.0002236531745745562,0.006949792732482642
16954,0.06545157282346153,0.013857971259007975,0.1206904559175305
16955,0.18971545861858122,0.001293687765574814,0.008990853615843977
16956,0.09855990250363889,0.06554909165280767,0.035891005843553446
16957,0.15170862387583822,0.0008928588431018198,0.04739851728105994
16958,0.1942641098845786,0.0007704318157603247,0.004965458299661083
16959,0.1863757100144305,0.0010794994142269037,0.012544790571342567
16960,0.19572484914009566,0.00020348021429285676,0.004071670645611491
16961,0.03950569355363635,0.0011709618372417415,0.1593233446091219
16962,0.19425234952875522,0.0027735118580651825,0.002974138613179552
16963,0.14800157862764834,0.0025338741562818973,0.04946454721606976
16964,0.19661798861433855,0.00014908033105206041,0.003232931054609369
16965,0.12154021853750474,0.016914440216242686,0.06154534124625259
16966,0.04367507171860633,0.00138575314188142,0.15493917513951228
16967,0.18783679812306145,0.0010318020112472502,0.011131399865691281
16968,0.1879618420712204,0.0027149994849373577,0.009323158443842215
16969,0.16725977483104815,0.00025919861722706637,0.03248102655172479
16970,0.184534240963847,0.0008634574584044048,0.014602301577748614
16971,0.09923642935909663,0.015181916416522981,0.08558165422438037
16972,0.17577431717397485,0.002532228705056959,0.0216934541209682
16973,0.1969139550159321,0.0003928076820312202,0.002693237302036686
16974,0.029838502444744473,0.001720158278377342,0.16844133927687818
16975,0.07445403639503637,0.005085031797419764,0.12046093180754387
16976,0.19487676404930593,0.0005211930922493817,0.0046020428584447074
16977,0.1746157048682469,0.010167469691281971,0.015216825440471113
16978,0.11224575720637453,0.030374438801010983,0.057379803992614484
16979,0.19283317144325363,0.003380061590655488,0.003786766966090862
16980,0.19410490510797013,0.0010189221933556232,0.00487617269867424
16981,0.16325867181855092,0.004795575455180527,0.03194575272626855
16982,0.16667578140752576,0.00034073496555331523,0.03298348362692097
16983,0.18154196903531547,0.0013270802364091512,0.01713095072827535
16984,0.0638560118633408,0.00017938341300535087,0.13596460472365385
16985,0.048517525898335516,0.06255074799410318,0.08893172610756131
16986,0.19183630049794004,0.0005652990808913305,0.007598400421168633
16987,0.16768710194639166,0.00046944814861161826,0.0318434499049967
16988,0.12062882167459035,0.003177478859912259,0.07619369946549738
16989,0.042396024774033696,0.0012514024409818888,0.15635257278498443
16990,0.1805530971063828,0.0011981218668631042,0.01824878102675411
16991,0.1964601443154132,0.00015949230806799398,0.003380363376518787
16992,0.004033807241436247,0.0004586754991411725,0.19550751725942256
16993,0.19103196339589593,0.0006695471897043859,0.00829848941439967
16994,0.15855775339050887,0.024481377636496965,0.016960868972994158
16995,0.1917665440019627,0.003890566015558424,0.004342889982478877
16996,0.18945584496921802,0.0005571867141480368,0.009986968316633942
16997,0.19482662898950737,0.0005672281052880547,0.00460614290520455
16998,0.0004515047084622895,5.637832160332927e-05,0.19949211696993438
16999,0.06310994772631381,0.005139043069630559,0.13175100920405564
17000,0.19088386513935374,0.000640202092665845,0.008475932767980445
17001,0.000876833934488433,0.00031057156779111544,0.19881259449772046
17002,0.1908978495450871,0.0006988332115988956,0.00840331724331397
17003,0.1917838365931343,0.0007109308068735628,0.007505232599992131
17004,0.06662441665169595,0.0004775766988053051,0.13289800664949875
17005,0.07883724567179866,0.007553984371352469,0.11360876995684885
17006,0.02685944159976093,0.000969490570343619,0.17217106782989547
17007,0.14185759480246313,0.001707202118410515,0.056435203079126375
17008,0.0013331943321162618,0.00013216765429910026,0.19853463801358465
17009,0.03877158504831353,0.0008496469285148297,0.1603787680231716
17010,0.1755823207793729,0.012808102034457697,0.011609577186169362
17011,0.18927026532092966,0.00020024923380574522,0.01052948544526458
17012,0.0013180810365042135,0.0002010190795749101,0.19848089988392087
17013,0.10716821368338533,0.023902203733689655,0.068929582582925
17014,0.09617853889933134,0.002289092530381866,0.1015323685702868
17015,0.00633535654487406,0.004147993103410543,0.1895166503517154
17016,0.19583801518386418,0.0004196505338122795,0.0037423342823235456
17017,0.1371620485604083,0.0004261184836153847,0.06241183295597631
17018,0.1948256493202189,0.0021024580547004687,0.0030718926250806154
17019,0.03070764122546519,0.012320865432037875,0.15697149334249694
17020,0.19055971478929182,0.000761771219034065,0.008678513991674082
17021,0.19790330406834405,0.001513737789826363,0.0005829581418296018
17022,0.05751058196164495,0.0005460001467330322,0.14194341789162204
17023,0.18948621846098196,0.0011793256853110208,0.009334455853706996
17024,0.1760498516749744,0.0019424771468935908,0.02200767117813203
17025,0.1798100245457323,0.0011875981146258327,0.019002377339641878
17026,0.10968294906827698,0.001120009260199246,0.08919704167152379
17027,0.006457769558792006,0.0006529252837075004,0.1928893051575005
17028,0.19430083199484346,0.0006110114110142124,0.005088156594142327
17029,0.14734169340469744,0.007207586677872926,0.04545071991742961
17030,0.01096670174089121,0.004732104722599224,0.1843011935365096
17031,0.19569620939433965,0.00019042640268993294,0.004113364202970415
17032,0.19129733324691464,0.00027700436601749866,0.008425662387067854
17033,0.00879894424100137,0.004065941894819973,0.18713511386417864
17034,0.013628475005618526,0.0012422725285395502,0.18512925246584194
17035,0.18389065424305492,0.0013620637038652176,0.01474728205307985
17036,0.18965286498455403,0.00033590647316298695,0.010011228542282953
17037,0.18075251141132892,0.0011206520642726404,0.018126836524398428
17038,0.036917847662903944,0.003197664834658497,0.15988448750243756
17039,0.012827243696000513,0.0002285817538183397,0.18694417455018114
17040,0.19526049996125303,0.00018134282424990712,0.004558157214497042
17041,0.18612504476018302,0.00047215538876304474,0.013402799851053943
17042,0.1623579082150562,0.004675294435196688,0.03296679734974712
17043,0.1870157323035282,0.00014687847981123957,0.01283738921666058
17044,0.014903057865929345,0.0014562288648694115,0.18364071326920123
17045,0.0801121734626129,0.010815852774517114,0.10907197376286996
17046,0.09320452822475916,0.002322612583100371,0.10447285919214047
17047,0.10097256247349704,0.004048249268125426,0.09497918825837753
17048,0.1565908332539639,0.0004999595636675705,0.042909207182368556
17049,0.0038504580531568177,0.0029476360679192657,0.19320190587892389
17050,0.0068348965635518745,0.0026811642687359204,0.19048393916771222
17051,0.051242991059301614,0.007260553815787364,0.141496455124911
17052,0.16548412880313465,0.013062843871219962,0.021453027325645392
17053,0.18279741069575706,0.0005938745005675398,0.0166087148036754
17054,0.18496106636054427,0.009105166756514802,0.005933766882940926
17055,0.10671763952231508,0.0007752156800491932,0.09250714479763571
17056,0.18807461147439927,0.001442752705911376,0.010482635819689362
17057,0.001443352552048942,0.00029704193754338223,0.19825960551040767
17058,0.007429354234305021,0.0035445313482518497,0.18902611441744313
17059,0.18693524551815113,0.002277223595435559,0.010787530886413306
17060,0.05988364919247798,0.0010632410324210718,0.13905310977510094
17061,0.10931531134217218,0.006228994451709014,0.08445569420611879
17062,0.15262040532748347,0.011692369436237296,0.035687225236279256
17063,0.009953957801839795,0.0019144765422582023,0.188131565655902
17064,0.16677747286183925,0.016234170135820934,0.01698835700233977
17065,0.18630511201113653,0.005428919699110405,0.008265968289753076
17066,0.19607789785034663,0.0018071194430542188,0.0021149827065991026
17067,0.02225075675999804,0.001621020193901919,0.17612822304610004
17068,0.13807849971267813,0.011914882608188387,0.05000661767913346
17069,0.1906307279031233,0.00108432982389069,0.008284942272986026
17070,0.1522959060645527,0.010438390288256681,0.03726570364719063
17071,0.0037398577095782057,0.004260276342227213,0.19199986594819457
17072,0.18241777995904698,0.011842666081928806,0.005739553959024215
17073,0.18742161240601227,0.0007974007421917076,0.01178098685179599
17074,0.112092328299319,0.00198890353408206,0.08591876816659894
17075,0.02699307271117831,0.0020164703535525664,0.17099045693526913
17076,0.0012727955820162095,0.0003866451833943076,0.19834055923458951
17077,0.024060368343799994,0.007768165372473826,0.1681714662837262
17078,0.1948603123858223,0.0019975243731209175,0.0031421632410567357
17079,0.1657480198238856,0.0003568869364552313,0.03389509323965918
17080,0.16507987564006393,0.0011807024053043173,0.0337394219546317
17081,0.16140279458752563,0.0013333269794081092,0.03726387843306627
17082,0.17753479656645202,0.007287279145362482,0.015177924288185504
17083,0.16542767044210044,0.005358424392095615,0.02921390516580393
17084,0.09509233899127412,0.0008019416633650991,0.10410571934536077
17085,0.1846460055336369,0.0017610711761160852,0.013592923290247059
17086,0.0017150718100904026,0.000463518749353295,0.19782140944055632
17087,0.1343634881522314,0.0020673602676931214,0.06356915158007546
17088,0.14880645045314553,0.005458383690835179,0.04573516585601932
17089,0.07456827521666301,0.0004636541873910886,0.1249680705959459
17090,0.0064653778243528,0.001365758470348367,0.19216886370529881
17091,0.022250957911561533,0.0008275261522999421,0.17692151593613853
17092,0.19721199404863943,0.0001773449121934022,0.002610661039167184
17093,0.05150906269616148,0.02809073208717125,0.12040020521666728
17094,0.006006608268953454,0.0011464302158024377,0.1928469615152441
17095,0.1829330207792371,0.011870284931484011,0.005196694289278889
17096,0.16824794661504386,0.004767491730791604,0.02698456165416454
17097,0.07264058897531063,0.0007371602686310168,0.12662225075605837
17098,0.005457862468445404,0.0007152066948658256,0.19382693083668878
17099,0.19672707493438008,0.001485672420884099,0.0017872526447358012
17100,0.11690517976826273,0.006007343647860093,0.07708747658387717
17101,0.1155442364023908,0.0008309623533387173,0.08362480124427048
17102,0.15803697590475085,0.011075607678158683,0.030887416417090464
17103,0.19563528574890515,0.0025248784285913954,0.0018398358225034557
17104,0.006649014117068521,0.0023128808939096323,0.19103810498902182
17105,0.007264319870743033,0.0006940230036080355,0.19204165712564897
17106,0.013895803779462795,0.011045559697382702,0.1750586365231545
17107,0.1940203287987725,0.0001783272319327022,0.005801343969294781
17108,0.17272923493897047,0.0008980634604954862,0.026372701600534065
17109,0.0010781447444245802,0.0006619423342545787,0.19825991292132086
17110,0.19794437694826067,0.00028859558574805195,0.0017670274659912996
17111,0.11634750345015712,0.0678718109593163,0.015780685590526575
17112,0.18058849922945525,0.011578003706097338,0.00783349706444738
17113,0.16536371785742593,0.013222019403690355,0.021414262738883708
17114,0.07590972991326787,0.00037797697647228414,0.12371229311025982
17115,0.13817965298943702,0.0007569834147975631,0.06106336359576544
17116,0.18302252005926595,0.0009035872219477754,0.01607389271878629
17117,0.05294814127843332,0.005059370783838052,0.14199248793772862
17118,0.16703127626270736,0.0022286440797845107,0.030740079657508107
17119,0.19650933441301707,0.00048528818703944985,0.0030053773999434447
17120,0.19799290506564918,6.220869381411651e-05,0.0019448862405367303
17121,0.19689403540718214,0.0003783865606652217,0.0027275780321525923
17122,0.18508066675302542,0.004527510167627352,0.010391823079347213
17123,0.17904048783503212,0.0162653084340618,0.004694203730906049
17124,0.02386509043120643,0.0023738480310879417,0.1737610615377056
17125,0.1941331462052935,0.0007674457874145773,0.005099408007291903
17126,0.09688905914670864,0.0012774586168957046,0.10183348223639566
17127,0.0005179434168446575,0.00013479652173366174,0.1993472600614217
17128,0.12992779163662233,0.002433699496242887,0.06763850886713477
17129,0.193596268852752,0.0019047133335781108,0.0044990178136699085
17130,0.195575360667482,0.00011103770543392814,0.004313601627084078
17131,0.19388525737527057,0.002391083203330777,0.003723659421398691
17132,0.0499387207100307,0.003331712394226418,0.14672956689574287
17133,0.0033873837152413057,0.0010284132898524148,0.19558420299490628
17134,0.010391276180475934,0.0013555537778749955,0.18825317004164904
17135,0.1543363892552585,0.0009586092579647593,0.04470500148677675
17136,0.0909659870103328,0.01604985349286739,0.0929841594967998
17137,0.14995782824617998,0.0028924484766767447,0.0471497232771433
17138,0.1859012739630808,0.003695474084831213,0.010403251952088022
17139,0.14887276010904077,0.041391467777784186,0.009735772113175068
17140,0.1651516588578415,0.0025091116818136616,0.032339229460344836
17141,0.16271754183406373,0.0008330624184118799,0.03644939574752438
17142,0.0010928930553565576,0.0002911607414817065,0.19861594620316173
17143,0.19763947560229367,0.00035281103897306324,0.002007713358733264
17144,0.16667426818080852,0.011436863349849277,0.02188886846934219
17145,0.1985479211406433,0.0004844067237810677,0.0009676721355756504
17146,0.11792392916803011,0.007206190332249893,0.07486988049971997
17147,0.07018188305961479,0.018480207472389924,0.11133790946799531
17148,0.19567759424533357,0.0002983471993203717,0.004024058555346047
17149,0.060267576825124555,0.005128429338798443,0.134603993836077
17150,0.02574149670734639,0.04123415399720493,0.13302434929544868
17151,0.1334656859633393,0.007850646693725757,0.05868366734293492
17152,0.16410221832996538,0.001886248656929912,0.03401153301310471
17153,0.19726760569871457,0.000681464539599761,0.0020509297616856316
17154,0.18368155780432827,0.002082085854102138,0.014236356341569598
17155,0.020719225217865418,0.0009086523357170712,0.1783721224464175
17156,0.18205966477859234,0.002458553202166658,0.015481782019241
17157,0.19667992547533353,0.001328124890378997,0.0019919496342874674
17158,0.1546980063105005,0.01150181997014573,0.03380017371935374
17159,0.19335287026152198,0.0005766692726065555,0.006070460465871483
17160,0.020737578189237587,0.0005941641144516679,0.17866825769631073
17161,0.1813553973113719,0.0010786857290541875,0.01756591695957387
17162,0.16152383569959772,0.001989906865112404,0.036486257435289896
17163,0.03836092327314416,0.008791545883154403,0.15284753084370145
17164,0.14043812180613796,0.004594147541885493,0.0549677306519766
17165,0.19346601488273468,0.0047205816093922985,0.0018134035078730235
17166,0.18387225225565512,0.001270091631587727,0.014857656112757148
17167,0.19731917616893097,0.00047235379443300236,0.002208470036636001
17168,0.06423322260658906,0.0002632858210844323,0.13550349157232652
17169,0.004098263973781135,0.00023585951373756732,0.1956658765124813
17170,0.179203372678334,0.00025467453461257126,0.02054195278705345
17171,0.18605081768435644,0.007985623422881425,0.005963558892762142
17172,0.17974888385603502,0.0008187294443281085,0.019432386699636886
17173,0.16604247687940593,0.0009604535261991646,0.03299706959439491
17174,0.0018650168858686436,0.0027827405758332154,0.19535224253829814
17175,0.17148630825450745,0.0013075689095617925,0.02720612283593076
17176,0.07720593210998962,0.0021012836930377624,0.12069278419697263
17177,0.14515858186800673,0.006470930462039776,0.04837048766995353
17178,0.189188470098472,0.0057969229493373,0.005014606952190718
17179,0.17855716980429587,0.0011674005201903947,0.020275429675513726
17180,0.19600543835782802,0.001749017517040988,0.002245544125131011
17181,0.15409775263416742,0.0031887680456710943,0.042713479320161486
17182,0.17838408410589215,0.0009375619788416148,0.020678353915266255
17183,0.040359400147096575,0.00040708832802248304,0.15923351152488094
17184,0.18176875698751754,0.0014486808525430081,0.016782562159939427
17185,0.1905300762316229,0.001286712250500124,0.008183211517876973
17186,0.19258476579195744,0.0026050823479126014,0.004810151860129936
17187,0.1816386464984274,0.0008292378900283599,0.017532115611544254
17188,0.1967548608835264,0.00048599963688677724,0.00275913947958683
17189,0.1903022371410333,0.004948858904328464,0.00474890395463819
17190,0.19213065011936276,0.001246511518428714,0.0066228383622085555
17191,0.18686508811517513,0.001636443430851188,0.011498468453973681
17192,0.15613528029618948,0.007463682567944158,0.03640103713586638
17193,0.14996837225858906,0.001951881798856413,0.048079745942554555
17194,0.005534381207521692,0.00022373474169772706,0.19424188405078055
17195,0.054536723149474754,0.003343046747748455,0.1421202301027768
17196,0.19387646591747734,0.0006786775515505347,0.0054448565309721635
17197,0.19422200958653849,0.002850417913641487,0.0029275724998200246
17198,0.04037877861106146,0.0007074568385491713,0.15891376455038936
17199,0.035097940868075835,0.0008390479267083162,0.16406301120521585
17200,0.1574308728355973,0.0004603949297230423,0.04210873223467962
17201,0.19708706166440365,0.000723522008619609,0.002189416326976739
17202,0.050330333138384344,0.0003685101769908615,0.1493011566846248
17203,0.18508737839873893,0.002403286719458578,0.012509334881802503
17204,0.1959382593993593,0.0005415405096768028,0.003520200090963881
17205,0.19727240033728374,0.0003015691888621615,0.002426030473854105
17206,0.03505875658637662,0.0005307584699572866,0.16441048494366609
17207,0.1942355492622167,0.002694926901769544,0.0030695238360137675
17208,0.0010855606208723277,0.0003429765391396272,0.19857146283998803
17209,0.1977238850297331,0.0002529932689436595,0.0020231217013232275
17210,0.17507093502687182,0.0010449070249909892,0.02388415794813719
17211,0.15165824124283975,0.0011314841583412376,0.047210274598819
17212,0.0011099205168863943,0.0005814140174727012,0.1983086654656409
17213,0.1858572989913949,0.0019044226318366765,0.012238278376768436
17214,0.14991013777269402,0.002420373824229746,0.04766948840307624
17215,0.04523651798265785,0.0008215040326261908,0.15394197798471593
17216,0.016696888735877064,0.004159075374201473,0.17914403588992148
17217,0.1976221628621924,0.000302365561360649,0.0020754715764469676
17218,0.19071980986778497,0.0005313530204119502,0.0087488371118031
17219,0.16847821467272542,0.0022060261910910946,0.02931575913618349
17220,0.19402714116408853,0.0008504178815523294,0.005122440954359165
17221,0.19458507882863493,0.0011966129192713267,0.004218308252093692
17222,0.18689213449883707,0.001416616360390752,0.011691249140772174
17223,0.17862961758062604,0.0015424669187933358,0.019827915500580637
17224,0.18809296783113785,0.003094566208945966,0.008812465959916164
17225,0.013643631878550996,0.0005194745241484674,0.18583689359730055
17226,0.01861500121791181,0.003881583385700596,0.17750341539638761
17227,0.15495688987371395,0.001171420136948566,0.04387168998933747
17228,0.18513947485898416,0.0013548566415470457,0.013505668499468765
17229,0.06387377199664075,0.000954633886620067,0.13517159411673918
17230,0.19379261421812616,0.0006972262275579502,0.005510159554315864
17231,0.15533972404766466,0.0009618074800804439,0.04369846847225489
17232,0.15614406459125452,0.00019084817313295936,0.04366508723561252
17233,0.19652489222152084,0.0005427673616662862,0.0029323404168128727
17234,0.19481212938411757,0.0011834253353495555,0.0040044452805328475
17235,0.1976451153574355,0.0012872216994945101,0.0010676629430699772
17236,0.167278014726093,0.003977071995800759,0.02874491327810625
17237,0.023495999410585174,0.001479656419575873,0.17502434416983895
17238,0.11064997932649094,0.0028669238985636887,0.08648309677494538
17239,0.01436391979108174,0.001410962311191246,0.18422511789772703
17240,0.18849890240286143,0.0002844650990212293,0.011216632498117345
17241,0.19214421512586624,0.006142323274151114,0.001713461599982636
17242,0.16671668931804545,0.0019792476377195746,0.031304063044234984
17243,0.023248753166624947,0.00037329543207616385,0.1763779514012989
17244,0.1667519508617849,0.0012738993643074661,0.0319741497739076
17245,0.0008954679859405783,0.0006585441679764321,0.198445987846083
17246,0.006423179587263092,0.0020989364315056767,0.19147788398123122
17247,0.18595783131097193,0.005500073575814758,0.00854209511321336
17248,0.19835994481501068,0.00042702541827129535,0.0012130297667180211
17249,0.18482735843897807,0.0006158417602635231,0.0145567998007584
17250,0.19538020339888024,0.0003466256761562963,0.004273170924963443
17251,0.11571040918261422,0.004839436235968131,0.07945015458141765
17252,0.18285164918905453,0.001452193521746106,0.015696157289199375
17253,0.02892811754061337,0.00011626591000801336,0.1709556165493786
17254,0.01884688808958865,0.0005039076328013999,0.18064920427760994
17255,0.1526296337587308,0.0075025034106117345,0.039867862830657484
17256,0.1445149402986952,0.033657638768693446,0.02182742093261135
17257,0.1543228903123435,0.0010135598029785318,0.04466354988467795
17258,0.19418358832015567,0.0006947468460539708,0.005121664833790382
17259,0.14865998552770227,0.003193466578832279,0.048146547893465466
17260,0.04099587218112519,0.043493083660049364,0.11551104415882545
17261,0.1576615142714643,0.002230829538149548,0.040107656190386164
17262,0.19708317164324518,0.0011194034454229083,0.0017974249113318918
17263,0.1977389593173569,0.0006984553848071488,0.0015625852978359326
17264,0.1746964477270197,0.0012780119076120059,0.024025540365368258
17265,0.00016867441183376035,0.00010912745164588745,0.19972219813652037
17266,0.1528827442166072,0.002089511154634249,0.045027744628758574
17267,0.19390202599580303,0.0002710480629546473,0.005826925941242276
17268,0.14414561222372063,0.0012982394817127305,0.054556148294566634
17269,0.1911655893528897,0.00015215432361444893,0.008682256323495827
17270,0.19624417094747823,0.00011356122662985845,0.0036422678258919254
17271,0.1788563422317344,0.003779710156902538,0.017363947611363045
17272,0.17301599839133147,0.0010931120443907478,0.025890889564277784
17273,0.00213816029476441,0.00046255510912707984,0.1973992845961085
17274,0.19505328159248406,0.000557471856410424,0.004389246551105511
17275,0.003003689253212322,0.004203485178822504,0.19279282556796518
17276,0.14726620412535374,0.0006631559351525337,0.052070639939493735
17277,0.18929808751080474,0.007142491367679095,0.0035594211215161362
17278,0.19707239073931562,0.00044769063471920617,0.0024799186259651974
17279,0.19275438681355403,0.0034335272404337133,0.0038120859460122544
17280,0.0669758787734175,0.002229740995363689,0.1307943802312188
17281,0.1483618045664264,0.0017033881488272937,0.04993480728474632
17282,0.0652502673818203,0.028394613687685533,0.10635511893049417
17283,0.15933067452722055,0.030475192916867105,0.01019413255591236
17284,0.19482573592714364,0.0001573522637561032,0.005016911809100258
17285,0.1919572611257218,0.00041199836075569567,0.007630740513522525
17286,0.15575296135111688,0.0012331100977973728,0.04301392855108571
17287,0.0002944868874296619,0.00014189793829157048,0.19956361517427879
17288,0.1973394226977671,9.586450647205279e-05,0.0025647127957608437
17289,0.19858687722819596,0.0005512013580756595,0.0008619214137283523
17290,0.1925124536192221,0.0010532858724815184,0.0064342605082963605
17291,0.14604000245079105,0.0016381754687672338,0.05232182208044173
17292,0.002580349744661236,0.0003185204580139036,0.19710112979732486
17293,0.18038902752101552,0.0007220299372558928,0.018888942541728553
17294,0.00043198646143426475,5.4198582237553694e-05,0.1995138149563282
17295,0.10770739765040119,0.027114240745259956,0.06517836160433886
17296,0.19176709868677327,0.0007077102181645547,0.007525191095062183
17297,0.1956912696216741,0.0011060097100190514,0.003202720668306819
17298,0.19332053401846389,0.001284148405113763,0.005395317576422304
17299,0.1484386862601318,0.0008965242753780729,0.050664789464490136
17300,0.16336025675969476,0.012950473361547088,0.02368926987875814
17301,0.0008135908030834646,0.0001840657624937174,0.1990023434344228
17302,0.16808241557261053,0.001484450429359174,0.030433133998030305
17303,0.18039401392797766,0.0017712885599066787,0.017834697512115655
17304,0.17816568044552653,0.00602167686525833,0.015812642689215152
17305,0.19548375336503115,0.00033322123479119086,0.004183025400177649
17306,0.13783588222810111,0.00016487490902329893,0.06199924286287557
17307,0.15799404313078075,0.008330978369484616,0.0336749784997346
17308,0.1881937709726982,0.0013837025377005723,0.01042252648960123
17309,0.17967729383541897,0.009475130799780514,0.010847575364800494
17310,0.1510014582296576,0.003209353224166245,0.045789188546176134
17311,0.16271186718470385,0.0011820792061732076,0.036106053609122946
17312,0.19227664009956957,0.0020737699734656658,0.005649589926964788
17313,0.15774544668120577,0.00232243544681886,0.03993211787197536
17314,0.004071218459375639,0.00013772910934309698,0.19579105243128125
17315,0.19711677222808033,0.0005280845931773973,0.0023551431787422667
17316,0.19879572815312796,0.00011835021585114074,0.0010859216310209118
17317,0.18397953744314707,0.0008869866555303505,0.015133475901322574
17318,0.18830114458869435,0.0013595242170645666,0.010339331194241052
17319,0.15480586802962779,0.011493544698507257,0.033700587271864965
17320,0.19724619855181427,0.0011238605371831818,0.0016299409110025267
17321,0.16203049270238704,0.0004431861257567825,0.037526321171856204
17322,0.004983466243354303,0.00045866208008283704,0.19455787167656285
17323,0.019195013039220474,0.00276625438209256,0.178038732578687
17324,0.18969397180084208,0.007776283601638454,0.0025297445975194987
17325,0.0910206909366292,0.004269484654760019,0.10470982440861076
17326,0.013480924081974637,0.04077069420461822,0.14574838171340715
17327,0.10254178877894252,0.004916487901277634,0.09254172331977986
17328,0.011645626078075903,0.12350321245460863,0.06485116146731547
17329,0.19118419938888184,0.000810954887624944,0.008004845723493208
17330,0.023541808200393775,0.0014559998407610451,0.1750021919588452
17331,0.13283360795803248,0.0020293193170478788,0.06513707272491967
17332,0.18974177319077332,0.005186959335002448,0.005071267474224218
17333,0.17011826473983155,0.009686599151751513,0.02019513610841698
17334,0.1429728231601985,0.04913098088463287,0.007896195955168606
17335,0.19250974066222834,0.0005964429506645782,0.006893816387107085
17336,0.18912773885963036,0.0005243999870188231,0.01034786115335085
17337,0.09121491934251486,0.019532537292999776,0.08925254336448535
17338,0.15684364173474435,0.004356495912638902,0.03879986235261673
17339,0.19526790322886217,0.00012151251038096088,0.004610584260756898
17340,0.17431107908466453,0.001271396632550692,0.024417524282784767
17341,0.1981354761228394,6.840297037519876e-05,0.0017961209067854033
17342,0.18146246347836514,0.0030666930117554314,0.015470843509879437
17343,0.013891166309166467,0.0005235046640383102,0.1855853290267952
17344,0.007750221138491588,0.0004905377709126778,0.19175924109059575
17345,0.19809036348488668,0.0006914706485618656,0.0012181658665514307
17346,0.00722294343540991,0.0008028048206520693,0.19197425174393803
17347,0.08636199323733083,0.009287850955675251,0.10435015580699392
17348,0.031452322166136026,0.0018213094214075709,0.16672636841245642
17349,0.17705763809406055,0.0056744176801408796,0.017267944225798564
17350,0.19184325013823825,0.00039597947223332533,0.007760770389528451
17351,0.1616846461833013,0.002589622976009571,0.03572573084068914
17352,0.17823592484320155,0.003961633434596294,0.01780244172220217
17353,0.19466655476108116,0.0009180070145331842,0.004415438224385634
17354,0.0030870657323956922,0.0008906614984939167,0.19602227276911038
17355,0.12222825568211797,0.006493358953909717,0.07127838536397231
17356,0.008624110737576195,0.00026325448418071623,0.19111263477824308
17357,0.1751075452234459,0.0025618017597731782,0.022330653016780905
17358,0.017096963688041734,0.0010423557110426883,0.1818606806009156
17359,0.15893477611424323,0.003829407176689426,0.03723581670906736
17360,0.10142274026034423,0.013917810859107047,0.08465944888054874
17361,0.09426955809182272,0.003788467628311876,0.1019419742798654
17362,0.011346722613957954,0.0008377066869497162,0.18781557069909233
17363,0.18938659712382738,0.004517646529566026,0.006095756346606545
17364,0.18912994184092283,0.002217087300983752,0.00865297085809338
17365,0.1956659758104677,0.0010894987556505868,0.0032445254338817108
17366,0.047923064747292264,0.0020517683501631687,0.15002516690254458
17367,0.10197867770781259,0.0017933402367532694,0.09622798205543413
17368,0.07530391068527462,0.004955854930521388,0.119740234384204
17369,0.19058183197069417,0.003284937985280935,0.0061332300440248705
17370,0.19218372050011123,0.003160756610792496,0.004655522889096273
17371,0.1946097304820254,0.0005190228967428161,0.004871246621231768
17372,0.10108941949367937,0.031546538650860684,0.06736404185545997
17373,0.1304155194365772,0.0010756828291378882,0.06850879773428492
17374,0.19288102690511813,0.0011123672442305305,0.006006605850651349
17375,0.1960322072022801,7.359682204615416e-05,0.0038941959756737137
17376,0.19151339411558763,0.0009570902933003306,0.007529515591112035
17377,0.16334118066410347,0.00322455304913943,0.03343426628675711
17378,0.18671057466693983,0.001176487859961747,0.012112937473098436
17379,0.14634153699831792,0.002553117029209073,0.051105345972473
17380,0.001785254879083723,0.00027161489623927723,0.197943130224677
17381,0.0013103243708645848,0.00013240015531667482,0.19855727547381874
17382,0.009535365538610185,0.019061186408612867,0.17140344805277694
17383,0.1591111272171459,0.00516054855202811,0.035728324230825954
17384,0.15996635817452198,0.0031029995252135904,0.036930642300264424
17385,0.15308553500600441,0.04063492314146864,0.006279541852526961
17386,0.006854772231695538,0.014593959826727962,0.17855126794157652
17387,0.11748089416803757,0.0028863945974303244,0.0796327112345321
17388,0.17435346716240804,0.0008153870352503383,0.024831145802341626
17389,0.18722646141732174,0.0008326718039063857,0.011940866778771873
17390,0.18787042566803472,0.0007302619270804422,0.011399312404884827
17391,0.19493270108764402,0.002537734618667931,0.0025295642936880654
17392,0.01492143141821226,0.007374841826354677,0.17770372675543306
17393,0.18763455372590068,0.00859314782468614,0.0037722984494131606
17394,0.18714586148997162,0.00016713231658087147,0.0126870061934475
17395,0.16175949902134218,0.0033275293233060417,0.034912971655351774
17396,0.08993576079249424,0.00048168473652844665,0.10958255447097731
17397,0.07259405404199325,0.0059376130004839215,0.12146833295752284
17398,0.16817813704142798,0.005294885960541618,0.026526976998030395
17399,0.0433399021945793,0.007744431230735126,0.14891566657468558
17400,0.14724099322816114,0.014790485954369912,0.037968520817468925
17401,0.1927978797316308,0.0009318938023927737,0.00627022646597644
17402,0.18757592791855043,0.0020497060860204318,0.010374365995429138
17403,0.19876228139805033,9.730230913564269e-05,0.0011404162928140252
17404,0.1873824523794039,0.0010034160208196269,0.011614131599776468
17405,0.19798532236398042,0.00026414192319821657,0.0017505357128213578
17406,0.13547833427566336,0.006138052125097005,0.05838361359923967
17407,0.014545928049664456,0.010992531428796049,0.1744615405215395
17408,0.0959561976736086,0.0019044498821206037,0.10213935244427078
17409,0.01563079544828445,0.002560472103804807,0.18180873244791074
17410,0.18884307198168387,0.001993588581887484,0.00916333943642864
17411,0.1945979222768325,0.0022639554221906316,0.0031381223009768686
17412,0.1641009449057113,0.014387520516442532,0.021511534577846148
17413,0.19746809618890965,0.0007773322262034843,0.001754571584886864
17414,0.19848851389402972,0.00045454035443065217,0.0010569457515396366
17415,0.1874726341449678,0.008218908827268835,0.004308457027763343
17416,0.006170456676585114,0.0018823046257575153,0.19194723869765734
17417,0.18600177283680708,0.010513094281500929,0.003485132881691986
17418,0.011778779512449203,0.0001835627948124865,0.1880376576927383
17419,0.08725202055892292,0.008534760872591305,0.10421321856848578
17420,0.18538990846167516,0.0006965039556742416,0.013913587582650605
17421,0.17349236423113681,0.0036745368288009553,0.022833098940062198
17422,0.014326750582124029,0.002714489700988251,0.18295875971688774
17423,0.17909257133003392,0.001421187903586737,0.01948624076637935
17424,0.12934777577549056,0.0017962232493700676,0.06885600097513939
17425,0.19884469172753746,0.00018936977476305427,0.0009659384976994721
17426,0.012560610618174668,0.005409699690806978,0.18202968969101835
17427,0.0018550669717467127,0.0008956468115989969,0.1972492862166543
17428,0.19084955993279112,0.0014156550314958073,0.007734785035713064
17429,0.19775634457988642,5.728245382817128e-05,0.002186372966285435
17430,0.1936185119278079,0.0009526805039123107,0.005428807568279768
17431,0.19316732766412253,0.00018281918882218477,0.006649853147055282
17432,0.18785153853686032,0.005326422455510613,0.006822039007629106
17433,0.1865944042138375,0.001334375368373124,0.012071220417789349
17434,0.14332821978400662,0.0019813053253106595,0.05469047489068274
17435,0.08315151703492298,0.013277439615706313,0.1035710433493707
17436,0.18016469290296938,0.00044669701737172463,0.01938861007965889
17437,0.00041548489184721146,0.0002725255757329621,0.19931198953241983
17438,0.197353502556692,0.0002734443566936516,0.0023730530866143172
17439,0.19506289976458618,0.00039568825535302626,0.004541411980060774
17440,0.19209749103939544,0.0007410417680101761,0.007161467192594359
17441,0.19388024358881145,0.00022671882161812428,0.00589303758957045
17442,0.1881205689490061,0.0018249426082206886,0.010054488442773237
17443,0.15445570212579146,0.00035505741023724704,0.04518924046397127
17444,0.1865412218952108,0.008463629432360592,0.004995148672428582
17445,0.1568286786289571,0.024867997849471014,0.018303323521571897
17446,0.19151730192736222,0.0038225370857153983,0.004660160986922431
17447,0.04600934474116018,0.0035445726924107,0.1504460825664291
17448,0.011917101237876582,0.0018020626224067352,0.1862808361397167
17449,0.1748192419151018,0.0023841922986881426,0.02279656578621008
17450,0.03393865555338963,0.0019119682855177466,0.16414937616109262
17451,0.19405411029872716,0.0004714014235807565,0.005474488277692077
17452,0.18975845627976445,0.003162000458120824,0.0070795432621146865
17453,0.13986913984768395,0.0021047287548642624,0.05802613139745179
17454,0.027006045268999634,0.0076694006416709965,0.1653245540893294
17455,0.19341612811020673,0.0020641190000561015,0.00451975288973719
17456,0.18895707251790997,0.0006705748852352801,0.010372352596854725
17457,0.12707464317573577,0.035983370095471444,0.03694198672879279
17458,0.19491019882051344,0.0007605402125272928,0.004329260966959269
17459,0.17781394724983987,0.0034464519286772207,0.018739600821482898
17460,0.18168504622468212,0.007118273544973569,0.011196680230344352
17461,0.18448581309083265,0.004652353803598218,0.010861833105569138
17462,0.0721808351423504,0.0021668072003361446,0.12565235765731345
17463,0.19598336681160464,0.0003046731774942284,0.0037119600109011544
17464,0.014752589689170523,0.0006686054450422367,0.18457880486578723
17465,0.18319511738109823,0.0010313526413205866,0.015773529977581174
17466,0.19440224890101446,0.000858442420827819,0.004739308678157723
17467,0.1953168078161791,0.00013263301072760674,0.00455055917309328
17468,0.05383736989433915,0.0030130634508649485,0.1431495666547959
17469,0.01850139012469887,0.003382361041556962,0.17811624883374416
17470,0.11482297644307868,0.0023812982803469657,0.08279572527657433
17471,0.016217038333270692,0.005476391514930309,0.17830657015179902
17472,0.08839097784228218,0.0005505310988102188,0.1110584910589076
17473,0.1314920615561959,0.004166705052752228,0.0643412333910519
17474,0.19732588595799633,0.001074139910514448,0.0015999741314892159
17475,0.0040933505953003576,0.00022444980389299763,0.19568219960080663
17476,0.1640877365130215,0.00047861553062937805,0.03543364795634911
17477,0.1835071353188458,0.0010977734483220657,0.015395091232832173
17478,0.15322018331378404,0.005316256898392843,0.04146355978782308
17479,0.09216993627444288,0.03338777135153424,0.07444229237402286
17480,0.0023385206597259503,0.00036230885830918755,0.19729917048196488
17481,0.19080383163424014,0.001026872771566807,0.008169295594193032
17482,0.18761868980041208,0.0004888224935914868,0.011892487705996442
17483,0.031316520206908345,0.003293340695553458,0.1653901390975382
17484,0.009052694381317304,0.005460256708516049,0.18548704891016668
17485,0.14644994394781533,0.0013633634860877662,0.05218669256609691
17486,0.17273147022880644,0.0009862780261479037,0.02628225174504565
17487,0.18529603155254243,0.0011113704229372252,0.013592598024520355
17488,0.00030197786462814267,3.729645700467531e-05,0.19966072567836718
17489,0.17938861035079426,0.0018887027294541801,0.018722686919751562
17490,0.19545035323946414,9.983454031147376e-05,0.004449812220224396
17491,0.1193146243250783,0.0015920250465618576,0.07909335062835982
17492,0.0007183574267613485,0.0017464421707126527,0.19753520040252598
17493,0.08145269076336861,0.0008209950494319819,0.1177263141871994
17494,0.17102102902584063,0.002588925832718087,0.026390045141441287
17495,0.1423976354939232,0.0013862578485773903,0.05621610665749941
17496,0.08109146620871716,0.0009001230356897415,0.1180084107555931
17497,0.09533119583257185,0.00042831231040052156,0.10424049185702763
17498,0.19289249345904041,0.0010533573855365764,0.006054149155422988
17499,0.003872685645787339,0.003212516940632129,0.19291479741358053
17500,0.18567065179065156,0.0011096519509603052,0.013219696258388144
17501,0.12899446405980286,0.0021349614615476424,0.0688705744786495
17502,0.1724426802644343,0.001821269255014807,0.025736050480550922
17503,0.1895719564600215,0.0023230271990175985,0.00810501634096091
17504,0.19535692422594048,0.0003895985026616749,0.004253477271397892
17505,0.1966734528112214,0.0003479453298427265,0.002978601858935851
17506,0.19770110357735018,0.0005392573029095595,0.0017596391197402497
17507,0.04553731004702359,0.0017879533013222058,0.1526747366516542
17508,0.18854220866952393,0.0009518935232337081,0.010505897807242346
17509,0.008234566829441178,0.0014164589719792221,0.1903489741985796
17510,0.18025408118184874,0.007004054407759272,0.012741864410391959
17511,0.17297807050832895,0.005388353861869646,0.021633575629801397
17512,0.17162845651878308,0.011235642161725965,0.017135901319490953
17513,0.19815027356151163,0.00016259789678770893,0.0016871285417006513
17514,0.16665766388845332,0.018170360552117338,0.01517197555942935
17515,0.14924571863972155,0.00270145155538769,0.04805282980489073
17516,0.18967535566062355,0.007130576678255782,0.0031940676611206713
17517,0.1932268719978134,0.0013900802201773745,0.005383047782009204
17518,0.0930297472200588,0.0016060385352809012,0.10536421424466032
17519,0.17419055643999345,0.001113074257722183,0.024696369302284363
17520,0.1748744657527151,0.0021801457861113137,0.022945388461173638
17521,0.024967650720335608,0.003693344735387881,0.1713390045442765
17522,0.09546927146060168,0.0018750573478510447,0.10265567119154728
17523,0.179647615066101,0.011650756911334142,0.008701628022564844
17524,0.10062077490496912,0.0012367286821225476,0.09814249641290836
17525,0.001837216338536942,0.00045096423864082817,0.1977118194228222
17526,0.005278189501636539,0.0010185354076558718,0.1937032750907076
17527,0.17595496970390706,0.0008422196745955966,0.023202810621497327
17528,0.0028843011791133766,0.0001101630931398184,0.1970055357277468
17529,0.1961770567293039,0.002041775032407346,0.0017811682382886998
17530,0.018122208989383264,0.0012554415705844512,0.18062234944003228
17531,0.1830605342819039,0.001030512594982067,0.015908953123114012
17532,0.187896046055332,0.0015531951665478196,0.010550758778120149
17533,0.18171163841585905,0.0010087260846156688,0.01727963549952533
17534,0.001383001712840359,0.0014073897389718577,0.19720960854818775
17535,0.1223217107467166,0.002294747412514002,0.0753835418407694
17536,0.17037783369470189,0.004178046973448564,0.02544411933184957
17537,0.1962823780493151,0.0008030098838082424,0.002914612066876676
17538,0.0013086746656456824,0.00044851903677023045,0.1982428062975841
17539,0.19567641010765183,0.00042530381260763047,0.0038982860797405635
17540,0.0030233873329106506,0.0007354368979334302,0.19624117576915595
17541,0.19283295843000925,0.0012967645694054323,0.00587027700058533
17542,0.12994385267716102,0.047382591418276485,0.02267355590456251
17543,0.17520967518405997,0.011644748081358012,0.013145576734582037
17544,0.1920178461066823,0.004423176336365485,0.0035589775569522196
17545,0.039424283296018596,0.0003140189317124985,0.1602616977722689
17546,0.19373613294148312,0.0005743196529244147,0.0056895474055924985
17547,0.07888826216071443,0.0029906385871105775,0.118121099252175
17548,0.19054683517433355,0.0011591569323631695,0.00829400789330326
17549,0.179038863719544,0.002593621860069871,0.01836751442038613
17550,0.18912962859811294,0.0035716882118098695,0.007298683190077189
17551,0.17800090969136748,0.0017798364852446191,0.020219253823387896
17552,0.04777598897608877,0.000994602285160922,0.1512294087387503
17553,0.1855298317282208,0.0018494596378949087,0.0126207086338843
17554,0.18839656220788864,0.001173262498533546,0.010430175293577839
17555,0.0006600165742851277,0.0004567867070215115,0.19888319671869337
17556,0.19748115979210645,0.000650129445694594,0.0018687107621989754
17557,0.18750628760208804,0.00015871521831899423,0.012334997179592948
17558,0.02874383238133495,0.003306979243478768,0.16794918837518627
17559,0.1804111478464024,0.0025857057537685643,0.017003146399829094
17560,0.14014579363116544,0.005780739165811228,0.05407346720302332
17561,0.17908801977275654,0.006565376103509439,0.014346604123733998
17562,0.005384665749067907,0.00024530542705632273,0.1943700288238758
17563,0.19490579134361677,0.0003877637928505658,0.004706444863532683
17564,0.13787840562487647,0.010253342114212997,0.051868252260910554
17565,0.17997764512427247,0.007665270721152068,0.012357084154575487
17566,0.18832031990203482,0.0004995093812360685,0.011180170716729108
17567,0.009091406129995027,0.0016905808130616487,0.18921801305694333
17568,0.1913731425408637,0.0012003278638169357,0.007426529595319373
17569,0.1350341647231922,0.000979660915715022,0.06398617436109275
17570,0.19339486972981848,0.0017372885410308285,0.004867841729150708
17571,0.18042955457116885,0.0024366959585670105,0.01713374947026413
17572,0.12517389478334,0.0017983587870946504,0.07302774642956536
17573,0.19435599302914577,0.0002946810907437338,0.005349325880110478
17574,0.18947842344863308,0.0009090164537473003,0.009612560097619613
17575,0.16592956567496214,0.008892400648409246,0.02517803367662861
17576,0.16447564031411924,0.022681581699366567,0.01284277798651419
17577,0.1403531083588614,0.008279827040507863,0.05136706460063075
17578,0.028001411652744185,0.0012454689923805111,0.1707531193548753
17579,0.19632780687275941,0.0006342331879973746,0.0030379599392432455
17580,0.19768420582821994,0.0002701000098319417,0.0020456941619481145
17581,0.026684076087836812,0.00057509895618142,0.17274082495598175
17582,0.007339584727532669,0.0007434194396385505,0.19191699583282879
17583,0.0008184070945503931,0.00020748001634668923,0.1989741128891029
17584,0.15689053474871878,0.0011067141226223482,0.04200275112865885
17585,0.17592400941345931,0.0012144868090309137,0.022861503777509753
17586,0.15126572482866585,0.002934172105076648,0.04580010306625752
17587,0.19558683988094458,0.001124576055411239,0.0032885840636441505
17588,0.0024280831423416907,0.0006022466351408769,0.1969696702225174
17589,0.18390601062445086,0.0020383893585601324,0.014055600016988985
17590,0.15578025927130684,0.0057193374589270445,0.03850040326976613
17591,0.004130253138659107,0.0059533162204505,0.1899164306408904
17592,0.19456047866351794,0.00029247191618002143,0.005147049420302032
17593,0.18077946798462954,0.0017425424393799657,0.017477989575990505
17594,0.10877383105961902,0.0011853209347486456,0.0900408480056323
17595,0.13029520763303332,0.004584850669101368,0.06511994169786531
17596,0.18845460021000873,0.003275149562414017,0.008270250227577242
17597,0.030072362468738033,0.0008328123411314953,0.16909482519013047
17598,0.19134177197925878,0.0019190779579729637,0.006739150062768236
17599,0.1903792045628157,0.0006230124666811164,0.008997782970503142
17600,0.17013549004788522,0.004509792293738651,0.02535471765837614
17601,0.18276202124737748,0.001274952692691012,0.015963026059931516
17602,0.12605740150992753,0.014325252874983213,0.05961734561508926
17603,0.03972535370321452,0.009035008902706624,0.15123963739407886
17604,0.18992828371048587,0.0004348799043927781,0.009636836385121389
17605,0.15246757591583862,0.0008073777627381092,0.0467250463214233
17606,0.19765511263889987,0.0010412073813430114,0.0013036799797571327
17607,0.16573820734382308,0.026571427535436683,0.0076903651207402435
17608,0.19311562972297525,0.0013042831751665536,0.005580087101858201
17609,0.1964685165655659,0.0003360826861197725,0.0031954007483142957
17610,0.1958264365194472,0.00016441145153660343,0.004009152029016231
17611,0.19533760280719298,0.0007034376755664124,0.003958959517240579
17612,0.1869171978333736,0.0003742565719118495,0.012708545594714574
17613,0.1720770960198492,0.0025904903077705087,0.025332413672380295
17614,0.0023929210680707575,0.00040511642144279404,0.19720196251048647
17615,0.19716758704453535,0.00020101875957514258,0.0026313941958895594
17616,0.1957849769368954,0.0005582552920683738,0.0036567677710362227
17617,0.19074374752562348,0.00439238784024043,0.004863864634136113
17618,0.18028766984371417,0.005302222323040078,0.01441010783324576
17619,0.1950520120259162,0.00037737151493866494,0.004570616459145143
17620,0.1747512142151692,0.0009177719390597845,0.02433101384577103
17621,0.11788371985774877,0.004555806037773483,0.07756047410447774
17622,0.006117617408381284,0.0012222573300392395,0.19266012526157944
17623,0.002152837178313144,0.0024236131423734744,0.19542354967931336
17624,0.19211730113847597,0.0008331841619637395,0.007049514699560296
17625,0.02597946089382322,0.001289751044069648,0.17273078806210712
17626,0.1798462961576056,0.0007956154338786053,0.01935808840851577
17627,0.05587660234639476,0.0004851216617351283,0.14363827599187012
17628,0.1708157929606372,0.0006509412316720023,0.028533265807690812
17629,0.1296683027449443,0.0037533948317220686,0.06657830242333362
17630,0.18057454879567783,0.0013527422364707125,0.018072708967851462
17631,0.0005036294673735609,0.00013949354042855109,0.19935687699219787
17632,0.19111524434263788,0.002331756398604162,0.006552999258757989
17633,0.10852186983645351,0.005848895155056712,0.08562923500848978
17634,0.19222987430307875,0.002542247179121537,0.005227878517799714
17635,0.16460339431026555,0.0007017478932478775,0.034694857796486546
17636,0.17199304694994083,0.017278888994336817,0.010728064055722322
17637,0.19706089575339364,0.0001962850757790034,0.0027428191708273614
17638,0.17476324932347864,0.0020865310018792385,0.023150219674642116
17639,0.17719000850170025,0.012131428601864327,0.010678562896435477
17640,0.19613803645116495,0.0003741496435521195,0.003487813905282951
17641,0.18168433045833982,0.0023418085115860933,0.015973861030074147
17642,0.011657379252078864,0.000942401674188616,0.18740021907373253
17643,0.10756184817926177,0.062435370575003715,0.030002781245734512
17644,0.1731991518829536,0.001608982725252494,0.025191865391793918
17645,0.1776727793806046,0.00297334758241181,0.019353873036983597
17646,0.17302613748778778,0.0021971611959849956,0.024776701316227213
17647,0.18311971907734076,0.0014389836630645362,0.015441297259594713
17648,0.19739664474267543,0.0003644449704742205,0.0022389102868503627
17649,0.006235665697935054,0.00041982438338745623,0.19334450991867747
17650,0.1978447846669293,0.0007005313913478286,0.0014546839417228382
17651,0.10207375062843575,0.0054024010253024436,0.09252384834626179
17652,0.19246499450251733,0.002920261509889894,0.004614743987592786
17653,0.1969383898867924,0.0012618077102706253,0.0017998024029369964
17654,0.19560677385964287,0.0006779842286582804,0.003715241911698841
17655,0.19114459617307594,0.005338448108022757,0.003516955718901332
17656,0.0919194224237221,0.007503653002844464,0.10057692457343344
17657,0.18757659128767815,0.0021133448270506537,0.010310063885271167
17658,0.15332204368808736,0.0022545071072195234,0.04442344920469314
17659,0.03314423106450458,0.0016791504298612908,0.16517661850563412
17660,0.18918459288344022,0.00044215742532864816,0.010373249691231117
17661,0.17034394848000312,0.0002810633233456581,0.029374988196651214
17662,0.19605837445980656,0.0027690176889646435,0.0011726078512287906
17663,0.19217842354769352,0.0010024814545955467,0.0068190949977109065
17664,0.0074662210045947554,0.0035707180592096945,0.18896306093619555
17665,0.191744375234761,0.0025244461145384005,0.0057311786507005785
17666,0.06367668590228297,0.004631964086102473,0.13169135001161456
17667,0.18660650269247786,0.0014083016936406287,0.011985195613881519
17668,0.19656014507795722,0.0010338857369473636,0.0024059691850954047
17669,0.14543147910889728,0.010793942613368262,0.04377457827773444
17670,0.19099717704940772,0.005118128972807495,0.0038846939777847944
17671,0.12511329197176757,0.0014933600613328173,0.07339334796689961
17672,0.19204286336558246,0.0005724110265484591,0.007384725607869107
17673,0.1495270505718753,0.0033804081366708267,0.04709254129145389
17674,0.09920937472459938,0.0022991732402984273,0.09849145203510219
17675,0.15688780030403254,0.002822696738633443,0.04028950295733401
17676,0.1963244134733155,0.001402329945217557,0.002273256581466932
17677,0.15785354980914262,0.0020279005286098694,0.040118549662247524
17678,0.1941369223669053,0.0005639832676991596,0.005299094365395576
17679,0.11130403478178523,0.001881242510023327,0.08681472270819143
17680,0.1392011113859413,0.002784219363834598,0.05801466925022412
17681,0.16981951156062974,0.0024075350837628262,0.027772953355607432
17682,0.1339207031486695,0.0024627945337470625,0.06361650231758348
17683,0.19318336651014173,0.0004655052790720319,0.0063511282107862315
17684,0.19070154329213246,0.00040757365905692383,0.008890883048810631
17685,0.12658638529883703,0.008054805312606588,0.06535880938855636
17686,0.18709476947847187,0.001435221366713197,0.011470009154814926
17687,0.08413138098158728,0.09828925359431248,0.017579365424100216
17688,0.1611771601208971,0.00046771987165527423,0.038355120007447625
17689,0.19447002496586135,0.002026541285356026,0.0035034337487825943
17690,0.17811865022751405,0.0004992016483068005,0.021382148124179146
17691,0.18872689512123364,0.00262112840868275,0.008651976470083592
17692,0.009058056270864704,0.00968182014210553,0.18126012358702975
17693,0.19391302413964911,0.0006736364736724544,0.005413339386678441
17694,0.19429440504068687,0.002306462231684003,0.003399132727629139
17695,0.19527841696560863,0.0007276729987913065,0.003993910035600053
17696,0.19189547855129752,0.003932906048506163,0.004171615400196315
17697,0.10778874625812869,0.005795324730924393,0.08641592901094693
17698,0.1865855820033046,0.0014160030737699423,0.011998414922925443
17699,0.19202362503293208,0.0015081065144986257,0.006468268452569303
17700,0.17554341346103747,0.0004429397626788547,0.02401364677628364
17701,0.04547093348413669,0.008757697000652705,0.1457713695152106
17702,0.18669725725875835,0.0008715138993410943,0.01243122884190054
17703,0.19412793063658385,0.0005926722498599115,0.005279397113556219
17704,0.1813703472551735,0.0003456000231755672,0.01828405272165094
17705,0.1943806225019045,0.00329376558899502,0.002325611909100504
17706,0.0034648817770446005,0.0002267194645471517,0.19630839875840825
17707,0.08144043812006203,0.0016909990419891109,0.11686856283794884
17708,0.044423217961184105,0.0018625001245429825,0.1537142819142729
17709,0.1849643688928653,0.0008180949571003065,0.014217536150034394
17710,0.145555678848198,0.014111983050731308,0.04033233810107071
17711,0.002079776891668641,0.00034719592341548553,0.19757302718491587
17712,0.19453602960766783,0.0005250262972481317,0.004938944095084051
17713,0.15393832039868688,0.0036764803014104007,0.04238519929990271
17714,0.15366622577060846,0.0003000507927379269,0.04603372343665359
17715,0.19603236272834956,0.0006832951095585878,0.003284342162091878
17716,0.13640125445792406,0.043200499186254196,0.020398246355821742
17717,0.18342903056214374,0.0009188301594626221,0.015652139278393658
17718,0.17935616579279226,0.00026609005811925493,0.020377744149088488
17719,0.15808803610932526,0.001792162723428459,0.04011980116724631
17720,0.1672528265942343,0.002024807475905208,0.03072236592986049
17721,0.03754892342481813,0.0006265271655431844,0.1618245494096387
17722,0.19404065999537934,0.0016083932857829542,0.004350946718837697
17723,0.190599352012853,0.0006060744982054554,0.008794573488941559
17724,0.1936933461834682,0.002105305531102831,0.004201348285428981
17725,0.001693520819999183,0.0010419498477733072,0.19726452933222755
17726,0.1965567961203855,0.0001555252315009672,0.0032876786481135325
17727,0.16581816036249122,0.018266309870886968,0.015915529766621812
17728,0.10513559673845234,0.007306112393369983,0.08755829086817767
17729,0.18677460477638547,0.0058965599277100425,0.007328835295904471
17730,0.14444375395358738,0.01520271489732509,0.04035353114908753
17731,0.0022044787609512696,0.0011366458888257887,0.19665887535022292
17732,0.17727234515374385,0.0006641379925632562,0.02206351685369294
17733,0.1958960330355371,0.0018079997995738791,0.002295967164889021
17734,0.000953719161742967,8.683022070475748e-05,0.1989594506175523
17735,0.12751016905196072,0.002964493035568414,0.06952533791247087
17736,0.1943707706260449,0.0010926312778034586,0.004536598096151661
17737,0.01487807587432193,0.0008646678378831645,0.1842572562877949
17738,0.008150286661121085,0.0004975691541743968,0.1913521441847045
17739,0.004093700844237648,0.00033307767684074766,0.1955732214789216
17740,0.054866401216976,0.03812426879586233,0.10700932998716169
17741,0.08866018076979118,0.005717267894840469,0.10562255133536833
17742,0.19268982971651605,0.000269232401215486,0.007040937882268464
17743,0.18536723510887743,0.00035223194774750753,0.01428053294337504
17744,0.1828348812308261,0.006352550193620854,0.010812568575553053
17745,0.16473482078871676,0.0034058933287192486,0.03185928588256403
17746,0.025748424019725834,0.0007349400580425483,0.17351663592223163
17747,0.013885882994309989,0.001783408624251938,0.18433070838143809
17748,0.1919573689452979,0.0012292668247360495,0.006813364229966023
17749,0.17486140999220232,0.00182153615230741,0.02331705385549025
17750,0.1788629257232765,0.008053798685146068,0.013083275591577445
17751,0.19907670198257488,0.0002648293991965891,0.0006584686182285266
17752,0.19153434288709326,0.0005439105674977646,0.007921746545408991
17753,0.032132581422441554,0.0012575673526924254,0.16660985122486602
17754,0.19658055919865006,0.00016116660097706127,0.0032582742003728683
17755,0.14789452324632474,0.0004548496856069362,0.05165062706806832
17756,0.0014831991085848945,0.0007788511925441665,0.19773794969887093
17757,0.187489259132636,0.00039561165165760736,0.012115129215706413
17758,0.1966418847161994,0.0010306944862605917,0.0023274207975399978
17759,0.08194651284073604,0.006002449490376165,0.11205103766888777
17760,0.03835532307561097,0.0024743443967486915,0.15917033252764035
17761,0.0055861961502233805,0.00947608232452701,0.1849377215252496
17762,0.19300967014998077,0.00036076161001161405,0.006629568240007576
17763,0.13332825507428922,0.0002583542681585618,0.06641339065755222
17764,0.0018093696979393306,0.0010510434098961311,0.19713958689216454
17765,0.004214815923236916,0.0006261508768336874,0.1951590331999294
17766,0.19683399639227098,0.0003679578638102147,0.0027980457439187867
17767,0.12167518925867897,0.01241673355108513,0.0659080771902359
17768,0.19610349009928524,0.0003191913588644152,0.003577318541850343
17769,0.00834968387567573,0.00020678235036982097,0.19144353377395446
17770,0.19315023772957204,0.0011775827042797304,0.00567217956614823
17771,0.19843753090027155,0.0007396999986393995,0.0008227691010890177
17772,0.19182605620984847,0.00034295495189359836,0.007830988838257908
17773,0.16116060378667282,0.023669716622662644,0.0151696795906645
17774,0.18379631261559057,0.0005831017571291072,0.015620585627280359
17775,0.19572762427173557,0.0015408501770905756,0.0027315255511738607
17776,0.08989161051122965,0.01963701726669847,0.09047137222207187
17777,0.19280683522516068,0.0020010878772997167,0.005192076897539641
17778,0.011235668963074746,0.0011324394911033672,0.18763189154582188
17779,0.10463379578816852,0.002498250230072182,0.09286795398175927
17780,0.018843632195970888,0.005447669216933322,0.17570869858709579
17781,0.0032048122321857034,0.0004021091845163377,0.19639307858329796
17782,0.1918171563028973,0.002705289461341523,0.005477554235761178
17783,0.18556038211510836,0.002399774943262573,0.012039842941629048
17784,0.18705665545835365,0.0008299037703827493,0.012113440771263619
17785,0.13156300764224102,0.00930421428861586,0.05913277806914311
17786,0.1895100751287138,0.00035831757158333793,0.010131607299702897
17787,0.19218643776653818,0.0007582478633475984,0.007055314370114205
17788,0.17267757473174794,0.018075865407447704,0.009246559860804358
17789,0.011858248241183403,0.0004918945194652814,0.1876498572393513
17790,0.193802278356804,0.0010524707560315252,0.005145250887164506
17791,0.0017939272024140834,0.0017450307137583596,0.1964610420838276
17792,0.17616737683747058,0.009232997403191641,0.014599625759337787
17793,0.1924297009773545,0.002045274870949589,0.00552502415169589
17794,0.1605726488071863,0.0023055167395474186,0.03712183445326628
17795,0.1737623325697213,0.0017774102804218293,0.024460257149856907
17796,0.19671313295019272,0.0005654026658274328,0.0027214643839798733
17797,0.04476286444130626,0.0016281894251881587,0.15360894613350556
17798,0.1912171277346208,0.0018716023782560278,0.006911269887123141
17799,0.19434155413239323,0.000479760504557283,0.005178685363049501
17800,0.19723030665442537,0.000733974538887955,0.002035718806686724
17801,0.02203929459871941,0.0005625696566048428,0.17739813574467575
17802,0.18233539418267172,0.0021460943669509383,0.015518511450377337
17803,0.10187984929316889,0.003068836673203259,0.09505131403362785
17804,0.17473820365656909,0.0005422425972482968,0.024719553746182607
17805,0.1800508935341119,0.0010731530902521698,0.018875953375635947
17806,0.19121061742839213,0.0006151026312548628,0.00817427994035302
17807,0.1948449452133947,0.0009601341105129989,0.004194920676092317
17808,0.1975764155820687,0.00023720360323187657,0.00218638081469942
17809,0.12401991589827759,0.002745908951460673,0.07323417515026175
17810,0.15164345938247356,0.011853907438961173,0.036502633178565246
17811,0.18678794430212478,0.0043602975533051525,0.008851758144570038
17812,0.1892582301772784,0.007506552756274401,0.003235217066447191
17813,0.19531434275131765,0.002424666159385142,0.0022609910892972137
17814,0.19797184661923214,0.00043707613042211923,0.001591077250345715
17815,0.15692611823274327,0.0009863571531452417,0.04208752461411148
17816,0.07688605027876705,0.000963059259900996,0.12215089046133194
17817,0.10511122252943139,0.002383367118818594,0.09250541035175
17818,0.18911829059447832,0.005224325671326755,0.005657383734194924
17819,0.030424194093999112,0.0017543409464869423,0.16782146495951394
17820,0.19186249968272523,0.002373965434635218,0.0057635348826395255
17821,0.06156179345816598,0.0006460784700345473,0.13779212807179947
17822,0.0029322631693333213,0.0038181473603706995,0.19324958947029597
17823,0.17176364916511394,0.0003991109969806215,0.027837239837905436
17824,0.005626627295936684,0.00038172489202247136,0.19399164781204084
17825,0.18357243570618856,0.002150605819272994,0.014276958474538467
17826,0.14877391659718553,0.0013945641453061224,0.04983151925750835
17827,0.18884733929244837,0.0028702502767481044,0.008282410430803504
17828,0.012784834442382955,0.0007446835565700502,0.18647048200104702
17829,0.11694874327597322,0.014106253626324986,0.06894500309770182
17830,0.012179994034735473,0.0024413753485566076,0.18537863061670792
17831,0.18699799714208196,0.0008829170393183747,0.01211908581859963
17832,0.028667683730799653,0.001864745207753752,0.1694675710614466
17833,0.18806740556992682,0.0007218883006932748,0.011210706129379893
17834,0.1478525726073231,0.002010300550971027,0.05013712684170587
17835,0.003264502194754907,0.0008198503458204714,0.1959156474594246
17836,0.00376891666298177,0.00023547002513138907,0.1959956133118868
17837,0.028767739923531425,0.0015309789061220447,0.16970128117034652
17838,0.19273233438738538,0.0025868910008673704,0.0046807746117472565
17839,0.19212852906142264,0.0005136522654875066,0.007357818673089857
17840,0.1927972211344933,0.00325975088177808,0.003943027983728649
17841,0.11420860900966827,0.014968623486901162,0.07082276750343056
17842,0.1917105474990246,0.0015528835922451211,0.006736568908730261
17843,0.0023318480304927525,0.0006400737021248242,0.19702807826738242
17844,0.1885531953536284,0.002314240904670103,0.009132563741701504
17845,0.19406157644936267,0.0029605557769193025,0.002977867773718025
17846,0.17286424024404334,0.00042017072204234555,0.026715589033914335
17847,0.1656242182943354,0.0011026822733041545,0.03327309943236041
17848,0.028168608943948965,0.0015893101443111603,0.1702420809117399
17849,0.15853436001506654,0.00012207213019632248,0.041343567854737126
17850,0.19607844654974071,0.0011763838739920552,0.0027451695762672245
17851,0.11489642323951524,0.010864946882726375,0.07423862987775841
17852,0.19741568797085526,0.00014042614106696096,0.002443885888077778
17853,0.08953910924934873,0.000209150361469834,0.11025174038918147
17854,0.18874334626490574,0.001443231828426104,0.009813421906668125
17855,0.02119601629572753,0.0004326278176343754,0.17837135588663808
17856,0.10536377554396148,0.0005395616266299083,0.09409666282940861
17857,0.18744195949856884,0.0013310495446922598,0.011226990956738885
17858,0.17454749620160073,0.0022378454251989837,0.023214658373200296
17859,0.18257863151217696,0.0006783572541879473,0.01674301123363508
17860,0.1766891178645279,0.004015800599866857,0.019295081535605243
17861,0.008948213325757475,0.002568118216649257,0.1884836684575933
17862,0.19067322378190737,0.0026271854104554593,0.006699590807637143
17863,0.18754460331245937,0.0007560132036508866,0.011699383483889719
17864,0.1758134528554052,0.002527579681417861,0.021658967463176935
17865,0.04476104347332371,0.0006999919939409189,0.15453896453273538
17866,0.19360178144539725,0.00117444543678932,0.005223773117813415
17867,0.195256950538526,0.00019085673520612904,0.004552192726267871
17868,0.08851633012313256,0.037971443423438264,0.07351222645342917
17869,0.1973965616266697,0.0004151839205001919,0.002188254452830122
17870,0.1397761039196918,0.001486753393976224,0.058737142686331956
17871,0.002192978217766332,0.00046676172240505125,0.1973402600598286
17872,0.17413374451736935,0.007390041661280265,0.01847621382135038
17873,0.1895591000199614,0.0010949682503102378,0.00934593172972839
17874,0.06326567592644249,0.0020886118609041156,0.1346457122126534
17875,0.04232944301400731,0.010154001025416411,0.14751655596057628
17876,0.19718206203408792,9.927563784731068e-05,0.0027186623280647517
17877,0.002293019921501103,0.00026932664020903223,0.1974376534382899
17878,0.051220144626150974,0.002011297296237333,0.14676855807761166
17879,0.19573672745994136,0.0007261047664353319,0.0035371677736232765
17880,0.18178401845206266,0.005466447805546265,0.012749533742391073
17881,0.09401385397910816,0.006575573871693341,0.09941057214919848
17882,0.134469685256922,0.004123074948657347,0.06140723979442064
17883,0.18989037655544258,0.00023235410696919676,0.009877269337588191
17884,0.17954181120092058,0.0008885248908799456,0.019569663908199454
17885,0.02773530902769027,0.0010841297872186463,0.17118056118509106
17886,0.05398970414711777,0.005554380912224415,0.14045591494065784
17887,0.0013826113011220777,0.0001507693969286491,0.19846661930194925
17888,0.19530929694267923,0.00010626669008432759,0.004584436367236414
17889,0.1355276771231656,0.004490762395168202,0.05998156048166621
17890,0.19709100193059587,0.0008487734593148408,0.002060224610089297
17891,0.004146750490819095,0.00040064081767872926,0.1954526086915022
17892,0.1429668831568839,0.0009405312039065229,0.05609258563920958
17893,0.1967731765494943,0.001236249093872466,0.001990574356633198
17894,0.1786894051297337,0.014261214653380715,0.007049380216885566
17895,0.015271460023495772,0.0016916953633291623,0.18303684461317507
17896,0.1877929806770545,0.00010402114229907136,0.012102998180646408
17897,0.19116651258972375,0.0007864379288862574,0.008047049481389967
17898,0.19918518668120108,8.219139202486351e-05,0.0007326219267740617
17899,0.09925624590184445,0.009226426498113628,0.09151732760004191
17900,0.19572010544203855,0.0003913915756807012,0.00388850298228073
17901,0.14356192347937408,0.003235060072636611,0.05320301644798934
17902,0.19577636833983258,0.00028773992936800315,0.003935891730799442
17903,0.19323075547523955,0.004714677605456153,0.0020545669193042676
17904,0.1888191827171445,0.0012023265941434843,0.009978490688712009
17905,0.18840721296194213,0.001576040468189914,0.010016746569867974
17906,0.19474427153565743,0.0014801428981872206,0.0037755855661553346
17907,0.17089368299025723,0.0005275639134652422,0.028578753096277533
17908,0.15610102645859053,0.002972004483783662,0.04092696905762579
17909,0.022976013947925342,0.001033974658220011,0.17599001139385462
17910,0.1954151795571384,0.0009735339254373563,0.003611286517424222
17911,0.11430877530013224,0.010376331493072908,0.07531489320679485
17912,0.08948103288420012,0.00039448805723667717,0.1101244790585632
17913,0.19068127075529154,0.006773073626711497,0.002545655617996975
17914,0.13483949565624165,0.006875311567421269,0.05828519277633709
17915,0.1724734842807574,0.0008203060337257366,0.026706209685516867
17916,0.19335685394318564,0.0009795495749111685,0.005663596481903178
17917,0.0022951860716126224,0.00031538463055005736,0.19738942929783732
17918,0.03146824588851395,0.0004635656021258025,0.16806818850936026
17919,0.18357874352488396,0.0016728170066716386,0.014748439468444433
17920,0.007380778372710924,0.00028661814650097036,0.1923326034807881
17921,0.054172827705775674,0.0005742202284096416,0.1452529520658147
17922,0.13472356369227523,0.05799507225006054,0.0072813640576642105
17923,0.009966361203217701,0.005748971379582492,0.18428466741719982
17924,0.19505874589295452,0.0003850133984817847,0.004556240708563657
17925,0.13874396300757283,0.0007277228732817954,0.0605283141191454
17926,0.0874996069317574,0.0019844958044238745,0.11051589726381872
17927,0.13883099045928046,0.0005293714579326529,0.06063963808278686
17928,0.014605459228558892,0.014039588022086807,0.1713549527493543
17929,0.14101505143892706,0.003630043052006396,0.0553549055090665
17930,0.0017751868617469125,0.0005423550295669322,0.19768245810868615
17931,0.021476621315448304,0.04279621229722241,0.1357271663873293
17932,0.10527993263152602,0.03890736258733435,0.05581270478113962
17933,0.19004078606718322,0.0009321020010353871,0.009027111931781394
17934,0.17973938662202432,0.0034218343837968,0.016838778994178873
17935,0.11874978120393151,0.0008564165285280045,0.08039380226754048
17936,0.1781850854016091,0.00036569225890138165,0.021449222339489538
17937,0.18360927715230507,0.0005013866110203196,0.015889336236674607
17938,0.014642990877311347,0.000638955316548235,0.18471805380614043
17939,0.18075624886441133,0.0006795760378963464,0.018564175097692353
17940,0.18467925772347712,0.010626051654500918,0.004694690622021944
17941,0.03745984534238299,0.03755681397797123,0.12498334067964578
17942,0.19418135932172803,0.0016433156463073796,0.004175325031964571
17943,0.1724150262349891,0.0025346429241397818,0.025050330840871143
17944,0.19660952591907516,0.00015993154481526174,0.0032305425361095798
17945,0.06450399336730735,0.001529642490744778,0.13396636414194787
17946,0.12843192870188572,0.00011814746645707095,0.0714499238316572
17947,0.0018089629928286365,0.0003021846477024762,0.1978888523594689
17948,0.13455557977941687,0.0024565903020058013,0.06298782991857732
17949,0.16456251587483575,0.000892720953254019,0.03454476317191022
17950,0.19510937685538773,0.0002746794020489762,0.004615943742563295
17951,0.18402301220613093,0.00034645487827190903,0.015630532915597174
17952,0.17501941465229948,0.0011504985925604246,0.023830086755140107
17953,0.1368933569089118,0.0029300602971715907,0.06017658279391659
17954,0.06783772938431637,0.002421501990625036,0.1297407686250586
17955,0.19567422149610791,0.0004772948164740433,0.0038484836874180207
17956,0.1533647320320204,0.0002195360570766232,0.04641573191090296
17957,0.17661840496468847,0.00858575239055723,0.014795842644754299
17958,0.007419602991193293,0.0005509573936665479,0.19202943961514019
17959,0.16941340692496398,0.0023715614503477624,0.028215031624688237
17960,0.1325634134875833,0.0005191738256943046,0.06691741268672238
17961,0.12675457536886944,0.0002581635253258266,0.07298726110580474
17962,0.0065752619198757144,0.0012864013025036408,0.19213833677762066
17963,0.19189431559713718,0.0007138479653402542,0.0073918364375225535
17964,0.1057416652636671,0.08078941766291545,0.013468917073417467
17965,0.19608228205497058,0.0004571092848176959,0.0034606086602117065
17966,0.19783654289229885,0.0001305080818965098,0.0020329490258046076
17967,0.18943103142666748,0.00022085173243561014,0.010348116840896895
17968,0.1957695523107166,0.0004940803231057408,0.0037363673661776676
17969,0.1850857365721507,0.0006047206139773302,0.014309542813872003
17970,0.1525031203824894,0.0007520595068698152,0.04674482011064081
17971,0.030011196885788377,0.0031612695613013027,0.16682753355291033
17972,0.15887607959374458,0.03500407706723689,0.006119843339018529
17973,0.18396429630578515,0.002235274125779361,0.013800429568435468
17974,0.19312849442257293,0.002130490662908785,0.004741014914518281
17975,0.0009250206325553654,0.0020708558966615466,0.19700412347078305
17976,0.1710811458247548,0.010105691987869928,0.018813162187375283
17977,0.0038034895463265627,0.0001841019447914142,0.196012408508882
17978,0.11274635218090101,0.0016932200063715362,0.08556042781272742
17979,0.0014527708214866545,0.004690128430601672,0.19385710074791168
17980,0.062296021440728044,0.008709633137316717,0.12899434542195523
17981,0.1058694962319349,0.00830021472407237,0.08583028904399273
17982,0.19813848625613034,9.899122514529819e-05,0.0017625225187243778
17983,0.09166281768441581,0.00854991839017844,0.09978726392540577
17984,0.11755471113835217,0.00712584950945908,0.07531943935218874
17985,0.19432032924423587,0.0005008637731310579,0.005178806982633113
17986,0.024096400742984914,0.01106859135691126,0.1648350079001038
17987,0.1677044575350048,0.006878673942023188,0.025416868522972026
17988,0.1639201668937736,0.00042166933942097636,0.03565816376680541
17989,0.18572841164459175,0.002943876197298112,0.011327712158110122
17990,0.19597081259278837,0.000750949640029879,0.0032782377671817598
17991,0.18947298151273834,0.001658209858712773,0.008868808628548882
17992,0.0074175944542872515,0.00041422664593401945,0.19216817889977872
17993,0.18996768975304393,0.0049551268182819385,0.00507718342867417
17994,0.17738223517866486,0.0009676658260903843,0.02165009899524476
17995,0.03306151024171126,0.0013824549973186937,0.16555603476097006
17996,0.18627517734369073,0.0037107915609208785,0.010014031095388407
17997,0.1289003220969912,0.003843371383806088,0.06725630651920271
17998,0.1611775485047392,0.0012732452699846235,0.03754920622527616
17999,0.19216284239876175,0.0007632510612450131,0.007073906539993226
18000,0.012867952627080431,0.09541525404559867,0.09171679332732088
18001,0.19627975176519183,0.002322725327992647,0.0013975229068155077
18002,0.19578633869494527,0.0008412730605497586,0.003372388244504921
18003,0.00039354070583333617,0.00021237027670232346,0.19939408901746433
18004,0.003047180197792737,0.00012169785165289495,0.19683112195055438
18005,0.11038344138172333,0.045813045199685765,0.0438035134185909
18006,0.1933878369723281,0.0037014769688759283,0.002910686058795956
18007,0.07179580626817815,0.021603918536872886,0.10660027519494897
18008,0.19651611630436835,0.0005090243122264613,0.0029748593834051902
18009,0.0010000779393665603,0.000349958450229272,0.19864996361040416
18010,0.09659641778906283,0.001174618332684111,0.10222896387825306
18011,0.04579420456333553,0.004933527365954745,0.14927226807070973
18012,0.01621774253301076,0.012422853218765174,0.17135940424822407
18013,0.1976629517440619,0.0007523826147248476,0.0015846656412132312
18014,0.17256754767477095,0.002227708066548879,0.02520474425868018
18015,0.1915098177701185,0.0024000204331038203,0.006090161796777671
18016,0.18463104428748395,0.0008577012654489051,0.014511254447067131
18017,0.17124518330129518,0.0036785269614419795,0.025076289737262825
18018,0.05242883498058343,0.000482898582189102,0.14708826643722747
18019,0.07103098485143819,0.01375863494326005,0.11521038020530176
18020,0.1113997039837844,0.00031919446769961734,0.08828110154851597
18021,0.19653767695906332,0.0010823582671360718,0.0023799647738006256
18022,0.0463371023989507,0.0006938909083466884,0.1529690066927026
18023,0.08440738889863512,0.005071581039075752,0.11052103006228911
18024,0.19814383210837677,4.5833726511302845e-05,0.0018103341651119135
18025,0.16373734087292383,0.003795443657811595,0.03246721546926455
18026,0.18921219051430177,0.00019873257029674263,0.010589076915401476
18027,0.18596900189127347,0.0031819897826459165,0.010849008326080621
18028,0.1884358809630329,0.002673292713921755,0.008890826323045362
18029,0.1509681063352969,0.0036467225809159857,0.04538517108378711
18030,0.08243788498324364,0.021782396671416182,0.0957797183453402
18031,0.10033854281927883,0.02293194873144181,0.07672950844927935
18032,0.10926982344572515,0.0034530779055086023,0.08727709864876627
18033,0.07491163840422652,0.002428689883490904,0.1226596717122826
18034,0.005938391019656512,0.0006733531914369767,0.19338825578890653
18035,0.07938177181651167,0.0029753967771457284,0.1176428314063426
18036,0.1840247581394781,0.0017371508174431824,0.01423809104307874
18037,0.19726096237765323,0.001091965086441088,0.0016470725359057168
18038,0.17701856184499457,0.0003175569429088257,0.022663881212096594
18039,0.11156308424744739,0.001354674798339705,0.08708224095421291
18040,0.04499288727345517,0.0016990795958034093,0.15330803313074143
18041,0.19275136983042124,0.0022880738095522007,0.004960556360026574
18042,0.06781460636561829,0.03945178971116016,0.09273360392322157
18043,0.1931156333513669,0.001244985700784767,0.005639380947848324
18044,0.0888333355571596,0.001450488831945788,0.1097161756108946
18045,0.14822511141761996,0.0028670195703434267,0.0489078690120366
18046,0.01704212863165148,0.0007187599595243989,0.18223911140882412
18047,0.024003051501682835,0.0031521118942332824,0.1728448366040839
18048,0.14848087744264474,0.0016188280548884797,0.049900294502466774
18049,0.030049187288040062,0.0016263131508123542,0.16832449956114756
18050,0.17950337337288258,0.00014953160994681628,0.0203470950171706
18051,0.008342887108299439,0.003694656109483562,0.18796245678221699
18052,0.05717641677282524,0.0006234641786105041,0.14220011904856425
18053,0.19554194902317557,0.00025252900454165474,0.004205521972282798
18054,0.1422635441968768,0.006205984754198525,0.051530471048924685
18055,0.0982302415033339,0.0019908727020357076,0.0997788857946304
18056,0.06254568562604211,0.004731161824192189,0.1327231525497657
18057,0.13003075974531844,0.0011220712203404205,0.06884716903434114
18058,0.17539191128802648,0.0033223175963544654,0.0212857711156191
18059,0.07125220976070552,0.001107577059761593,0.1276402131795329
18060,0.13133416015347982,0.003929190996023914,0.06473664885049626
18061,0.18716867291887726,0.002636984888381293,0.010194342192741412
18062,0.18487810393725465,0.0006688974191351913,0.014452998643610165
18063,0.196993224726858,0.0007804801809589281,0.0022262950921830534
18064,0.09567927788854752,0.002255344591516255,0.10206537751993623
18065,0.17852070422210267,0.003156630852798918,0.018322664925098424
18066,0.1779452861316671,0.0008130657800208563,0.02124164808831202
18067,0.004600511318367187,0.0044714242959702465,0.1909280643856626
18068,0.1932348692227122,0.0013675728029394088,0.005397557974348353
18069,0.19113030455537164,0.0019055069396652108,0.006964188504963149
18070,0.036892296801415404,0.0001604011201643701,0.16294730207842023
18071,0.14287293563137748,0.005252670207794616,0.05187439416082788
18072,0.05424122298361515,0.0006502093630961482,0.14510856765328867
18073,0.10750429697989346,0.020073322821268173,0.07242238019883838
18074,0.16229627948154157,0.0057040273699719216,0.03199969314848654
18075,0.09344494786182107,0.008064508384267708,0.09849054375391122
18076,0.12917615464356377,0.00035089979208582613,0.07047294556435041
18077,0.006839432074567738,0.00022147964132861853,0.1929390882841036
18078,0.0012935265903754587,0.0005292038093034008,0.19817726960032114
18079,0.12302813272654431,0.0014145465627665736,0.07555732071068909
18080,0.17659407304145217,0.001963552387131381,0.021442374571416463
18081,0.18650002590340325,0.002422984348248962,0.01107698974834777
18082,0.19821270223360535,0.0004996902640838463,0.0012876075023108458
18083,0.1901359323235845,0.0019109034982637454,0.007953164178151777
18084,0.007881933943126229,0.005176459014912852,0.18694160704196094
18085,0.19552759186124338,0.0013960286339111555,0.003076379504845467
18086,0.19556251063365102,0.002047852662730675,0.0023896367036183057
18087,0.0018622054609508498,7.953575532123171e-05,0.1980582587837279
18088,0.044765661623090515,0.06407342191697812,0.09116091645993137
18089,0.17619549087079853,0.0005760766276334806,0.023228432501568
18090,0.01586171945175323,0.0008751019196801385,0.18326317862856664
18091,0.1962307709959284,0.0007915714656756272,0.002977657538395957
18092,0.13246577116589156,0.009010589279292592,0.058523639554815876
18093,0.1912323656807278,0.0026271682334358245,0.006140466085836352
18094,0.012853230005229272,0.0024962926931463817,0.18465047730162437
18095,0.19784768889113255,0.00015638111651465554,0.001995929992352802
18096,0.033713559625799035,0.009485190545452549,0.15680124982874843
18097,0.14890469698992168,0.02183581415036268,0.02925948885971564
18098,0.13775268975072014,0.008103083910573827,0.054144226338706025
18099,0.19853434323525715,0.00011365299251711617,0.0013520037722257734
18100,0.16441426535980458,0.011471669879480659,0.02411406476071476
18101,0.16769758398930132,0.004851765479425553,0.027450650531273123
18102,0.19364096978164153,0.0003842585711867221,0.005974771647171746
18103,0.19355570309043854,0.0007049772745544568,0.005739319635006982
18104,0.1786039665146562,0.006985754719422468,0.014410278765921342
18105,0.19668624100164867,0.0003791016395524857,0.0029346573587988494
18106,0.1827591913679534,0.014304271726496658,0.0029365369055499523
18107,0.192266101828292,0.0003840113188041879,0.007349886852903801
18108,0.17234991830627872,0.0008603289114553116,0.02678975278226594
18109,0.0811404921179315,0.0032166323078581817,0.1156428755742103
18110,0.0007453018612932282,0.00018407778202227397,0.1990706203566845
18111,0.14838067683520734,0.0031880653689555028,0.04843125779583718
18112,0.00040273170348153103,4.884417642374931e-05,0.19954842412009474
18113,0.0009595316661443976,0.00022092514697658164,0.19881954318687903
18114,0.19132223333632023,0.0024142253913044644,0.006263541272375316
18115,0.04650890682991589,0.001830789547454173,0.15166030362262992
18116,0.043700606524452304,0.0003819939983611873,0.1559173994771865
18117,0.18816694146670715,0.004004738993279036,0.007828319540013812
18118,0.14029321074813905,0.001075750951796586,0.058631038300064366
18119,0.19331704217835305,0.00011110189858165416,0.006571855923065269
18120,0.1837646431062025,0.0013447612729452672,0.014890595620852255
18121,0.19672531159717493,0.00012246317323568422,0.003152225229589415
18122,0.17616335771151015,0.0008491079287354733,0.02298753435975439
18123,0.12202573209396246,0.0021393615408954194,0.07583490636514212
18124,0.07728401597401881,0.010599915272326236,0.11211606875365494
18125,0.054492204615432714,0.003509453958681711,0.14199834142588558
18126,0.18538376902908632,0.003902574030470883,0.010713656940442778
18127,0.18727893223445854,0.0006782702176989098,0.012042797547842533
18128,0.19244107226751872,0.001103778078223715,0.006455149654257572
18129,0.08792177841963632,0.007507296524016915,0.10457092505634676
18130,0.10669151328072357,0.003763983867438794,0.08954450285183764
18131,0.013962457818544355,0.0022296092879016886,0.18380793289355393
18132,0.04348851662805119,0.0023107481082491753,0.15420073526369965
18133,0.19436597651841045,0.0005132724102317553,0.005120751071357761
18134,0.19014569557076552,0.0003835736590701888,0.00947073077016425
18135,0.11950722581555437,0.009316474493688404,0.0711762996907572
18136,0.1810872802471318,0.001297651664084978,0.017615068088783218
18137,0.19348937361826785,0.0005678418287698996,0.005942784552962262
18138,0.1794969527347376,0.00047008924071540446,0.020032958024546993
18139,0.027055180050164433,0.01220156686714981,0.16074325308268575
18140,0.19779648715234438,0.00036302278693314767,0.0018404900607224596
18141,0.0001748845101639181,4.570212380107338e-05,0.19977941336603502
18142,0.0350662070596128,0.00027698024164198704,0.16465681269874521
18143,0.17076881389044782,0.0008130080226211731,0.028418178086931034
18144,0.008799870718002863,0.0024492429410272435,0.1887508863409699
18145,0.012126257604973812,0.0007117815447703374,0.18716196085025583
18146,0.18354097195358163,0.0017161452661169669,0.014742882780301387
18147,0.12932611376300873,0.0013029719809334688,0.0693709142560578
18148,0.129614751930569,0.0008294783365252831,0.06955576973290568
18149,0.19249705494288538,0.00034119661593995273,0.007161748441174652
18150,0.01659278614070344,0.000615293378483172,0.18279192048081339
18151,0.1860608626500398,0.010485054552314556,0.0034540827976456503
18152,0.19076426244043926,0.00020499634521365008,0.009030741214347108
18153,0.0006053995436389458,8.948213108598374e-05,0.19930511832527506
18154,0.07641381716830455,0.046089763814515836,0.07749641901717962
18155,0.1907840785125365,0.000581869024138673,0.008634052463324831
18156,0.0005049859488315439,0.0003501064921011546,0.1991449075590673
18157,0.1959159019145889,0.0004148076051005864,0.0036692904803104693
18158,0.07330719402778349,0.0242026257025187,0.1024901802696978
18159,0.19747477635887928,0.00010515041412503143,0.002420073226995699
18160,0.18767338832877772,0.0019615882837760107,0.010365023387446246
18161,0.19241277062268974,0.0006858145317371726,0.0069014148455730645
18162,0.002601213842796573,0.0017932597693557702,0.19560552638784762
18163,0.00942563311622761,0.021668067346615513,0.16890629953715688
18164,0.19285534335703733,0.00017916238398212045,0.006965494258980541
18165,0.1972603136548002,0.0002941889116973829,0.0024454974335024276
18166,0.1474616320985414,0.010038424750460876,0.0424999431509977
18167,0.0022989186417865415,0.00048549042556030275,0.19721559093265317
18168,0.007697774502258228,0.002250090163609409,0.19005213533413237
18169,0.1903594684763974,0.003354585306933052,0.006285946216669537
18170,0.006120155254107656,0.0010348197002335593,0.19284502504565879
18171,0.01351595739859415,0.0022778198137360555,0.1842062227876698
18172,0.19544008513585728,0.00033254466301932455,0.004227370201123406
18173,0.1572392604713261,0.032304984714265635,0.01045575481440825
18174,0.18134347839066012,0.001316189391980164,0.017340332217359734
18175,0.19010993320910313,0.00042898913489642103,0.009461077656000457
18176,0.18238813410181368,0.0013115543732648727,0.016300311524921434
18177,0.02124119514312429,0.002188827430282527,0.17656997742659317
18178,0.0253777082722969,0.0005037191377336729,0.17411857258996943
18179,0.12042828248685715,0.00867644305192942,0.07089527446121341
18180,0.19329127044904487,0.0007435202684008755,0.005965209282554274
18181,0.11596666304857325,0.07551261143321221,0.00852072551821453
18182,0.17095439537943452,0.0036701117017307596,0.025375492918834723
18183,0.11256052167613854,0.01550280110201135,0.07193667722185011
18184,0.1930122501511336,0.0036554266958810804,0.003332323152985337
18185,0.15522849692003288,0.0005500404429958743,0.04422146263697127
18186,0.15620416059729986,0.0018891189069298014,0.04190672049577033
18187,0.17999368320134274,0.0005945513655402762,0.019411765433116977
18188,0.174847027706702,0.01379445945742524,0.011358512835872761
18189,0.1343626600308158,0.0011465847822744115,0.06449075518690982
18190,0.19540753098761673,0.0005357909502253979,0.0040566780621578485
18191,0.18958612707342185,0.0008581690479276821,0.009555703878650476
18192,0.11866734086771744,0.0029611450912227044,0.07837151404105987
18193,0.19755329628058804,0.0003263939833971317,0.0021203097360148098
18194,0.18136979170914552,0.008672257841549121,0.009957950449305353
18195,0.002635160897233344,0.0003329774102520181,0.19703186169251466
18196,0.07534450772804828,0.001555928313789794,0.12309956395816193
18197,0.18978098698539803,0.002660162880985175,0.007558850133616793
18198,0.19478940489397029,0.0005244450160936342,0.004686150089936071
18199,0.18489382365360907,0.0014468318874641408,0.01365934445892678
18200,0.148796829564079,0.00567336257762391,0.04552980785829712
18201,0.11754532097313308,0.0035106403027528573,0.0789440387241141
18202,0.1933991395385925,0.0015571323870989411,0.005043728074308574
18203,0.19462955678639066,0.0010199136528602358,0.0043505295607491196
18204,0.1422101099322098,0.001218946584440822,0.05657094348334939
18205,0.16841352263350035,0.008656289834446588,0.02293018753205309
18206,0.10093170001384408,0.0025876999839041705,0.09648060000225175
18207,0.0030406381975100942,0.0002735122362964157,0.19668584956619348
18208,0.19248814907082715,0.002300645897021996,0.00521120503215086
18209,0.0009957975629867988,0.00017078175776194805,0.19883342067925125
18210,0.1933494644571461,0.0004817065483444971,0.006168828994509426
18211,0.19387404553380527,0.000813580362465113,0.005312374103729612
18212,0.09247425855604445,0.012329683320757099,0.09519605812319845
18213,0.195792146966851,0.0017341012652415174,0.0024737517679074847
18214,0.18932560814608074,0.005599293583738144,0.005075098270181106
18215,0.13158113017677603,0.0018682601482537253,0.06655060967497026
18216,0.18753157144509663,0.003912689672149297,0.00855573888275411
18217,0.12726196678287413,0.025921265217382444,0.04681676799974341
18218,0.18870027179732823,0.0007496283447497609,0.010550099857922022
18219,0.03453375383907141,0.003964758631213481,0.1615014875297151
18220,0.1856864546790157,0.0014293842075006626,0.012884161113483644
18221,0.19649992637689218,0.0005824356183167137,0.002917638004791136
18222,0.1868874482195577,0.0014049423802463084,0.011707609400196009
18223,0.037877625583630954,0.0011971010678733397,0.1609252733484957
18224,0.17892980931792973,0.0019612026541516382,0.019108988027918637
18225,0.19718592586524744,0.0005669011709753638,0.0022471729637771926
18226,0.18505627383398474,0.0018683740678225673,0.013075352098192675
18227,0.1552524795076745,0.002339748651174094,0.04240777184115139
18228,0.18422340186480474,0.0021172193241082793,0.013659378811087008
18229,0.1836846351823801,0.00089492091264902,0.015420443904970892
18230,0.1635523727590972,0.0005235037894163544,0.03592412345148646
18231,0.19602693523406658,0.0006476244450869285,0.0033254403208465228
18232,0.18129156131149896,0.007527334293025524,0.011181104395475542
18233,0.003265126621906455,0.001084405950073899,0.19565046742801964
18234,0.06376029260521518,0.005702779039407814,0.130536928355377
18235,0.1924241613299575,0.0028682953927421074,0.0047075432773003925
18236,0.17099038513873444,0.0017723327649367738,0.027237282096328797
18237,0.15876339793567634,0.017482017385756634,0.023754584678567024
18238,0.19480369819851878,0.0006260883278080235,0.0045702134736732266
18239,0.17778122918149603,0.003894016621561837,0.018324754196942097
18240,0.1467318220333238,0.0006576869098092907,0.05261049105686692
18241,0.19131056989586662,0.0027734852773031644,0.005915944826830209
18242,0.18504260144762052,0.0010449932086665486,0.013912405343712898
18243,0.1759094487250302,0.007977332089200203,0.016113219185769613
18244,0.19304622673737404,0.0004546900064219581,0.0064990832562040355
18245,0.18370112970958857,0.0035887594127362345,0.01271011087767518
18246,0.19123268159412773,0.0019450954106898215,0.006822222995182395
18247,0.0025195029946789367,0.0004888034141961728,0.19699169359112492
18248,0.19599476794719722,0.000626351237511726,0.0033788808152910854
18249,0.19158610568478548,0.006837754380808955,0.001576139934405545
18250,0.1964745776768438,0.0004871814684865395,0.0030382408546696686
18251,0.0005336246957312793,5.046486789173344e-05,0.199415910436377
18252,0.19626605299257938,0.001416625577786838,0.0023173214296337537
18253,0.03187983955223465,0.0009257750242646414,0.16719438542350074
18254,0.06761944012583976,0.0027419664904973933,0.12963859338366285
18255,0.14461047873768484,0.017190273589241713,0.038199247673073436
18256,0.07252385801815665,0.002816292056685726,0.12465984992515762
18257,0.19277079199994812,0.0006489764030574521,0.006580231596994427
18258,0.13624288544894264,0.009826930282091514,0.05393018426896584
18259,0.1747527980224259,0.005592612863000052,0.019654589114574034
18260,0.012083232953600358,0.0004447081376223575,0.18747205890877727
18261,0.193899769900371,0.0008601627654384306,0.00524006733419056
18262,0.12974246748395674,0.010455889280605592,0.05980164323543765
18263,0.09900675721961062,0.0797868360555701,0.021206406724819285
18264,0.1846883425801193,0.003112260151826959,0.012199397268053715
18265,0.004039338479965598,0.002808431734393537,0.19315222978564084
18266,0.17770086072269298,0.0007080947558123229,0.021591044521494726
18267,0.18626275972730025,0.0039294671180505085,0.009807773154649226
18268,0.18413962977453918,0.000216184910009353,0.015644185315451455
18269,0.18597652473143161,0.0013712027093019728,0.012652272559266441
18270,0.1928156235860123,0.0008898287131278781,0.006294547700859805
18271,0.18646833969149096,0.0012292964173577043,0.012302363891151347
18272,0.16349040162712147,0.004673333886119206,0.031836264486759316
18273,0.18907993698542402,0.0005533632310993416,0.0103666997834766
18274,0.1637903036391189,0.0019462746764753965,0.03426342168440571
18275,0.1602101658253789,0.002711295921341027,0.03707853825328007
18276,0.02906952686694027,0.0020589722697433874,0.16887150086331632
18277,0.1984705054004228,0.000912764765600301,0.0006167298339768693
18278,0.12936265939258093,0.000953254624897246,0.06968408598252182
18279,0.18761946717390218,0.004466838637347656,0.007913694188750157
18280,0.055239461305520786,0.001446081122577205,0.14331445757190203
18281,0.0025376086459358484,0.0008177683532918105,0.19664462300077232
18282,0.16434944303794427,0.0035828598289128306,0.03206769713314291
18283,0.1479105098558495,0.001594017155873917,0.05049547298827657
18284,0.12219808966592478,0.013373018794026376,0.06442889154004885
18285,0.12430073788942016,0.019060491180727536,0.056638770929852325
18286,0.19220304465656296,0.0004713945826839643,0.007325560760753104
18287,0.18413610021945426,0.0009263175607547624,0.014937582219790996
18288,0.15891315635755163,0.0008603404590823562,0.04022650318336601
18289,0.08216433852500152,0.0016279486734415895,0.11620771280155688
18290,0.1828797897374072,0.0014989119543882719,0.015621298308204514
18291,0.18821408280966712,0.0005157996926634451,0.011270117497669391
18292,0.19300602080688548,0.0007090809524360121,0.006284898240678535
18293,0.183926454852611,0.0010232385066206524,0.015050306640768382
18294,0.19678201499135034,0.0001902439923771593,0.003027741016272504
18295,0.19654692748032862,0.001334502124622086,0.0021185703950492877
18296,0.08192922751918291,0.0029591799952122327,0.11511159248560487
18297,0.1766120917413978,0.0025495656999222705,0.020838342558679918
18298,0.18977767063640033,0.0035840537604191537,0.0066382756031804855
18299,0.18526699854126327,0.0015179083927801564,0.01321509306595658
18300,0.026897313234159392,0.0030531509944651293,0.17004953577137547
18301,0.19565962801561507,0.00017319318670823907,0.004167178797676689
18302,0.19581448235260393,0.0007266033305325969,0.0034589143168634413
18303,0.1916890552737699,0.00043649237107581967,0.007874452355154308
18304,0.1168031579996713,0.017296669470370892,0.06590017252995783
18305,0.17352212165215045,0.014647980726688634,0.011829897621160945
18306,0.19554874622916923,0.00155938798791239,0.0028918657829183686
18307,0.188352405969612,0.0011907741768995303,0.010456819853488456
18308,0.1112669889093928,0.00233847454561176,0.08639453654499543
18309,0.18014180380981076,0.001038259252127108,0.018819936938062116
18310,0.19065404819803075,0.0011860661728331303,0.00815988562913613
18311,0.19483415369340817,0.0004512586776190985,0.0047145876289727265
18312,0.0005115944798334875,0.00013217218033818718,0.19935623333982835
18313,0.16608590298449827,0.002831474762633543,0.031082622252868185
18314,0.11073358186260251,0.000554804545857918,0.08871161359153959
18315,0.1691728570431944,0.014322796220340503,0.01650434673646514
18316,0.19705719868281638,0.0002995518486028539,0.0026432494685807812
18317,0.009295780988785123,0.00044068689935751454,0.19026353211185737
18318,0.18375475908904862,0.000624102742745835,0.015621138168205557
18319,0.18684977758655216,0.0006976334038569345,0.012452589009590908
18320,0.14011739055524183,0.0021557522415565225,0.05772685720320163
18321,0.1905513145044741,0.001071709680126377,0.008376975815399545
18322,0.19473185812058724,0.0011119375488286753,0.004156204330584071
18323,0.10840815326256789,0.028633054875804042,0.06295879186162807
18324,0.17871289132805085,0.0008719706538828906,0.020415138018066256
18325,0.003889165720279019,0.00037864061102002133,0.19573219366870093
18326,0.19574024189484637,0.0012851961555477372,0.002974561949605889
18327,0.1861160679776232,0.0017105806860619535,0.012173351336314862
18328,0.19221804364783573,0.004568061299285513,0.00321389505287874
18329,0.17509648764900504,0.0004198623820505431,0.024483649968944397
18330,0.12011701858221002,0.00011275289129484984,0.07977022852649514
18331,0.18215521944836027,0.013039188396946885,0.004805592154692862
18332,0.19169662153979614,0.002961806762815494,0.005341571697388377
18333,0.1908542993326229,0.0015973777366009752,0.007548322930776122
18334,0.18656958360349502,0.004686894141280691,0.008743522255224265
18335,0.17915023530641377,0.004572297732335874,0.016277466961250358
18336,0.18804438384212258,0.0007103442994849632,0.011245271858392443
18337,0.18906896765840686,0.0010337401824108655,0.009897292159182254
18338,0.004258090362920642,0.001992403929494857,0.19374950570758448
18339,0.1580721447236971,0.007017979496497117,0.03490987577980575
18340,0.19226325737243583,0.0006523242456272219,0.007084418381936958
18341,0.1511591675105617,0.003455413543712755,0.045385418945725564
18342,0.06061649526350608,0.002808587058603585,0.13657491767789035
18343,0.01462905068315645,0.023828216432856982,0.1615427328839866
18344,0.17718647217327965,0.011382262417617651,0.01143126540910268
18345,0.12311802739520354,0.0028806986505880935,0.07400127395420834
18346,0.1910339377663031,0.0006251141395377223,0.00834094809415917
18347,0.02535393486036181,0.0008170289651101513,0.17382903617452805
18348,0.05679756003381807,0.0026437754340503583,0.14055866453213156
18349,0.1454138853302179,0.0041365910410242675,0.0504495236287578
18350,0.17375281596629624,0.00460762704325979,0.021639556990443953
18351,0.1974044619641407,0.00026087300689732945,0.0023346650289619675
18352,0.12564338116912568,0.005226889130774374,0.06912972970009994
18353,0.17136550669240963,0.00028819998807132175,0.028346293319519062
18354,0.02481770785648745,0.007680985967273445,0.16750130617623912
18355,0.17838123041067322,0.002429516372057578,0.019189253217269202
18356,0.1890861172192237,0.000410593862486953,0.010503288918289395
18357,0.03617714339729873,0.0494442593031098,0.11437859729959148
18358,0.011992019427655374,0.0010327263072390166,0.1869752542651056
18359,0.006557331287453706,0.0027073958863587278,0.19073527282618757
18360,0.1963683607781275,0.0014268474562865738,0.002204791765585926
18361,0.1891481262815379,0.0013492566535395734,0.009502617064922485
18362,0.0009570123623178431,0.00045500113048451817,0.19858798650719764
18363,0.0046397778240230055,0.01111345934580337,0.1842467628301736
18364,0.11943708883091567,0.014526151275294066,0.06603675989379025
18365,0.1935132802284115,0.001524781972208468,0.0049619377993800114
18366,0.1928238394836953,0.004533957841721862,0.00264220267458284
18367,0.055576020457900645,0.06446881083279281,0.07995516870930656
18368,0.04730256125244417,0.0020265264995701473,0.15067091224798568
18369,0.022151981542602048,0.0018068936007677474,0.1760411248566302
18370,0.19739697605048542,0.0001421257471545927,0.0024608982023600046
18371,0.0035490948165862145,0.0005328389621978893,0.1959180662212159
18372,0.014041274936684186,0.028512709625392502,0.1574460154379233
18373,0.17760871877624362,0.0019346159967794044,0.020456665226976974
18374,0.19682707757315387,0.0004123775496097116,0.0027605448772364243
18375,0.10218712756255863,0.001524858346217976,0.09628801409122342
18376,0.18672565324423948,0.00031174326609790224,0.012962603489662609
18377,0.16345730277239354,0.013450544523713404,0.02309215270389305
18378,0.1505337751587878,0.0017982068538813238,0.047668017987330884
18379,0.1787403230507037,0.0010020558259614593,0.020257621123334853
18380,0.19517242604937493,0.0003619993986593649,0.004465574551965732
18381,0.04716495412058443,0.0007787530576012609,0.15205629282181427
18382,0.154558763498082,0.0062107554579602705,0.03923048104395775
18383,0.1912913236120491,0.002051181666522771,0.0066574947214281715
18384,0.16589180608414178,0.0015803621900845628,0.032527831725773663
18385,0.07729346586507486,0.006023788501909915,0.11668274563301524
18386,0.06680724015507099,0.0011756572532964744,0.13201710259163252
18387,0.1344923006617931,0.01721587433902218,0.048291824999184746
18388,0.10212698872010277,0.016565189413012788,0.08130782186688443
18389,0.19379703378148283,0.0005809695906093308,0.005621996627907854
18390,0.1898897531972664,0.0003558802908168378,0.009754366511916742
18391,0.15660001228390438,0.003117857158006652,0.040282130558088936
18392,0.13862171160375442,0.0021135697601611107,0.05926471863608446
18393,0.14490611698575218,0.0048569994311383514,0.05023688358310947
18394,0.17891236519635545,0.00042724589472899123,0.020660388908915587
18395,0.18966196379910885,0.0025208942373733372,0.0078171419635178
18396,0.09206492961152776,0.0005785385277258406,0.10735653186074641
18397,0.19805949817854357,0.0004109451812864937,0.0015295566401699484
18398,0.006598710572114945,0.00047793790326929606,0.19292335152461576
18399,0.19661986606319456,0.0003159799757607927,0.0030641539610446224
18400,0.17698767867137663,0.0008736815769473265,0.022138639751676032
18401,0.12529262348948567,0.004385364357196682,0.07032201215331764
18402,0.19076326658871395,0.00045437050887045646,0.008782362902415556
18403,0.19672141223805145,0.00043949420761457404,0.0028390935543340075
18404,0.13759961329721465,0.0014294789426220144,0.06097090776016334
18405,0.001390483974668581,0.0005704880321136675,0.19803902799321776
18406,0.0008368788875326612,0.00010813608420597841,0.19905498502826138
18407,0.18387010208485907,0.000535084555856422,0.015594813359284521
18408,0.19847457838715618,6.5646938841559e-05,0.0014597746740022373
18409,0.0005662182361562216,6.0996325342527085e-05,0.19937278543850123
18410,0.14912722214847232,0.004056882086025472,0.0468158957655022
18411,0.0053027439724692895,0.000869277660859253,0.19382797836667148
18412,0.0016511492384991497,0.0001629051910383534,0.1981859455704625
18413,0.18214067997929612,0.0012063907987835457,0.016652929221920354
18414,0.176701031118291,0.0034813447270283155,0.019817624154680684
18415,0.1642684437492813,0.009157201460100201,0.026574354790618517
18416,0.12213474088500578,0.00297016171138859,0.07489509740360561
18417,0.14735630138531997,0.03488173556635395,0.017761963048326057
18418,0.09763375201025276,0.0012814101222157468,0.10108483786753149
18419,0.004051027722619508,0.005725170492961966,0.1902238017844185
18420,0.0025787675023037485,0.00042398205201448684,0.19699725044568178
18421,0.16316537317460184,0.0026985875401729005,0.03413603928522529
18422,0.16501885572197675,0.002586643949361937,0.0323945003286613
18423,0.19647908891876012,0.0013414147822897555,0.0021794962989501597
18424,0.18508991209741227,0.0005907387053194609,0.014319349197268285
18425,0.19759078128816326,0.0001557698274971136,0.0022534488843396036
18426,0.17746885299310539,0.0033020169625618268,0.019229130044332774
18427,0.0010739266149451603,0.00018306699979387295,0.19874300638526096
18428,0.18657090106519472,0.00249689130877999,0.01093220762602527
18429,0.10652281514740602,0.0012458805550214296,0.09223130429757254
18430,0.09449615209693342,0.010178235957449978,0.09532561194561659
18431,0.1757022975303691,0.0006960530779033967,0.02360164939172752
18432,0.1523199265977366,0.00250187674264419,0.04517819665961921
18433,0.0442900873877311,0.0007321463037073049,0.15497776630856158
18434,0.1925821916212381,0.0008811142331053036,0.006536694145656596
18435,0.1384833352722991,0.0011484717453625534,0.06036819298233835
18436,0.17786310614795894,0.012759266125137714,0.009377627726903325
18437,0.19227211571578584,0.0009763753559069091,0.006751508928307235
18438,0.1888930003810873,0.0012764817166669865,0.009830517902245678
18439,0.017712268263851173,0.003278399619070728,0.1790093321170781
18440,0.08627918985010682,0.006781904279503532,0.10693890587038965
18441,0.16800349759791383,0.008020093982636896,0.02397640841944928
18442,0.09052824072584935,0.0038541079921158407,0.10561765128203479
18443,0.1909421103302957,0.0018161775588688375,0.007241712110835452
18444,0.17491688867249172,0.002284801153941064,0.022798310173567204
18445,0.0798294089122167,0.011928572321755902,0.10824201876602742
18446,0.11366685859168715,0.0014312577288349486,0.0849018836794779
18447,0.1875868765792006,0.0011697270170886633,0.011243396403710762
18448,0.0042340993556353335,0.0001863906602734801,0.19557950998409118
18449,0.005428879574889149,0.0010225633301364212,0.19354855709497443
18450,0.027568368368176176,0.01105331926957898,0.16137831236224484
18451,0.17698960768416144,0.0036593845788644675,0.0193510077369741
18452,0.17091097697658256,0.02152946275914612,0.007559560264271336
18453,0.13986321662256365,0.002675315356384557,0.05746146802105179
18454,0.19384332745912275,0.0004018846940580047,0.005754787846819211
18455,0.006963814216695313,0.000873364022953959,0.19216282176035074
18456,0.014687767368477303,0.0008622470749937904,0.1844499855565289
18457,0.16599928681497844,0.0029906128839634165,0.031010100301058156
18458,0.1329953407568718,0.0065195636571036015,0.060485095586024586
18459,0.0020054058078932775,0.0014506031955795746,0.19654399099652714
18460,0.1431152876911566,0.0012767470180033384,0.05560796529084004
18461,0.16799928451772403,0.001095341595472556,0.0309053738868034
18462,0.01900020928980892,0.00426527332402724,0.17673451738616383
18463,0.19716264747128834,0.0002677907628967334,0.0025695617658149095
18464,0.18951648882948358,0.000972952994252958,0.009510558176263482
18465,0.02329305266194893,0.0858950904051068,0.09081185693294427
18466,0.081332878795154,0.006435781235834949,0.11223133996901105
18467,0.06683284314704627,0.0737655752243549,0.059401581628598855
18468,0.19328358104760396,0.0012475132772209149,0.005468905675175158
18469,0.1707920952386002,0.0014976898028149868,0.027710214958584823
18470,0.19554225506907627,0.00017707382733203234,0.004280671103591704
18471,0.15150493055091424,0.0041636692607426255,0.04433140018834312
18472,0.19390076559574318,0.002897309835148794,0.0032019245691080056
18473,0.19235247771917574,0.0010100503234718027,0.0066374719573524575
18474,0.18033323242241622,0.006157363614694694,0.013509403962889069
18475,0.19318866342506436,0.00018495535662095897,0.0066263812183146795
18476,0.001656038050858404,0.0006475494763282877,0.1976964124728133
18477,0.19720760423310893,5.578974870455494e-05,0.00273660601818652
18478,0.018914334374210154,0.0005050425377460807,0.18058062308804376
18479,0.19630176048992995,0.000310694704788775,0.0033875448052812646
18480,0.19700500520627812,0.00047488611345259123,0.002520108680269327
18481,0.19018248705036864,0.0010197116559975843,0.008797801293633814
18482,0.15040534229520577,0.019782299990021273,0.02981235771477294
18483,0.19325567336899532,0.00148750211394126,0.0052568245170634105
18484,0.006147222250126417,0.00031692021209756314,0.193535857537776
18485,0.11128401852501146,0.005359255938230902,0.08335672553675763
18486,0.004516890999997507,0.0003457261797412144,0.1951373828202613
18487,0.07098181081831308,0.00780539794438675,0.12121279123730018
18488,0.17044738200918072,0.0015775338193915905,0.027975084171427717
18489,0.025270796484158958,0.003964411012560328,0.17076479250328072
18490,0.1762187832581745,0.0009275699438376554,0.022853646797987834
18491,0.1601215513851785,0.007348445392055444,0.032530003222766044
18492,0.19057065892822933,0.0006717335121558983,0.008757607559614742
18493,0.18603491743586498,0.006123715042150603,0.007841367521984426
18494,0.07381788260616642,0.025174695649807587,0.101007421744026
18495,0.19803493104718564,0.0005689219007034572,0.0013961470521109327
18496,0.06191703348915132,0.034845648410718265,0.10323731810013041
18497,0.07837560631415692,0.023266323257857977,0.0983580704279851
18498,0.0009191212488906695,0.0019110383961265288,0.1971698403549828
18499,0.18766718120236475,0.0017145486778170772,0.01061827011981817
18500,0.020609006387518267,0.0001518345823669555,0.17923915903011478
18501,0.14584780839464587,0.004750722705980426,0.049401468899373704
18502,0.19370284434087873,0.00039241837655632346,0.005904737282564952
18503,0.06696686494636263,0.0020788954498111465,0.1309542396038262
18504,0.19731620834532357,7.46164510304037e-05,0.002609175203646035
18505,0.18842667835312288,0.0002482770981796844,0.011325044548697424
18506,0.1054506533376592,0.006578122777638284,0.08797122388470252
18507,0.19408985031823955,0.0018356069678913153,0.00407454271386913
18508,0.11737319301799834,0.0019359184043145218,0.08069088857768714
18509,0.10478428222567793,0.001258328820530487,0.09395738895379158
18510,0.16656422200404622,0.0028148466256807765,0.030620931370272976
18511,0.1774956347906578,0.004888657570287478,0.01761570763905471
18512,0.19720360670228623,0.0008401942230299829,0.001956199074683759
18513,0.05717246127211669,0.0011380967049885932,0.1416894420228947
18514,0.1422529257110799,0.0005548314849009811,0.05719224280401912
18515,0.18256785577142295,0.00024934264764449446,0.01718280158093257
18516,0.17917316485878804,0.0035444363224611856,0.017282398818750756
18517,0.1939566133625869,0.00030309814056160014,0.005740288496851494
18518,0.19314321049235128,0.0029110653786221866,0.003945724129026551
18519,0.16774159247203874,0.00020943256383602104,0.032048974964125246
18520,0.0024069954922510597,0.00025036410807707864,0.19734264039967186
18521,0.1957114094839309,0.001371732479356153,0.0029168580367129565
18522,0.19791929219812382,0.00030331560377346945,0.0017773921981027326
18523,0.15146160212074006,0.016008908424149548,0.032529489455110375
18524,0.1744557288783776,0.0019532690493109348,0.023591002072311455
18525,0.18286512001930375,0.0060647011499852235,0.011070178830710993
18526,0.0938712966104222,0.0023530225415959284,0.10377568084798187
18527,0.1939590336259933,0.000761196208949628,0.0052797701650570605
18528,0.18563295025953774,0.002238433615456043,0.01212861612500623
18529,0.14054699082521277,0.035478360284949204,0.023974648889838024
18530,0.18965948058220014,0.0030274785430690803,0.0073130408747307755
18531,0.006663689019972245,0.0005229712559023656,0.1928133397241254
18532,0.01750663086243597,0.00037816678773520507,0.18211520234982886
18533,0.004794004530137145,0.00047880691034761123,0.19472718855951524
18534,0.001549914692456877,0.00022125788110624123,0.19822882742643688
18535,0.001420887675802167,0.0001946524938724079,0.19838445983032543
18536,0.07326474213075553,0.0007819705311502302,0.12595328733809424
18537,0.19594927205570456,0.00065170344618229,0.0033990244981131103
18538,0.055157929993216594,0.0017035973015325939,0.14313847270525082
18539,0.03359498999858413,0.0024242740204006496,0.16398073598101523
18540,0.18568092775906891,0.009346488074552916,0.004972584166378176
18541,0.15563030170138104,0.000992731860555233,0.04337696643806373
18542,0.18299236537128544,0.002403106807868196,0.014604527820846378
18543,0.19636432843406804,0.0004531799654214965,0.0031824916005104703
18544,0.06587547078061066,0.0058599948797625895,0.12826453433962676
18545,0.1517236896961321,0.0386012498505936,0.009675060453274318
18546,0.19034792022521352,0.005295643069723564,0.004356436705062897
18547,0.19778630995147667,0.0001101817258211921,0.0021035083227021233
18548,0.17654984291892747,0.0024779181698253152,0.02097223891124723
18549,0.1683578679941176,0.0010315742053187658,0.030610557800563654
18550,0.03563531056203271,0.0022041201573859775,0.1621605692805813
18551,0.00249895498128496,0.00013582358286361374,0.19736522143585142
18552,0.1693309336657181,0.002409186801775536,0.02825987953250635
18553,0.1818001553239593,0.0019089849063090966,0.016290859769731623
18554,0.19684953643390632,0.0002335947051845537,0.002916868860909118
18555,0.002653631667249328,0.00036246968734268773,0.19698389864540797
18556,0.0044387666648185355,0.007027516940901579,0.1885337163942799
18557,0.1801419217047918,0.0005935368867894231,0.019264541408418757
18558,0.15459507331816888,0.00040855930632400426,0.044996367375507114
18559,0.18853635066552588,0.000927401395567054,0.010536247938907093
18560,0.15073854220399047,0.0006289902620219169,0.04863246753398762
18561,0.1324121625301417,0.0023554266900653316,0.06523241077979293
18562,0.17984355356320125,0.0063874454522769115,0.013769000984521837
18563,0.17660371726019536,0.0018496561733377843,0.02154662656646688
18564,0.19355893481873881,0.0030809050260395487,0.003360160155221649
18565,0.15102181668184295,0.010411614111005649,0.03856656920715141
18566,0.08404395065469293,0.0481063835558621,0.06784966578944497
18567,0.07964287213214558,0.0035483240764862755,0.11680880379136813
18568,0.18732470810451698,0.0013820384978122447,0.01129325339767079
18569,0.1460565491856615,0.005593894379336757,0.04834955643500176
18570,0.18695668966052306,0.0015207376944629636,0.011522572645013994
18571,0.005081072963991629,0.0006623288252113698,0.194256598210797
18572,0.18867181811206168,0.0022880252989366046,0.00904015658900173
18573,0.14930284375086286,0.003647097689879352,0.0470500585592578
18574,0.19130326592582855,0.00023356445723901514,0.008463169616932437
18575,0.08157341358869039,0.026943044182672776,0.09148354222863683
18576,0.18340270596305935,0.003532043750186923,0.013065250286753718
18577,0.10040925436755647,0.014226152750850624,0.08536459288159289
18578,0.001947664433263734,0.00043395408592999246,0.1976183814808063
18579,0.18905630389772518,0.002498506780754463,0.008445189321520368
18580,0.034218501108807246,0.004581091634885597,0.16120040725630716
18581,0.19318007472019566,0.00028257248103143135,0.006537352798772922
18582,0.19108838654286847,0.004100177700425802,0.004811435756705716
18583,0.1855759710738868,0.005711645649328653,0.00871238327678456
18584,0.05816462032335786,0.004003354289713245,0.1378320253869289
18585,0.19235616228039762,0.001611530399330749,0.006032307320271596
18586,0.1884381273509562,0.0010820986260580436,0.010479774022985736
18587,0.03183973862812268,0.0003261261227848583,0.16783413524909246
18588,0.19776458871864566,0.00027788979268242753,0.0019575214886719153
18589,0.18697220348609633,0.0008527409933371154,0.012175055520566535
18590,0.10771042064081685,0.07830522659034678,0.013984352768836375
18591,0.17732207819592677,0.003174494684550793,0.01950342711952242
18592,0.008281579347209241,0.0008486912504105965,0.19086972940238017
18593,0.003981642853968415,0.00281094698371056,0.19320741016232104
18594,0.19424386822967887,0.0008759277533063458,0.00488020401701477
18595,0.18880788573290394,0.0011124401693556123,0.010079674097740427
18596,0.1934430035605502,0.00021514930861967044,0.006341847130830134
18597,0.01862411512584924,0.0016128600674125318,0.17976302480673825
18598,0.12739732851237165,0.016903385477076083,0.05569928601055228
18599,0.19599425587007152,0.0005726886135922415,0.0034330555163362433
18600,0.09135697501108551,0.0017394155505488658,0.1069036094383656
18601,0.1986918873471849,0.0003390993120452212,0.0009690133407698557
18602,0.07584096960536794,0.004919231778397929,0.11923979861623413
18603,0.134241236991256,0.0013878371443173036,0.06437092586442668
18604,0.19235330124621908,0.0018837821152178733,0.005762916638563059
18605,0.0923089878210277,0.0027842593299748897,0.10490675284899742
18606,0.11965841920505915,0.06400367440855992,0.01633790638638093
18607,0.19191015955955038,0.0005127336753815559,0.0075771067650680455
18608,0.18684588734269716,0.0013912768480794954,0.011762835809223316
18609,0.1425470796458479,0.005647509882232321,0.051805410471919756
18610,0.06147203370751275,0.0004088541103649453,0.1381191121821223
18611,0.17890016057524336,0.001073919037762906,0.020025920386993745
18612,0.051864431522886,0.00023784674580668792,0.1478977217313073
18613,0.0038345607862464394,0.0003550544563055408,0.19581038475744802
18614,0.01596193005297091,0.006386490733976529,0.17765157921305258
18615,0.1665186179867722,0.015990287677991398,0.0174910943352364
18616,0.02807476318676149,0.00043522376312503863,0.17149001305011347
18617,0.001647538660747063,0.0003789869798346507,0.1979734743594183
18618,0.07162005409768804,0.003571200642695458,0.12480874525961652
18619,0.19252778822917313,0.0034226175461746894,0.004049594224652173
18620,0.12645273803065926,0.0005746218655588382,0.07297264010378193
18621,0.1684814719978718,0.0053252143689881595,0.02619331363314007
18622,0.07236154439646544,0.004186416844955226,0.12345203875857932
18623,0.004711566550484668,0.0005823057343195896,0.19470612771519574
18624,0.16120452114989242,0.0025426268115671556,0.03625285203854043
18625,0.17272206218469516,0.0005851119847152153,0.02669282583058965
18626,0.1938747993866211,0.0012297226252752224,0.004895477988103703
18627,0.1282074772327041,0.0006077882813391782,0.0711847344859567
18628,0.1755703132980375,0.014061966346939575,0.010367720355022935
18629,0.015483209136394643,0.012292409028321282,0.17222438183528407
18630,0.0423116132278708,0.0016761405283439632,0.15601224624378524
18631,0.19264983878440994,0.000198403010801207,0.007151758204788858
18632,0.1911704401527116,0.0013509705067897954,0.007478589340498619
18633,0.19698974366436056,0.0013319857122290851,0.0016782706234103983
18634,0.19234291508904572,0.004645011168058497,0.0030120737428957728
18635,0.14671729457698304,0.0055416644855071215,0.04774104093750985
18636,0.1953061284918655,0.0001944681273609279,0.004499403380773593
18637,0.19495505791220663,0.0001292808297436484,0.004915661258049724
18638,0.03357056793687349,0.002257769035389523,0.164171663027737
18639,0.04007991229099401,0.00034898871718408317,0.15957109899182192
18640,0.016960867185642093,0.004949078734567221,0.17809005407979067
18641,0.1710111801346862,0.009933503061247496,0.019055316804066313
18642,0.19657601167999317,0.0003459826901224613,0.003078005629884354
18643,0.1066046525147436,0.032833994341963144,0.06056135314329324
18644,0.005755084636313153,0.0013644702705664774,0.19288044509312036
18645,0.1948850943220943,0.0010045140446311278,0.004110391633274547
18646,0.12900187668739013,0.0014503770263580504,0.06954774628625181
18647,0.18643797686742838,0.0016236230614493983,0.011938400071122242
18648,0.18571984520127485,0.0007106664516597219,0.013569488347065459
18649,0.02281381609509622,0.008234492669382646,0.16895169123552112
18650,0.18860569391133214,0.002213503266251663,0.009180802822416208
18651,0.1894206399718681,0.0033040778465837674,0.007275282181548125
18652,0.0002749454223164746,0.0002276712153047671,0.19949738336237874
18653,0.11526932434651385,0.04057485775753654,0.0441558178959496
18654,0.1699069217725493,0.0010820214262895961,0.029011056801161124
18655,0.06108202716093806,0.0016490225966602323,0.13726895024240168
18656,0.1781119528914487,0.006640633624556029,0.015247413483995262
18657,0.19837017081192967,0.00028061593322438997,0.0013492132548459566
18658,0.11998711217987275,0.0001822226657223027,0.07983066515440493
18659,0.1945169677997143,0.0018405287975385234,0.0036425034027471833
18660,0.19176703611196175,0.0010196859475124118,0.007213277940525807
18661,0.18463262483711834,0.009878437820613846,0.005488937342267789
18662,0.18506297965012974,0.0006328477206359743,0.014304172629234248
18663,0.05317510788628495,0.007493169443549651,0.13933172267016541
18664,0.004411104652882754,0.00023464289411908565,0.19535425245299815
18665,0.12629087910575856,0.011308417437944298,0.06240070345629713
18666,0.19300030497511317,0.0002981479724518494,0.0067015470524349734
18667,0.18844742244117987,0.004742789060838085,0.006809788497982069
18668,0.17142952483709378,0.0012432145305863044,0.02732726063231994
18669,0.17757000202976136,0.002019295951386337,0.02041070201885229
18670,0.18471224752677062,0.001249703672819291,0.01403804880041005
18671,0.1908071650185662,0.00039665607401073776,0.008796178907423078
18672,0.16112309309660408,0.0018450387033340833,0.03703186820006186
18673,0.08045734568162254,0.00033084538177135896,0.11921180893660613
18674,0.19624472366522266,0.0008497406854298562,0.002905535649347507
18675,0.17471398942962976,0.0015843780127777144,0.02370163255759254
18676,0.19046759991114268,0.002777359849229632,0.006755040239627713
18677,0.19146071274246299,0.0020934626120818287,0.006445824645455163
18678,0.12795369971480242,0.0005236150668293764,0.0715226852183682
18679,0.19727963527752107,0.00013683512267527456,0.0025835295998036557
18680,0.18981977326172914,0.0028474856975404137,0.007332741040730455
18681,0.19228937653935513,0.004758514677662129,0.00295210878298272
18682,0.18321722359107567,0.012179447650135298,0.0046033287587890215
18683,0.15241156583689236,0.0017022959237754695,0.04588613823933217
18684,0.19003415218950018,0.0028039593797864006,0.007161888430713423
18685,0.10385212090556015,0.001623171996975772,0.09452470709746408
18686,0.19277936414121005,0.0012167496784144124,0.0060038861803755296
18687,0.15529528848126245,0.0049098141757520095,0.03979489734298552
18688,0.0013169392038038692,0.000103140662357474,0.19857992013383868
18689,0.19019943171208514,0.0008887919829035033,0.008911776305011351
18690,0.15027616264984134,0.009182597153405499,0.04054124019675314
18691,0.09684475315975642,0.013810336660922897,0.08934491017932066
18692,0.1880466622488568,0.0006792314305010055,0.011274106320642173
18693,0.027397205869925712,0.006912429851452305,0.165690364278622
18694,0.038642890261344875,0.0016776166509607823,0.15967949308769436
18695,0.175453960659853,0.0008372450912859979,0.023708794248861013
18696,0.19331482037242192,0.0006414762124204036,0.0060437034151576245
18697,0.06492375568243164,0.0003654761986346493,0.13471076811893373
18698,0.171369342052553,0.015263373275687936,0.013367284671759048
18699,0.17637293846034946,0.0011154069441594722,0.022511654595491083
18700,0.04495744742485388,0.012490938444363591,0.1425516141307825
18701,0.06103308054045309,0.0058453517357283,0.1331215677238186
18702,0.18810691350049372,0.007423601560938968,0.004469484938567305
18703,0.16407378300986,0.00804018977531553,0.027886027214824444
18704,0.1663580348870705,0.0051024329335056014,0.028539532179423906
18705,0.1651741823183943,0.0034956163184412642,0.03133020136316443
18706,0.18514414160633028,0.0007833284669737142,0.014072529926695979
18707,0.18354578156857343,0.0044834783838308655,0.011970740047595685
18708,0.12904078714918066,0.0007784357891929815,0.07018077706162634
18709,0.16556434469391373,0.003468104718079062,0.03096755058800716
18710,0.19189068149835423,0.0006510633226426415,0.007458255179003117
18711,0.18012136773471354,0.0007985087643667731,0.01908012350091968
18712,0.0028730534133288932,0.00044431624035763553,0.19668263034631348
18713,0.1833896015574101,0.001904056125075081,0.014706342317514809
18714,0.047381957986593476,0.0032535106777418507,0.14936453133566469
18715,0.18620141422895012,0.0010915072532183955,0.012707078517831483
18716,0.19500498590290247,0.0006462786477252975,0.004348735449372232
18717,0.10399442469684908,0.00889909320177677,0.08710648210137416
18718,0.195993602074578,0.0004606959645705595,0.0035457019608514185
18719,0.13784865713145927,0.004325263468716368,0.057826079399824336
18720,0.19278193506386757,0.0002502727532482878,0.006967792182884143
18721,0.1843918185781286,0.00012354233868379445,0.015484639083187576
18722,0.10513382965418117,0.0008356069188075313,0.09403056342701131
18723,0.004330791332516614,0.008250788121393949,0.18741842054608943
18724,0.18190155870941474,0.0009706980527964551,0.017127743237788807
18725,0.15452153416750986,0.0023219108807253598,0.043156554951764736
18726,0.19774847804819423,0.00020384666091413143,0.0020476752908916195
18727,0.16091027407509567,0.002572013282571446,0.036517712642332896
18728,0.19811914742877984,0.00028446072806600554,0.0015963918431541
18729,0.1938221682817907,0.002072458627288957,0.004105373090920391
18730,0.1777684352666144,0.0004029285605091107,0.021828636172876517
18731,0.19047790988727328,0.0006121335118791445,0.008909956600847565
18732,0.17969444350526037,0.0031270493536605984,0.017178507141079012
18733,0.03812035038510455,0.0009431908032196557,0.1609364588116758
18734,0.18495658385434746,0.0034174477249055346,0.01162596842074704
18735,0.14668387287228074,0.017730717163224965,0.03558540996449429
18736,0.19696888959465908,0.0001868049746157273,0.00284430543072518
18737,0.19231896690882294,0.0018953363863691262,0.0057856967048079185
18738,0.14158213972004463,0.0021357312766013222,0.05628212900335405
18739,0.04877046584061512,0.0015263808617098835,0.14970315329767497
18740,0.14462202733146284,0.000330600532573484,0.055047372135963654
18741,0.16495743824301531,0.004022246676630636,0.031020315080354032
18742,0.010237173823380151,0.001489158414763696,0.18827366776185614
18743,0.18466158920230788,0.00012280330294016714,0.015215607494751949
18744,0.11553314787556641,0.003658670074342419,0.08080818205009116
18745,0.01957003081861701,0.009513676850673704,0.1709162923307093
18746,0.17021192763265608,0.001338799472944955,0.02844927289439895
18747,0.1492245081861206,0.0034500317108123032,0.04732546010306708
18748,0.1920693279222584,0.0026077274539855633,0.005322944623756054
18749,0.1575292108948401,0.0028370207848285884,0.03963376832033132
18750,0.05242358258374654,0.0014585967970999743,0.1461178206191535
18751,0.19124732909433706,0.005395429998364587,0.003357240907298377
18752,0.18997407463658444,0.0004924268859196038,0.009533498477495949
18753,0.18986926814495111,0.002904614677883965,0.007226117177164958
18754,0.08826725311670355,0.01169043537179836,0.10004231151149809
18755,0.1400695630056291,0.004142777714121803,0.05578765928024909
18756,0.02457635946636844,0.0025080190312268776,0.17291562150240466
18757,0.19872323135674336,5.442510847546168e-05,0.0012223435347811858
18758,0.17172416635495777,0.0006798059549956652,0.027596027690046543
18759,0.0009366861614779597,7.029819825714907e-05,0.1989930156402649
18760,0.19696220650910132,0.0005284678858058668,0.0025093256050928497
18761,0.06290958233548125,0.0036176723657550132,0.13347274529876374
18762,0.13111363568437373,0.014098738774730812,0.054787625540895446
18763,0.17396183982384306,0.002821083296039644,0.0232170768801173
18764,0.05026431796131807,0.0005422138366264758,0.14919346820205545
18765,0.13388022341045763,0.003513191208228325,0.06260658538131406
18766,0.1818309406906645,0.00043800542120352924,0.01773105388813196
18767,0.19359645177921248,0.0008883721438383522,0.005515176076949165
18768,0.16233983612986597,0.0008401608990920983,0.03682000297104195
18769,0.025817343508177187,0.019082755343401644,0.15509990114842115
18770,0.13489157082515812,0.0005686448672365956,0.06453978430760525
18771,0.00678532382173413,0.00017792050182883617,0.19303675567643702
18772,0.18468866863137973,0.0015232920817738744,0.013788039286846373
18773,0.17271240391124346,0.012044567093426757,0.015243028995329793
18774,0.04595429198396404,0.022089403949130636,0.1319563040669053
18775,0.19795677104067802,0.00030692322945816727,0.0017363057298637793
18776,0.19647517673971526,0.0003661872838263261,0.0031586359764583806
18777,0.16623150884298696,0.0063751382043846045,0.02739335295262841
18778,0.18991039300629503,0.007183092812865398,0.0029065141808395207
18779,0.19155810470787568,0.000801890613660175,0.00764000467846414
18780,0.03286156844966321,0.0026957954616724294,0.16444263608866436
18781,0.18207858215030062,0.0037986559580720607,0.014122761891627322
18782,0.10144177134376109,0.0009670065007966496,0.09759122215544226
18783,0.16068955249210526,0.008051908030712502,0.03125853947718225
18784,0.13249784123136527,0.002088770882359558,0.06541338788627518
18785,0.19448915486468138,0.00238653718582407,0.003124307949494533
18786,0.1224257799589245,0.002859272940875181,0.07471494710020031
18787,0.17393751868230395,0.016258883337058157,0.009803597980637914
18788,0.18885998345452376,0.00559651361207422,0.0055435029334019986
18789,0.17987593271828767,0.013525416749746638,0.006598650531965744
18790,0.18327337689444506,0.00010214632561703493,0.01662447677993791
18791,0.19128561606197864,0.003338967603427347,0.00537541633459401
18792,0.16562928047847825,0.0033897681657696,0.030980951355752136
18793,0.18977456378710778,0.002426535587159881,0.007798900625732336
18794,0.19148515067149224,0.0011527255489981753,0.007362123779509603
18795,0.1901637288055326,0.0022770251160134365,0.0075592460784539945
18796,0.19802964499442294,0.000837912472624884,0.0011324425329521616
18797,0.19816965509261342,0.00012531618452446422,0.00170502872286212
18798,0.038397725053062305,0.00220515726896188,0.15939711767797582
18799,0.01637411507693865,0.00034595355219653906,0.18327993137086482
18800,0.13817126562946688,0.016994439842405184,0.04483429452812794
18801,0.1956208483584533,0.0003017686014226001,0.004077383040124084
18802,0.19474101893391876,0.0006268538002864265,0.004632127265794816
18803,0.18427665210607974,0.0005999906128660805,0.01512335728105418
18804,0.19555459669810413,0.0013237998681506547,0.0031216034337452105
18805,0.059188667370749334,0.0011820029146568142,0.13962932971459385
18806,0.19008068097270603,0.0009303762682667981,0.008988942759027155
18807,0.02285306781087553,0.0012778820629951255,0.17586905012612936
18808,0.18731452853398048,0.0010488303477204928,0.01163664111829903
18809,0.18599092327148442,0.0006590822712478831,0.013349994457267733
18810,0.19327657308930163,0.0008184305208129228,0.005904996389885462
18811,0.0023483531504852385,0.00024324427557120037,0.1974084025739436
18812,0.19631820999320052,0.0010007304780753569,0.0026810595287241113
18813,0.17401799283407018,0.0013917670472411482,0.024590240118688687
18814,0.15551542475493746,0.022614743818698078,0.021869831426364512
18815,0.17965605357386855,0.0004945910984715426,0.019849355327659912
18816,0.1526205664636657,0.0012086261339611171,0.04617080740237321
18817,0.19867103137299405,0.0003663140768257861,0.0009626545501801667
18818,0.19606491355636707,0.0004933727634111705,0.003441713680221748
18819,0.19688666817773834,8.825560696196204e-05,0.0030250762152996807
18820,0.18860362298314728,0.0008620624342795776,0.010534314582573149
18821,0.1775106436717021,0.003664678204040632,0.01882467812425726
18822,0.18535460474520032,0.0003199466312992525,0.014325448623500403
18823,0.17623639993521317,0.000895354745135467,0.02286824531965137
18824,0.1740641861224061,0.011937363071433501,0.013998450806160422
18825,0.19546663164091557,0.003726303931673896,0.0008070644274105192
18826,0.19582186305337218,0.0002671319294206204,0.003911005017207171
18827,0.19534966752102337,0.0007821830572359072,0.003868149421740721
18828,0.19592577841846054,0.00018741024046423852,0.003886811341075253
18829,0.011052043557109831,0.0015503341711925725,0.1873976222716976
18830,0.19347600116527225,0.0026020910453972415,0.003921907789330478
18831,0.19420823182192565,0.001109988869497809,0.0046817793085765485
18832,0.0015309740686197276,0.0007589773167061641,0.1977100486146741
18833,0.023290957300688676,0.0035162636514066933,0.17319277904790464
18834,0.1892968181769475,0.0004776938425779926,0.010225487980474502
18835,0.04607835393307909,0.0003771395127841941,0.1535445065541367
18836,0.0010721053797614396,0.00026280959382123114,0.19866508502641733
18837,0.15550028068944824,0.002486841203070379,0.042012878107481395
18838,0.18224137298080484,0.0021063975051501494,0.01565222951404501
18839,0.1977184050839155,0.0006394518295910496,0.0016421430864934576
18840,0.19633914879704534,0.00019801601074633454,0.0034628351922083565
18841,0.1398225012097105,0.005154137131772924,0.05502336165851659
18842,0.03038249140669879,0.0021196053401737773,0.1674979032531274
18843,0.12917643353203692,0.00536598206682176,0.06545758440114133
18844,0.07834022329527453,0.005096672945816012,0.11656310375890946
18845,0.19414615278266129,0.0034017503637149586,0.0024520968536237385
18846,0.07347871396084117,0.009812271411530437,0.1167090146276284
18847,0.1979250877386985,0.00017990807477363336,0.0018950041865278887
18848,0.19512299846956943,0.00034905104588188864,0.004527950484548708
18849,0.1847066041151548,0.0005671727060774833,0.014726223178767688
18850,0.027861278165118148,0.0038925541057621867,0.16824616772911966
18851,0.1871528048466466,0.0009540265911473607,0.011893168562206055
18852,0.12305180076239357,0.0028919604829139196,0.07405623875469251
18853,0.19076960405276328,0.004399138175482777,0.00483125777175392
18854,0.1758979532308315,0.009277007086805298,0.014825039682363247
18855,0.021875563322773402,0.022770393916274674,0.1553540427609519
18856,0.17419902115035052,0.0010596597521829814,0.024741319097466477
18857,0.19860215493779548,7.825303914382322e-05,0.0013195920230607053
18858,0.1385021509601875,0.0032086866753152513,0.058289162364497216
18859,0.048897472276690675,0.01233267283907019,0.13876985488423915
18860,0.18633075987529993,0.0011240803408086467,0.012545159783891466
18861,0.1957076176292834,0.0010693094439089385,0.003223072926807618
18862,0.002213194595733348,0.0003683989687357978,0.19741840643553085
18863,0.19267206941885012,0.000265435639450411,0.007062494941699478
18864,0.0357371945629843,0.00022945522460958933,0.16403335021240611
18865,0.1767964810575547,0.0012987023659921028,0.021904816576453226
18866,0.16117438841263138,0.00093956531549931,0.03788604627186929
18867,0.15592234955331385,0.01880339022583593,0.02527426022085023
18868,0.16989544378506632,0.002465506076790832,0.027639050138142867
18869,0.04286867538210787,0.00938469515348466,0.14774662946440748
18870,0.1680116384183164,0.007045259417059535,0.024943102164624052
18871,0.15673044138798742,0.0012125940046498907,0.04205696460736269
18872,0.17618504187713907,0.0008032224842685395,0.023011735638592358
18873,0.15176220823708428,0.0014398479643930272,0.046797943798522694
18874,0.18773324618070997,0.0036732209839559866,0.008593532835334036
18875,0.17608336756635187,0.0018869858816363242,0.02202964655201176
18876,0.17430729058772082,0.018086543239132214,0.00760616617314696
18877,0.19425516626587688,0.0005806469620531012,0.005164186772069998
18878,0.19657016003762406,0.0002633323440194109,0.003166507618356513
18879,0.19502155814703787,0.0007671184250454611,0.004211323427916677
18880,0.011465641513369169,0.0011255338444499411,0.1874088246421809
18881,0.0025749006657962447,0.0014450868667473047,0.19598001246745647
18882,0.03505476666178294,0.0029330483554821695,0.16201218498273487
18883,0.19307329074300897,0.0015345605384976815,0.005392148718493388
18884,0.0008040715006809555,0.0005425585341379844,0.19865336996518104
18885,0.02733550112554493,0.007392335447880857,0.16527216342657422
18886,0.1780305624369065,0.0014933877474108067,0.020476049815682688
18887,0.186599236385545,0.0017911470301602895,0.011609616584294725
18888,0.18980281654437922,0.004882564146538817,0.00531461930908198
18889,0.17259303350528338,0.014734301905527167,0.012672664589189411
18890,0.19402409835101395,0.0013404837733925444,0.004635417875593527
18891,0.19267279182405822,0.0020045887770538057,0.005322619398887956
18892,0.005513144080831348,0.0003117287684483988,0.19417512715072024
18893,0.18609638538307155,0.0007448570056222139,0.013158757611306207
18894,0.15216318923319327,0.00046431759146505516,0.047372493175341694
18895,0.001059409695088273,0.00042234856988830735,0.19851824173502344
18896,0.19024528136766158,0.0009322915318407086,0.008822427100497703
18897,0.17170712598998247,0.0021681979821392,0.026124676027878335
18898,0.05025297232764335,0.006504029287724873,0.14324299838463178
18899,0.01239665479143844,0.0005532157001556452,0.18705012950840594
18900,0.14276873834813286,0.039654571724071205,0.01757668992779593
18901,0.13885095631276032,0.0036665771913200486,0.057482466495919614
18902,0.1742668904363871,0.0018077515321865104,0.02392535803142639
18903,0.1717272232960681,0.0009584939861574657,0.02731428271777441
18904,0.193243613355103,0.0009727973699403374,0.005783589274956647
18905,0.19457545687333905,0.0004918060210465319,0.004932737105614396
18906,0.19057467040441195,0.0037611204382461383,0.005664209157341901
18907,0.19804761010776825,0.00046832911475672145,0.0014840607774750003
18908,0.14861883578199625,0.007038822044864068,0.04434234217313969
18909,0.18686465878759903,0.001666663143694689,0.011468678068706276
18910,0.0219070525586942,0.0015001867494013497,0.17659276069190444
18911,0.18941403943149948,0.0009538882011396616,0.009632072367360843
18912,0.17033029571582242,0.000313990729640137,0.029355713554537432
18913,0.05493186760414135,0.001872883462823094,0.14319524893303556
18914,0.057980564166880966,0.000542891823910377,0.14147654400920864
18915,0.1698185521121865,0.020447111170606692,0.009734336717206778
18916,0.18140963905810187,0.0007999575642393434,0.01779040337765881
18917,0.0006070930364389256,6.45462663084344e-05,0.19932836069725265
18918,0.03059124147947046,0.0011706968905842165,0.1682380616299453
18919,0.13120317231858594,0.0005727787948794568,0.06822404888653458
18920,0.04977012180396891,0.005575436894400069,0.14465444130163102
18921,0.08032587801618274,0.0054639410968920195,0.11421018088692522
18922,0.17478695516703802,0.001238540368518687,0.023974504464443262
18923,0.040124887678819596,0.004505593123441201,0.15536951919773923
18924,0.019401060441665084,0.001598635646237006,0.17900030391209792
18925,0.13957870701984793,0.005568364784095679,0.054852928196056416
18926,0.09019511937628885,0.0030254220026377076,0.10677945862107344
18927,0.1711931200433198,0.001143186831127799,0.027663693125552412
18928,0.14773444680541473,0.0006068920443194062,0.051658661150265864
18929,0.1678880675718239,0.004713395229991793,0.02739853719818432
18930,0.19350771954549312,0.005007556755431562,0.0014847236990752888
18931,0.18894321477526196,0.0007386467362642047,0.010318138488473842
18932,0.1981612045591758,0.0005014250528220488,0.001337370388002156
18933,0.010167103067997063,0.0015371563045979766,0.18829574062740498
18934,0.19215642106391953,0.00019175030510043165,0.007651828630980052
18935,0.18625305871957232,0.009466858980164573,0.0042800823002631175
18936,0.005308161801094993,0.0022238060018783382,0.19246803219702668
18937,0.1878997170247333,0.0002090204730076153,0.011891262502259047
18938,0.1213851646252638,0.01616277044228531,0.06245206493245089
18939,0.18358549198359464,0.0015975021756803368,0.014817005840725048
18940,0.19192902218557573,0.0010440533283366039,0.00702692448608766
18941,0.058102340358866855,0.000982719175839339,0.14091494046529382
18942,0.1448964624820846,0.0005940858511951723,0.05450945166672022
18943,0.017958008502995372,0.0007050397997099249,0.18133695169729472
18944,0.002214022975628849,0.0011136454260334168,0.19667233159833775
18945,0.031218487611911688,0.004813140966701748,0.16396837142138657
18946,0.09140010992405946,0.001438819775706293,0.10716107030023422
18947,0.18868426915897224,0.0012526628855418548,0.010063067955485918
18948,0.16604862507153392,0.0009837921246138698,0.032967582803852195
18949,0.17782113173717642,0.0012159783410636935,0.020962889921759882
18950,0.05828810796962939,0.021529281750653627,0.120182610279717
18951,0.18079403372913397,0.0032912778999648665,0.015914688370901157
18952,0.17835901042437705,0.0008721653340749055,0.020768824241548037
18953,0.15883865658537352,0.018567726272855647,0.02259361714177081
18954,0.1583552320221102,0.029277634750177434,0.012367133227712357
18955,0.19649424339111854,0.0003363548963380103,0.0031694017125434744
18956,0.19628435250096218,0.00024934027864276736,0.003466307220395035
18957,0.17783347682194894,0.0009344414752446423,0.021232081702806396
18958,0.08178001978455371,0.0023215391504083356,0.11589844106503797
18959,0.193082314323404,0.00040594844262741524,0.006511737233968624
18960,0.1759941884328755,0.01281577499159441,0.011190036575530062
18961,0.19526903728136927,0.0032461070697434916,0.0014848556488872696
18962,0.14371150315807674,0.00039033124917021853,0.05589816559275307
18963,0.0023137796900082313,0.0026186512146096066,0.19506756909538217
18964,0.12572654720683146,0.0018916238077695262,0.07238182898539902
18965,0.1759057474973862,0.0024649017976462535,0.02162935070496755
18966,0.010345506337926344,0.0009434487822258109,0.18871104487984786
18967,0.1370981070702258,0.00517349451402788,0.05772839841574636
18968,0.08465719806089729,0.012871075399176122,0.1024717265399266
18969,0.006984548584470547,0.0025300524024538533,0.19048539901307562
18970,0.18572463940997386,0.007557252579505999,0.006718108010520173
18971,0.01793869681013898,0.0019417944748425123,0.1801195087150185
18972,0.1444351863900412,0.0015636018724300281,0.054001211737528795
18973,0.018909683199279357,0.01720107064743075,0.1638892461532899
18974,0.19458716505340867,0.0011862476929320625,0.004226587253659254
18975,0.17976317638651532,0.001477158607245993,0.01875966500623871
18976,0.18990908961953817,0.0022676484041377516,0.00782326197632406
18977,0.19670715299215297,9.165469062500474e-05,0.0032011923172220263
18978,0.16139682057050458,0.00046026498334020787,0.03814291444615518
18979,0.025161943583789075,0.005415737036944932,0.169422319379266
18980,0.06382936087205514,0.005599997992992135,0.13057064113495273
18981,0.19053694666313434,0.0011448551095409462,0.008318198227324724
18982,0.18378728292851998,0.00023762751346574425,0.015975089558014258
18983,0.18075294774077424,0.001197523966170167,0.01804952829305562
18984,0.17610057108503438,0.0011484760503264607,0.022750952864639167
18985,0.0016479344122559219,0.00030329699623438887,0.1980487685915097
18986,0.1313345375802215,0.004322661392323343,0.06434280102745514
18987,0.1979404323639927,0.00013571771672342745,0.0019238499192839064
18988,0.1839063395043116,0.00016575187351631978,0.015927908622172065
18989,0.18556482883455735,0.004567785947177109,0.009867385218265537
18990,0.12583056258653763,0.04534649026325062,0.028822947150211754
18991,0.1681388250403531,0.0017894342940853833,0.030071740665561526
18992,0.1696448083207437,0.0017672538964748773,0.028587937782781424
18993,0.014776726776564397,0.005471510278669744,0.17975176294476586
18994,0.19549788194385734,0.0015319055349952441,0.0029702125211474397
18995,0.19678515313314732,0.0009420015335712586,0.002272845333281372
18996,0.1917050183499709,0.0009013862532526081,0.007393595396776524
18997,0.194529479192287,0.0006492033153446726,0.004821317492368325
18998,0.19043370746391547,0.0006815509776820419,0.008884741558402501
18999,0.10281924548055248,0.010174762512755625,0.0870059920066919
19000,0.18731880105922447,0.0011315402616464201,0.011549658679129094
19001,0.19779826105483223,0.00024064001152948627,0.0019610989336382996
19002,0.0014849388377726857,0.00013267195967993288,0.1983823892025474
19003,0.002591036902707962,0.0007039341873851882,0.19670502890990685
19004,0.1911288654491289,0.000738016033033113,0.008133118517838026
19005,0.11323815667243611,0.00027023176468595676,0.08649161156287792
19006,0.0029073776448001725,0.006665150011356251,0.19042747234384355
19007,0.19500113873790256,0.0003579083536703922,0.004640952908427049
19008,0.16727340863073467,0.0006715828244249211,0.032055008544840405
19009,0.19579264887742137,0.0001942913659395979,0.004013059756639047
19010,0.18865911608763855,0.003979310810623968,0.007361573101737491
19011,0.11844251093853313,0.008054488583669596,0.07350300047779729
19012,0.13138877025006496,0.0019426006656018588,0.06666862908433317
19013,0.16719916145260713,0.0006518458942063087,0.03214899265318656
19014,0.13908045569503105,0.0005611390774691897,0.060358405227499766
19015,0.1920804506190178,0.00095996971852649,0.006959579662455741
19016,0.188696834268768,0.0009769273134001715,0.0103262384178318
19017,0.13934237981242645,0.01460361371273398,0.04605400647483959
19018,0.0003292157207143851,0.00010416184981192952,0.19956662242947368
19019,0.19417846752891438,0.0004029174994289079,0.005418614971656697
19020,0.17299738825602978,0.00042289069891697235,0.0265797210450532
19021,0.1879033788593361,0.001007109486687538,0.011089511653976336
19022,0.1583353542082317,0.0018294170660489873,0.03983522872571932
19023,0.017005456106946572,0.004997966453222422,0.177996577439831
19024,0.17056209295129923,0.0015443140969769182,0.02789359295172386
19025,0.009571609284116083,0.0006367545196951437,0.1897916361961888
19026,0.16559314360392124,0.011038375293641734,0.02336848110243702
19027,0.15535982994311776,0.026966731332532867,0.01767343872434935
19028,0.12629333009371152,0.004343961173237987,0.06936270873305046
19029,0.05424068534483188,0.003718114433805786,0.14204120022136232
19030,0.19240951657982958,0.00016821039174194188,0.007422273028428494
19031,0.15653289846999263,0.0010385939709155146,0.042428507559091846
19032,0.18872980677578938,0.0013673102451508884,0.009902882979059748
19033,0.1886534001564367,0.0014271306567493534,0.009919469186813959
19034,0.19433752161992626,0.002917453691208819,0.002745024688864903
19035,0.14745067016904886,0.0019384586211919688,0.05061087120975918
19036,0.1967437072514441,0.0002901971815492312,0.0029660955670066783
19037,0.0033992152835356755,0.0027848129555027735,0.19381597176096155
19038,0.008035017821681981,0.009505153604513226,0.18245982857380477
19039,0.010345448844744252,0.001472928796174077,0.18818162235908167
19040,0.19482692283183134,0.0020956786107522397,0.003077398557416421
19041,0.07250788813682701,0.0005683069442081703,0.12692380491896482
19042,0.1942319870295684,0.00041835323935768173,0.005349659731073896
19043,0.1793647328021556,0.0051094135011574855,0.015525853696686923
19044,0.19779676611102953,7.61291220219102e-05,0.0021271047669486065
19045,0.13242419783270706,0.0006360913428688774,0.06693971082442407
19046,0.19364311213554483,0.000982816084256644,0.005374071780198506
19047,0.169966686166025,0.0016313546661297792,0.02840195916784522
19048,0.153288611819075,0.0004609354033543106,0.0462504527775707
19049,0.004028682576924244,0.000530489016241271,0.19544082840683447
19050,0.18370115609064624,0.0011285377640260746,0.015170306145327684
19051,0.002200923376643617,0.0035586779973065022,0.1942403986260499
19052,0.07702325444841913,0.0014569317747820756,0.1215198137767988
19053,0.13756567926521607,0.008563414234096952,0.05387090650068699
19054,0.19880798957729678,0.0006070297950239694,0.0005849806276792629
19055,0.19777246912407218,7.426396478056881e-05,0.0021532669111472154
19056,0.18029838451691443,0.00036896316729009116,0.019332652315795455
19057,0.19698432804739524,0.00024295447101468692,0.0027727174815900682
19058,0.16241469456596952,0.0027978262863473796,0.03478747914768311
19059,0.1777308220585203,0.001844964923561324,0.02042421301791835
19060,0.18429257474978208,0.008106870614150054,0.007600554636067845
19061,0.1986212763520921,0.0005468207120767415,0.0008319029358311332
19062,0.1759446643025276,0.004662883168383516,0.019392452529088892
19063,0.0966114660269708,0.024123608311839188,0.07926492566119003
19064,0.09064560472458355,0.005194354548097015,0.10416004072731944
19065,0.18363050827321242,0.001775301565615142,0.01459419016117242
19066,0.19756693130096775,0.00018056164822246172,0.0022525070508097756
19067,0.06641818384909715,0.0022106277956177403,0.1313711883552851
19068,0.19732517644733893,0.0009589574525689764,0.0017158661000920804
19069,0.13737276831643064,0.007029492187194761,0.0555977394963746
19070,0.18425940793911,0.0026797628089073296,0.013060829251982695
19071,0.11448187088415143,0.0068597131737857505,0.07865841594206281
19072,0.17406622530896929,0.004100615843489163,0.021833158847541556
19073,0.1357519363335435,0.0003000203391008324,0.06394804332735565
19074,0.1818691970123365,0.0015503999925799484,0.016580402995083596
19075,0.18607044494934272,0.0009327146721980671,0.012996840378459235
19076,0.19365455801411163,0.00045487109910016213,0.005890570886788204
19077,0.16989317591865755,0.0005037165786006702,0.029603107502741765
19078,0.0005579376789522395,0.0004561863496859831,0.19898587597136178
19079,0.1617318031815837,0.001043618712863087,0.03722457810555321
19080,0.1809315199631219,0.0004942218168497057,0.018574258220028363
19081,0.08659172170234966,0.013745869047674992,0.09966240924997537
19082,0.0843139203301901,0.08905652575799977,0.026629553911810162
19083,0.18850122291368915,0.00030013112577556144,0.011198645960535316
19084,0.19379087391991734,0.0006905891838841953,0.005518536896198463
19085,0.03617997429239598,0.00366485146867523,0.1601551742389288
19086,0.19732648945608106,0.00021698818603058416,0.002456522357888372
19087,0.005379654197050667,0.00039518884192825903,0.19422515696102105
19088,0.1972188924066507,0.0010133441675503397,0.0017677634257989802
19089,0.11897459352268776,0.0009165729246942847,0.08010883355261797
19090,0.1804711157003635,0.0008886312554268498,0.018640253044209645
19091,0.19651179212173447,0.00023918927042460968,0.003249018607840882
19092,0.1807418706353728,0.0006817737030584689,0.01857635566156871
19093,0.17450671672170598,0.004796497424992903,0.02069678585330115
19094,0.1960237388449263,0.000600708204735466,0.0033755529503382577
19095,0.12264123223185078,0.002405763720351529,0.0749530040477977
19096,0.1898951251599315,0.0032605297763190232,0.006844345063749477
19097,0.19792917511938396,0.00014249078009728958,0.0019283341005187468
19098,0.04137591996061746,0.00614258747829263,0.1524814925610899
19099,0.18933835718724837,0.0015038282640493885,0.009157814548702266
19100,0.19607412366988633,0.00022727524561175983,0.003698601084501914
19101,0.18515952744370262,0.0033270935807701097,0.011513378975527278
19102,0.0006032866525103035,8.473827171385698e-05,0.19931197507577586
19103,0.19705194803546486,0.0005717273518390292,0.0023763246126961074
19104,0.05152029185432745,0.00231126041898194,0.1461684477266906
19105,0.028446703867496998,0.00242363790826904,0.16912965822423395
19106,0.19263237529904026,0.0004878256114850191,0.006879799089474713
19107,0.18575697989172382,0.0002131477402820734,0.014029872367994089
19108,0.17478205667859328,0.0032648107108613164,0.021953132610545385
19109,0.1975858037401556,0.0007361183718533004,0.001678077887991083
19110,0.15695686748280377,0.0007703105103269996,0.04227282200686922
19111,0.18932949138519703,0.00025877356329525745,0.010411735051507689
19112,0.15851604210923026,0.005224839407716673,0.036259118483053035
19113,0.08939168687411361,0.0019417270144459619,0.10866658611144042
19114,0.19492347210167787,0.0005645424477574084,0.004511985450564693
19115,0.1923406981426326,0.0005114404895037616,0.007147861367863613
19116,0.004740414947042022,0.0005768909061943446,0.19468269414676362
19117,0.1980676365837958,0.0009141346366197001,0.0010182287795844718
19118,0.10760879563342776,0.002648198083346197,0.08974300628322604
19119,0.0041237443533584965,0.00020982857817158468,0.19566642706846993
19120,0.13253721286916562,0.00028341479872410905,0.06717937233211027
19121,0.19403338577739787,0.0009194703897274324,0.005047143832874683
19122,0.011431001193051326,0.001110350549614961,0.18745864825733372
19123,0.15267281333754154,0.0009974993017240748,0.04632968736073438
19124,0.018060594667885198,0.0018931199042346515,0.18004628542788015
19125,0.17760567709985553,0.00028768486940528325,0.022106638030739166
19126,0.1918150867369196,0.004994586276255892,0.0031903269868245104
19127,0.004001874793310935,0.001978474108426266,0.1940196510982628
19128,0.014316782210802941,0.0008502039883595905,0.18483301380083747
19129,0.16943537260271785,0.02344694069390825,0.007117686703373874
19130,0.1635044875895581,0.001317407283819387,0.0351781051266225
19131,0.1898110488312801,0.001159463288082163,0.009029487880637713
19132,0.014425066368411805,0.020207330644653923,0.16536760298693426
19133,0.19772351313206252,0.0001154013371657675,0.002161085530771709
19134,0.000497064204326019,7.159537091718792e-05,0.1994313404247568
19135,0.1934807414598851,0.0007712413662337495,0.005748017173881106
19136,0.15905012349843778,0.002298896523583045,0.038650979977979213
19137,0.18555187426370937,0.004572056554044141,0.009876069182246499
19138,0.02231262876872489,0.0005144358497418274,0.17717293538153328
19139,0.0016961530540852148,0.001074566248327229,0.19722928069758755
19140,0.19352152563403593,0.002461565566074535,0.004016908799889523
19141,0.1941208054205899,0.004225662579571703,0.001653531999838425
19142,0.18060777263177247,0.006944381270759832,0.012447846097467706
19143,0.18245082375123547,0.0025025651369994283,0.015046611111765109
19144,0.08931981710838081,0.0732948127060334,0.03738537018558576
19145,0.03251838536639465,0.00447517167272498,0.16300644296088038
19146,0.19595596469983384,0.002385530477080805,0.00165850482308534
19147,0.17011807873119847,0.0021420755029596195,0.02773984576584193
19148,0.1879550685682507,0.0054972950090660415,0.006547636422683284
19149,0.004051408978292972,0.0003153201765182811,0.19563327084518875
19150,0.10457782313755135,0.00023976179048468583,0.09518241507196396
19151,0.1863275796211508,0.00034983294382025715,0.01332258743502896
19152,0.1930471122359786,0.0023743557739508373,0.0045785319900705935
19153,0.1595441322246604,0.00011705189694119929,0.040338815878398424
19154,0.15472318985949102,0.003837779089941024,0.04143903105056796
19155,0.15203110009951273,0.0016647895299793207,0.04630411037050795
19156,0.1932890568941263,0.0009403232696700521,0.005770619836203647
19157,0.1864298789537978,0.0013393571843712223,0.012230763861830994
19158,0.19523803434137132,0.0004148168858354855,0.004347148772793202
19159,0.19638025985510016,0.002043578773839619,0.0015761613710602133
19160,0.006064375917878529,0.001147639630291292,0.19278798445183018
19161,0.14746163172636262,0.0026345905245591535,0.04990377774907822
19162,0.19062277870937866,0.0010378643123248538,0.008339356978296488
19163,0.18552417571271856,0.0010853591459150296,0.013390465141366414
19164,0.18810679529040694,0.0009279509621652084,0.010965253747427817
19165,0.16689557087314932,0.0014973744070352526,0.03160705471981541
19166,0.1946032378637542,0.0007778901214206288,0.00461887201482517
19167,0.19448231110597,0.0012036383775955184,0.004314050516434459
19168,0.1586126349787335,0.0005356415076339207,0.04085172351363257
19169,0.10593800269976819,0.010390706375073779,0.08367129092515804
19170,0.18708299958956368,0.0004357146167951383,0.012481285793641172
19171,0.19817354920468486,0.0001442326796920235,0.0016822181156231353
19172,0.18987478948096392,0.004022915148666912,0.0061022953703691474
19173,0.19110402673101642,0.0007515406834467003,0.00814443258553686
19174,0.09690989915077683,0.00295465848481312,0.10013544236441003
19175,0.1311425481796588,0.0010376519026211234,0.06781979991772005
19176,0.17700788846442855,0.00430547035974676,0.0186866411758247
19177,0.19441470279826958,0.003285213392095756,0.0023000838096346723
19178,0.1478873667123159,0.003936073618166344,0.048176559669517754
19179,0.13654222449967485,0.001095397366175504,0.06236237813414967
19180,0.19118345316205784,0.002709291915400146,0.006107254922542032
19181,0.08515343900861747,0.0009875102352345784,0.11385905075614795
19182,0.17112578572627385,0.001393048265495337,0.027481166008230817
19183,0.19024235763575983,0.0012795653513987032,0.008478077012841447
19184,0.11744696302016563,0.004687891037814168,0.07786514594202018
19185,0.17342193882531406,0.0019135605593643885,0.02466450061532153
19186,0.1978322418047039,0.0003203067882994607,0.0018474514069966147
19187,0.0029233069386389505,0.0004702299418602615,0.19660646311950078
19188,0.16160313734257647,0.001529960506058565,0.036866902151364955
19189,0.19311252274860508,0.0009922832150083172,0.005895194036386623
19190,0.0023760523940156365,0.0004550199150106319,0.19716892769097374
19191,0.14472777951213522,0.0008709638352806781,0.05440125665258412
19192,0.05551905263677759,0.00557592329069896,0.13890502407252345
19193,0.15696830415583418,0.00105057014498647,0.041981125699179334
19194,0.12161344987215716,0.0004556700742875685,0.07793088005355525
19195,0.1931753653632903,0.0011850417334701429,0.005639592903239564
19196,0.004963045403068191,0.0011257887747013148,0.19391116582223047
19197,0.010225521734098554,0.0008331185407690906,0.18894135972513237
19198,0.16822107530125147,0.00251491751553996,0.029264007183208596
19199,0.028406287448089283,0.0007069104218167394,0.17088680213009397
19200,0.0010157334998860325,0.00011567023457754742,0.1988685962655364
19201,0.041591392119498805,0.06240623999037748,0.09600236789012372
19202,0.002004182343803142,0.0003776811282715938,0.19761813652792526
19203,0.19625588385635345,0.001178493215554119,0.0025656229280924094
19204,0.15133587887796804,0.02869772115970997,0.019966399962322003
19205,0.18758851709304256,0.003069701635114785,0.009341781271842663
19206,0.09693413457799654,0.0007923775020039475,0.1022734879199995
19207,0.14822284936326496,0.02292960656066503,0.028847544076069986
19208,0.1943943892789301,0.0002265175445280257,0.005379093176541874
19209,0.0007701945810482662,6.0831713526548224e-05,0.19916897370542522
19210,0.18501393842479402,0.0008765894435909244,0.014109472131615087
19211,0.16254590911573183,0.0001819344794992195,0.037272156404768934
19212,0.1700291108772653,0.001639998512042659,0.02833089061069207
19213,0.07060472166021957,0.0016814054842767504,0.12771387285550367
19214,0.19531889249075846,0.00033279273595239033,0.004348314773289138
19215,0.19559141929965612,0.0009261727822638428,0.0034824079180800355
19216,0.00604238368228377,0.006103724588485742,0.18785389172923048
19217,0.19501825153626967,0.00041589094559431604,0.004565857518136035
19218,0.18540372070321146,0.004353104343032153,0.01024317495375644
19219,0.12717267890018885,0.003522388504701894,0.06930493259510923
19220,0.10890137075087278,0.012842222630930208,0.078256406618197
19221,0.18979045191841865,0.0016795702821794645,0.00852997779940189
19222,0.1367960799798743,0.011731930403329541,0.05147198961679613
19223,0.19431055032953234,0.00025068483005121986,0.0054387648404164105
19224,0.18570637517115623,0.0030385651145779556,0.011255059714265787
19225,0.034669685896141125,0.00933739374321635,0.15599292036064255
19226,0.1984985843239385,0.000354022765984843,0.0011473929100766665
19227,0.14684136938086306,0.001946858423025272,0.05121177219611165
19228,0.0913003069685426,0.012315024821059702,0.09638466821039768
19229,0.005930860201785756,0.0020147418253335723,0.19205439797288065
19230,0.18452835388968408,0.0005341710737890789,0.014937475036526838
19231,0.016919986818346847,0.003118779604096376,0.17996123357755675
19232,0.12272952406801999,0.0007826612985973771,0.07648781463338264
19233,0.17016805188051307,0.0031415284234802845,0.02669041969600665
19234,0.03914884335533822,0.0012003924721224108,0.15965076417253937
19235,0.19720927867242555,0.00023612428040024544,0.0025545970471741865
19236,0.14863342330360946,0.0003057913199397582,0.0510607853764508
19237,0.002362191940249538,0.010557155738214039,0.18708065232153642
19238,0.18543673405790756,0.0010123381985273293,0.013550927743565134
19239,0.002802754719752905,0.0005040243925149943,0.19669322088773206
19240,0.19658540657640228,0.0007115420184921648,0.0027030514051054983
19241,0.014249975246186236,0.0012005086295812017,0.18454951612423257
19242,0.0072440508683267015,0.00014866537433600412,0.19260728375733732
19243,0.0068314531693836455,0.0035072773403562996,0.18966126949026002
19244,0.07544847501625342,0.0019163527964700141,0.1226351721872766
19245,0.1913446568849651,0.002612550092360785,0.006042793022674103
19246,0.19026661928716834,0.0004612843805996361,0.009272096332232036
19247,0.18516536060062577,0.0020180119266698373,0.012816627472704387
19248,0.1893884054250627,0.0006370214991112182,0.009974573075826054
19249,0.16586175853222224,0.0022262086673149463,0.03191203280046282
19250,0.19366425797768377,0.0016250426952209344,0.0047106993270953305
19251,0.192528645490624,0.00023007462341551797,0.00724127988596048
19252,0.13325871666810066,0.008089796379937193,0.05865148695196215
19253,0.1778344963221269,0.004083501467187318,0.018082002210685778
19254,0.10066054949099552,0.00925179154783198,0.09008765896117249
19255,0.18366922988803522,0.0016889361173091353,0.014641833994655667
19256,0.1765678833706011,0.01636118572646353,0.007070930902935368
19257,0.058088888396924575,0.0005747616742902964,0.14133634992878513
19258,0.18870482224686477,0.0029586960600688343,0.008336481693066403
19259,0.16189300095302878,0.004122442692392836,0.03398455635457841
19260,0.13621058856048368,0.0007083092132316585,0.06308110222628469
19261,0.1930616648720362,0.0003460411697526709,0.006592293958211132
19262,0.1775807813737701,0.0041646075977660535,0.018254611028463878
19263,0.19695737788207937,0.0005596247519531015,0.00248299736596754
19264,0.06340780735811101,0.0025574093887047837,0.13403478325318421
19265,0.16436929898842897,0.0026222989590624626,0.033008402052508545
19266,0.19430147620446486,0.000621181943729737,0.0050773418518054265
19267,0.06183756482888549,0.0005554858746245843,0.13760694929648992
19268,0.056164540946069194,0.0010506301383604766,0.14278482891557032
19269,0.1841652518204651,0.000887697136686281,0.014947051042848622
19270,0.155316655025106,0.005898101581254669,0.03878524339363935
19271,0.19663690660622057,0.0003234429671659171,0.0030396504266134968
19272,0.1877026684788674,0.0009369452581825512,0.011360386262950068
19273,0.0574068299794653,0.004921668045839124,0.13767150197469558
19274,0.1404883738033241,0.004212737116251313,0.05529888908042459
19275,0.1336619705248695,0.0012614424952388217,0.0650765869798917
19276,0.1963463666991146,0.0018350272359194957,0.001818606064965883
19277,0.16381899478380915,0.0017847910056850154,0.03439621421050584
19278,0.020294109778940292,0.0001603170818668366,0.1795455731391929
19279,0.14875940966746268,0.004778875186082605,0.04646171514645471
19280,0.13213081334558163,0.05573072458379393,0.012138462070624443
19281,0.06830044338199534,0.0031549803067827398,0.1285445763112219
19282,0.15482105755001255,0.002666924136436428,0.04251201831355102
19283,0.08965754904989276,0.0004495320990626761,0.10989291885104455
19284,0.1917625024206204,0.00032725415600999965,0.007910243423369592
19285,0.19445068572984087,0.00013763569777886333,0.005411678572380275
19286,0.1931867945514402,0.0010336216840202595,0.0057795837645395216
19287,0.15874116782315464,0.02181057744680206,0.019448254730043288
19288,0.006648202816816373,0.00021387277502570747,0.1931379244081579
19289,0.1818079557933103,0.012006261973635612,0.006185782233054081
19290,0.19606629592127203,0.00020114951220270524,0.003732554566525276
19291,0.196190130948965,0.0003591765108225753,0.0034506925402124113
19292,0.009900023285522848,0.0010238362106604613,0.18907614050381666
19293,0.18747140466473655,0.0006944121624536531,0.011834183172809803
19294,0.17676304466552173,0.00220704488464148,0.02102991044983678
19295,0.19219395664043054,0.00018820866895378607,0.007617834690615695
19296,0.18151781782181567,0.0015259806335609703,0.01695620154462339
19297,0.1657287497212483,0.0009339777481634619,0.033337272530588255
19298,0.0008175964737346419,0.000167710376065322,0.19901469315020004
19299,0.18130435684421217,0.0014754573778514807,0.017220185777936346
19300,0.17669241326259372,0.001231221498791924,0.022076365238614386
19301,0.09675922420618237,0.012677732458337218,0.0905630433354804
19302,0.19614130168766145,0.0006907177019484868,0.003167980610390075
19303,0.19050089249508625,0.00011880825629706981,0.009380299248616657
19304,0.19708980663709358,0.00026937084755790147,0.002640822515348515
19305,0.1520090184842754,0.002304984765112262,0.04568599675061234
19306,0.19764664423539718,0.0006907377232149252,0.0016626180413878608
19307,0.19319406402195538,0.0014151872750854456,0.005390748702959162
19308,0.023153236114288163,0.0013936143698272576,0.17545314951588456
19309,0.18135846471743583,0.005991105511590449,0.012650429770973675
19310,0.19611203884187983,0.0005553082291815221,0.003332652928938664
19311,0.02573422388155594,0.012959445683378104,0.16130633043506595
19312,0.19529511665372118,0.0005224700213749156,0.004182413324903914
19313,0.00335241188111265,0.0007550078264915196,0.19589258029239584
19314,0.19236298760176496,0.006323020134049405,0.001313992264185644
19315,0.13409180040883345,0.003609058456707847,0.06229914113445871
19316,0.1788709734413426,0.002296535904179336,0.018832490654478055
19317,0.10931005930890907,0.0029839557077336555,0.08770598498335726
19318,0.015605325425344338,0.002134255386887707,0.18226041918776797
19319,0.08443404845486732,0.000413414372899317,0.11515253717223335
19320,0.004063985304422063,0.00028686254434231854,0.19564915215123563
19321,0.1973866960598255,0.0012599747515708187,0.0013533291886036285
19322,0.15884141410421349,0.029898036130596484,0.011260549765190028
19323,0.19721301905258343,0.00026794312587026666,0.0025190378215463505
19324,0.0721570613287128,0.019434508216009734,0.10840843045527745
19325,0.19125321480147867,0.0011555457147996169,0.007591239483721724
19326,0.1917403313266301,0.0006727913901407811,0.007586877283229085
19327,0.038164514066735,0.003817029898753882,0.1580184560345111
19328,0.10482999703086011,0.0009461059294192681,0.0942238970397206
19329,0.09346910075626783,0.01208116513562405,0.09444973410810811
19330,0.04198562921934544,0.0004823053008285136,0.15753206547982607
19331,0.19460182526193842,0.0004293166227058112,0.004968858115355723
19332,0.16677222503692174,0.00025024976152913665,0.03297752520154909
19333,0.16475080025834532,0.00129784492829025,0.03395135481336439
19334,0.19629455441947338,0.0019059312297160323,0.00179951435081055
19335,0.016634690968415914,0.004694978862662823,0.17867033016892125
19336,0.1819508993648629,0.0026639029254455714,0.015385197709691528
19337,0.1518887718276945,0.003234360136158229,0.04487686803614727
19338,0.17259250173370977,0.0031948738271102934,0.02421262443917995
19339,0.161859031227569,0.001449299720273946,0.03669166905215705
19340,0.19106387708954786,0.0016918574991605251,0.007244265411291598
19341,0.1920553996898559,0.0020795703617237007,0.005865029948420369
19342,0.19473479545722544,0.00018229691421354745,0.00508290762856101
19343,0.17370557361253086,0.0008057166013301627,0.025488709786138968
19344,0.1758542168348169,0.0003980700495759762,0.023747713115607142
19345,0.0970865363318831,0.01276667524286675,0.09014678842525016
19346,0.19009010018414674,0.0009759146900309932,0.0089339851258223
19347,0.1864551991629715,0.009652995281482415,0.0038918055555460865
19348,0.17807810703392554,0.0029712079414710964,0.018950685024603352
19349,0.13815590466646946,0.0019098693207908412,0.05993422601273971
19350,0.19037262362830495,0.0031507665610456975,0.006476609810649325
19351,0.005072207078088297,0.0012279755481527654,0.1936998173737589
19352,0.19419857221792805,0.0023080996387154573,0.003493328143356487
19353,0.16565098650715704,0.0014031782528806226,0.03294583523996234
19354,0.19140580486253325,0.0014835716280491758,0.007110623509417586
19355,0.024991171450085743,0.0023288139730875757,0.17268001457682666
19356,0.053340122336804616,0.004212594944925755,0.14244728271826962
19357,0.15775813590421597,0.010390156531065117,0.03185170756471892
19358,0.1792483008304231,0.002561630455022465,0.018190068714554454
19359,0.1682552628598934,0.0027378090892873157,0.02900692805081929
19360,0.19173827204221497,0.0015308207185916003,0.006730907239193433
19361,0.19913718452451748,0.0001742362747960263,0.0006885792006865062
19362,0.019406118541499907,0.0025280491773953776,0.17806583228110473
19363,0.101740212501256,0.00038462580507076405,0.09787516169367323
19364,0.19043549996831644,0.0005519701239831093,0.009012529907700441
19365,0.18480151608261322,0.001343393427709644,0.013855090489677124
19366,0.18723388932836427,0.0006914266573572462,0.012074684014278508
19367,0.17965691292802757,0.0048528401229354385,0.015490246949036982
19368,0.06753176063059099,0.0035948337526693205,0.1288734056167397
19369,0.10628919811404214,0.0015759992888794683,0.09213480259707837
19370,0.18522394679044346,0.002282033425956533,0.012494019783599979
19371,0.061577349893324106,0.00037331354594095434,0.13804933656073495
19372,0.1969622782221315,0.0012022902423395351,0.0018354315355289664
19373,0.07387509822031159,0.0024468006814249233,0.1236781010982635
19374,0.17041387817219492,0.0008377771890440694,0.028748344638761015
19375,0.196909598536743,0.0005817730519132198,0.002508628411343755
19376,0.0038502848488113383,0.0002911915628979023,0.19585852358829076
19377,0.14842123669892796,0.002488759454236604,0.04909000384683543
19378,0.19510158006807532,0.0015367870577950615,0.0033616328741296287
19379,0.1285703147244142,0.0037616536423486363,0.06766803163323716
19380,0.048250665039099326,0.0017275992854201678,0.1500217356754805
19381,0.17607224532761104,0.002439082013320794,0.021488672659068172
19382,0.16185997860950313,0.0012916256055941122,0.03684839578490276
19383,0.005089297157045947,0.007322055696369259,0.1875886471465848
19384,0.17964423420072106,0.0008032720849713368,0.019552493714307603
19385,0.17850102168723084,0.002048083902647078,0.019450894410122106
19386,0.02768503071860806,0.020975869567192194,0.15133909971419973
19387,0.1788355989380892,0.015229664169188074,0.00593473689272274
19388,0.015261897701653468,0.0054701527951972065,0.17926794950314934
19389,0.1699256211329318,0.0016674607038250251,0.028406918163243144
19390,0.1759509567113126,0.004605182187765632,0.01944386110092176
19391,0.004898785067808841,0.0005350983395870587,0.1945661165926041
19392,0.01948614367266959,0.004481818957277518,0.17603203737005288
19393,0.19233812045291748,0.00511883254037478,0.0025430470067077256
19394,0.19384358106793095,0.004307109912907056,0.001849309019162001
19395,0.19743856971538348,0.0001896843367356947,0.0023717459478808144
19396,0.18725913855625492,0.00044414296020714526,0.012296718483537958
19397,0.18043124779337694,0.0008978277444565937,0.018670924462166453
19398,0.16614119632286928,0.003501263205482626,0.03035754047164811
19399,0.041615497250618666,0.02038332976001191,0.13800117298936945
19400,0.19047787896092805,0.0002762702712257005,0.009245850767846234
19401,0.03229962046340421,0.003507363991516115,0.16419301554507967
19402,0.19375336619254022,0.0003986939137236935,0.005847939893736078
19403,0.15755838559860172,0.02906766763475684,0.013373946766641446
19404,0.12738768691279664,0.0017719927828798328,0.07084032030432354
19405,0.10516196241794658,0.006440777849680203,0.08839725973237321
19406,0.19549438198462374,0.0013758717777243117,0.0031297462376519295
19407,0.00460400661437694,0.0005901943955557364,0.19480579899006734
19408,0.038997949968428605,0.0011811182580756014,0.15982093177349582
19409,0.11577152581974315,0.002098417044692165,0.0821300571355647
19410,0.1966689186144434,7.546246671780152e-05,0.0032556189188387872
19411,0.1957996767025189,0.00026603569232397915,0.003934287605157085
19412,0.1533564253556358,0.019846279495080082,0.02679729514928414
19413,0.00038119257453126277,6.863807350185485e-05,0.19955016935196684
19414,0.0006599647000791652,0.00022786503368794797,0.19911217026623287
19415,0.019758437739128977,0.013012296474113474,0.1672292657867575
19416,0.19847574416363298,0.0006900103737277079,0.0008342454626392857
19417,0.13577899391453518,0.014485470944276366,0.04973553514118841
19418,0.012618546293507343,0.00015107412999128337,0.1872303795765014
19419,0.194197832356707,0.000218295710722764,0.0055838719325702
19420,0.0008664810060453176,0.00040344427987705066,0.19873007471407764
19421,0.15591449655092732,0.013748288752556103,0.030337214696516568
19422,0.19350507502259157,0.0010063429554615267,0.00548858202194693
19423,0.026657692442749053,0.0014043643810090112,0.17193794317624195
19424,0.032397946687783986,0.001144210793481331,0.1664578425187347
19425,0.18852410051270002,0.0003892579939655101,0.011086641493334467
19426,0.1959039873878669,0.00038035464036105754,0.0037156579717720108
19427,0.10856009748847999,0.002567265556274924,0.0888726369552451
19428,0.19557304668366973,0.00036708132935486863,0.0040598719869754185
19429,0.18975004619717897,0.000585579180735498,0.00966437462208556
19430,0.07327619401540635,0.010670609889468195,0.11605319609512546
19431,0.18711000679949424,0.0014708949885621223,0.011419098211943632
19432,0.19472709945585068,0.0009315266543412854,0.004341373889808055
19433,0.015671702371440662,0.00625362251116811,0.17807467511739125
19434,0.18762838455797823,0.001087495631599276,0.01128411981042247
19435,0.004984860117549971,0.0004798770837054492,0.19453526279874458
19436,0.003525494017072456,0.00017403242456524092,0.1963004735583623
19437,0.14710027985358395,0.020465820637771717,0.03243389950864432
19438,0.19758055335440544,0.0011286252177083373,0.0012908214278862444
19439,0.18414639392119178,0.0002673124454393598,0.01558629363336883
19440,0.14490919783177864,0.03410800518971045,0.020982796978510906
19441,0.1669440683439051,0.0007840159436912602,0.032271915712403655
19442,0.14412361098923815,0.006688161121447942,0.04918822788931389
19443,0.017595183216915923,0.002757339606929415,0.17964747717615465
19444,0.17934720696059095,0.0022330805631699206,0.018419712476239147
19445,0.19723960839332694,0.00020900423319535175,0.0025513873734776846
19446,0.1960764731646541,0.0010879287457643753,0.002835598089581536
19447,0.07907458473510004,0.018789809425202676,0.10213560583969727
19448,0.18093317039712994,0.0008042284138085681,0.018262601189061457
19449,0.13962867956379366,0.0037091227714981046,0.056662197664708244
19450,0.19391784161994197,0.0014772391717453304,0.004604919208312695
19451,0.004506497975953908,0.0005107272369348554,0.19498277478711123
19452,0.1931633149552815,9.659119486586407e-05,0.006740093849852624
19453,0.17970502784787223,0.0007114187043257252,0.01958355344780205
19454,0.12926875136375862,0.002562583878729936,0.06816866475751143
19455,0.16530197071789143,0.0029579491048734837,0.031740080177235064
19456,0.13381857587786014,0.017501272080399057,0.048680152041740775
19457,0.12159631460121953,0.004005986611496913,0.07439769878728356
19458,0.08506923540056145,0.004026436929918867,0.11090432766951967
19459,0.09536128512095235,0.0005006581850820642,0.10413805669396559
19460,0.1525517433559102,0.014501711210261298,0.03294654543382851
19461,0.18693682521826954,0.0010691859824935178,0.011993988799236962
19462,0.16691185544687115,0.0003849276084985693,0.032703216944630305
19463,0.19560975546261206,0.0002455726150811451,0.004144671922306814
19464,0.19453339622969343,0.0023725112751642663,0.003094092495142273
19465,0.15087428061237027,0.023775971838643488,0.02534974754898625
19466,0.15938259421448064,0.006922928105279237,0.033694477680240094
19467,0.17512792563502136,0.005622116178790449,0.019249958186188208
19468,0.16075891463297592,0.02671095824461008,0.012530127122413987
19469,0.15045191261125135,0.00020890866718082483,0.04933917872156784
19470,0.17666042405855933,0.0002131882091251913,0.023126387732315484
19471,0.19365139407176574,0.0005184962752633833,0.00583010965297086
19472,0.17457945415695067,0.015326055973985226,0.010094489869064107
19473,0.03538751091612533,0.002308785291034714,0.16230370379283993
19474,0.18864615894666922,0.0002634026191367249,0.011090438434194019
19475,0.006123855376433139,0.0008817539405464071,0.19299439068302043
19476,0.189000345487371,0.007284660673626065,0.0037149938390029515
19477,0.19750618701986897,0.0001219474050405817,0.002371865575090401
19478,0.19628561110808102,0.000605093244202423,0.0031092956477165763
19479,0.01639382420517944,0.002787152572224802,0.18081902322259574
19480,0.049153402892816125,0.0059915287235449855,0.14485506838363887
19481,0.18513079008717395,0.000963937419522504,0.013905272493303538
19482,0.19803977998760364,0.0007481548766002835,0.0012120651357961083
19483,0.179351551068979,0.001882699026723016,0.018765749904298024
19484,0.18741111351299014,0.0006493694956593447,0.01193951699135048
19485,0.15985122678958016,0.033854521663496645,0.006294251546923179
19486,0.15438246370441,0.0015625494624703768,0.04405498683311962
19487,0.1928849296584223,0.0010714906016922733,0.006043579739885447
19488,0.18697661232686577,0.001045435052658468,0.011977952620475735
19489,0.19694289896986766,0.00039252284497829943,0.0026645781851539906
19490,0.16686799352542808,0.0029155445865761045,0.030216461887995826
19491,0.18809147084744587,0.0006382783494178715,0.011270250803136258
19492,0.1715075719289387,0.013175146895496875,0.01531728117556439
19493,0.13978455215738003,0.0017562301008562466,0.058459217741763714
19494,0.04137286348819414,0.0010131901254643626,0.1576139463863415
19495,0.1164160346247807,0.0034195238002720078,0.0801644415749473
19496,0.16297471853668055,0.0034338360495369765,0.033591445413782485
19497,0.13552096847855097,0.004294373008891602,0.06018465851255742
19498,0.019334727844679107,0.0010989362485622758,0.17956633590675863
19499,0.14910698151062235,0.001933940648219169,0.04895907784115846
19500,0.19680865344951276,0.0002675569330155645,0.0029237896174716853
19501,0.01977770996334156,0.001524664756208918,0.17869762528044952
19502,0.01628139064886537,0.00660523674634691,0.17711337260478774
19503,0.1958851003477257,0.0012834439809214417,0.0028314556713528883
19504,0.18329194688295944,0.003497655204755355,0.013210397912285196
19505,0.014040874679437274,0.01386275674946839,0.1720963685710943
19506,0.19209485490947217,0.0019335614322609333,0.00597158365826693
19507,0.013896676495473909,0.0007083509083278283,0.18539497259619828
19508,0.18127938572539284,0.002825498524875055,0.015895115749732125
19509,0.16869551875499517,0.019298186796074104,0.01200629444893074
19510,0.16501437962710874,0.0041176548889741696,0.03086796548391708
19511,0.004983005671750899,0.07573332492586472,0.11928366940238437
19512,0.14654686230517924,0.03540600865073754,0.018047129044083232
19513,0.17144927711283053,0.0024183924185150556,0.02613233046865445
19514,0.19707479121466526,0.0001119987702066783,0.0028132100151280577
19515,0.03324548031869735,0.0029490319923590963,0.1638054876889436
19516,0.1347786227843251,0.002849481986295037,0.06237189522937988
19517,0.19622811694487433,0.0005374744481866738,0.0032344086069389993
19518,0.17889350836239284,0.0008164987694323275,0.020289992868174823
19519,0.16989300535880197,0.016114318419656916,0.01399267622154109
19520,0.18663733523721643,0.0012174429931112115,0.012145221769672367
19521,0.17512198249121358,0.005880175476777966,0.018997842032008435
19522,0.1873871206735508,0.0015230575020479583,0.01108982182440126
19523,0.0022493221668247404,0.00035988829632142654,0.19739078953685385
19524,0.17348761559976109,0.006175474853964038,0.02033690954627485
19525,0.17385415313304345,0.004042250740032502,0.02210359612692404
19526,0.19228284666941203,0.0001456108632341176,0.007571542467353849
19527,0.17436736751474227,0.017779617662650248,0.007853014822607482
19528,0.17979912205433685,0.0012621613327572392,0.018938716612905936
19529,0.0654140184336849,0.00020853978413887115,0.13437744178217623
19530,0.15164050850883476,0.023755721780898346,0.024603769710266905
19531,0.1803890478602752,0.001344017757463514,0.018266934382261284
19532,0.09468969396681906,0.0030885530885144787,0.10222175294466647
19533,0.1901650103233083,0.005505103533568565,0.004329886143123135
19534,0.11536847042593482,0.0005653702514609404,0.08406615932260424
19535,0.005650653750618307,0.0017424406827109928,0.19260690556667068
19536,0.016130923379012972,0.001852541858987981,0.18201653476199905
19537,0.00044968929870226385,0.0003812023656784646,0.19916910833561927
19538,0.17321146365627274,0.0023480228005654984,0.024440513543161783
19539,0.08892498190700626,0.005800821035233642,0.10527419705776012
19540,0.0005536262697214746,6.345004624573855e-05,0.1993829236840328
19541,0.0016839619660866255,0.0002694157358149105,0.19804662229809844
19542,0.19537848324007873,0.00154777424605129,0.0030737425138700055
19543,0.17104871783480347,0.001276779874269811,0.027674502290926738
19544,0.17974093963915583,0.0005848874422306734,0.01967417291861347
19545,0.0008428139625010842,0.00032703326976423386,0.1988301527677347
19546,0.1709874211701081,0.0003946734015617302,0.028617905428330186
19547,0.19039378872688903,0.0010930351069403604,0.008513176166170618
19548,0.055907641633043,0.009247768029057213,0.13484459033789978
19549,0.1969272338456369,0.00029264842595426015,0.002780117728408872
19550,0.18635653707644853,0.00014785763570448297,0.013495605287846995
19551,0.07877724741022099,0.01582343193862791,0.10539932065115112
19552,0.012240128077680563,0.00047347151922784924,0.18728640040309158
19553,0.04255941173949786,0.0019864747302894793,0.15545411353021268
19554,0.18120587622814144,0.001202402630611107,0.01759172114124748
19555,0.1983539743467593,0.00011900896562705212,0.001527016687613635
19556,0.1314502747578967,0.008083837251816963,0.06046588799028635
19557,0.197286836437893,0.00044739187126154105,0.002265771690845468
19558,0.18053035846793655,0.005595847448102326,0.013873794083961133
19559,0.05284528305769097,0.0015295185192233931,0.14562519842308563
19560,0.1960198256601173,0.0015976517064188514,0.0023825226334638237
19561,0.03157674970781678,0.00039898008965987735,0.16802427020252333
19562,0.12279112392885735,0.005085393203574348,0.07212348286756828
19563,0.19185585832897764,0.0006461246129781648,0.007498017058044207
19564,0.18922470531557994,0.0008674256941665837,0.009907868990253456
19565,0.0002595556298551463,7.710755998173914e-05,0.1996633368101631
19566,0.12374905517733119,0.02272298963662794,0.05352795518604088
19567,0.0028551871060016627,0.0020671664649742597,0.1950776464290241
19568,0.1951817511421943,0.0007397501273497302,0.004078498730456015
19569,0.19552578719897745,0.0006911681946648879,0.003783044606357705
19570,0.19670035818250636,0.002460609015235459,0.0008390328022581932
19571,0.16357608521762781,0.000646033082568738,0.035777881699803456
19572,0.16537780097133775,0.0021951554683945695,0.03242704356026769
19573,0.17999010162086648,0.0032217183930979844,0.016788179986035535
19574,0.1951852657790939,0.00039693221985606625,0.004417802001050042
19575,0.16246529220352535,0.0012393105244884594,0.03629539727198618
19576,0.1790273881387227,0.0020444723223141735,0.01892813953896313
19577,0.18677492721307903,0.0019407845765933493,0.011284288210327637
19578,0.19557162611354,0.0017118739157028049,0.0027164999707571837
19579,0.19597808722561338,0.0010853061936568409,0.0029366065807297794
19580,0.18509888241636377,0.0011180167363880056,0.013783100847248264
19581,0.18636291825145393,0.004113950277572062,0.00952313147097401
19582,0.0703824494187239,0.003937114568181011,0.12568043601309511
19583,0.0011966083690801593,0.00028962752533540743,0.1985137641055844
19584,0.16491392131429727,0.016789141555646155,0.01829693713005657
19585,0.18257069315437605,0.0010168055756412928,0.016412501269982664
19586,0.01338493434613682,0.04422491865119678,0.1423901470026664
19587,0.11043869480183048,0.0001667560144257342,0.08939454918374379
19588,0.1896016934859339,0.002753302471407594,0.007645004042658524
19589,0.18427270258703302,0.001714840051978777,0.014012457360988193
19590,0.19618485179380774,0.0012884857816324161,0.0025266624245598585
19591,0.1306050485801066,0.005694473623275174,0.06370047779661822
19592,0.1945779420667358,0.001169470721638598,0.004252587211625597
19593,0.19503256758209747,0.0004065221684766752,0.004560910249425869
19594,0.18722977443616917,0.009358776305108982,0.0034114492587218547
19595,0.014647901614960776,0.002798090238963282,0.18255400814607595
19596,0.18723157279521319,0.0013566651339003244,0.011411762070886485
19597,0.18248695533823453,0.001611868175070762,0.0159011764866947
19598,0.01730473033832355,0.0013323173497964253,0.18136295231188
19599,0.19274702755115367,0.0036785904081973785,0.003574382040648993
19600,0.0005014256192855989,0.0009455552161280417,0.19855301916458634
19601,0.18530676894144377,0.000979588441317093,0.013713642617239157
19602,0.18680761043008887,0.005322580136089527,0.007869809433821592
19603,0.01399994008319832,0.0009233751232327458,0.18507668479356892
19604,0.019334576446883866,0.0021294141431536817,0.17853600940996245
19605,0.15377428880584995,0.006488720229976571,0.03973699096417344
19606,0.15242999954754846,0.038350011592323915,0.009219988860127632
19607,0.19042120168686116,0.0033514789646123602,0.006227319348526474
19608,0.07411869797677217,0.0021525865213729172,0.1237287155018549
19609,0.1649337211112462,0.0016976680570049423,0.03336861083174884
19610,0.19396411818529696,0.00029469056811057276,0.005741191246592444
19611,0.19289333551986393,0.0007499222404339852,0.0063567422397020805
19612,0.18618634812164855,0.002049895395550067,0.011763756482801367
19613,0.10737814198563089,0.007539100175915407,0.08508275783845369
19614,0.19524240842174892,0.0004847177224152906,0.0042728738558358076
19615,0.037396886179072185,0.002049591641235129,0.1605535221796927
19616,0.02917796977923697,0.01050381277640183,0.1603182174443612
19617,0.17314409815611678,0.001490755060926058,0.025365146782957194
19618,0.16415924524472286,0.0029177681220425404,0.03292298663323458
19619,0.19295624600243622,0.002619221039638779,0.004424532957925019
19620,0.12506409403960506,0.0026861257157132713,0.07224978024468168
19621,0.16870015763832577,0.0008367417769586736,0.030463100584715526
19622,0.1963695276080205,0.0002979078596780388,0.0033325645323014443
19623,0.19470545549378993,0.0005741663936449054,0.004720378112565185
19624,0.19676627124759424,0.0019029006092856388,0.0013308281431201419
19625,0.0030180569162994433,0.0007578712287527222,0.1962240718549478
19626,0.165131452870292,0.0004111242549927662,0.034457422874715274
19627,0.186888802028853,0.0013364548757159186,0.011774743095431079
19628,0.025144895864781185,0.0007626435833207487,0.17409246055189806
19629,0.1933854597267317,0.0009105379637276593,0.005704002309540636
19630,0.0771935481180108,0.0012256999447581326,0.12158075193723109
19631,0.1949673396879967,0.0017257502416331502,0.003306910070370165
19632,0.0896920716432619,0.00034987784091926755,0.10995805051581883
19633,0.19712357508756012,0.00036589620823156767,0.002510528704208319
19634,0.02647771439311399,0.00038880565886644295,0.1731334799480196
19635,0.17224268102168877,0.001676716542462461,0.026080602435848754
19636,0.19085230522782914,0.0017313513956692822,0.007416343376501555
19637,0.17688042258790448,0.011758910349045996,0.011360667063049511
19638,0.17772992523508196,0.0005035284800533797,0.02176654628486465
19639,0.1808455202576447,0.0012131808423853471,0.01794129889996996
19640,0.030132735013076756,0.0035392806255641835,0.16632798436135904
19641,0.19532894066495052,0.00027122993037083793,0.004399829404678667
19642,0.05732983968860798,0.013401624399940928,0.1292685359114511
19643,0.016855806171799284,0.001344683542969893,0.18179951028523084
19644,0.1686699654474752,0.00810302001271886,0.02322701453980593
19645,0.1920845080492905,0.0037005932489540976,0.004214898701755411
19646,0.17802561872791073,0.0021390854606950717,0.01983529581139416
19647,0.08728260250179991,0.01374836196727229,0.0989690355309278
19648,0.19328304628203682,0.0003161195854451468,0.006400834132518034
19649,0.17033061992976234,0.0005755922298114969,0.029093787840426148
19650,0.1872907669350879,0.0007868282698612332,0.01192240479505086
19651,0.1696836236172898,0.01039839089488865,0.01991798548782154
19652,0.1443503134182799,0.003998346604587396,0.051651339977132726
19653,0.1954158244367287,0.0029287119324064555,0.0016554636308648556
19654,0.11556794677751059,0.0020238112657474648,0.08240824195674196
19655,0.19027417455701964,0.0027696500683954016,0.006956175374584983
19656,0.1954683231532799,0.0002788144382444753,0.004252862408475675
19657,0.003961386376856173,0.005462867322594004,0.19057574630054983
19658,0.10052337820269623,0.002923856669403952,0.09655276512789981
19659,0.18538364969080862,0.00021678748439764875,0.014399562824793743
19660,0.08515433862005854,0.011697925073778315,0.10314773630616314
19661,0.1968567193720867,0.0006441873503768814,0.002499093277536392
19662,0.18497765219944862,0.00029211477520992696,0.014730233025341455
19663,0.18111187252471345,0.002227667188828144,0.016660460286458383
19664,0.1710361051420692,0.0012578560701228846,0.0277060387878079
19665,0.15178033871851032,0.004973971582073604,0.04324568969941609
19666,0.11378400349010584,0.0010764809479263274,0.08513951556196782
19667,0.16535179753327067,0.021394649772148364,0.013253552694580959
19668,0.02011513488915917,0.003942814448966219,0.1759420506618746
19669,0.19420222595026537,0.0014852670677156393,0.00431250698201897
19670,0.1607224402507884,0.00016939336015957745,0.03910816638905201
19671,0.02631048477473601,0.0013437712169732917,0.17234574400829067
19672,0.16148537504432103,0.0017894091105233802,0.03672521584515559
19673,0.18017336430167358,0.001291704841293039,0.018534930857033383
19674,0.19784006542584337,0.0005747763227675848,0.0015851582513890378
19675,0.01479986751823208,0.0008611111207867712,0.18433902136098115
19676,0.08082031218247773,0.001012993441028336,0.11816669437649394
19677,0.19710948363340264,0.0005020996169017858,0.0023884167496955517
19678,0.03717555612422551,0.005220541178283486,0.157603902697491
19679,0.0012184515158211481,7.890904806996714e-05,0.1987026394361089
19680,0.002567029104366272,0.0034110464516605224,0.1940219244439732
19681,0.1712381016172866,0.0009905076425540589,0.02777139074015934
19682,0.1928446203511875,0.00074682480116075,0.006408554847651788
19683,0.0010371871139453134,0.0003131733081418817,0.1986496395779128
19684,0.1697931025741158,0.005781319048991154,0.024425578376893055
19685,0.1944483409597711,0.0007825002232312291,0.004769158816997671
19686,0.046897655192630464,0.0016537211007343964,0.15144862370663514
19687,0.1927894099306106,0.000669498095822813,0.0065410919735665735
19688,0.0028188601209633993,0.0007743590877732186,0.1964067807912634
19689,0.09922797987790803,0.038862541112371335,0.061909479009720644
19690,0.19667457796831758,0.0010546130472287188,0.002270808984453732
19691,0.1931237901200844,0.0011122330382256473,0.0057639768416899665
19692,0.06985202600045644,0.0007206125985809729,0.1294273614009626
19693,0.09894585367793209,0.030482550934306213,0.07057159538776167
19694,0.19784485379777142,0.0015660065492264848,0.0005891396530020956
19695,0.19224602198547663,0.0011620159925713948,0.006591962021951975
19696,0.16280505489955355,0.004263319860605996,0.03293162523984048
19697,0.18787682817914209,0.003676383536566276,0.008446788284291615
19698,0.1543110307332094,0.0034583393017347383,0.04223062996505588
19699,0.09256017731768566,0.0016384042497802572,0.10580141843253407
19700,0.1936118645391482,0.00026477679205698894,0.006123358668794812
19701,0.083262875665974,0.00116889911270256,0.11556822522132344
19702,0.19224338144006037,0.00076553317448846,0.006991085385451176
19703,0.0774387554034601,0.001845625764004937,0.12071561883253497
19704,0.19227287541520002,0.0007035656182513177,0.0070235589665486615
19705,0.1983164126651504,0.0005700792971495906,0.0011135080376999643
19706,0.16399084931137728,0.0026150842612336907,0.03339406642738902
19707,0.19638489712624416,0.0009244516871914508,0.0026906511865644133
19708,0.05802725723823863,0.026356418006159295,0.11561632475560209
19709,0.167289689816933,0.003879736699599992,0.02883057348346697
19710,0.1931485929657822,0.0012085875676324368,0.005642819466585378
19711,0.11173611496207288,0.000976045659941554,0.08728783937798558
19712,0.07091868383956922,0.0009947209893089598,0.12808659517112184
19713,0.18576876449852006,0.0009918452777306474,0.013239390223749306
19714,0.16126051915705647,0.030011473267370452,0.00872800757557307
19715,0.16733954172003457,0.0009305268593321127,0.031729931420633344
19716,0.1453736698489358,0.023254898852310392,0.03137143129875381
19717,0.00480586778452799,0.00034115083967992604,0.1948529813757921
19718,0.1921013182010398,0.0005481584433145618,0.007350523355645648
19719,0.0052157716527228126,0.0005038255444269709,0.19428040280285022
19720,0.18855249430527937,0.00016315164963176044,0.011284354045088861
19721,0.03451743992916267,0.012862926022659319,0.152619634048178
19722,0.1735988048746052,0.01654664848375046,0.009854546641644344
19723,0.10206532634089072,0.08978689610211577,0.008147777556993526
19724,0.19576259024019088,0.0012874370359937442,0.0029499727238153656
19725,0.05766290165199488,0.002652046044997958,0.13968505230300718
19726,0.19380998318841938,0.0016151680523111768,0.004574848759269458
19727,0.14062085335875593,0.003251951548013929,0.05612719509323012
19728,0.059378441354480095,0.009567361985306748,0.13105419666021315
19729,0.19248761844529677,0.0031207967210492567,0.004391584833653985
19730,0.19498832856335097,0.0012528483999573595,0.0037588230366917066
19731,0.013782197800471144,0.007418223865583641,0.1787995783339452
19732,0.022455149554166512,0.027372734261919655,0.15017211618391385
19733,0.18760737038046468,0.0011205052612712717,0.01127212435826406
19734,0.19160242555840284,0.0048229508038152066,0.003574623637781913
19735,0.19588578729560685,0.00018481709790181574,0.003929395606491352
19736,0.005971760541525986,0.0014337753194817902,0.19259446413899223
19737,0.19438140506169388,0.0002855170503299162,0.005333077887976186
19738,0.16130066356387238,0.0037552021541783645,0.03494413428194923
19739,0.01966425312848972,0.0007586688400126767,0.1795770780314976
19740,0.1851531375918677,0.0009285968239279166,0.013918265584204375
19741,0.19815052062252558,0.00018824121157396843,0.0016612381659004422
19742,0.19366554900265365,0.00019142118321689098,0.006143029814129466
19743,0.19215224209885934,0.0026250386687522334,0.005222719232388416
19744,0.02271597157075214,0.0008042978831830779,0.17647973054606475
19745,0.19310665031011875,0.002319728875604653,0.004573620814276588
19746,0.13454134061614123,0.002787593590904738,0.06267106579295403
19747,0.1938713376081407,0.002716644428955957,0.0034120179629033567
19748,0.19266457005971904,0.0021230956100614226,0.0052123343302195166
19749,0.021982057006144286,0.025051974590148303,0.1529659684037074
19750,0.08666688969279127,0.057630246274849674,0.055702864032359065
19751,0.066436734544572,0.0003652155395274094,0.1331980499159006
19752,0.18333614066681558,0.0009053889600706124,0.015758470373113762
19753,0.15702589003966277,0.015189820421545075,0.02778428953879215
19754,0.040814362011562695,0.005286692658319188,0.1538989453301181
19755,0.18624999587820415,0.000886446721367176,0.012863557400428669
19756,0.14845974141491375,0.005123348196364996,0.04641691038872122
19757,0.19584295876153585,0.0005332669734739329,0.003623774264990208
19758,0.0687126207882413,0.0005458064105456905,0.130741572801213
19759,0.19727332916291335,0.0006722412233859145,0.0020544296137007586
19760,0.010509413068711174,0.003409530871881984,0.18608105605940686
19761,0.19727315014382138,0.00039582145056361667,0.0023310284056149815
19762,0.19603969279684694,0.002586578752338997,0.001373728450814064
19763,0.15816334973574778,0.001898054866982508,0.0399385953972697
19764,0.1871429786693114,0.0009561131228128017,0.011900908207875783
19765,0.020263467854421756,0.0017831964595557254,0.17795333568602253
19766,0.0014916756335948457,0.00022142349138043466,0.1982869008750247
19767,0.008765628565704566,0.000493290744542266,0.19074108068975318
19768,0.19304599031889352,0.0009409277279936543,0.0060130819531128196
19769,0.18784325167272747,0.0001972837467420456,0.011959464580530477
19770,0.16217794271609887,0.006246893984776904,0.031575163299124194
19771,0.17291345130817865,0.001866974097847036,0.025219574593974302
19772,0.09781164702802238,0.015959881962521804,0.08622847100945583
19773,0.1969032925479844,0.0002797700068365841,0.002816937445178981
19774,0.12121460334684726,0.005663672752231742,0.073121723900921
19775,0.09157613200918854,0.024329060515680324,0.08409480747513112
19776,0.18612327865165096,0.0032437935109288557,0.010632927837420186
19777,0.18047887815909533,0.0014939348207361372,0.01802718702016854
19778,0.18253219079460886,0.000465419565731523,0.01700238963965961
19779,0.1241760561385407,0.03586597194294335,0.03995797191851593
19780,0.024610829072699254,0.0010893171875976098,0.17429985373970314
19781,0.18844683795291695,0.004726204717582088,0.006826957329500961
19782,0.06498853405145973,0.0014669462632072034,0.13354451968533307
19783,0.1986236329388572,6.50097358149462e-05,0.0013113573253278634
19784,0.04880371502777896,0.0070774566106773405,0.1441188283615437
19785,0.17843884341974828,0.004125067532251626,0.01743608904800009
19786,0.15331224482133007,0.03164700935849183,0.015040745820178092
19787,0.17929562378208758,0.001637819111880082,0.01906655710603233
19788,0.14841583797551167,0.011159483005866297,0.04042467901862201
19789,0.19599853598882405,0.0008242338999658741,0.003177230111210123
19790,0.19562036530439741,0.00048312358030761047,0.003896511115294987
19791,0.19090374391104933,0.0005516205946673664,0.0085446354942833
19792,0.19310240555458943,0.00025914905374459023,0.006638445391665958
19793,0.17784699846808413,0.002228447071877808,0.01992455446003804
19794,0.18293468766900006,0.0015858667537562957,0.015479445577243622
19795,0.0015835310921434229,0.0001318037559444082,0.19828466515191218
19796,0.005744110077063714,0.00028679426106319823,0.1939690956618731
19797,0.011249036585404671,0.00022968495322142602,0.1885212784613739
19798,0.1777082162731231,0.0005983430114465207,0.021693440715430366
19799,0.1739715803003452,0.002028386689514441,0.024000033010140375
19800,0.0024314704949472293,0.00027500457361398473,0.1972935249314388
19801,0.18658029092948392,0.001454878695836365,0.01196483037467971
19802,0.1956504143103882,0.002424090624943233,0.001925495064668569
19803,0.09498063209374848,0.002278180139117241,0.10274118776713428
19804,0.17403387758666128,0.000620076814398755,0.025346045598939975
19805,0.19320198837989286,0.000905881916707313,0.005892129703399837
19806,0.05165471766794828,0.0003651004115617602,0.14798018192048995
19807,0.18385079146749342,0.0011055067879751621,0.01504370174453142
19808,0.1950761318602467,0.0002564164301782899,0.004667451709575052
19809,0.09065273274613697,0.01172225782021129,0.09762500943365174
19810,0.18327125200610941,0.0011965997210346348,0.015532148272855992
19811,0.0022406563409860776,8.997245041185858e-05,0.1976693712086021
19812,0.1940726292635621,0.0017570599331578624,0.004170310803279993
19813,0.19315094636626207,0.0003931886689080193,0.0064558649648299325
19814,0.1570642620866181,0.0009300492535207538,0.04200568865986111
19815,0.184472320340653,0.0018861625129017036,0.013641517146445284
19816,0.1867147904738457,0.0007093153159847684,0.012575894210169539
19817,0.1588337215346501,0.000943895494234649,0.040222382971115245
19818,0.0015850652096446173,0.0006908807797520169,0.19772405401060336
19819,0.17855504634477334,0.000630280632964016,0.02081467302226265
19820,0.17868660674126355,0.002084735497387523,0.01922865776134893
19821,0.19561761680105502,0.0002054359419902202,0.004176947256954769
19822,0.1950732419067468,0.00031364138845029827,0.00461311670480292
19823,0.18905782712173358,0.0011757394820231515,0.009766433396243291
19824,0.0018586051191615224,7.311397239256843e-05,0.19806828090844592
19825,0.1444339893637791,0.0012252143788926283,0.05434079625732831
19826,0.0782282093406456,0.0034092903238244106,0.11836250033553
19827,0.020875065510048106,0.07300744570333599,0.10611748878661591
19828,0.17977687727351216,0.0013876448789029807,0.018835477847584832
19829,0.19396984661232425,0.003474517828070051,0.002555635559605722
19830,0.1646177762535229,0.0013524783203984643,0.03402974542607863
19831,0.18506962417043454,0.0018871152556504205,0.013043260573915017
19832,0.055649063287503284,0.04450242360087817,0.09984851311161855
19833,0.1889682702509693,0.000150690065208763,0.010881039683821963
19834,0.19703361206393324,0.0003107478848776666,0.002655640051189101
19835,0.15967775043351443,0.005295615329011348,0.035026634237474194
19836,0.10225111405760143,0.0012038832975192644,0.09654500264487931
19837,0.1953810183498102,0.003281209227107229,0.0013377724230825704
19838,0.032832399787348095,0.0002989910338895088,0.1668686091787624
19839,0.1844181052441154,0.0010414245434458584,0.014540470212438756
19840,0.19410931123105632,0.00012446962926102224,0.005766219139682659
19841,0.02025235694809977,0.000436518414278693,0.17931112463762153
19842,0.08726383486017314,0.053128568063773265,0.05960759707605362
19843,0.1907069533030915,0.001123202801515882,0.008169843895392572
19844,0.0025954278591548865,0.00040009384368323376,0.1970044782971619
19845,0.1710439040322623,0.00562869848311876,0.02332739748461894
19846,0.007213689497948955,0.0028298455508266773,0.18995646495122437
19847,0.017284197746956637,0.0004576156233677806,0.18225818662967558
19848,0.0037665794390981553,0.000690568500375048,0.19554285206052682
19849,0.1899610787618691,0.00031020393411719483,0.009728717304013723
19850,0.00954452240324603,0.002230525090354282,0.18822495250639967
19851,0.1970831373505032,0.0009659507928459047,0.0019509118566508918
19852,0.1954319899289781,0.0005755499750821544,0.003992460095939756
19853,0.1831447610797025,0.003232484705130459,0.013622754215167024
19854,0.021801723164093005,0.001087279083943327,0.17711099775196368
19855,0.1065627098405831,0.0018432898545203843,0.09159400030489652
19856,0.1975978258373643,0.0006761979988185867,0.0017259761638171258
19857,0.16462098201244654,0.030448855188545502,0.004930162799007964
19858,0.1986746458397554,0.00041001475465541476,0.0009153394055892168
19859,0.1937136547679766,0.0016402034387264022,0.004646141793296964
19860,0.19570189920061778,0.00018184394424288055,0.004116256855139328
19861,0.11544127773215607,0.004235199729889284,0.08032352253795465
19862,0.13369116716342014,0.002647630073901632,0.06366120276267821
19863,0.0021334448947037117,0.0003481172160457943,0.19751843788925053
19864,0.022006196925028854,0.0011765428450027263,0.1768172602299684
19865,0.1411454365206451,0.004038324722155864,0.05481623875719908
19866,0.13481457170395145,0.0043160742508348525,0.06086935404521371
19867,0.11520577182819718,0.005308787359446171,0.07948544081235667
19868,0.17517070235661988,0.005415499234141806,0.019413798409238327
19869,0.17374325136405103,0.0009302453915379357,0.02532650324441104
19870,0.1928218058945252,0.0018763560633657146,0.0053018380421091405
19871,0.1735773255044191,0.0004961277896062389,0.025926546705974673
19872,0.10138097711624339,0.005341739778290493,0.09327728310546611
19873,0.07790220580238766,0.0006312951421563382,0.121466499055456
19874,0.1411693822930979,0.00503495181769493,0.053795665889207214
19875,0.1823492460593939,0.0014873596774649634,0.01616339426314116
19876,0.19118161436605047,0.002322510706647885,0.006495874927301626
19877,0.0012461681158013151,0.0007404429602220806,0.19801338892397663
19878,0.19764323650243623,0.0002829295916219727,0.0020738339059418135
19879,0.19235617219082252,0.0009350943550380288,0.006708733454139431
19880,0.06479743951260017,0.002362318607998493,0.13284024187940136
19881,0.1851837125577896,0.0013329365724021325,0.01348335086980825
19882,0.19638015158802605,0.00031522651834044836,0.0033046218936335033
19883,0.1975861213071213,0.0006011807759618256,0.001812697916916875
19884,0.18880709915889274,0.000950362774934449,0.01024253806617283
19885,0.09302905062709821,0.07122131004848146,0.03574963932442031
19886,0.17730617440057805,0.0031193050923572,0.01957452050706475
19887,0.019393116444093455,0.0032621841018145087,0.17734469945409204
19888,0.19628905326015075,0.0004392111714765871,0.0032717355683726337
19889,0.15207417331340722,0.0005420973785287464,0.04738372930806404
19890,0.19154658705750388,0.0004701185315332759,0.007983294410962884
19891,0.19287759141980468,0.0013207393429765083,0.005801669237218802
19892,0.008111864975738814,0.0013297588995001453,0.19055837612476104
19893,0.08976049994540716,0.0030093364755126714,0.10723016357908018
19894,0.18663324718647883,0.0008611492246233218,0.012505603588897834
19895,0.14402228416419693,0.002101525654426409,0.05387619018137665
19896,0.17066834422202998,0.0004386734360608157,0.028892982341909172
19897,0.18567433940807115,0.0035221147101839787,0.01080354588174487
19898,0.19310842642205264,0.0001921651347120353,0.006699408443235334
19899,0.1892046440899589,0.002700654414816419,0.00809470149522463
19900,0.06755434029089769,0.0006268272771792722,0.13181883243192305
19901,0.07925062540942854,0.004131149393306315,0.11661822519726514
19902,0.000540701739753045,0.00016125718857768902,0.19929804107166926
19903,0.19449617372734374,0.000325428356292022,0.005178397916364244
19904,0.01260533167981287,0.0007258733214461227,0.186668794998741
19905,0.1290838016037539,0.001793099140621366,0.06912309925562474
19906,0.19073058161539017,0.0005146348592201931,0.008754783525389668
19907,0.10112694367054167,0.01211779802704295,0.08675525830241536
19908,0.18317043037763386,0.002402353477533756,0.014427216144832408
19909,0.009035978895348174,0.0045715192193399815,0.18639250188531184
19910,0.0015996877160376246,0.00011241501104823665,0.19828789727291413
19911,0.19176764236983707,0.0031830073974300774,0.005049350232732875
19912,0.1270926795119138,0.020542265583397487,0.0523650549046887
19913,0.058081375920049506,0.002560924001122259,0.13935770007882822
19914,0.004771218632965089,0.0018383244328628499,0.19339045693417206
19915,0.038240435850414756,0.008259489439701433,0.15350007470988383
19916,0.002992610691201743,0.00016433989359122684,0.19684304941520703
19917,0.14227765104891615,0.0038703550982398644,0.05385199385284396
19918,0.1606674675642535,0.0020206025273642003,0.03731192990838229
19919,0.1731593222013001,0.0016503173565956086,0.02519036044210431
19920,0.18360020589640302,0.009445364329038574,0.006954429774558445
19921,0.15594840127238102,0.021446522930798958,0.022605075796820015
19922,0.026077251041840516,0.0020129840224857335,0.17190976493567375
19923,0.13849730230564083,0.0014829326705414812,0.06001976502381766
19924,0.04334627769147662,0.0021621794187351587,0.15449154288978822
19925,0.17157567102507157,0.0010652685436942071,0.027359060431234223
19926,0.19459306738940418,0.0009500693707470909,0.004456863239848736
19927,0.0777940043943087,0.0016550500898249465,0.12055094551586638
19928,0.18885500852568066,0.003241583858266656,0.007903407616052674
19929,0.1784175823059849,0.0024040948784124034,0.019178322815602708
19930,0.18388774895221563,0.0031624363024420734,0.012949814745342323
19931,0.19443785383608178,0.001840121570954647,0.0037220245929635493
19932,0.039158232959054746,0.03725367325067226,0.12358809379027298
19933,0.18164769881209575,0.00023135544393267996,0.01812094574397155
19934,0.18119981995299816,0.0013573558399622011,0.017442824207039666
19935,0.18490878347973175,0.0015594966731092338,0.013531719847159021
19936,0.13311873910669464,0.002854959173536461,0.0640263017197689
19937,0.029551183370511623,0.006902595708069274,0.16354622092141907
19938,0.05928030797126057,0.0009048880762771315,0.1398148039524623
19939,0.000623522940755847,0.0005085719864984516,0.1988679050727457
19940,0.1534390469216809,0.00229705779232534,0.044263895285993796
19941,0.002315405064842761,0.00030651599080823693,0.197378078944349
19942,0.18203432864461982,0.0076382284791669626,0.010327442876213167
19943,0.19098210073524638,0.005049647304715646,0.003968251960037971
19944,0.18698433301166256,0.009272038489460618,0.0037436284988768423
19945,0.1731573309392336,0.0008376967128235007,0.0260049723479429
19946,0.1180393828898606,0.007261794908019639,0.07469882220211974
19947,0.19381735113095838,0.0017218790414507503,0.004460769827590872
19948,0.12194025970160091,0.0009741215089696402,0.07708561878942946
19949,0.02406542408822749,0.002324302222226736,0.1736102736895458
19950,0.19356114127618523,6.552685810841265e-05,0.006373331865706401
19951,0.11433064933094979,0.0032813124741288406,0.08238803819492138
19952,0.19537879298107316,0.00025681709223602985,0.004364389926690825
19953,0.19710022210212444,0.0001909733639530354,0.002708804533922524
19954,0.07598309738829734,0.02831969564617935,0.09569720696552328
19955,0.18716278068238468,0.001013856605733841,0.011823362711881499
19956,0.006340847480392221,0.0009777982617265816,0.1926813542578812
19957,0.1910352907195562,0.0015669947373015678,0.0073977145431422505
19958,0.12649423616779998,0.0023163854461271793,0.07118937838607282
19959,0.15946224754792734,0.0026309953579950894,0.03790675709407755
19960,0.17897009596233904,0.0019798592727424094,0.01905004476491855
19961,0.18070786700496427,0.0002682564612924962,0.019023876533743232
19962,0.011009776338326184,0.00800673368670276,0.18098348997497107
19963,0.008005635763689867,0.00042931703938552503,0.1915650471969246
19964,0.19109347863170073,0.0005533763380348161,0.008353145030264417
19965,0.11261879344362942,0.0005387754618188197,0.08684243109455177
19966,0.01985364940410394,0.0013942282344183497,0.1787521223614777
19967,0.18115399210936753,0.0036769076483366045,0.015169100242295858
19968,0.05204400197268433,0.001384163589869705,0.14657183443744598
19969,0.012452695790784812,0.0017219809698952367,0.18582532323931994
19970,0.17485214997991505,0.003506621010192431,0.02164122900989256
19971,0.1800137284995876,0.01846086036483898,0.0015254111355734036
19972,0.14815150615077338,0.0007761602048055535,0.05107233364442104
19973,0.015163724938360365,0.006004656576132495,0.17883161848550716
19974,0.004926240723003691,0.011705945713894573,0.18336781356310175
19975,0.19605212706784084,0.00037884652888989115,0.0035690264032692794
19976,0.17377524504623623,0.0021749039131594866,0.024049851040604298
19977,0.10370311892811838,0.00090257858884259,0.09539430248303901
19978,0.18955517561636964,0.000905781154932691,0.009539043228697693
19979,0.03322784467047147,0.0005617077037343607,0.16621044762579415
19980,0.0006170317269411108,0.0001178972791652838,0.19926507099389362
19981,0.19546589131356934,0.00033312495852452155,0.00420098372790618
19982,0.09808418219330697,0.007060398694528234,0.09485541911216477
19983,0.16377611334526537,0.0005592712360807185,0.03566461541865389
19984,0.1952834934931602,0.0026554405143961604,0.0020610659924436233
19985,0.19219585585196436,0.0021901238545447375,0.005614020293490924
19986,0.1887591365540176,0.0006901915901904934,0.010550671855791897
19987,0.19815156131701822,0.0001886443187797289,0.0016597943642020492
19988,0.007318940768957502,0.0009816661025169476,0.19169939312852557
19989,0.07186493743983144,0.1138561888950617,0.01427887366510687
19990,0.19523102333846803,0.0005619929390722108,0.004206983722459751
19991,0.1917488513077794,0.0007078132565371824,0.007543335435683427
19992,0.16360513578560174,0.0022344338063189496,0.034160430408079326
19993,0.1825381903625543,0.001066958283253096,0.0163948513541926
19994,0.00954040840630815,0.0002249279287841262,0.19023466366490774
19995,0.18719033041024669,0.0006673010874291942,0.01214236850232413
19996,0.16529900679416204,0.0024620661192484377,0.03223892708658953
19997,0.19595651439288286,0.00023080649888946526,0.003812679108227675
19998,0.19782246061348072,0.00013376670005398508,0.0020437726864652793
19999,0.17652423318394192,0.0032152771453841144,0.02026048967067396
20000,0.1907897786867809,0.0061777600513425535,0.0030324612618765076
20001,0.16500602569868367,0.009865574134725679,0.02512840016659066
20002,0.19886368860915377,0.00046664032333673726,0.000669671067509486
20003,0.19456066069272626,0.0001986047252297756,0.005240734582043974
20004,0.18241012026119344,0.0013631554808947032,0.016226724257911877
20005,0.02920191255812221,0.0006732643940272588,0.17012482304785054
20006,0.03780280255892783,0.000280997220043972,0.16191620022102818
20007,0.1048742221257318,0.0028732990578093217,0.09225247881645887
20008,0.08751701071567126,0.005354716571055843,0.1071282727132729
20009,0.0729505384553912,0.00044399117642679724,0.12660547036818198
20010,0.196820504866951,0.00032145192383848363,0.0028580432092105254
20011,0.011825050474786013,0.03189336183475814,0.15628158769045586
20012,0.11280489748644522,0.0037911702899660624,0.08340393222358872
20013,0.1979450645816227,0.00034662359066665264,0.0017083118277106738
20014,0.05323293111457635,0.005136886482341926,0.14163018240308173
20015,0.030125833928417993,0.005798258510616495,0.16407590756096552
20016,0.1890368523926212,0.0008780080115456763,0.010085139595833141
20017,0.17764541854108956,0.011879882255917722,0.010474699202992727
20018,0.020499705928214228,0.0008832628725038398,0.17861703119928193
20019,0.18226151001526353,0.010102421872580612,0.007636068112155908
20020,0.005433022635371067,0.0015661896079189456,0.19300078775670998
20021,0.001609912280596214,0.0005449215249057917,0.197845166194498
20022,0.002465344358904049,0.00022957696152874933,0.1973050786795672
20023,0.18104957136835761,0.0012862269341674284,0.01766420169747494
20024,0.06106546137419031,0.004220708299198525,0.13471383032661116
20025,0.18848159032546688,0.0006619041175707823,0.01085650555696235
20026,0.0942100330711382,0.0006045117062181487,0.10518545522264364
20027,0.10267362669265176,0.002538886312167852,0.09478748699518039
20028,0.16489607463766282,0.00021609185225427837,0.03488783351008291
20029,0.06909222271361194,0.0009657669755866535,0.1299420103108014
20030,0.18315595619400632,0.0004424465688425168,0.016401597237151164
20031,0.014898345201167678,0.04398268763916474,0.1411189671596676
20032,0.01924444402139382,0.0047661970554258295,0.17598935892318035
20033,0.19803279594549617,0.000188313682019291,0.0017788903724845126
20034,0.17350157476022346,0.0035122864087280942,0.022986138831048473
20035,0.1939336245760377,0.00033011213891941555,0.005736263285042901
20036,0.06715159368412951,0.009727700347747118,0.12312070596812337
20037,0.1411220171402487,0.011164869305554801,0.04771311355419649
20038,0.19544956164584598,0.0004709308078448904,0.004079507546309122
20039,0.008131846417915447,0.00038964422120772084,0.19147850936087682
20040,0.025598845324088005,0.0023477568633205595,0.1720533978125914
20041,0.03257771166436551,0.0027608313395053106,0.16466145699612916
20042,0.17159105177415152,0.015999181665964715,0.012409766559883791
20043,0.01708137329795237,0.001968242994664599,0.180950383707383
20044,0.1205859590983337,0.0033955630888996883,0.07601847781276662
20045,0.10844643083599896,0.0007358552714087455,0.09081771389259231
20046,0.006274885770818336,0.0004069070962443962,0.19331820713293726
20047,0.028707529334837095,0.0012677345141469426,0.170024736151016
20048,0.16370170018273564,0.001650101780558547,0.03464819803670579
20049,0.18166643552188247,0.0027796172071510453,0.01555394727096646
20050,0.18862369056999748,0.00037997822110717716,0.010996331208895323
20051,0.1927277450759563,0.0020371558301022765,0.005235099093941445
20052,0.006293252626187079,0.0016121228585873199,0.19209462451522558
20053,0.12115988108289719,0.014593877486109758,0.06424624143099306
20054,0.18069080662759515,0.0007227675348731681,0.018586425837531673
20055,0.10655536178604301,0.0008551054741843896,0.0925895327397726
20056,0.03603552222630303,0.002431035126414431,0.16153344264728256
20057,0.19020056841575292,0.00044344338804431637,0.009355988196202774
20058,0.1945793092672422,0.0016456931535516217,0.0037749975792061735
20059,0.1892630613766235,0.004573961076259237,0.006162977547117246
20060,0.19179849238300947,0.0003012809445689311,0.007900226672421582
20061,0.19655233019459256,0.00019746520820672304,0.0032502045972007203
20062,0.19340860462067805,0.0018371390988610801,0.0047542562804608526
20063,0.006897482165895722,0.0005582694799434122,0.19254424835416087
20064,0.17175504974096886,0.0005237527979317718,0.027721197461099363
20065,0.0003033296901848656,3.5600627696163043e-05,0.199661069682119
20066,0.00030726279383564624,5.2293898761970774e-05,0.19964044330740238
20067,0.03465408682934903,0.0009602753574495372,0.16438563781320142
20068,0.17862117115972553,0.0010035283101299177,0.02037530053014453
20069,0.135285006155155,0.0024144215319999284,0.06230057231284507
20070,0.19465092746699966,0.0009732737250010571,0.0043757988079993065
20071,0.01740982386478119,0.026660021532607703,0.15593015460261112
20072,0.007843027726846995,0.0025923084745596353,0.18956466379859338
20073,0.193074734063086,0.00017793259886265603,0.0067473333380513225
20074,0.18555734322822265,0.0035792597220825847,0.010863397049694764
20075,0.050420755391028006,0.008219524187729723,0.14135972042124226
20076,0.12818064005724183,0.0013332353412830295,0.07048612460147513
20077,0.07476165918121035,0.004341888789527276,0.1208964520292624
20078,0.07998060922207542,0.008825934466515977,0.1111934563114086
20079,0.0030363558566304212,0.01049961310061039,0.18646403104275916
20080,0.1662447199325337,0.019707305840086658,0.014047974227379642
20081,0.08180095741077546,0.004150756373116031,0.11404828621610849
20082,0.018091284988041967,0.001238958768085708,0.18066975624387233
20083,0.18421077663875784,0.0005373709834956442,0.01525185237774652
20084,0.15089415316480057,0.0007570185220499702,0.04834882831314947
20085,0.17893731776305238,0.0012138568524042651,0.01984882538454335
20086,0.005319026790503032,0.0002739664975285259,0.19440700671196845
20087,0.1842418556964752,0.0007386610230395508,0.015019483280485236
20088,0.19472814195254007,0.0007584518228682224,0.004513406224591737
20089,0.03521266013014106,0.006142628108477776,0.15864471176138117
20090,0.12795040435888372,0.006376125384161277,0.06567347025695498
20091,0.02102848759046971,0.000984069278331994,0.1779874431311983
20092,0.19070455631253042,0.0006349676635378514,0.008660476023931704
20093,0.1954838466057232,0.00032160294979108626,0.004194550444485686
20094,0.169002703639523,0.0006978893862155701,0.03029940697426144
20095,0.19628005448261218,0.0005641782800348226,0.0031557672373530216
20096,0.1950712611342881,0.0017882274314090338,0.0031405114343029026
20097,0.17394046428560744,0.016034893180898128,0.010024642533494433
20098,0.19185546016142946,0.0007514481336716808,0.007393091704898841
20099,0.17687800139122561,0.015504342983907803,0.0076176556248665735
20100,0.1966213333858143,0.0003057237448931172,0.003072942869292593
20101,0.02617566652806614,0.0012753000663057387,0.1725490334056281
20102,0.19456398476884854,0.0006683219771197112,0.0047676932540317695
20103,0.04970202276915726,0.0023136775110440657,0.14798429971979868
20104,0.0007150569356935779,8.769735720479359e-05,0.19919724570710162
20105,0.1582264141363681,0.03199002639918993,0.009783559464442012
20106,0.18566302963280684,0.009510655521898729,0.004826314845294457
20107,0.19081756977817863,0.00016068642611831552,0.009021743795703063
20108,0.09525361100352188,0.001442883520509708,0.10330350547596842
20109,0.19177677981834712,0.0006799926747286955,0.007543227506924185
20110,0.18824086413697938,0.005824448605415831,0.005934687257604782
20111,0.18663944710249064,0.0011861322207574005,0.012174420676751972
20112,0.0076172688700944045,0.0041209886497379266,0.18826174248016767
20113,0.18781657549174063,0.0010913533340402139,0.011092071174219193
20114,0.16158261643974492,0.005119854431047529,0.03329752912920756
20115,0.010138265363128677,0.08190125984904102,0.1079604747878303
20116,0.18420032684931786,0.00042617646451410373,0.01537349668616802
20117,0.17224545264633156,0.020683060323956486,0.007071487029711926
20118,0.1317786823474634,0.0014407439716017192,0.06678057368093489
20119,0.0042784377428175275,0.0006947386064672351,0.19502682365071525
20120,0.1964488061250445,0.00023234063049876126,0.00331885324445673
20121,0.14098217298081553,0.004361162273345694,0.054656664745838815
20122,0.007360540777333916,0.016456481988540096,0.176182977234126
20123,0.19465096972469637,0.00040292711853087096,0.004946103156772787
20124,0.13775101178119792,0.004737299713060831,0.05751168850574127
20125,0.1619501174206225,0.011608714587908197,0.026441167991469273
20126,0.1976613331690009,0.0008474326734222769,0.0014912341575768343
20127,0.0008560377044317948,0.00044745724629196356,0.19869650504927625
20128,0.1768167527689943,0.0006536030680737756,0.022529644162931912
20129,0.15970015537153465,0.0015852610207345605,0.03871458360773078
20130,0.01763497846551155,0.00578440339806419,0.17658061813642428
20131,0.19660272676304077,0.00039338816995687306,0.0030038850670023364
20132,0.19690650008136118,9.695103028909148e-05,0.002996548888349698
20133,0.1413046123493633,0.038296551095022016,0.020398836555614683
20134,0.06190112440441832,0.0025196977287002187,0.13557917786688148
20135,0.0025500959905638944,0.0004075688253827327,0.1970423351840534
20136,0.033295501465916824,0.08017288617630326,0.08653161235777994
20137,0.0029324529679668762,0.00016630253234146142,0.19690124449969165
20138,0.16533054352061233,0.0028629030251639286,0.031806553454223715
20139,0.027121131688427495,0.0007409114784186503,0.17213795683315386
20140,0.192913438183916,0.0015799225142614146,0.005506639301822595
20141,0.1446253268216563,0.0041269530180223345,0.05124772016032135
20142,0.0032967535686850534,0.0004213097504858811,0.19628193668082905
20143,0.19787140753396446,0.00021958215555332642,0.0019090103104822125
20144,0.19408276335270816,0.0014318702780608125,0.004485366369231051
20145,0.19450904958775092,0.0007640287991780464,0.004726921613071056
20146,0.14534576999059545,0.0005395332665909044,0.05411469674281364
20147,0.18725549638871714,0.001788773644128406,0.010955729967154444
20148,0.039785686799366726,0.011389443255189603,0.1488248699454437
20149,0.1564254950934948,0.005521158740034163,0.03805334616647104
20150,0.10461416782975222,0.0013597974177874195,0.09402603475246038
20151,0.03951219992946411,0.0009849961868745863,0.15950280388366128
20152,0.029157246330631374,0.012826929983071,0.15801582368629763
20153,0.11116481709201227,0.04041106246892384,0.0484241204390639
20154,0.18758749174131442,0.005433053339396638,0.006979454919288965
20155,0.0010216067021145817,0.0001346564443774248,0.198843736853508
20156,0.18564243625265897,0.0027035308684071,0.011654032878933924
20157,0.0011823904949258136,0.00013872283826676463,0.19867888666680739
20158,0.17116827417444275,0.003996872021187649,0.02483485380436956
20159,0.19347513920944823,0.000798842025709997,0.005726018764841777
20160,0.0562387396660458,0.009577202849834847,0.13418405748411935
20161,0.0034294343692017693,0.0003069427031538273,0.1962636229276444
20162,0.15016414785167567,0.011337730384120689,0.038498121764203655
20163,0.19648136332931487,0.00016345309895495698,0.0033551835717301657
20164,0.19308707047861587,0.0007598537874934617,0.006153075733890674
20165,0.19209787609562148,0.0005404849098017678,0.007361638994576751
20166,0.1933174596325031,0.001716927687561044,0.004965612679935847
20167,0.00794762716971466,0.0004465585308742716,0.1916058142994111
20168,0.004913704641583957,0.0004533939226882769,0.19463290143572776
20169,0.06437708767120755,0.011827465017017535,0.12379544731177491
20170,0.10306320241423246,0.00803535872080102,0.08890143886496654
20171,0.010438842074778472,0.0023211834733366213,0.1872399744518849
20172,0.12097609055127001,0.0003818533905547255,0.07864205605817526
20173,0.15507749805642734,0.01789740926390223,0.02702509267967043
20174,0.17614472602189848,0.0010036216377740334,0.022851652340327502
20175,0.19906015761977297,0.000279238760180759,0.0006606036200462898
20176,0.16709246726445057,0.013272079327430774,0.019635453408118637
20177,0.08106976471432008,0.00710636088336251,0.1118238744023174
20178,0.18972085839329264,0.0006383780448862345,0.0096407635618211
20179,0.19000958470831064,0.005971077495940932,0.004019337795748403
20180,0.03706563655009463,0.0016112240635984248,0.16132313938630694
20181,0.007417794703085729,0.009089354712927948,0.18349285058398632
20182,0.05095684619418732,0.008865497355672974,0.1401776564501397
20183,0.1652214008797715,0.0045356731764832105,0.030242925943745252
20184,0.18969501097633285,0.00047545170556003574,0.009829537318107134
20185,0.19741472868119955,0.00021265533905424075,0.002372615979746238
20186,0.1584048459694471,0.0010259840434543581,0.04056916998709854
20187,0.10121758516500279,0.004504251417355952,0.09427816341764128
20188,0.18215058835782044,0.0007971411706887633,0.017052270471490785
20189,0.19680750889828538,0.0007219620602198138,0.0024705290414947885
20190,0.17888815824328497,0.0015486638032565657,0.019563177953458504
20191,0.0997561199622419,0.00046751303440048216,0.09977636700335761
20192,0.1859744143701233,0.005841421882618719,0.008184163747257975
20193,0.19433315689295771,0.0028780277501074506,0.0027888153569348385
20194,0.15090420864476026,0.001544568393564943,0.047551222961674806
20195,0.19092613228771166,0.0012855895652167301,0.00778827814707162
20196,0.18247509428232095,0.0017218620639847758,0.015803043653694254
20197,0.04611267403081797,0.04746336853931028,0.10642395742987176
20198,0.009432096626310614,0.006810633323598854,0.18375727005009054
20199,0.19642224676531603,0.00018973401055083898,0.003388019224133127
20200,0.15584102811362094,0.001543429254831821,0.04261554263154725
20201,0.16837622449408268,0.00739434370988977,0.024229431796027507
20202,0.18659024088450102,0.0010175723045475098,0.012392186810951469
20203,0.06361862544429873,0.001165906704597867,0.13521546785110342
20204,0.1651015466648833,0.004181185973336254,0.03071726736178048
20205,0.19290611930031018,0.00040854673289251683,0.006685333966797308
20206,0.0011271803841887318,0.00032050844447641775,0.19855231117133484
20207,0.18430993724338246,0.004713417896727664,0.010976644859889877
20208,0.1855802377490866,0.0006694861249088419,0.013750276126004563
20209,0.011203506849477775,0.007883200176497185,0.18091329297402503
20210,0.1826893520718191,0.005168546521456779,0.012142101406724119
20211,0.19246335962183195,0.0007273889690156875,0.0068092514091523835
20212,0.0030042777245647178,0.0006820798758860766,0.19631364239954918
20213,0.1894754273892439,0.004696266501537622,0.005828306109218476
20214,0.1479383835757883,0.003527324125290423,0.04853429229892126
20215,0.19029389182829387,0.002603164300284786,0.007102943871421343
20216,0.17784745178073358,0.0077196763939871346,0.014432871825279279
20217,0.16034466881492856,0.01066685019083961,0.02898848099423181
20218,0.08805143317545755,0.006220576124323999,0.10572799070021846
20219,0.1842668378505819,0.0018126718947392875,0.013920490254678803
20220,0.19401191240299664,0.002443882610051791,0.003544204986951539
20221,0.19544731143820052,0.0003437798781041757,0.004208908683695344
20222,0.08141168055429426,0.00023311557279254687,0.11835520387291318
20223,0.050198980156006115,0.055903582313910814,0.09389743753008306
20224,0.18704816155040888,0.0003062533838674985,0.012645585065723622
20225,0.008540958425145653,0.0030813912928202196,0.1883776502820341
20226,0.18570141719879116,0.0011499767171536685,0.013148606084055176
20227,0.027613449177213527,0.0011764710975368767,0.1712100797252496
20228,0.193885501244292,0.00035031895016652024,0.005764179805541494
20229,0.17157979530749387,0.004076693634344703,0.024343511058161425
20230,0.023087723971822835,0.010306587564390481,0.1666056884637867
20231,0.19804514458507022,0.0005660828793422744,0.0013887725355874814
20232,0.19186533948425735,0.00016768459307070464,0.007966975922671914
20233,0.19124956151138892,0.0012673737923423582,0.0074830646962687096
20234,0.18129449097847755,0.0018085033218702181,0.016897005699652252
20235,0.08752933281512647,0.01106171394644266,0.10140895323843088
20236,0.14229027466310679,0.006066893558567167,0.05164283177832607
20237,0.18873480053986721,0.0012238272711008196,0.010041372189031936
20238,0.19334162340936759,0.0037643406790033363,0.002894035911629099
20239,0.0011158753927252225,0.00039230596517586134,0.19849181864209892
20240,0.18486079974337144,0.004019346562106709,0.011119853694521866
20241,0.19395256088265694,0.0006480816748028596,0.005399357442540205
20242,0.002361977102617665,0.00029226994723793734,0.1973457529501444
20243,0.11129448099263772,0.0070563656850866855,0.0816491533222756
20244,0.0039581517895719565,0.0027161796472038877,0.19332566856322414
20245,0.1607215638299842,0.0005351436955688798,0.038743292474446925
20246,0.09976057033186096,0.012485972099929523,0.08775345756820954
20247,0.1722870401632687,0.010082864664784325,0.017630095171946983
20248,0.009437231761753689,0.0007833692449206458,0.1897793989933257
20249,0.14574311963070022,0.0012408022838562615,0.05301607808544353
20250,0.1853227805727074,0.0061324490891225825,0.008544770338170016
20251,0.03659237455910422,0.0003464694264140058,0.16306115601448176
20252,0.1960526593396068,0.0006271171547092785,0.0033202235056839615
20253,0.1939316424508421,0.0016632784234023056,0.004405079125755592
20254,0.16685178169670856,0.002883507862963091,0.030264710440328375
20255,0.18671824112689012,0.006063254412565635,0.007218504460544286
20256,0.18792381099209587,0.0007691441053915072,0.01130704490251266
20257,0.122846506479938,0.0061248808895601504,0.07102861263050186
20258,0.18661321221535868,0.00251989063567515,0.010866897148966197
20259,0.15063544162999085,0.0009993520090627675,0.04836520636094639
20260,0.19819932932277373,0.0002518371011777844,0.0015488335760485083
20261,0.07231277631978715,0.0008814375054799334,0.1268057861747329
20262,0.1900923595423884,0.0014535931742036918,0.00845404728340795
20263,0.036661299069201035,0.000828140637091725,0.16251056029370725
20264,0.19805513733944072,0.0007204299589422167,0.0012244327016170493
20265,0.19884236335011202,0.00021243647341190162,0.0009452001764760851
20266,0.15680284579181594,0.0003632110526251984,0.04283394315555887
20267,0.00108254650529774,0.00011502688673365054,0.1988024266079686
20268,0.060932074108637865,0.0024742697159628106,0.13659365617539934
20269,0.04922923784963247,0.003233865331485892,0.14753689681888166
20270,0.021610816509935942,0.0096700072636376,0.16871917622642646
20271,0.012097674390863063,0.02288053672733547,0.16502178888180147
20272,0.18079653538249751,0.00033504658280535647,0.018868418034697125
20273,0.1799317687156739,0.0023418068240360947,0.017726424460289984
20274,0.1952453548644027,0.00232356163857473,0.0024310834970226
20275,0.1573734622616359,0.0007691842110819074,0.04185735352728219
20276,0.16236278970892765,0.0008278862264231983,0.036809324064649165
20277,0.19781474234603746,0.0001620060640333743,0.0020232515899291552
20278,0.13947588278045428,0.005705257383090296,0.05481885983645544
20279,0.19467818177071242,0.0007924777333625059,0.004529340495925104
20280,0.03586509471492324,0.053601223452563254,0.11053368183251351
20281,0.1776639308853579,0.004833330199394956,0.017502738915247153
20282,0.18751878161730845,0.0032019513572346192,0.009279267025456938
20283,0.14585354488831398,0.036030302052611256,0.018116153059074724
20284,0.057702794481009324,0.004595529948847233,0.13770167557014346
20285,0.15034497786197445,0.00437884828607447,0.04527617385195109
20286,0.11353474053579082,0.0016435039596814165,0.08482175550452777
20287,0.19735752799203274,0.0001868008603851283,0.002455671147582162
20288,0.1947953945332584,0.00032500762543158335,0.00487959784131004
20289,0.19375863254001394,0.003169960156811828,0.00307140730317423
20290,0.19638899779355357,0.0028363126360304285,0.0007746895704159849
20291,0.007282514747496749,0.0010775905906915055,0.19163989466181175
20292,0.07707720448129565,0.004648336875602144,0.1182744586431022
20293,0.10159247842890182,0.0010934013207758158,0.09731412025032238
20294,0.1492522308320468,0.013339570240484558,0.03740819892746861
20295,0.14251745682337266,0.003862182159085963,0.05362036101754135
20296,0.005107730844028213,0.0002773328144149899,0.1946149363415568
20297,0.19772458488074093,0.000618342042061106,0.0016570730771979403
20298,0.18121269947695742,0.0003215570241750441,0.018465743498867544
20299,0.0020106928044689243,0.0016045619233992087,0.19638474527213187
20300,0.07400926018211017,0.0028236818769353028,0.12316705794095453
20301,0.14462965536698655,0.011802054509636086,0.04356829012337738
20302,0.12547357115646052,0.001660731357687583,0.0728656974858519
20303,0.0043811387619114295,0.0015410105104646118,0.19407785072762396
20304,0.02808189359858675,0.0004652487265519549,0.1714528576748613
20305,0.16527734826883178,0.007503878078119766,0.02721877365304847
20306,0.003505101357231705,0.0036063946411949077,0.19288850400157337
20307,0.1623434589293987,0.0038336979673821636,0.033822843103219175
20308,0.105704487952722,0.0017993013341298576,0.09249621071314815
20309,0.19467491958622557,0.000530220646588637,0.0047948597671857935
20310,0.19812743623730977,0.00010435233364631696,0.0017682114290439419
20311,0.18383394528867605,0.0022479657607774664,0.013918088950546475
20312,0.0015410456961231671,0.0019410523646743636,0.19651790193920243
20313,0.18810300306867175,0.0018471184791863347,0.010049878452141902
20314,0.014287428173764372,0.001711838603615933,0.18400073322261973
20315,0.19016185149829418,0.0016614469196467724,0.008176701582059041
20316,0.19164755842676848,0.005413420744286222,0.0029390208289452914
20317,0.19501703729497905,0.0006154220523100905,0.0043675406527108945
20318,0.12081957436510735,0.0016075402849585782,0.07757288534993409
20319,0.16245373572798044,0.0015123845596762484,0.036033879712343286
20320,0.000724445293548768,0.0003548519857634888,0.19892070272068774
20321,0.1939507769807684,0.0003532966264687684,0.005695926392762824
20322,0.1702411143250027,0.012152291493454665,0.017606594181542666
20323,0.18693034201199776,0.00031042988742572425,0.01275922810057652
20324,0.15953587648381257,0.0029800407216225397,0.03748408279456486
20325,0.1965351565707967,0.000255396623977604,0.003209446805225665
20326,0.19222933466510037,0.0016398272800460432,0.006130838054853602
20327,0.18065517593783267,0.0006354734905876174,0.01870935057157972
20328,0.1959974676604012,0.00038329111307304037,0.003619241226525812
20329,0.03726433276270928,0.01830441314581449,0.14443125409147622
20330,0.059810633857650584,0.07213642014744384,0.06805294599490559
20331,0.19455597596941906,0.00048291179702122255,0.0049611122335597255
20332,0.003040543968679474,0.0005370895158180864,0.19642236651550243
20333,0.12228281960567977,0.0016337590171462083,0.07608342137717404
20334,0.005732473681104035,0.0006214393768082204,0.19364608694208776
20335,0.0019641341298629084,0.00015417487757663935,0.19788169099256045
20336,0.18863644543005134,0.0005739873918699336,0.010789567178078694
20337,0.17467632193903565,0.0026676593469483452,0.022656018714016003
20338,0.07657055700650346,0.0035329151737924494,0.1198965278197041
20339,0.1909865979136016,0.001365737069368969,0.007647665017029429
20340,0.18627058869651766,0.004822722779908544,0.008906688523573831
20341,0.190586461585816,0.0018238702514272423,0.007589668162756741
20342,0.11062156127366687,0.0011961419735573965,0.08818229675277571
20343,0.003440782105801298,0.0006425933767338622,0.19591662451746486
20344,0.14453636400844558,0.004660066384158091,0.050803569607396334
20345,0.027001180655307638,0.0015848675941318644,0.17141395175056048
20346,0.1567694244690156,0.038910230715086445,0.004320344815897949
20347,0.18643300195157947,0.0013234186830373266,0.012243579365383188
20348,0.19407036512663756,0.003363371310848691,0.0025662635625137422
20349,0.14962014799594942,0.0033657548140878504,0.04701409718996272
20350,0.19004822953027692,0.0008597512331498799,0.009092019236573238
20351,0.061457907653380474,0.014082171548581301,0.12445992079803822
20352,0.08025476724298182,0.005204455106983863,0.11454077765003434
20353,0.190943934420652,0.0013691664776307548,0.007686899101717286
20354,0.12873352603042448,0.0032574335057303375,0.06800904046384518
20355,0.017288554843609225,0.0005872746098262877,0.1821241705465645
20356,0.0417149297607067,0.004827389192212197,0.1534576810470811
20357,0.17406504707779982,0.0036607175354440393,0.022274235386756134
20358,0.18652216335326582,0.0002794498511078737,0.013198386795626288
20359,0.1542243360626157,0.0019186212089477104,0.043857042728436574
20360,0.12078806382409149,0.004590626036158355,0.07462131013975015
20361,0.0254219308994831,0.002174506249236691,0.1724035628512802
20362,0.19839060234843864,0.00022712688121415137,0.0013822707703471833
20363,0.19802293638522994,9.3338114989737e-05,0.0018837254997803275
20364,0.19278079874356732,0.0006155524397176279,0.0066036488167150395
20365,0.087963480730678,0.0022066513006637548,0.10982986796865823
20366,0.005774470272161293,0.0017622794976250747,0.19246325023021363
20367,0.013157141129405223,0.0008158060141552866,0.1860270528564395
20368,0.18551662219721846,0.006107722690049078,0.008375655112732461
20369,0.09100177836759071,0.01915325895912679,0.08984496267328249
20370,0.1858796378360819,0.002257843727294708,0.011862518436623374
20371,0.1316385494652386,0.0011815974793624943,0.06717985305539892
20372,0.05248144413973842,0.027324913642866384,0.12019364221739519
20373,0.01891316635008454,0.01587817523660475,0.16520865841331073
20374,0.056683602106841965,0.10729849257783805,0.03601790531531997
20375,0.09209068156189235,0.0028723923173261325,0.1050369261207815
20376,0.19415992959832024,0.0002060123983912345,0.0056340580032885074
20377,0.19614171151418905,0.0008758789235724873,0.0029824095622384694
20378,0.19594685362742567,0.0005195770263761081,0.0035335693461981963
20379,0.19692177331792332,0.0006713527157331096,0.0024068739663435784
20380,0.17422409408608153,0.007024589601996129,0.01875131631192233
20381,0.0036780501284709713,0.00035133904496098295,0.19597061082656803
20382,0.0950640365018118,0.016590448290828234,0.08834551520735998
20383,0.16039185117676308,0.008148794399444945,0.03145935442379198
20384,0.19418494201896933,0.0005256919792282306,0.005289366001802439
20385,0.0605351607664549,0.00044465896137879077,0.1390201802721663
20386,0.0013977328543224952,0.0008581204105088761,0.19774414673516863
20387,0.14731762976325527,0.010264857002671615,0.04241751323407311
20388,0.19608879809674812,0.001345956397318391,0.002565245505933531
20389,0.03791131628428004,0.0006664609221961339,0.16142222279352383
20390,0.19372338538857045,0.00027144310871890693,0.006005171502710633
20391,0.19762499098504327,0.0005287897993388526,0.001846219215617883
20392,0.19668973363559183,0.0007072768820611042,0.002602989482347068
20393,0.18588086295025996,0.0009824837370073065,0.013136653312732727
20394,0.197026565823075,0.00021698811725288347,0.002756446059672129
20395,0.11146467193055001,0.0040252981943751515,0.08451002987507486
20396,0.1975757757857316,0.0006006732431286865,0.001823550971139706
20397,0.0889872084230546,0.10230164340383549,0.008711148173109884
20398,0.16768692083140285,0.0019922742537717276,0.030320804914825406
20399,0.005444289413572812,0.0002975311049781502,0.19425817948144905
20400,0.002796239899071565,0.001048378983319253,0.19615538111760916
20401,0.01300161393407421,0.00469614916199164,0.18230223690393416
20402,0.10902649877540149,0.003355379748596748,0.08761812147600176
20403,0.18467218757029502,0.002164839155286705,0.013162973274418266
20404,0.1697629328660928,0.001909698495454807,0.028327368638452383
20405,0.1867909323016928,0.0011265013643575131,0.012082566333949706
20406,0.1893478885603497,0.006223231287302311,0.00442888015234799
20407,0.18944250137287735,0.0003991060956923957,0.010158392531430277
20408,0.0005981117450682506,0.002177987470509993,0.19722390078442173
20409,0.1938995750996329,7.719361619459797e-05,0.006023231284172486
20410,0.025785559667144735,0.0006210303011624714,0.1735934100316928
20411,0.18466870230551127,0.0010602068484450574,0.014271090846043675
20412,0.1946435573807423,0.0007022824977040581,0.0046541601215536734
20413,0.011824127847604267,0.0013582094164410392,0.18681766273595468
20414,0.14004783919366967,0.0004435038237265517,0.059508656982603755
20415,0.14081185154076686,0.015877226476178764,0.04331092198305441
20416,0.10267015212646446,0.006380578049934358,0.09094926982360119
20417,0.17248216530133595,0.0007957289641101496,0.02672210573455392
20418,0.1932683238269417,0.0002677611075572651,0.006463915065501058
20419,0.1704554288823919,0.025379298659759898,0.00416527245784823
20420,0.17840209154352754,0.00042220834523947376,0.02117570011123297
20421,0.1974409560505434,0.00035302254033308235,0.002206021409123541
20422,0.1335901301406789,0.0036932667956853563,0.06271660306363573
20423,0.17900239493279618,0.001986732135559238,0.019010872931644544
20424,0.040570471073800345,0.0034333278978370954,0.15599620102836254
20425,0.0887742082214285,0.02274925151207218,0.08847654026649934
20426,0.19538497683155098,0.00039324286483729116,0.004221780303611732
20427,0.006333234502290455,0.0009389868071790735,0.19272777869053048
20428,0.18473927290954,0.004139971053147099,0.01112075603731292
20429,0.18438104818160522,0.0038847433420715815,0.011734208476323216
20430,0.19032758598412985,0.0006180016521045331,0.009054412363765606
20431,0.18543297107403647,0.000668806970508793,0.01389822195545477
20432,0.1920488401217221,0.00020595247597996342,0.007745207402297946
20433,0.0026947486619196066,0.0002324505639848306,0.19707280077409556
20434,0.1649357124280268,0.00757973199904465,0.02748455557292856
20435,0.19650202663271443,0.0007243155755966207,0.0027736577916889415
20436,0.19223164978687124,0.0015609094846933602,0.006207440728435364
20437,0.060453650999977945,0.004600549175650506,0.13494579982437152
20438,0.08776215800603387,0.011015703900342786,0.10122213809362332
20439,0.16037069497610978,0.00740867527384137,0.03222062975004883
20440,0.1404708212430511,0.001616813724502454,0.057912365032446435
20441,0.17837373547332416,0.002254263443764241,0.0193720010829116
20442,0.05366097649059877,0.005633863010073274,0.14070516049932796
20443,0.005099575625274129,0.0003283943284753736,0.1945720300462505
20444,0.05464454287752415,0.001564971097128491,0.14379048602534736
20445,0.1811360105481534,0.0008008712861541773,0.018063118165692418
20446,0.010492803941914937,0.00018758526206362407,0.18931961079602141
20447,0.19697255841892075,0.0002542357442006266,0.002773205836878634
20448,0.12051253176031859,0.006029243816449759,0.07345822442323165
20449,0.07330219618185131,0.0031046640478531668,0.12359313977029554
20450,0.1808714617918635,0.0007018621269792418,0.018426676081157244
20451,0.16136874145497088,0.005583969271149464,0.033047289273879676
20452,0.14046546246573557,0.000878609212723819,0.058655928321540596
20453,0.1679636495233076,0.0008277410314868332,0.031208609445205517
20454,0.19821499484958557,7.621563398003602e-05,0.0017087895164343832
20455,0.16589252540462224,0.0028992216106915585,0.031208252984686193
20456,0.0008591042724282736,0.0006684980293314512,0.19847239769824027
20457,0.18860781671500787,0.001690960191356215,0.009701223093635906
20458,0.0927026786221453,0.000977245822000843,0.10632007555585384
20459,0.19367901839892038,0.00020549492810693556,0.006115486672972678
20460,0.18905723347571923,0.0002857928442581071,0.010656973680022701
20461,0.1934418575075473,0.001052556384730488,0.005505586107722243
20462,0.10257817288913204,0.00022552156343928122,0.09719630554742867
20463,0.17406326224306704,0.0033128568132676597,0.022623880943665332
20464,0.19620655292831357,0.0006342495417271368,0.003159197529959283
20465,0.04022874058246675,0.0006943216102857905,0.15907693780724746
20466,0.0701185455197742,0.005573033939689901,0.1243084205405359
20467,0.17356932366037528,0.0015944617195163212,0.024836214620108397
20468,0.19861950123040045,0.0005423801937989576,0.0008381185758005793
20469,0.18752273270470557,0.0006334036784901734,0.011843863616804269
20470,0.19217406646812302,0.002042496430857253,0.005783437101019728
20471,0.00040256265270880505,0.00016111449073618166,0.19943632285655505
20472,0.18905833966459654,0.0014061062926744312,0.009535554042729055
20473,0.0025423623962652804,0.0005237219481213041,0.1969339156556134
20474,0.12721511452389253,0.006577491647557486,0.06620739382854998
20475,0.1661782629298953,0.0007341378000518174,0.033087599270052906
20476,0.0811553406649436,0.004933687691695059,0.11391097164336132
20477,0.18392805419871544,0.0005908500782116578,0.015481095723072883
20478,0.03107599353019876,0.0001344013442206255,0.16878960512558058
20479,0.011905583821969837,0.012222205709029328,0.17587221046900084
20480,0.18345552145849175,0.005743202827347693,0.010801275714160563
20481,0.10449456109648185,0.006697144218999846,0.08880829468451831
20482,0.19283357001157658,0.0018234114789469156,0.005343018509476556
20483,0.18669586519240705,0.0005412321888463551,0.01276290261874661
20484,0.19518909585163557,0.0006145377548011906,0.004196366393563239
20485,0.17462856969599566,0.00038152240287371434,0.024989907901130624
20486,0.197184283042553,0.00011271640417112698,0.0027030005532758827
20487,0.19197806084152644,0.0004816389855746261,0.007540300172898929
20488,0.034774003718633525,0.008007200772513257,0.1572187955088532
20489,0.10166729763309383,0.0030978292618735605,0.09523487310503259
20490,0.1952008536588074,0.0017908431978260833,0.0030083031433665347
20491,0.19354274034139812,0.0013313421431493803,0.005125917515452473
20492,0.17779710105996877,0.00485794481114743,0.017344954128883802
20493,0.004062753131684504,0.000257213852853237,0.19568003301546227
20494,0.1659240905499447,0.001357803205751974,0.032718106244303345
20495,0.19220336831472176,0.001338080568394055,0.006458551116884199
20496,0.17912680258800842,0.005670693811416263,0.01520250360057529
20497,0.13289888248135956,0.002843216972015287,0.06425790054662514
20498,0.032536899607164646,0.00024993705216261786,0.16721316334067274
20499,0.009231349225567802,0.0005459611575686456,0.19022268961686356
20500,0.03972231035605281,0.00031776718478559714,0.15995992245916157
20501,0.08591787917549261,0.008360009625905445,0.10572211119860195
20502,0.18855757775100931,0.006379616234487054,0.0050628060145036565
20503,0.11252999295245344,0.0006629868686303684,0.08680702017891619
20504,0.1937780729493615,0.0006303528873427507,0.005591574163295756
20505,0.1773385564074486,0.0018651555290507076,0.02079628806350068
20506,0.19709589541918016,0.000633468584243745,0.002270635996576095
20507,0.0017041492353378183,0.0015844697484314607,0.1967113810162307
20508,0.16615518825940365,0.006302918029138213,0.027541893711458144
20509,0.18916206114992284,0.003930132251634392,0.006907806598442775
20510,0.11727612126158563,0.0011986507883330116,0.08152522795008138
20511,0.19786154322073823,0.0003887370386304554,0.0017497197406313204
20512,0.11664228395196674,0.0034543671704999777,0.07990334887753328
20513,0.18484366320204396,0.0024528937831689384,0.012703443014787121
20514,0.19253542802812137,0.00016281977243031597,0.007301752199448311
20515,0.1964909986544169,0.000452417309649537,0.0030565840359336066
20516,0.19095823757915206,0.0003499979446941172,0.008691764476153798
20517,0.001063145143578002,0.00041678420210356453,0.19852007065431845
20518,0.010915043803539927,0.0006494684398162588,0.18843548775664382
20519,0.19010081283580865,0.006226847322681815,0.003672339841509497
20520,0.18045326200412692,0.0013465775347397753,0.018200160461133316
20521,0.011921641150264872,0.00023112096213513607,0.1878472378876
20522,0.1776853967550544,0.005641650574780928,0.016672952670164675
20523,0.19675822181262742,0.0006770900175096661,0.0025646881698629096
20524,0.11881831331405183,0.0011892653242955727,0.07999242136165256
20525,0.18644548490537158,0.0019699109357575,0.011584604158870936
20526,0.19722033420818413,0.0012982226988609293,0.00148144309295496
20527,0.14452687170932146,0.0005860389475455291,0.05488708934313302
20528,0.025882260285754723,0.0032514145286591466,0.17086632518558614
20529,0.1854414327111677,0.0005756870178632206,0.013982880270969056
20530,0.1586164507692933,0.0008872892916795166,0.04049625993902719
20531,0.19534926167205743,0.0027333561389510084,0.001917382188991555
20532,0.18983514670538065,0.0004945859357410212,0.00967026735887833
20533,0.188848611452397,0.0007196187010991834,0.010431769846503795
20534,0.041265642006088205,0.0010456205611053353,0.15768873743280648
20535,0.17282053450292542,0.004765129876916857,0.02241433562015772
20536,0.1730870888376305,0.022389334211092262,0.004523576951277249
20537,0.18396099443646202,0.0016196550726564629,0.014419350490881545
20538,0.00084133328995036,0.00037385128567718267,0.19878481542437249
20539,0.16713539246797635,0.0015874509439096347,0.031277156588113995
20540,0.0011432725264939267,0.0008848911559723643,0.1979718363175337
20541,0.17098014681391976,0.018332085870701165,0.01068776731537908
20542,0.18184282979470026,0.001261517561134737,0.016895652644164996
20543,0.0015275442981325614,0.0003125620517920001,0.19815989365007547
20544,0.004319024930494986,0.0006368102561550492,0.19504416481334996
20545,0.19814572254021057,0.00033126783487980613,0.0015230096249096237
20546,0.19213026031422703,0.0003831094568810014,0.007486630228891994
20547,0.19455893896628734,0.0006631806535138769,0.004777880380198763
20548,0.18980612562401794,0.004425533700558798,0.0057683406754232445
20549,0.0150412015817671,0.002532524095302281,0.1824262743229306
20550,0.17399018784073708,0.0005006976830433535,0.02550911447621957
20551,0.0034169168946237365,7.510529833314324e-05,0.19650797780704313
20552,0.012061946604078815,0.00040857894162601126,0.18752947445429516
20553,0.18385369147712655,0.0069447215889451895,0.009201586933928262
20554,0.013002466903215512,0.0014300596754559711,0.18556747342132854
20555,0.026335968720838387,0.0014757906620723527,0.17218824061708926
20556,0.18813116867800198,0.00161480761211349,0.010254023709884565
20557,0.1970758370963089,0.0003544281097975554,0.0025697347938935344
20558,0.18690090920978736,0.0010826265514409358,0.01201646423877169
20559,0.1440466350242055,0.002292614664195838,0.053660750311598636
20560,0.1966842713794033,0.0006556526260603729,0.0026600759945363314
20561,0.19726233110704122,0.0005068851336721507,0.0022307837592866276
20562,0.0076090196394589475,0.01964033262701314,0.1727506477335279
20563,0.18704981844765478,0.0009984675069337281,0.011951714045411493
20564,0.030122601055788584,0.03682080691003508,0.13305659203417633
20565,0.1798616020929656,0.003094216438554848,0.017044181468479552
20566,0.10534432449963846,0.0039273971043846485,0.09072827839597689
20567,0.18943055476675444,0.004535247277169119,0.006034197956076485
20568,0.18788217544635238,0.007073729705697267,0.005044094847950358
20569,0.19293877587146724,0.0014858647299817163,0.005575359398551033
20570,0.19035396818706474,0.0007187354301246314,0.008927296382810626
20571,0.19440669002494354,0.0013243255198576644,0.00426898445519881
20572,0.12264761508477776,0.000507070135604253,0.076845314779618
20573,0.12231384770729652,0.002310263385424195,0.07537588890727928
20574,0.04916243024576811,0.0012571156552795319,0.14958045409895238
20575,0.17669336013978926,0.011808491160780836,0.01149814869942992
20576,0.18894296022729057,0.0018888197806521262,0.009168219992057292
20577,0.17852061816594103,0.0006490416821146054,0.020830340151944383
20578,0.169475979476791,0.01524280246945028,0.015281218053758733
20579,0.1943816825911913,0.00036010613526124286,0.005258211273547454
20580,0.18866097719992916,0.0008192836978091438,0.010519739102261711
20581,0.030062588953700137,0.0008276357854558509,0.169109775260844
20582,0.15783404017523328,0.015537741764117366,0.026628218060649363
20583,0.00705864643700225,0.00032746003970767574,0.1926138935232901
20584,0.19230184400274955,0.000813141202631184,0.006885014794619282
20585,0.002892029182967497,0.0007041064044783655,0.19640386441255414
20586,0.19356157093253284,0.0011153731096120894,0.005323055957855104
20587,0.027149728858325735,0.00898434527144407,0.1638659258702302
20588,0.1633146346778987,0.012192096351895606,0.024493268970205703
20589,0.13399218890874565,0.00031901084157909965,0.06568880024967526
20590,0.19687871428183332,0.0004172067663884397,0.002704078951778246
20591,0.12835322943203256,0.009856445790679378,0.061790324777288054
20592,0.186979853450998,0.008508425306367882,0.00451172124263411
20593,0.19125914168249722,0.003299402960535263,0.005441455356967535
20594,0.1752628523276277,0.000899038077653812,0.02383810959471848
20595,0.08180830634424378,0.0005360731959354428,0.11765562045982077
20596,0.008357641813362137,0.0003398103266446434,0.1913025478599932
20597,0.18919874866159578,0.000447421869046006,0.010353829469358198
20598,0.16736644695632016,0.0059428884074297,0.026690664636250146
20599,0.1852918865831225,0.0006848124115347543,0.014023301005342742
20600,0.1888864834653591,0.0003071489234907175,0.01080636761115018
20601,0.18445417065595252,0.005355638673553294,0.010190190670494237
20602,0.18881322862251343,0.0013025873993022798,0.009884183978184306
20603,0.08623560486257717,0.0007485479162718616,0.11301584722115099
20604,0.1826174296564952,0.0021801112443671075,0.015202459099137694
20605,0.05196022548813971,0.004931533001971621,0.14310824150988866
20606,0.18230690845242112,0.011169097087021854,0.0065239944605570265
20607,0.1847946896882489,0.0007319392852518897,0.014473371026499208
20608,0.029782778311387325,0.00019091156654274971,0.17002631012206992
20609,0.19770117269450677,0.00038330196860076975,0.00191552533689244
20610,0.19156174037854895,0.0005522785651958849,0.007885981056255202
20611,0.15219896371652572,0.006025148660817171,0.041775887622657104
20612,0.17558459055971282,0.0002040063361246428,0.02421140310416253
20613,0.19544543691814026,0.002498895407984258,0.0020556676738754955
20614,0.19267723633959996,0.0003004140342256178,0.0070223496261744055
20615,0.18396759850494793,0.0018818045558534643,0.014150596939198587
20616,0.0022140947714051657,0.00016874131226423853,0.1976171639163306
20617,0.0068757707995215096,0.0004267794087148922,0.19269744979176362
20618,0.18443393940659486,0.0008294816656436065,0.014736578927761552
20619,0.030568427482973653,0.000558166469522682,0.16887340604750364
20620,0.13035422709313427,0.04875266121147802,0.020893111695387705
20621,0.17968009008144686,0.00038667910224191227,0.019933230816311223
20622,0.15850723015185367,0.0006915917235453669,0.04080117812460097
20623,0.19623503847526896,0.0008521412977862926,0.0029128202269447204
20624,0.14201677428575712,0.04076770136830234,0.017215524345940526
20625,0.08563948196682793,0.004789862272350071,0.10957065576082199
20626,0.001586705362782289,0.0035547002444440146,0.1948585943927737
20627,0.18821547742734862,0.007288380286759211,0.004496142285892189
20628,0.005492581441401762,0.00794031249733413,0.1865671060612641
20629,0.18461809752154842,0.00246495832659054,0.012916944151861023
20630,0.1843840130004316,0.0008036066011312371,0.014812380398437155
20631,0.03354002431226917,0.0010653125139090777,0.16539466317382176
20632,0.18882632690506365,0.0016949106723172062,0.009478762422619188
20633,0.04388433867016588,0.0033493739041605035,0.1527662874256736
20634,0.19800837355969197,0.0003957891893652814,0.0015958372509427578
20635,0.13093769244559444,0.0013343385721338499,0.06772796898227171
20636,0.07211533355019348,0.0023815964467306713,0.12550307000307587
20637,0.048232045014187694,0.0009571456284117208,0.15081080935740057
20638,0.14023371357984943,0.020227041268003287,0.03953924515214729
20639,0.19027258242483785,0.005090120196464083,0.004637297378698057
20640,0.19458308257344004,0.0008603877397664165,0.00455652968679353
20641,0.19643527374032538,0.00016476081546338357,0.0033999654442112373
20642,0.0035461323100242506,0.0008260124559262243,0.19562785523404952
20643,0.18672796583444465,0.0004579651245446629,0.012814069041010725
20644,0.16338115894738664,0.0011999670439938384,0.0354188740086195
20645,0.005295641630296049,0.0006930638864628571,0.19401129448324111
20646,0.03945174944122103,0.009368175997784414,0.15118007456099453
20647,0.142687253927709,0.003706072333247727,0.05360667373904325
20648,0.19765407438955682,0.0012140448287454994,0.0011318807816976765
20649,0.010778847450310481,0.0008342911780444687,0.18838686137164504
20650,0.1925589015549179,0.0005645789133420117,0.006876519531740076
20651,0.11491605021043678,0.005397079303248988,0.07968687048631426
20652,0.12253424426405564,0.0024954265115029106,0.07497032922444144
20653,0.0004959965174069982,0.00010253464415292401,0.19940146883844007
20654,0.18409570685692478,0.0012131537719271002,0.014691139371148113
20655,0.00044144214898814594,3.84587855903461e-05,0.1995200990654215
20656,0.14600346645756151,0.005425363919869141,0.04857116962256936
20657,0.15649636480740586,0.006219439197815644,0.03728419599477849
20658,0.18973249544262008,0.0007148314547675308,0.009552673102612439
20659,0.1933644881542171,0.004589981552502161,0.0020455302932807107
20660,0.05852339617537775,0.008227648324364047,0.13324895550025823
20661,0.18287366127418236,0.003429123902402779,0.01369721482341486
20662,0.1851802003071755,0.00025733545255607305,0.014562464240268417
20663,0.1713972106969414,0.0002697139036104693,0.028333075399448144
20664,0.19219807977664544,0.003982671775665904,0.003819248447688637
20665,0.0798382032576036,0.0033101158542572138,0.11685168088813917
20666,0.19169247269401643,0.0012317900678260473,0.007075737238157497
20667,0.1883717838412557,0.001039948598157176,0.01058826756058712
20668,0.19625434923377638,0.0004594343573263508,0.0032862164088972223
20669,0.01056842164936054,0.0008273601629262169,0.18860421818771325
20670,0.18586288718936803,0.009688451431930346,0.00444866137870161
20671,0.1335685478351202,0.0008040985499360505,0.06562735361494373
20672,0.19277472171006885,0.0017426460819493748,0.005482632207981776
20673,0.1866192394607022,0.006124086924295123,0.0072566736150026815
20674,0.1962646603194131,0.00047165699679895705,0.0032636826837879537
20675,0.18447594319412838,0.0044876602666234725,0.011036396539248133
20676,0.1914770422607436,0.0027761684596542264,0.005746789279602161
20677,0.19256480918387314,0.0005574960942874567,0.0068776947218394
20678,0.16606642089284412,0.02230254002743592,0.01163103907971995
20679,0.17731394051545335,0.007587118673449751,0.015098940811096912
20680,0.0006340204628402555,0.00028876053001114917,0.19907721900714861
20681,0.19748057641695688,0.00020275582349304653,0.0023166677595500493
20682,0.1606008291412016,0.0020329915270348455,0.037366179331763505
20683,0.18437598317743428,0.0009413314280213164,0.014682685394544401
20684,0.1547652259862199,0.001608096081547153,0.04362667793223295
20685,0.19345812543194713,0.0006619983508513261,0.005879876217201534
20686,0.10960595389410284,0.03592957276193293,0.054464473343964225
20687,0.16520892788703628,0.00398031495763666,0.03081075715532709
20688,0.11767796699327535,0.006940659052245645,0.07538137395447903
20689,0.19288152197609867,0.00040289044397843717,0.006715587579922876
20690,0.07271283757929817,0.0027043477358664114,0.12458281468483542
20691,0.12098451090405045,0.001793374521464272,0.07722211457448527
20692,0.19645140152977797,0.0010570859050513183,0.0024915125651706915
20693,0.1927324968143012,0.005045091226768101,0.002222411958930703
20694,0.021011635231475125,0.0009165073279221757,0.17807185744060272
20695,0.19879505462270322,0.0005761681183064176,0.0006287772589903763
20696,0.19561543347521285,0.00043069477588491433,0.003953871748902242
20697,0.14982909355288013,0.0009382294902347054,0.04923267695688517
20698,0.1884307740163491,0.003409578500112198,0.008159647483538732
20699,0.006926230490022842,0.0003819651817943287,0.19269180432818284
20700,0.15517492183979578,0.007721836531764979,0.03710324162843925
20701,0.18530897048157538,0.0010058455998592452,0.013685183918565371
20702,0.12230970633048352,0.00041651289649009577,0.07727378077302637
20703,0.15940328620413138,0.03535741184881109,0.005239301947057504
20704,0.1921427011297662,0.0045027973053032655,0.0033545015649305435
20705,0.17202237840889995,0.001749516436470621,0.02622810515462945
20706,0.14050203598937663,0.002726064920210785,0.05677189909041258
20707,0.06267502601078165,0.005139737418701221,0.13218523657051712
20708,0.1899386922049943,0.0018764725189258278,0.008184835276079864
20709,0.12918124519908727,0.0031212106236613003,0.06769754417725142
20710,0.11250473307149922,0.001246824841539262,0.08624844208696152
20711,0.19790566407027027,0.00024125755137687256,0.0018530783783528657
20712,0.1909246049135532,0.00030093359684370106,0.008774461489603088
20713,0.07883328685196758,0.001399939623802599,0.11976677352422979
20714,0.0025864807657148894,0.00029798183304467296,0.19711553740124044
20715,0.1897429679750632,0.0007026805033910303,0.009554351521545752
20716,0.19536262610335384,0.0018237136534758603,0.0028136602431702946
20717,0.004183321612315364,0.0023260846429116236,0.193490593744773
20718,0.16915451135714424,0.014825537783179452,0.01601995085967633
20719,0.16648501338101435,0.0007466394849987412,0.03276834713398689
20720,0.03253730790642887,0.0009096613363378848,0.16655303075723324
20721,0.03788606352431294,0.003039582171662013,0.15907435430402503
20722,0.10320791480868649,0.014080247390760563,0.08271183780055294
20723,0.022045848170083506,0.0034593654484810802,0.1744947863814354
20724,0.1948940111021375,0.0004478158716852769,0.004658173026177235
20725,0.18940759137640284,0.0006453770701791864,0.009947031553417984
20726,0.1676004113974378,0.015368255777876325,0.01703133282468587
20727,0.003029148162137867,0.0010059403155153056,0.19596491152234682
20728,0.13231702690266184,0.029822918737385816,0.03786005435995236
20729,0.18504217688421293,0.005840232183884171,0.009117590931902895
20730,0.19094417732765268,0.0009520507612647665,0.008103771911082544
20731,0.03704272365680279,0.003333971672342427,0.1596233046708548
20732,0.18290599453973932,0.0055542991791028475,0.01153970628115784
20733,0.11904809373629865,0.01929921006482218,0.061652696198879156
20734,0.008926586012348331,0.0007730080114656228,0.19030040597618603
20735,0.03661123956976811,0.0002923600965882943,0.1630964003336436
20736,0.04679067436421512,0.0007118111492744017,0.1524975144865105
20737,0.18281169966746832,0.0008370440777225371,0.01635125625480912
20738,0.19775639277847878,0.00022319407158573348,0.0020204131499354998
20739,0.1903838775633383,0.001076906974886026,0.008539215461775697
20740,0.06205226346262187,0.0021333110226696905,0.13581442551470843
20741,0.1862869170587699,0.00103889998753587,0.01267418295369425
20742,0.029108583912965513,0.0034334108698901764,0.16745800521714432
20743,0.18486833033750996,0.011191295276267776,0.003940374386222254
20744,0.11728644009053628,0.004803344336874,0.0779102155725897
20745,0.1362144779434227,0.0008098279144352249,0.0629756941421421
20746,0.19403417463498385,0.000377459959357426,0.005588365405658705
20747,0.18197340435131068,0.004679256347316359,0.01334733930137295
20748,0.19032709693583355,0.0012619487648918262,0.008410954299274619
20749,0.003886246968633482,0.0010611691776845492,0.19505258385368196
20750,0.17330498937626604,0.0009089721141683523,0.025786038509565644
20751,0.011312405139974393,0.0006187709848169769,0.18806882387520862
20752,0.11514679777419232,0.0012159530242669481,0.08363724920154073
20753,0.035371109712638266,0.0025958394367906505,0.16203305085057107
20754,0.06803167576456398,0.013612612464260317,0.1183557117711757
20755,0.18294641909856973,0.0009190297945958244,0.016134551106834462
20756,0.19725377454485546,0.0003634904034316067,0.0023827350517129234
20757,0.1944613985105397,0.0015474491849818339,0.0039911523044784715
20758,0.005003539545871762,0.0003162935408286215,0.19468016691329962
20759,0.18749206978022542,0.0036827686498341465,0.008825161569940437
20760,0.14344658308738772,0.002634929000639571,0.0539184879119727
20761,0.00919667048548228,0.0012765893860039756,0.18952674012851375
20762,0.173594483837119,0.0027900960165023543,0.023615420146378643
20763,0.1728309693471239,0.0011265677256411578,0.026042462927234934
20764,0.1744977327413381,0.0005843211029134069,0.024917946155748508
20765,0.10349260844152308,0.0031209935406169118,0.09338639801785999
20766,0.08910003093707938,0.0011766222092742093,0.10972334685364642
20767,0.17968155553703213,0.015762739055249976,0.004555705407717877
20768,0.1954030958396977,0.00022232643098840985,0.004374577729313878
20769,0.19258640183353704,0.0005139172580139054,0.006899680908449095
20770,0.12710214975829343,0.0003747316194604576,0.07252311862224611
20771,0.01756043992815979,0.0076881370216351054,0.1747514230502051
20772,0.19270023629882269,0.0017882951302881506,0.005511468570889163
20773,0.15748124761201188,0.00473096070721081,0.037787791680777325
20774,0.1960364954511939,0.0006881003999579416,0.003275404148848119
20775,0.1942017272471645,0.0002942771984881632,0.005503995554347367
20776,0.06247399161391345,0.00021749466376211929,0.13730851372232442
20777,0.09477034546770186,0.022933483382487175,0.08229617114981094
20778,0.18738522857529974,0.0010104180017763904,0.011604353422923899
20779,0.004545589158446803,0.002725876370512709,0.1927285344710405
20780,0.15695766691722154,0.00437329460963764,0.03866903847314081
20781,0.12602945756094158,0.04261641783277311,0.03135412460628532
20782,0.17195024648068036,0.012012679556240918,0.016037073963078734
20783,0.046670053809279036,0.0060729786980432965,0.14725696749267767
20784,0.1186345018653211,0.003628033808380001,0.07773746432629888
20785,0.1201642398527982,0.0046609517322519795,0.0751748084149498
20786,0.19394974931252137,0.003934685319065491,0.0021155653684131388
20787,0.19464867237510192,0.0008684587844251931,0.004482868840472913
20788,0.1878277057744902,0.0016410149449073003,0.01053127928060248
20789,0.14782882999584418,0.019123643686039124,0.033047526318116714
20790,0.17972334371807555,0.011972542525328412,0.008304113756596045
20791,0.0031494085016486534,0.001585027879106175,0.19526556361924516
20792,0.18521167121368431,0.000693594844318065,0.014094733941997614
20793,0.19395624963470148,0.004191600644184083,0.0018521497211144533
20794,0.19357080137401905,0.0006732849033216292,0.005755913722659303
20795,0.17072541257795254,0.016025665513856265,0.013248921908191203
20796,0.066214140652405,0.00035902319745381175,0.1334268361501412
20797,0.012173405921511813,0.00974546200532881,0.1780811320731594
20798,0.1870459631158451,0.005499769529966763,0.007454267354188135
20799,0.16887190563775048,0.004910977407836599,0.026217116954412922
20800,0.17904132073914814,0.01362780089906914,0.007330878361782744
20801,0.17759456984688277,0.011908315824763815,0.010497114328353388
20802,0.17684009684939525,0.0008676201086891877,0.022292283041915526
20803,0.19410573397664604,0.0007993830991154799,0.0050948829242384395
20804,0.17821299712892796,0.00329505166080898,0.018491951210263105
20805,0.16680854648800836,0.005420464435227776,0.027770989076763876
20806,0.16281450466515898,0.001990631143420708,0.03519486419142032
20807,0.03197948841172643,0.0045014734708655,0.16351903811740806
20808,0.19373616859191078,0.0002120984166766922,0.00605173299141251
20809,0.0032610510574509095,0.0005352201814757361,0.19620372876107336
20810,0.19617709653919513,0.00021835706953236275,0.0036045463912724855
20811,0.19091344175732894,0.0019089826879702394,0.007177575554700817
20812,0.15268260858526497,0.0005586145933986709,0.04675877682133634
20813,0.19459713101251663,0.00041195690343908504,0.004990912084044319
20814,0.18876029565650962,0.0007884677165001335,0.010451236626990261
20815,0.19542418439273984,9.823735571668377e-05,0.004477578251543495
20816,0.1739459631130533,0.0015208635695091537,0.02453317331743756
20817,0.19819019783578162,9.803602551089492e-05,0.0017117661387074739
20818,0.1842991830438913,0.0009773550517510536,0.01472346190435766
20819,0.19339527512059337,0.0033497140607295487,0.003255010818677079
20820,0.1488616530717795,0.0017792381831950627,0.0493591087450254
20821,0.010114655214359055,0.0030996616034850285,0.1867856831821559
20822,0.18918908723773728,0.0022467907082116207,0.00856412205405109
20823,0.002523390520428165,0.00032010493308995343,0.1971565045464819
20824,0.19718521501085456,0.0006955134519054408,0.00211927153723999
20825,0.1862574094191099,0.0016492982088480734,0.01209329237204202
20826,0.05505213111836944,0.0006517790909051617,0.14429608979072542
20827,0.0859694887957196,0.014746389582892613,0.0992841216213878
20828,0.14711199124378027,0.0010078126623295435,0.05188019609389018
20829,0.001977365373676017,0.0005603239306922593,0.19746231069563175
20830,0.18723807254441413,0.0002812693572143552,0.012480658098371495
20831,0.1960125029170881,0.00020836811585490416,0.0037791289670569784
20832,0.008299238717851827,0.0024658973057080976,0.18923486397644007
20833,0.12962192890799107,0.004935225305501214,0.06544284578650769
20834,0.10764653575411591,0.0005518964596269316,0.09180156778625717
20835,0.19479317838866678,0.0028607120702075807,0.002346109541125645
20836,0.09794974295228778,0.020159568966888034,0.08189068808082417
20837,0.1745770889755677,0.0020733094754574887,0.023349601548974815
20838,0.09187792205566031,0.016509446188426195,0.0916126317559135
20839,0.1975529030771674,0.0009290148204094851,0.0015180821024230891
20840,0.19086884347179334,0.0026022972115315635,0.006528859316675098
20841,0.025768329025219333,0.005306926975846013,0.16892474399893465
20842,0.004077111173943411,0.0002928857256850645,0.1956300031003715
20843,0.1813790564398972,0.0049085020538136345,0.01371244150628915
20844,0.18866728594813625,0.00606862950890623,0.0052640845429575535
20845,0.028708100752746584,0.002444030363881009,0.16884786888337242
20846,0.15563828702393706,0.0040316389337131464,0.040330074042349826
20847,0.17606470305527475,0.0016293975144531989,0.022305899430272044
20848,0.18802403085191027,0.0037320862310509565,0.008243882917038758
20849,0.1506858565874851,0.0001463191581832221,0.04916782425433167
20850,0.17121881778588377,0.0040357915626015334,0.02474539065151469
20851,0.19132989846095638,0.0009559218501981985,0.007714179688845435
20852,0.1847349915457626,0.002119402885428866,0.013145605568808574
20853,0.07327941074843308,0.001324656845964686,0.12539593240560226
20854,0.19859611441000646,5.15697583421455e-05,0.0013523158316513608
20855,0.150782428421461,0.0023652001097054383,0.04685237146883357
20856,0.18597580756976229,0.009196982253849783,0.004827210176387936
20857,0.19452675170659067,0.0011294211233362896,0.004343827170073028
20858,0.06037708219937343,0.015231843504961224,0.12439107429566536
20859,0.17025580558055814,0.0021647772493644133,0.027579417170077464
20860,0.09952779925397623,0.00349953883758942,0.09697266190843437
20861,0.025572519342176765,0.00041083081744618685,0.17401664984037707
20862,0.1475451547526745,0.02437890844334669,0.028075936803978824
20863,0.10198697976704744,0.006176484950875058,0.09183653528207748
20864,0.1332430729744847,0.01263310339593852,0.05412382362957678
20865,0.1419521259416086,0.0013556191637127842,0.05669225489467862
20866,0.18167877897145304,0.003097899405448352,0.015223321623098612
20867,0.17107890700922884,0.005769726537642565,0.02315136645312862
20868,0.05712598421871331,0.00218333165229699,0.1406906841289897
20869,0.15591510386117405,0.013157927052235955,0.03092696908659
20870,0.10307402713238759,0.018752336403919857,0.07817363646369259
20871,0.005140771000183989,0.00028229181247266087,0.19457693718734334
20872,0.04993020177905699,0.004171839209614388,0.1458979590113286
20873,0.1823252882976981,0.0005171726833136921,0.01715753901898823
20874,0.1665232811251695,0.0016649009754693869,0.031811817899361106
20875,0.15639976689720733,0.005105346111954041,0.038494886990838625
20876,0.19447800804558835,0.002203814490656356,0.0033181774637552875
20877,0.18010731310153336,0.0027138007681406576,0.017178886130325994
20878,0.1980466599969809,0.0005275813985013936,0.0014257586045176923
20879,0.06632739752328652,0.004727138880399138,0.1289454635963143
20880,0.16220315410816036,0.000985012443097327,0.03681183344874233
20881,0.1781616523550448,0.002141403729537624,0.019696943915417577
20882,0.19565000320598241,0.0005981416711429293,0.0037518551228746455
20883,0.01451291087644912,0.001594582629527588,0.18389250649402328
20884,0.19498325972410321,0.0026163191542799514,0.002400421121616837
20885,0.18515787025238162,0.0019507980683469348,0.012891331679271428
20886,0.18344048865201087,0.00618179438191375,0.010377716966075347
20887,0.19219010001748243,0.0006643737359115864,0.0071455262466059875
20888,0.18839663975865803,0.0007059689168894179,0.010897391324452544
20889,0.08846800536755013,0.00037894702201831515,0.11115304761043154
20890,0.1925114648171897,0.0006737397799413223,0.006814795402868982
20891,0.19736352745868996,9.306732417996161e-05,0.002543405217130097
20892,0.014257468053305054,0.0018097419471521433,0.18393278999954282
20893,0.14822135335177075,0.0016066857649718717,0.05017196088325736
20894,0.18430473507027473,0.003695859888143868,0.011999405041581413
20895,0.09378994424146679,0.03888629072988837,0.06732376502864486
20896,0.1882758801160753,0.0009892122060072713,0.010734907677917438
20897,0.18819601967772262,0.0005016297259121439,0.011302350596365276
20898,0.17132998260228063,0.0023896351184184944,0.026280382279300896
20899,0.19731444455739755,0.0002570523014169616,0.0024285031411855193
20900,0.19692490244643057,0.0009073919880351741,0.0021677055655342737
20901,0.1958170480383554,0.0007518290492009941,0.003431122912443618
20902,0.13552250401398108,0.002404029768788562,0.062073466217230366
20903,0.014176794012929214,0.0003188323936124288,0.18550437359345837
20904,0.12436742158126524,0.0015858134366101867,0.07404676498212458
20905,0.19119711303022047,0.002718235670360689,0.006084651299418859
20906,0.19838542946449325,0.00010872225337849715,0.0015058482821282656
20907,0.000849730788502029,0.00038325527653151447,0.19876701393496649
20908,0.059715106153999296,0.007820695581729903,0.1324641982642708
20909,0.18073653504404869,0.0007494992440305571,0.018513965711920773
20910,0.15809464249586824,0.00012793136374748918,0.04177742614038428
20911,0.0027525130963572523,0.00047450152490922676,0.1967729853787335
20912,0.08754784090617712,0.004248456457541351,0.10820370263628151
20913,0.12020580424850316,0.002117489729946676,0.07767670602155015
20914,0.19574255936644983,0.00043001450174213666,0.003827426131808012
20915,0.0030173068513634376,0.00019024538101608226,0.19679244776762048
20916,0.07766844958548774,0.005567498814715945,0.1167640515997963
20917,0.18402064899935872,0.008607647545970232,0.00737170345467103
20918,0.19011907320664576,0.004377525047970088,0.005503401745384157
20919,0.17887564562501937,0.000380149321798522,0.02074420505318208
20920,0.1900385768062967,0.0006425658734619537,0.009318857320241335
20921,0.17607269348203153,0.001859269014032563,0.02206803750393591
20922,0.0511511292158364,0.09036025159198321,0.05848861919218039
20923,0.19692426127454307,0.00034964557189215824,0.0027260931535647197
20924,0.1586499491910448,0.0014005588874612125,0.03994949192149399
20925,0.15393128608061454,0.010939238667527197,0.035129475251858264
20926,0.16040253288795958,0.0020146015438885717,0.03758286556815184
20927,0.04035439943638279,0.013150095954803417,0.14649550460881378
20928,0.19909097694478653,0.0005080191001366312,0.00040100395507686485
20929,0.0005774958160133716,0.0003830114881781566,0.19903949269580845
20930,0.16634090475951555,0.0015143395641019953,0.03214475567638247
20931,0.04876407219340115,0.001967139792185309,0.14926878801441354
20932,0.12625575683189738,0.0013138482661932262,0.07243039490190938
20933,0.1932141842880895,0.0010672258182140505,0.005718589893696446
20934,0.19322222399993555,0.00023083785846520895,0.006546938141599257
20935,0.1848300334478429,0.0002589249026812264,0.014911041649475886
20936,0.19166171694554907,0.0009144405212423049,0.00742384253320867
20937,0.11476150583003779,0.00987537567673787,0.07536311849322433
20938,0.1881258881668933,0.0009841326780999202,0.01088997915500678
20939,0.1796721407842951,0.005893266474121895,0.014434592741583038
20940,0.19637280938623589,0.000883821828740775,0.002743368785023327
20941,0.19553581391287805,0.0019369033245982125,0.0025272827625237217
20942,0.18898155181949466,0.0014375083684128446,0.009580939812092494
20943,0.16342505246406883,0.019459123229552705,0.0171158243063785
20944,0.10793541530770281,0.0013607605300203736,0.09070382416227683
20945,0.19632447277598758,0.0002562035541135644,0.003419323669898819
20946,0.06859360335262403,0.004316923214350228,0.12708947343302573
20947,0.0005766032496888947,0.0001088092005008682,0.19931458754981024
20948,0.16506308214734006,0.004427738397272554,0.03050917945538742
20949,0.02134763678946488,0.0008817807880326843,0.17777058242250243
20950,0.19145355066149308,0.0007913546826697609,0.00775509465583714
20951,0.151167866472001,0.002382694782871432,0.046449438745127566
20952,0.167107220692056,0.00029046140160977,0.03260231790633423
20953,0.18535322717942504,0.0015845953662634422,0.013062177454311524
20954,0.19445962548104773,0.0009678447454736346,0.00457252977347866
20955,0.19557321150370127,0.0006591625915444638,0.003767625904754237
20956,0.16171874646838544,0.005052462247850389,0.0332287912837642
20957,0.0011447251061917976,0.00013756204258381571,0.1987177128512244
20958,0.1467931236993491,0.04109299330934716,0.012113882991303717
20959,0.17871816388654999,0.0011734410063438834,0.02010839510710615
20960,0.1951130567213178,9.068411616017832e-05,0.004796259162522008
20961,0.18879162174380676,0.0007149831749066773,0.01049339508128656
20962,0.18205303273816079,0.001129554553716852,0.01681741270812236
20963,0.003646639674415913,0.00022109203740871444,0.19613226828817537
20964,0.18557137826648137,0.0038852221740565815,0.010543399559462
20965,0.1938267684903388,0.0009360341049304149,0.005237197404730833
20966,0.18527942681441506,0.007720902702916933,0.00699967048266804
20967,0.1974780880064198,0.00018690733492210835,0.0023350046586580976
20968,0.12863050400704504,0.001174315932271115,0.07019518006068388
20969,0.19333448108898588,0.0004353481423916305,0.006230170768622508
20970,0.19500119181301584,0.003525835708723417,0.0014729724782607623
20971,0.009113873138562323,0.0031118061886053323,0.18777432067283234
20972,0.19617989003341554,0.0011462257293272245,0.002673884237257262
20973,0.19583357578285107,0.0026826017034365843,0.0014838225137123384
20974,0.18686800406361365,0.006129984791030131,0.007002011145356224
20975,0.12757566609143298,0.0042063689705958505,0.06821796493797118
20976,0.1876753115789609,0.0014318941376692134,0.01089279428336988
20977,0.16597304887069272,0.0021554282586744465,0.03187152287063284
20978,0.1876370408078816,0.005162861643694757,0.007200097548423642
20979,0.15131912030634723,0.001967845631864667,0.04671303406178813
20980,0.1317020137788659,0.012081914972246269,0.05621607124888781
20981,0.1953512516594315,0.0014567595418461872,0.003191988798722308
20982,0.07779485747566509,0.006390972243892967,0.11581417028044194
20983,0.017826593724810984,0.0010331835945242228,0.18114022268066476
20984,0.1975349373400922,0.00013744890414331786,0.002327613755764506
20985,0.18828841141741448,0.005571355701604232,0.006140232880981261
20986,0.14937305159243,0.0017947694012909587,0.04883217900627905
20987,0.15076427229054656,0.012794024356640838,0.03644170335281258
20988,0.062347990118334876,0.00038290224416879365,0.13726910763749633
20989,0.18856199022358916,0.0025540143908608388,0.008883995385550035
20990,0.020080678698775355,0.002641907902366607,0.17727741339885802
20991,0.1949328953395212,0.0011893481702158833,0.0038777564902629084
20992,0.16860701134370737,0.004368312777326429,0.02702467587896621
20993,0.1762382117322382,0.00213220832878852,0.021629579938973277
20994,0.025509442635872865,0.0009043422989530334,0.1735862150651741
20995,0.05977813323730798,0.003838128937060103,0.1363837378256319
20996,0.18116698255930755,0.0009005150626701164,0.01793250237802236
20997,0.19571803232157722,0.0017345450873957567,0.002547422591027017
20998,0.011703663203286092,0.0012639973776711543,0.18703233941904274
20999,0.06587209614030351,0.0009066936665581851,0.13322121019313832
21000,0.19526421639000743,0.002141273729890152,0.0025945098801024016
21001,0.18607601003377958,0.0011041092827676164,0.012819880683452809
21002,0.17009160636424084,0.0013335785287675486,0.02857481510699165
21003,0.05343440469004211,0.0004457401906058808,0.14611985511935202
21004,0.1887817889132229,0.0018041091299037867,0.009414101956873365
21005,0.19194230856987107,0.0006225943802906603,0.007435097049838278
21006,0.19742962212391413,0.0007191373762679064,0.0018512404998179744
21007,0.19492451294592997,0.0009463778299192467,0.004129109224150796
21008,0.0311752208165529,0.0007071262788808073,0.1681176529045663
21009,0.056507478497948585,0.002933631537838803,0.14055888996421262
21010,0.004564629301557231,0.0002709811710978365,0.19516438952734494
21011,0.1965639250384218,0.0002590858663579295,0.003176989095220303
21012,0.08064798674952525,0.0037177165970040823,0.11563429665347066
21013,0.19805782121319654,0.0004066357962089569,0.0015355429905945144
21014,0.15425921648737312,0.0035205221730979855,0.042220261339528886
21015,0.15342475229259905,0.00044775852341803854,0.04612748918398291
21016,0.18325754532957428,0.0005594673614218703,0.016182987309003836
21017,0.19756058018750383,0.00012292377712989937,0.0023164960353662255
21018,0.18740186177561974,0.0024973095227115846,0.010100828701668688
21019,0.19024926999852163,0.0007993961239519483,0.008951333877526411
21020,0.18611512245716405,0.0015801031824603461,0.012304774360375617
21021,0.19653261684112608,0.0002545993773752545,0.0032127837814986517
21022,0.005380429666586291,0.0007922948834371242,0.1938272754499766
21023,0.09256214900743229,0.0006576893667908577,0.10678016162577686
21024,0.18949140612072463,0.0004295812825054557,0.010079012596769871
21025,0.19434382338823666,0.0005679576677288003,0.005088218944034548
21026,0.19843639166696198,0.00031322821776141185,0.0012503801152766237
21027,0.18515277279279357,0.0008797453784350744,0.013967481828771361
21028,0.04697609897444667,0.00667751705899418,0.14634638396655916
21029,0.19399950958140294,0.0003973771211757251,0.005603113297421317
21030,0.02599371891407235,0.005239128175175477,0.16876715291075217
21031,0.1676295667526061,0.0030394114404665336,0.02933102180692738
21032,0.19084669449208408,0.0007773999293391525,0.008375905578576748
21033,0.1825233216395981,0.000717711377982017,0.016758966982419868
21034,0.19613792417891693,0.0010206998893208274,0.002841375931762229
21035,0.16957560261128937,0.00553496345041654,0.02488943393829409
21036,0.1936356001088675,0.0004153739857288904,0.005949025905403649
21037,0.16376083888590692,0.0009996172506204011,0.03523954386347268
21038,0.1849358688923876,0.0011888788012397989,0.013875252306372557
21039,0.1456058338757007,0.01917154741589178,0.03522261870840755
21040,0.16891413447870512,0.004001408933214045,0.02708445658808085
21041,0.16185622992398224,0.004202948090389258,0.033940821985628485
21042,0.18382281545639112,0.0003046792258863341,0.01587250531772257
21043,0.19545387257418576,0.0015340744583819158,0.0030120529674323255
21044,0.0008095931104192611,0.0007411762408005162,0.19844923064878023
21045,0.17131638018400885,0.0004932654142726239,0.02819035440171853
21046,0.19513494984407603,0.002540530833806262,0.0023245193221177168
21047,0.12996665613254363,0.0019585753305654515,0.06807476853689093
21048,0.1950354941933295,0.0017530965999911535,0.003211409206679356
21049,0.012210145925136973,0.006527934091321011,0.181261919983542
21050,0.02208310105878613,0.0006540904038061246,0.17726280853740772
21051,0.19189922404781168,0.001701726669123146,0.006399049283065172
21052,0.06743299550281569,0.05091608331545964,0.08165092118172466
21053,0.19111492697132265,0.0007714983540919607,0.00811357467458541
21054,0.032661524440206445,0.0009478067081634108,0.16639066885163017
21055,0.1874918092493214,0.006057387805359837,0.006450802945318764
21056,0.18645407449338566,0.0007753099549327109,0.012770615551681627
21057,0.19473217552906813,0.0008899690580131131,0.004377855412918757
21058,0.17728270896966924,0.0030203976082649954,0.019696893422065757
21059,0.1948320665592674,0.0012164544431031974,0.00395147899762939
21060,0.05224101175036859,0.004308764287686844,0.14345022396194457
21061,0.06604108646012058,0.000675421918184204,0.13328349162169523
21062,0.19871628433153785,0.0004603128281379697,0.0008234028403241699
21063,0.16909464446677636,0.0010289677420263505,0.02987638779119727
21064,0.19548865715561292,0.0019254940714194494,0.0025858487729675888
21065,0.16625946423958543,0.0008600646756637449,0.03288047108475083
21066,0.1879327343157952,0.0007471683527341991,0.011320097331470595
21067,0.004342387709143938,0.01965548026490337,0.1760021320259527
21068,0.011559942098685905,0.002299476530498579,0.18614058137081552
21069,0.18384458223233183,0.0006619088589194783,0.01549350890874871
21070,0.18689998691255233,0.00018170056856145331,0.01291831251888621
21071,0.1912953097613546,0.005445121739484403,0.0032595684991610224
21072,0.006943189912247789,0.004465301067932892,0.18859150901981933
21073,0.18799646619599777,0.0024277451168607392,0.009575788687141523
21074,0.19016929508525268,0.001204602895559822,0.008626102019187494
21075,0.16343370968488022,0.00031113375909224957,0.03625515655602751
21076,0.023196183140746927,0.005809766033133658,0.17099405082611943
21077,0.0014909830731573716,0.00030336125835363356,0.19820565566848897
21078,0.19801025121645952,0.00014781614140658427,0.001841932642133917
21079,0.017954983868510858,0.00883632675588742,0.17320868937560172
21080,0.011336219216239545,0.0011628361529727042,0.18750094463078776
21081,0.19212122069872886,0.0011843888265345346,0.006694390474736624
21082,0.19468234294723707,0.000160328469115813,0.005157328583647124
21083,0.14554906424961395,0.0012701650254735518,0.05318077072491249
21084,0.08091787551845013,0.003646940865784238,0.11543518361576563
21085,0.1961449197579121,0.0001447530665044627,0.003710327175583444
21086,0.17913103534591124,0.0014611267377511985,0.019407837916337538
21087,0.18098500855423288,0.0012434230919175194,0.017771568353849597
21088,0.1271260402884801,0.0014169862155670725,0.07145697349595283
21089,0.18405804274936294,0.007048687500533253,0.008893269750103787
21090,0.0016469065094283438,0.0002782884544410668,0.19807480503613056
21091,0.19353505386534633,0.0008272592405911827,0.005637686894062486
21092,0.19464564409692459,0.0009593307746219148,0.004395025128453458
21093,0.1971638764358475,0.00028632887758639404,0.0025497946865660663
21094,0.19497724369763714,0.0003778888194221455,0.004644867482940727
21095,0.19691103758549075,0.0008283077936104723,0.002260654620898787
21096,0.1940136246389916,0.002031200811408591,0.003955174549599781
21097,0.1845477821872799,0.0014230903175234005,0.014029127495196723
21098,0.19477527373699727,0.002139955493246546,0.0030847707697561804
21099,0.19324854248574994,0.0003341859057887903,0.006417271608461277
21100,0.0639513598701765,0.0001381832627219403,0.13591045686710157
21101,0.1964975251791115,0.002255738908523091,0.001246735912365391
21102,0.19029686528798995,0.0009692369676591337,0.008733897744350955
21103,0.005756273832842009,0.00029584477956308777,0.19394788138759492
21104,0.18702165376766183,0.0023441863052552077,0.010634159927082974
21105,0.11812505057926162,0.0069556542170885385,0.07491929520364983
21106,0.17702560122302063,0.0009174155317587115,0.022056983245220683
21107,0.19507135527487923,0.0009262088526684411,0.00400243587245236
21108,0.05845235215266727,0.004739024326489505,0.13680862352084322
21109,0.19540470646260108,0.0002029297346470403,0.004392363802751842
21110,0.005782071624474752,0.0013783360056669656,0.19283959236985826
21111,0.0005405200415411693,0.00010087461026722495,0.1993586053481916
21112,0.18938532599182317,0.004942068781819104,0.005672605226357703
21113,0.18991212397242913,0.0002562817078600171,0.009831594319710871
21114,0.19267020753628425,0.001375695498515185,0.005954096965200546
21115,0.00748179436128769,0.00097068193005787,0.1915475237086544
21116,0.017182593397571274,0.0010892977062632878,0.18172810889616542
21117,0.19492041613811908,0.0003436691014933183,0.004735914760387586
21118,0.15417121777655446,0.0013553739700218484,0.0444734082534237
21119,0.17096028468818925,0.0030345614272290836,0.02600515388458165
21120,0.1283917365654106,0.05215899823722595,0.019449265197363445
21121,0.1879490935351586,0.0010537089293611293,0.010997197535480256
21122,0.15811443922420187,0.013333337552193065,0.028552223223605077
21123,0.18953331241513213,0.0035994673931033965,0.006867220191764478
21124,0.1885515751438536,0.0016275577239528646,0.009820867132193517
21125,0.19759566803471093,0.0002641552345850171,0.0021401767307040512
21126,0.14077468836853396,0.0008520919825964613,0.058373219648869545
21127,0.19037846648354975,0.0007590611922152611,0.008862472324234972
21128,0.004019234958682036,0.004414791725279074,0.1915659733160389
21129,0.14013805306326177,0.0008616816273033465,0.05900026530943486
21130,0.19105380180342538,0.0013561468919758186,0.007590051304598802
21131,0.19134030715366623,0.004090601929620417,0.004569090916713324
21132,0.00577934569366719,0.00032265291528272416,0.1938980013910501
21133,0.0341099927714615,0.009209958438869108,0.1566800487896694
21134,0.055760113703792955,0.10271671654834562,0.04152316974786141
21135,0.01708844990567135,0.0007533686584500279,0.1821581814358786
21136,0.16267717903510448,0.0038011045071602453,0.03352171645773529
21137,0.16513077617783636,0.0003859209551396141,0.03448330286702406
21138,0.1875101789561884,0.00038756036598118536,0.012102260677830445
21139,0.1886294114090939,0.0011410606252228034,0.010229527965683317
21140,0.1583605137392925,0.0026232705504960216,0.03901621571021148
21141,0.19620469825072467,0.001166452268188007,0.002628849481087337
21142,0.1764732598888307,0.0016849353987739401,0.02184180471239539
21143,0.19386966542060596,0.0024863102134758974,0.003644024365918117
21144,0.10797278180432276,0.0023405441549548744,0.08968667404072235
21145,0.0057720130078803035,0.0007558859024919434,0.19347210108962776
21146,0.19251365118122574,0.0036458365632204845,0.0038405122555537916
21147,0.14296430826639656,0.006266160366614095,0.05076953136698933
21148,0.16871231961472466,0.0015325279492296262,0.029755152436045713
21149,0.15320600227761766,0.00019204800577411486,0.04660194971660823
21150,0.1982306684739517,0.0009977772013643872,0.0007715543246839289
21151,0.1522357783395229,0.008082857728253212,0.03968136393222387
21152,0.09633404318713465,0.0015025971326597023,0.10216335968020565
21153,0.19459620961987004,0.0017601251317089818,0.0036436652484209977
21154,0.08216705264813733,0.005415049076035955,0.11241789827582668
21155,0.04896899405994042,0.0013844815022529145,0.14964652443780666
21156,0.18510390119236547,0.0009711431706630228,0.013924955636971525
21157,0.17225244588488847,0.017211100032615886,0.010536454082495662
21158,0.16340293065169734,0.0007839500891735962,0.03581311925912907
21159,0.002678353587517955,0.0020450496630057655,0.19527659674947626
21160,0.014801184577806825,0.0003382483710527133,0.18486056705114046
21161,0.19424073979508155,0.0004863097307250627,0.005272950474193414
21162,0.1916966787214287,0.004683322517430339,0.003619998761140984
21163,0.19358195037608059,0.0005738812029310496,0.005844168420988335
21164,0.16783950636665654,0.0012754165657076686,0.03088507706763578
21165,0.00049451143959658,0.0003225004799541062,0.1991829880804493
21166,0.1950939394760275,0.0018755422926103119,0.003030518231362225
21167,0.14515455865449886,0.0006027225401100567,0.05424271880539107
21168,0.1966741492965227,0.0013011563337125334,0.0020246943697647376
21169,0.025222442015076223,0.08804319502650018,0.08673436295842357
21170,0.0037567357957274303,0.0001851381620722652,0.1960581260422003
21171,0.13363032516770312,0.006982298407330849,0.05938737642496604
21172,0.1747074428973134,0.004389649408216157,0.020902907694470445
21173,0.006215289879317987,0.0003211966522305448,0.19346351346845145
21174,0.19687726241324113,0.0006368154945504785,0.0024859220922084074
21175,0.08034377042750795,0.000478904652306759,0.11917732492018529
21176,0.1657428243214517,0.0014199348815746294,0.032837240796973664
21177,0.03250768058130589,0.0015359930076638425,0.16595632641103028
21178,0.1886434373670434,0.0014385745952757221,0.00991798803768086
21179,0.07077956295294399,0.0024891215246981603,0.12673131552235783
21180,0.1968340413352337,0.0012134746752714824,0.0019524839894948423
21181,0.0029350072976431617,0.00010581216109279193,0.19695918054126405
21182,0.1778877841980506,0.004693163686549888,0.017419052115399503
21183,0.1857824075048737,0.0007281987745572212,0.013489393720569062
21184,0.19825791608571552,0.0003743204830144274,0.0013677634312700203
21185,0.19538453317199775,0.0005210725246363086,0.00409439430336592
21186,0.17149333120053134,0.0018553752859169596,0.026651293513551666
21187,0.17941162046982143,0.0011458836906064224,0.01944249583957217
21188,0.16353137345456584,0.019046434124748244,0.017422192420685923
21189,0.002238996142781753,0.0018547876066679811,0.19590621625055027
21190,0.04760783335968514,0.014802707198281839,0.137589459442033
21191,0.1953007182330036,0.0004989458819154922,0.0042003358850809
21192,0.0562646227497,0.0013373277549529944,0.142398049495347
21193,0.18974151348786092,0.0034050533634561514,0.006853433148682947
21194,0.1429632401103359,0.004037865721529603,0.052998894168134504
21195,0.1599644210412948,0.02165026112839149,0.018385317830313712
21196,0.19611031396748344,0.0008235520528997665,0.0030661339796168017
21197,0.0027608715595267676,0.0013672360733968363,0.1958718923670764
21198,0.1979000506611871,0.00015422814985422613,0.0019457211889586444
21199,0.023222407720198332,0.0015982006312835685,0.1751793916485181
21200,0.00403551062420136,0.0004751570028565053,0.19548933237294214
21201,0.19105655987560688,0.0010195670817632974,0.007923873042629849
21202,0.05831038350935806,0.006267602361995498,0.13542201412864646
21203,0.19586097142153458,0.0005110178794717038,0.0036280106989937124
21204,0.1970159970042097,0.00020711698579888295,0.002776886009991412
21205,0.16320382119957874,0.026289306017803014,0.010506872782618222
21206,0.18903582483088274,0.0003889525377689022,0.010575222631348375
21207,0.009372880463391374,0.00049215971974215,0.19013495981686648
21208,0.16565829667740425,0.009169890639227856,0.025171812683367885
21209,0.049656550068392064,0.006432290831407124,0.14391115910020083
21210,0.19013532418537976,0.0005056463806716255,0.009359029433948625
21211,0.19700678793102222,0.0002968485769604015,0.002696363492017395
21212,0.006491106721253323,0.0003704348482211655,0.19313845843052552
21213,0.19029575129022988,0.0010883899035234014,0.008615858806246695
21214,0.07961983395389174,0.00038314675194156767,0.11999701929416669
21215,0.13665496009637104,0.014180612659064165,0.049164427244564796
21216,0.1965257316463646,0.00012944860187766362,0.003344819751757744
21217,0.19391982017737025,0.0006541076642071619,0.005426072158422601
21218,0.0046221710276599355,0.00036700245708466516,0.1950108265152554
21219,0.19487423068427207,0.0007997918165385158,0.004325977499189401
21220,0.19548813920423191,0.00034025320001676167,0.004171607595751334
21221,0.19438880759591926,0.00014531456953242874,0.005465877834548288
21222,0.02730691375637015,0.0022004172345702093,0.17049266900905963
21223,0.19138484641904596,0.0003536826500322092,0.00826147093092185
21224,0.11389282055482128,0.0007620312276725204,0.08534514821750622
21225,0.19119913200051233,0.0009533316085894118,0.007847536390898283
21226,0.19425625847088349,0.0013178806279753664,0.004425860901141184
21227,0.17775524982172847,0.0008504853740291439,0.02139426480424237
21228,0.19403574906375318,0.00032359061315766316,0.0056406603230891505
21229,0.18883067373090262,0.0007061691975090106,0.010463157071588413
21230,0.1773783733167303,0.007598446074510612,0.015023180608759106
21231,0.19174751576623775,0.0010376367503923407,0.007214847483369926
21232,0.10386896532641213,0.0009818849789362055,0.09514914969465167
21233,0.01617443558486109,0.0023319912202912517,0.18149357319484766
21234,0.12543464557340772,0.06553439836117118,0.009030956065421094
21235,0.005840080086189983,0.0006874741725739538,0.19347244574123607
21236,0.17526450814199146,0.0006358122847095227,0.024099679573299032
21237,0.1099335118091012,0.0005448233690457596,0.08952166482185306
21238,0.19607857953792837,0.0021662392605516093,0.0017551812015200064
21239,0.1864444333117744,0.0063324947838119166,0.007223071904413697
21240,0.1701845059463238,0.012092296644582013,0.017723197409094154
21241,0.14007307811954867,0.006967151938381459,0.05295976994206989
21242,0.09297245680382912,0.005543152946499387,0.10148439024967149
21243,0.11264485062258936,0.0030214995966626164,0.08433364978074802
21244,0.06920873857554151,0.009110921780276678,0.12168033964418182
21245,0.13922084430206183,0.040960610079232,0.019818545618706156
21246,0.17830069256308248,0.005715133737075519,0.015984173699842015
21247,0.192601195114787,0.0022369568426365886,0.005161848042576378
21248,0.16420589185780526,0.00031471055093050955,0.03547939759126423
21249,0.0006851205639082722,6.581660277341901e-05,0.1992490628333183
21250,0.16317588620026108,0.005449618258005218,0.031374495541733674
21251,0.059106595834758704,0.027677833954840303,0.113215570210401
21252,0.18036997941213798,0.0030692414153200035,0.016560779172542
21253,0.00911719377202416,0.002150586687919527,0.1887322195400563
21254,0.19507779412769904,0.0027750798195561492,0.0021471260527448407
21255,0.19454323780902869,0.0006252059626478507,0.004831556228323482
21256,0.19594813907604572,0.0006453848549515511,0.0034064760690027556
21257,0.19680017213229176,0.00046475172571868036,0.002735076141989561
21258,0.07790249716920877,0.005895591356263099,0.11620191147452814
21259,0.18961644884057147,0.0024676473834047237,0.007915903776023806
21260,0.18678308346752887,0.0018653851713780992,0.011351531361093048
21261,0.07384205256235249,0.10811697986032336,0.01804096757732418
21262,0.1774092863348628,0.005574259552220904,0.017016454112916295
21263,0.0004003196530777909,0.000364083486677547,0.19923559686024467
21264,0.040852678551644844,0.014477770006341564,0.1446695514420136
21265,0.09070398396715965,0.009541004704705308,0.09975501132813502
21266,0.1969062132364427,0.0006656440333434045,0.0024281427302139235
21267,0.020078271639385317,0.0018646930387697176,0.17805703532184497
21268,0.18891011554331627,0.006617401516385464,0.004472482940298273
21269,0.1247655894992122,0.005612290207520321,0.06962212029326749
21270,0.016442334159966335,0.01104315431854527,0.1725145115214884
21271,0.1746962824200498,0.001159890537784161,0.024143827042166027
21272,0.013008788649362248,0.00012114604029066624,0.18687006531034708
21273,0.03411473134388583,0.007379499727813541,0.15850576892830062
21274,0.11344714003739216,0.005355844413802707,0.08119701554880512
21275,0.1974211700673415,0.0005726831026670847,0.00200614682999138
21276,0.02528334511000314,0.0011976487273177012,0.17351900616267915
21277,0.19342248070261417,0.0007348835358868625,0.005842635761498972
21278,0.17736510205178507,0.01451867181286608,0.00811622613534883
21279,0.01617446702012806,0.0007449825149725128,0.18308055046489943
21280,0.19295865711394755,0.0037868656387522216,0.0032544772473002163
21281,0.14420129568543244,0.004141713548999913,0.05165699076556766
21282,0.1929209227086261,0.001481540429861673,0.005597536861512221
21283,0.19602844847598258,0.0003719893433152051,0.003599562180702229
21284,0.003215800494787984,0.005960157250243193,0.1908240422549688
21285,0.19452441796961112,0.001027623515239864,0.004447958515149035
21286,0.1730749481821844,0.015769515445359133,0.011155536372456473
21287,0.19783867873556724,0.00012291595494753362,0.002038405309485259
21288,0.16384171185246899,0.0009990785072269753,0.03515920964030403
21289,0.19624797319650625,0.00028540955872285176,0.0034666172447709353
21290,0.003131264170686781,0.00014257498987605205,0.1967261608394372
21291,0.0029373745209345793,0.004248332206691621,0.19281429327237382
21292,0.11507003746501139,0.05506701863756073,0.029862943897427906
21293,0.0015156109457478033,0.000491613382738955,0.19799277567151324
21294,0.19320152865296863,0.0031684280382639845,0.0036300433087673887
21295,0.17418681349487053,0.002574350564825481,0.023238835940303994
21296,0.007156706262806492,0.0016938038752900091,0.1911494898619035
21297,0.0842555404629485,0.006147118291994885,0.10959734124505657
21298,0.061844990553798385,0.003871580729492622,0.13428342871670898
21299,0.14489089734790678,0.0036649202003040176,0.05144418245178921
21300,0.18739634087650942,0.000981770473609948,0.011621888649880658
21301,0.0021823443991175273,0.00036669030608933446,0.19745096529479317
21302,0.1500791396143473,0.007337980552476769,0.042582879833175935
21303,0.02811727778789202,0.0028856422526623206,0.16899707995944566
21304,0.14066274787956545,0.0017508579500863822,0.057586394170348165
21305,0.1961548452372126,0.0014453285957934413,0.002399826166993928
21306,0.15110717464174445,0.0003618763344798759,0.04853094902377563
21307,0.14397683875368622,0.017933049094791893,0.03809011215152186
21308,0.004013961952547862,0.0001915303059408808,0.19579450774151125
21309,0.13718568295828504,0.0008410115326002894,0.06197330550911467
21310,0.15671808220142636,0.0034198301750477354,0.03986208762352593
21311,0.19490291500562254,0.001289225909846586,0.0038078590845308955
21312,0.06950594261133133,0.0022939008810273125,0.12820015650764133
21313,0.16543476002011073,0.01977640356887321,0.01478883641101605
21314,0.17963562577611808,0.0026477651432962506,0.017716609080585657
21315,0.016401401048545355,0.0740874846000544,0.10951111435140023
21316,0.15872683094912218,0.004446120583892899,0.03682704846698494
21317,0.18861022105370442,0.001464196475140412,0.009925582471155135
21318,0.178646289081111,0.0013594761358765104,0.019994234783012467
21319,0.1787807211552606,0.0011085933238602602,0.020110685520879117
21320,0.01442526759431353,0.0007968576129034832,0.184777874792783
21321,0.19609590266934154,0.00016167430918874166,0.003742423021469725
21322,0.14885621607601987,0.010752214485405729,0.04039156943857441
21323,0.19366230918900051,0.0009630248515161592,0.0053746659594833155
21324,0.008445528112206165,0.0004341455280413674,0.19112032635975246
21325,0.19622454181177357,0.00023800689051509723,0.003537451297711357
21326,0.19659266635110043,0.000350204083472082,0.0030571295654274874
21327,0.17436230164952937,0.0001644393140007021,0.025473259036469957
21328,0.18934619705144082,0.001142118051801962,0.009511684896757215
21329,0.16562338059797332,0.0010528400445014,0.03332377935752525
21330,0.19641405275522722,0.0014460131347423487,0.002139934110030426
21331,0.17610989946981792,0.0015574358639522906,0.02233266466622976
21332,0.19311319118242987,0.001294106428647066,0.005592702388923085
21333,0.18090081018412044,0.0013183379934749296,0.017780851822404627
21334,0.1702578060458175,0.000512959424816943,0.029229234529365555
21335,0.19326842466235394,0.0026541634215670852,0.00407741191607895
21336,0.19364063833229891,0.00023825419381597724,0.006121107473885085
21337,0.06007305965970607,0.020447488940495945,0.11947945139979796
21338,0.0783521223898834,0.03167279214364095,0.08997508546647567
21339,0.019047999322535196,0.010709889914333064,0.17024211076313173
21340,0.19006187741331235,0.0016810347996644558,0.008257087787023205
21341,0.09130372252981668,0.015582769691295028,0.09311350777888829
21342,0.13944251985785244,0.004996472432080191,0.05556100771006732
21343,0.19204959976512315,0.0004097133182620353,0.007540686916614829
21344,0.00960272501201672,0.00045381887788517735,0.1899434561100981
21345,0.1769350349199204,0.0010298246314790415,0.02203514044860055
21346,0.09495490278103999,0.0005070967527660997,0.10453800046619391
21347,0.07173940850922642,0.012481468955097406,0.11577912253567617
21348,0.03773768731239564,0.0003254193952994165,0.16193689329230496
21349,0.0028302278939892076,0.00040362252295170003,0.1967661495830591
21350,0.1892872527200363,0.00022301972856546138,0.01048972755139824
21351,0.030249783688110488,0.0003833255886560611,0.16936689072323347
21352,0.0999819662361446,0.009297648695741585,0.09072038506811383
21353,0.19562004786782977,0.0009872537221703162,0.0033926984099999003
21354,0.04658648997656864,0.0007236245130073105,0.15268988551042403
21355,0.19772949822813218,0.00034316725777205876,0.0019273345140957136
21356,0.1270868664281018,0.004699246979975133,0.06821388659192307
21357,0.18997108401599025,0.005618116624409543,0.004410799359600219
21358,0.15801865320147576,0.0010845915852690457,0.040896755213255205
21359,0.000645159567463965,0.00030667918754512507,0.1990481612449909
21360,0.04326468478143306,0.0016058900734810349,0.1551294251450859
21361,0.0016055933209283685,0.0001203602737624463,0.19827404640530916
21362,0.0039929059091456925,0.0014801257059820327,0.19452696838487227
21363,0.19699139478427655,0.0010736006938663258,0.0019350045218571323
21364,0.007650480372456632,0.0007774394749835879,0.19157208015255978
21365,0.005684545632467205,0.00023900145993054983,0.19407645290760225
21366,0.11455515815251724,0.0029661119832325887,0.08247872986425017
21367,0.18698785434970627,0.0012130178196382631,0.011799127830655438
21368,0.043956554479867474,0.0021866722830526193,0.1538567732370799
21369,0.18538771871295903,0.0007692401561919351,0.013843041130849072
21370,0.1985605836123345,0.00044268832505951576,0.0009967280626060114
21371,0.09370982073089057,0.0047222114719323496,0.10156796779717707
21372,0.1522799027849098,0.0016264337945057117,0.046093663420584505
21373,0.19020602726852986,0.0009190264085396952,0.008874946322930437
21374,0.1987454192893881,0.00043168022861678234,0.0008229004819951218
21375,0.1733456943902479,0.002590233319189644,0.02406407229056242
21376,0.11739616181331529,0.006424650374723034,0.07617918781196166
21377,0.13531892974959073,0.0207150956689262,0.04396597458148305
21378,0.15454808062096442,0.00252416113611822,0.04292775824291736
21379,0.19900277476450715,5.713624499199732e-05,0.0009400889905008496
21380,0.1502556333403679,0.005626052470600033,0.04411831418903205
21381,0.16918345641284493,0.002684807390527084,0.028131736196627993
21382,0.19097842885143418,0.0023455544918712596,0.006676016656694603
21383,0.16166150495660275,0.018652059605338535,0.019686435438058703
21384,0.1813308567643011,0.002107048836417168,0.01656209439928176
21385,0.16354271892267033,0.0032699335992490224,0.033187347478080664
21386,0.12070840631115773,0.010103972233069775,0.06918762145577248
21387,0.1954796759148256,0.0016692252434587144,0.002851098841715689
21388,0.18434774707104756,0.0019273076726219977,0.013724945256330464
21389,0.14078636351736035,0.0003276580927148938,0.058885978389924785
21390,0.12025223426171508,0.00212022837604619,0.07762753736223874
21391,0.18041333247056807,0.0022257675375868613,0.0173608999918451
21392,0.18083511787416587,0.0015266401620648014,0.017638241963769324
21393,0.1394670158355384,0.00048053981923830755,0.06005244434522332
21394,0.03538728938107303,0.0009708248667562342,0.16364188575217073
21395,0.1804934222871584,0.006640162799977284,0.012866414912864346
21396,0.15044851873866627,0.040637107247410306,0.008914374013923424
21397,0.15617680476318924,0.000743897960936754,0.043079297275874014
21398,0.17294932785162065,0.005309986217073112,0.021740685931306264
21399,0.18636204790798902,0.009405077583301131,0.004232874508709859
21400,0.17975734846560712,0.0023452109838380114,0.017897440550554897
21401,0.033274472935199556,0.0007017197286803052,0.16602380733612013
21402,0.18317555407065586,0.0010199810701636458,0.015804464859180495
21403,0.1917091319143101,0.0021667891915828777,0.006124078894107014
21404,0.19281584940606883,0.0010189637339557414,0.006165186859975405
21405,0.19443348306047425,0.0007165158837497182,0.004850001055776034
21406,0.19295879640041075,0.0010674088081874073,0.005973794791401802
21407,0.010250205193984546,0.0004592453450531609,0.1892905494609623
21408,0.014797597631257292,0.0013822774792924422,0.18382012488945026
21409,0.07246328406822408,0.00034640083691517157,0.12719031509486076
21410,0.1891924339686231,0.00704189865394849,0.0037656673774284057
21411,0.0036636731469380087,0.007036462716621944,0.18929986413644
21412,0.011940450237190254,0.002512175631351808,0.18554737413145792
21413,0.1960017071925802,0.0013288319011604023,0.0026694609062594323
21414,0.16323990804360888,0.0013032815789311663,0.035456810377459944
21415,0.19189464655219737,0.0008532230764225915,0.007252130371380071
21416,0.19749185677442055,0.00027328854615125,0.002234854679428173
21417,0.184409441924585,0.0003237430694904786,0.015266815005924528
21418,0.18311788158353576,0.0012435470419522904,0.015638571374511974
21419,0.13371227578043982,0.010442564322850708,0.05584515989670948
21420,0.19440625764082164,0.000542602721913293,0.005051139637265065
21421,0.1451318822338396,0.0008210160104672584,0.05404710175569312
21422,0.18711165872246774,0.0011066653513928332,0.011781675926139459
21423,0.16909220254980512,0.0026547083631709603,0.028253089087023973
21424,0.17374098904788177,0.010583604202515523,0.015675406749602695
21425,0.03274946632650431,0.023113106647924177,0.1441374270255715
21426,0.010005111436502522,0.0332299348613159,0.15676495370218155
21427,0.18938496011756972,0.0016035588730283115,0.009011481009401983
21428,0.19456076984082302,0.0017376442940294783,0.0037015858651474943
21429,0.19475042467125875,0.0006589549443138506,0.004590620384427432
21430,0.016085344209913525,0.0012069925573664818,0.18270766323271997
21431,0.18210495592555792,0.004432243116170453,0.013462800958271615
21432,0.004078457271953831,0.0003323131022508701,0.19558922962579528
21433,0.18565794632284865,0.0019513902918210954,0.012390663385330286
21434,0.17373147479336667,0.00198516071369896,0.024283364492934355
21435,0.08780351938066258,0.0036237899005565886,0.10857269071878081
21436,0.07408407848478021,0.0003412820364666148,0.1255746394787532
21437,0.19417347589601092,0.0013447785284854295,0.004481745575503664
21438,0.07317258915940521,0.0010088848995636502,0.12581852594103113
21439,0.014429645584413522,0.00496880190415835,0.18060155251142815
21440,0.1917098756749584,0.0021487837497605237,0.0061413405752810905
21441,0.0007266346473720597,8.545369649395844e-05,0.19918791165613398
21442,0.18146586737966613,0.003707615552534784,0.014826517067799094
21443,0.18966894528927072,0.00026880298915468026,0.010062251721574596
21444,0.17590587584453413,0.004538204652126973,0.019555919503338914
21445,0.16583925092172055,0.002456381355585065,0.03170436772269434
21446,0.17387802866030783,0.001314547732597936,0.024807423607094214
21447,0.15839543842398118,0.00020212421752278926,0.04140243735849605
21448,0.027266753686343025,0.003147268050387976,0.169585978263269
21449,0.19284787342219573,0.0005855162076567743,0.006566610370147488
21450,0.18694436083914232,0.0030290275779089764,0.010026611582948713
21451,0.19158298983493108,0.0007918901512751293,0.007625120013793794
21452,0.18705647115010876,0.0015615525900771403,0.011381976259814113
21453,0.0028221032588942618,0.0020440731580782323,0.1951338235830275
21454,0.07758190347450603,0.0006484822607713773,0.12176961426472258
21455,0.08211429410118941,0.00043374533014856585,0.11745196056866203
21456,0.14309916412668114,0.00440824995722324,0.05249258591609564
21457,0.18953052561882072,0.004924237006312516,0.005545237374866778
21458,0.17691446242441589,0.015491277533772635,0.0075942600418114695
21459,0.18414324515819352,0.0013620457428761145,0.014494709098930367
21460,0.18568439817592236,0.0011593927713854943,0.013156209052692162
21461,0.19710783411446234,0.0003821537400136751,0.002510012145523997
21462,0.18925228059808422,0.008249689075800884,0.00249803032611492
21463,0.13350796153120822,0.030488868628794873,0.03600316983999692
21464,0.18053284549257284,0.002677088235342993,0.016790066272084153
21465,0.1816879425841818,0.0031334468708732514,0.01517861054494496
21466,0.045567440828980316,0.0010802746717180486,0.15335228449930166
21467,0.14211597451167607,0.008006065889741518,0.04987795959858239
21468,0.030555513843026787,0.004558912735195644,0.16488557342177756
21469,0.1870423269266563,0.0003834615556003379,0.012574211517743381
21470,0.1219366071755323,0.0041763321700490795,0.07388706065441863
21471,0.19863859206427836,0.00013165273775061218,0.0012297551979710425
21472,0.04257782144615536,0.004085785142839838,0.15333639341100483
21473,0.0002673284864105871,3.1551853522809e-05,0.1997011196600666
21474,0.17589959139113456,0.005083240945912901,0.019017167662952514
21475,0.07892342883842911,0.02396281481535592,0.09711375634621497
21476,0.06318166195116891,0.002581016482336377,0.1342373215664947
21477,0.1658732113991182,0.005697996522104993,0.028428792078776764
21478,0.151322828517894,0.0033569376470618277,0.045320233835044174
21479,0.16508357154506006,0.0020440573704717303,0.03287237108446822
21480,0.1813752681712653,0.0004053637517944332,0.018219368076940242
21481,0.1704785884954803,0.005826260763214308,0.023695150741305408
21482,0.15328208410732058,0.02113577054730958,0.025582145345369817
21483,0.17823742658518854,0.0002805627269339099,0.021482010687877535
21484,0.19534142336195096,0.0003562752174882237,0.004302301420560809
21485,0.18633545303947302,0.009181280634509311,0.004483266326017681
21486,0.19399273475232764,0.000613206701872712,0.005394058545799652
21487,0.05964967157467447,0.0033745506809623057,0.13697577774436323
21488,0.18848801256209244,0.004675344484608846,0.006836642953298669
21489,0.14466766379405704,0.005884810999624034,0.04944752520631893
21490,0.11729196408739691,0.019040933732157865,0.06366710218044522
21491,0.19400452594755488,0.0008299351464368299,0.005165538906008285
21492,0.1951674854655949,0.001967411399592345,0.002865103134812727
21493,0.1517831844287891,0.00163691278063069,0.046579902790580205
21494,0.00425125646747017,0.0014998936102329082,0.1942488499222969
21495,0.10461782723089366,0.003016176277286745,0.0923659964918196
21496,0.1879421984846483,0.005438755046173504,0.0066190464691781815
21497,0.19561686129263461,0.0005225047833640562,0.0038606339240013104
21498,0.18270772503458513,0.0008404982313995198,0.016451776734015367
21499,0.19505443931395622,0.00026995907134666193,0.004675601614697126
21500,0.13900709229657776,0.007507523500554021,0.053485384202868205
21501,0.19367303003825395,0.0005740640625097394,0.005752905899236321
21502,0.19344898069928773,0.0013767372776920038,0.005174282023020282
21503,0.08588487976651642,0.009855295065542669,0.10425982516794093
21504,0.021909315118631176,0.005125836986959597,0.17296484789440922
21505,0.0035488564283754896,0.0039677816922688005,0.19248336187935572
21506,0.19419848367277529,0.00022215767051035626,0.0055793586567143725
21507,0.18663284959498652,0.0008227178422889824,0.012544432562724514
21508,0.1966272484489205,0.0005681505349594204,0.0028046010161201017
21509,0.19782137783812753,0.00013731718812531613,0.002041304973747154
21510,0.07873046353945784,0.010506987727007523,0.11076254873353464
21511,0.0050558591204599886,0.0011715033837890125,0.193772637495751
21512,0.12084739484992155,0.002782900980099431,0.07636970416997903
21513,0.18954809910271836,0.0004927115960358829,0.009959189301245766
21514,0.18847527703108197,0.000597847137732993,0.01092687583118499
21515,0.17769732727377213,0.0015157159410633717,0.02078695678516448
21516,0.002928484979362786,0.001214816500506301,0.19585669852013093
21517,0.17804375354226748,0.0051365667933042595,0.016819679664428273
21518,0.1494656321178382,0.0041012726781569815,0.04643309520400481
21519,0.19271989788185548,0.0013686421549776125,0.005911459963166917
21520,0.18110939630439365,0.0007567068904974749,0.0181338968051089
21521,0.19410039092399434,0.0015964164578444774,0.0043031926181611784
21522,0.12358592264203691,0.007647912933400676,0.0687661644245624
21523,0.05771846595737149,0.0012496825496949703,0.14103185149293354
21524,0.18087932060979164,0.015473210899292867,0.003647468490915515
21525,0.12158029620645398,0.004548842057044838,0.07387086173650118
21526,0.12440599450321092,0.00019323238156807162,0.075400773115221
21527,0.19783953207715438,0.0001281222817844045,0.0020323456410612254
21528,0.19327482933684675,0.0006171503400967168,0.006108020323056547
21529,0.002833433084881352,0.0006063630492618036,0.19656020386585685
21530,0.00444262950090999,0.0035437412179095086,0.19201362928118054
21531,0.11766631237378351,0.014183160655117894,0.06815052697109862
21532,0.1907088172030659,0.002752437889502762,0.006538744907431317
21533,0.19380008689324665,0.0021483529112728593,0.004051560195480509
21534,0.18023191967047983,0.0010254969964740002,0.018742583333046178
21535,0.09779930840026516,0.0008567570730000067,0.10134393452673485
21536,0.04935724883272928,0.04620778639950895,0.10443496476776178
21537,0.11680245369095857,0.001066449411037671,0.08213109689800377
21538,0.19218142270370928,0.0034899395800125537,0.004328637716278172
21539,0.19117689067263258,0.0008632934459296025,0.00795981588143783
21540,0.19166899716644145,0.0009285213486808312,0.007402481484877729
21541,0.1969853802865606,0.00034304658157874226,0.0026715731318606856
21542,0.19390254221329506,0.0007837764693864815,0.005313681317318439
21543,0.1784581773102915,0.015847801784364086,0.005694020905344382
21544,0.0038583223981976966,0.0019415493373718736,0.19420012826443045
21545,0.18603442603172293,0.0019773413694684594,0.01198823259880862
21546,0.18471786314165534,0.0010435256126911123,0.014238611245653527
21547,0.1367920120680673,0.0516223976892863,0.01158559024264639
21548,0.18081043615894937,0.0007912125198921486,0.018398351321158486
21549,0.02232088190802537,0.0007281422275643275,0.1769509758644103
21550,0.19602990087740588,0.001835338590919757,0.0021347605316743585
21551,0.10432658664482716,0.06255630113706764,0.03311711221810519
21552,0.1947609167916045,0.00014614503387887093,0.005092938174516603
21553,0.002508701947546471,0.0037929000219440985,0.19369839803050945
21554,0.003142457337450991,0.00030859234119074477,0.19654895032135827
21555,0.18281229868376475,0.0038390806299322703,0.013348620686302982
21556,0.163378898924527,0.0012897391030761397,0.03533136197239682
21557,0.0013106542576240782,0.00022708266997308697,0.19846226307240283
21558,0.0023076251446175608,0.0001736440225311475,0.1975187308328513
21559,0.17330447757379364,0.0021097882386367983,0.024585734187569586
21560,0.19488949574268452,0.0027613877013575646,0.0023491165559579082
21561,0.002844064973038643,0.0009984205699510884,0.19615751445701024
21562,0.06665252756093587,0.005791306342622865,0.12755616609644127
21563,0.17847916213731713,0.0006853416127213191,0.02083549624996157
21564,0.1857867531820156,0.0019312460084333655,0.012282000809551013
21565,0.19117245172344727,0.004393112310379334,0.004434435966173394
21566,0.15580415598781402,0.0016795643893778775,0.042516279622808066
21567,0.1789581873073143,0.0005332580812061028,0.02050855461147959
21568,0.19284863783999573,0.0004575803474709965,0.006693781812533278
21569,0.19549580141165715,0.0027755247969316714,0.001728673791411188
21570,0.18545760607917344,0.002737434783273973,0.011804959137552569
21571,0.17335272079162295,0.009378216825644398,0.017269062382732642
21572,0.019536097267373414,0.0015338600589383067,0.17893004267368828
21573,0.000647936743084914,0.00017059842736380076,0.1991814648295513
21574,0.13974388127325438,0.0019679647885962057,0.058288153938149456
21575,0.19452368879366772,0.0006396604430596088,0.004836650763272639
21576,0.19257814652853852,0.0005187231296108236,0.006903130341850637
21577,0.19659966103110155,0.000582545695435035,0.002817793273463441
21578,0.18846418318794603,0.0008894132148982928,0.010646403597155716
21579,0.06759946938462032,0.02632084476402456,0.10607968585135512
21580,0.19388194979395718,0.0005450208717943459,0.005573029334248457
21581,0.17956702216898554,0.00033668621916259367,0.020096291611851884
21582,0.12484514496307009,0.008957211861020893,0.06619764317590902
21583,0.12987986236662885,0.00849529775371287,0.06162483987965829
21584,0.0015862470939637518,0.0002525503405919477,0.1981612025654443
21585,0.1881199696527576,0.0008964858628277428,0.010983544484414649
21586,0.0183895167242273,0.000726206221190969,0.1808842770545817
21587,0.1128520452678849,0.02628551257289862,0.060862442159216476
21588,0.07963986084521665,0.0452246378866951,0.07513550126808825
21589,0.14368419489093,0.0004384978887518676,0.0558773072203181
21590,0.006655717316173206,0.0003437173060192446,0.19300056537780758
21591,0.18676971336669873,0.00028762549606418605,0.012942661137237096
21592,0.19158085962822335,0.002080795496172505,0.00633834487560418
21593,0.1477457806602001,0.0009128876302941047,0.05134133170950578
21594,0.09837077133842143,0.09053747543938559,0.011091753222192998
21595,0.1541132462915122,0.0005884282107509722,0.04529832549773683
21596,0.16179598679628254,0.027096152412235043,0.011107860791482441
21597,0.19342519511760067,0.000876143815693894,0.005698661066705436
21598,0.12173677880474845,0.003935591386994484,0.07432762980825706
21599,0.06038215578670546,0.040389562837260015,0.09922828137603452
21600,0.07724282406477165,0.002485210764761954,0.12027196517046641
21601,0.1630462034854573,0.0004365501181059812,0.036517246396436734
21602,0.10949114715572836,0.0007756394415646959,0.08973321340270693
21603,0.18311518450341283,0.002953474550358099,0.013931340946229082
21604,0.18713739826193077,0.0025702353692947525,0.010292366368774453
21605,0.19013969464732505,0.001276252202140442,0.008584053150534541
21606,0.1923372987924084,0.0036160262272053267,0.004046674980386279
21607,0.1375993765048961,0.00015922322304900334,0.062241400272054916
21608,0.17849409830697693,0.0006235351079993173,0.020882366585023772
21609,0.16614300950734237,0.0014087311941752261,0.03244825929848237
21610,0.1953983028610013,0.001164049730861843,0.0034376474081368484
21611,0.1880420514506262,0.0011134377844466065,0.0108445107649272
21612,0.18629720033313704,0.008135396510158384,0.005567403156704578
21613,0.0021839106363002294,0.0009113624877887836,0.19690472687591096
21614,0.16854664094384925,0.0005085326243673722,0.03094482643178339
21615,0.19761408819445953,0.00034746920874500185,0.002038442596795483
21616,0.18137709763287352,0.012046859599197424,0.006576042767929048
21617,0.1271786120062199,0.0017798251446450944,0.07104156284913499
21618,0.18136979624640667,0.0010643687811515094,0.01756583497244182
21619,0.1766953729631217,0.0019804733540586634,0.021324153682819633
21620,0.1958422999396774,0.0005316148764159804,0.0036260851839066224
21621,0.01173039025507642,0.0004051892116743264,0.18786442053324925
21622,0.19489848322470482,0.0007592714347514991,0.004342245340543677
21623,0.08307336098915814,0.003947768525213407,0.11297887048562846
21624,0.19887698992800346,7.676903254006718e-05,0.0010462410394564345
21625,0.18186653396262858,0.0012735146528419523,0.016859951384529455
21626,0.1297705355748094,0.00934877777013218,0.060880686655058455
21627,0.1939648499118212,0.0010599535750250347,0.0049751965131538
21628,0.008907278184180443,0.0010153220619037303,0.19007739975391585
21629,0.191584650900179,0.0006013542260982773,0.007813994873722719
21630,0.17142251718459942,0.02097433382176725,0.007603148993633337
21631,0.007974985619174486,0.0002787013336228208,0.19174631304720272
21632,0.0022486021378494508,0.00578081937030409,0.19197057849184646
21633,0.17317623229830723,0.009722911407516256,0.017100856294176497
21634,0.07279843661803562,0.0008567249885040058,0.1263448383934604
21635,0.19133743654644378,0.004139835272530904,0.004522728181025344
21636,0.1952761490322828,0.00016567772013833192,0.004558173247578878
21637,0.1362667234118091,0.0037211242957646494,0.06001215229242625
21638,0.14282552585366,0.011596955610177687,0.0455775185361623
21639,0.16533513511693645,0.0041312339117364595,0.030533630971327108
21640,0.19660787361530804,0.0011197320720919318,0.0022723943126000514
21641,0.005586052924471265,0.007472515868008648,0.1869414312075201
21642,0.1888815889025573,0.00048410180846661,0.01063430928897607
21643,0.015231436802099976,0.015410100312250574,0.16935846288564946
21644,0.09455800141757188,0.0016488722802939846,0.10379312630213414
21645,0.005211550670573337,0.0001514932331476557,0.194636956096279
21646,0.15487681902596948,0.008130261150320717,0.03699291982370982
21647,0.1819949847505578,0.000991079512036377,0.017013935737405794
21648,0.09407782541236506,0.0072768697882319,0.09864530479940303
21649,0.1555383335035364,0.0036113588554186928,0.04085030764104489
21650,0.14969192800826972,0.002896292463108284,0.04741177952862201
21651,0.030011285869297622,0.0015998294453425342,0.16838888468535987
21652,0.0639300735475322,0.00162668719018279,0.13444323926228502
21653,0.09398849185919547,0.001730689440630939,0.10428081870017361
21654,0.004971948521490123,0.0003215000300821301,0.19470655144842772
21655,0.17680596955735844,0.0021111186215468933,0.021082911821094688
21656,0.1934492466344478,0.00042922607584806394,0.006121527289704144
21657,0.1278287382231501,0.006075488144078574,0.06609577363277132
21658,0.18284783417226866,0.007908346415944057,0.009243819411787254
21659,0.188745820855973,0.0030068845171050194,0.008247294626922013
21660,0.17963616135785548,0.003335616101571621,0.017028222540572867
21661,0.16194411316445598,0.0034583930565730476,0.034597493778970964
21662,0.002360680822751605,0.00020422007327322608,0.1974350991039752
21663,0.18253693582066602,0.0017191078344214448,0.015743956344912553
21664,0.19367117892629587,6.604037082799834e-05,0.00626278070287615
21665,0.16886525837902283,0.001396878461022656,0.029737863159954497
21666,0.17977562157841614,0.0009582914953533833,0.01926608692623049
21667,0.006063208645391694,0.02446769903794521,0.16946909231666307
21668,0.19366472752473737,0.00023724149885085512,0.006098030976411784
21669,0.0058998612810202584,0.0003251081817394843,0.19377503053724027
21670,0.16024735836176615,0.01884617090199515,0.020906470736238705
21671,0.02139273905068707,0.0012445356889849513,0.17736272526032798
21672,0.18706913397563676,0.0016252344096047227,0.011305631614758546
21673,0.18692510093379883,0.0024751178536621733,0.010599781212539003
21674,0.19345656632768568,0.004015496662626021,0.0025279370096882962
21675,0.18852624329107118,0.0016128990172007897,0.009860857691728021
21676,0.14989895673919787,0.0015407780270276523,0.04856026523377448
21677,0.19183371836675422,0.0012475438777465747,0.0069187377554992295
21678,0.18786771944114464,0.0011402597725461683,0.01099202078630918
21679,0.15649204177881776,0.008046109297548565,0.03546184892363364
21680,0.17930574231617966,0.0050160973801406045,0.015678160303679706
21681,0.0014138148575588278,0.00025265006527073303,0.19833353507717044
21682,0.15611292748419767,0.03385718810515288,0.010029884410649443
21683,0.19377474498087746,0.0024403475427915025,0.003784907476331046
21684,0.18807460390515598,0.00019942801276156614,0.011725968082082478
21685,0.1982212147981334,9.944557127347685e-05,0.001679339630593133
21686,0.1565686287269535,0.004001981155953191,0.039429390117093295
21687,0.18561373825415978,0.0010599586518543274,0.013326303093985923
21688,0.18981884209217342,0.0011788787553031546,0.009002279152523402
21689,0.19410994911208299,0.0033662922188066853,0.002523758669110328
21690,0.1807533224044144,0.003592341797174189,0.015654335798411415
21691,0.07768829184246433,0.0028912683603755335,0.11942043979716015
21692,0.17666547223893753,0.0022414699024597656,0.02109305785860273
21693,0.1821784369702631,0.004855550754301727,0.012966012275435193
21694,0.004112847185198961,0.001503831612002045,0.194383321202799
21695,0.18882926367249928,0.000977302620191034,0.010193433707309685
21696,0.18596011437318005,0.004205114786137874,0.009834770840682062
21697,0.13604285746547468,0.0018911621537958407,0.062065980380729455
21698,0.1957278374708556,0.00018792633116535668,0.00408423619797901
21699,0.1902655057720788,0.0015740142603907705,0.008160479967530446
21700,0.19661738803364054,0.00016424719754333948,0.003218364768816136
21701,0.1649449160169847,0.003054870617471766,0.03200021336554354
21702,0.14117470518661265,0.00657254295105499,0.052252751862332324
21703,0.12480802014250506,0.006299443954232674,0.06889253590326229
21704,0.011230582649000082,0.0008899626781682542,0.18787945467283165
21705,0.024109203725464594,0.0014906593537262884,0.1744001369208091
21706,0.19616432568530812,0.0005929840128295582,0.0032426903018623445
21707,0.19513417322600593,0.0015278429123087018,0.0033379838616853764
21708,0.06302641582369974,0.0022571861158225638,0.13471639806047772
21709,0.19197848082836202,0.0013131288231210587,0.006708390348516907
21710,0.17376229008194127,0.0007290549798574085,0.025508654938201352
21711,0.013042773713226463,0.01053019101802944,0.17642703526874412
21712,0.19066481983328393,0.004399886223128171,0.0049352939435879165
21713,0.19676922785426282,0.00042495609147139864,0.0028058160542658323
21714,0.19771484111976417,0.00042904964441361685,0.0018561092358221833
21715,0.1577923405830242,0.0012406627173410087,0.04096699669963484
21716,0.15496245076311405,0.008497230390989555,0.03654031884589642
21717,0.03165508131381109,0.0026306784767445805,0.1657142402094443
21718,0.18757044063059736,0.006065350945554897,0.006364208423847767
21719,0.012979724754154917,0.001037209952366073,0.185983065293479
21720,0.1822710669799345,0.001915215578492056,0.01581371744157345
21721,0.19348629857784633,0.0002748032469518871,0.006238898175201816
21722,0.11675412252566339,0.004159485838682584,0.07908639163565398
21723,0.032790207327382304,0.04727474657328396,0.11993504609933374
21724,0.1938765626381048,0.0021415291299750313,0.0039819082319201655
21725,0.18254898875865797,0.0061820440672051055,0.011268967174136923
21726,0.08643428443140833,0.053950606959345934,0.05961510860924576
21727,0.19244424849968403,0.0015225250582187014,0.006033226442097301
21728,0.1749677841842318,0.000588169034154675,0.02444404678161352
21729,0.002031952434994822,0.00010687783514592931,0.19786116972985923
21730,0.163806533898572,0.0023635129612648376,0.03382995314016316
21731,0.194993056176289,0.0004846550939131719,0.004522288729797803
21732,0.1979064454878426,0.00024283771741051896,0.0018507167947468708
21733,0.1859294318868166,0.003547229364774026,0.010523338748409338
21734,0.002453325128517291,0.0007533829534267518,0.19679329191805595
21735,0.026566731053024366,0.0026343369535390087,0.1707989319934366
21736,0.13590968508629617,0.007330914655208044,0.056759400258495775
21737,0.18546371292615532,0.0022069411236556574,0.012329345950189004
21738,0.19799252020076066,0.0004922964002112937,0.001515183399028078
21739,0.18785728467669052,0.0008687813721049078,0.011273933951204549
21740,0.03119560725891582,0.0006845767512511276,0.16811981598983305
21741,0.18200905149576346,0.0009721124054611587,0.01701883609877538
21742,0.15301076423992915,0.003477577180035497,0.04351165858003535
21743,0.17140948013491847,0.0014069439518964479,0.027183575913185105
21744,0.19650243412726648,0.00227636284098174,0.0012212030317517793
21745,0.03989945243025099,0.00342104010688667,0.15667950746286233
21746,0.16842852522776733,0.00544590553347317,0.026125569238759506
21747,0.17361248816509706,0.0041130663420712674,0.02227444549283166
21748,0.19188227329099045,0.005014281564680606,0.003103445144328958
21749,0.1888185840305682,0.0012619721645778731,0.009919443804853916
21750,0.1925966668481221,0.0006986738173335917,0.0067046593345443314
21751,0.08518804301051533,0.0015916788357268202,0.11322027815375786
21752,0.14132214084744232,0.041405174293394534,0.017272684859163126
21753,0.1903851917871943,0.0013376715222442673,0.008277136690561482
21754,0.16955988635946337,0.0006064141595287242,0.029833699481007926
21755,0.19491789405309148,0.0005030733807290155,0.0045790325661795
21756,0.0012129374167461576,0.0001181336899561585,0.19866892889329765
21757,0.024754490859748984,0.0031590855131650468,0.17208642362708598
21758,0.17894770444013425,0.0005932627525488217,0.020459032807316913
21759,0.17851307183484494,0.010120990454728295,0.011365937710426781
21760,0.005246865876458272,0.00031503522078870803,0.19443809890275301
21761,0.16911889241604744,0.006478366697916999,0.024402740886035577
21762,0.1597364549275782,0.0028540750951114354,0.037409469977310345
21763,0.1741507680070356,0.002240234759366922,0.023608997233597433
21764,0.03412729690245203,0.0007269555892740508,0.16514574750827393
21765,0.18330324643954826,0.001079068373553098,0.015617685186898659
21766,0.10068240676483001,0.0006802259332770193,0.09863736730189296
21767,0.12684528483705299,0.002663431652374056,0.07049128351057296
21768,0.1481273741896465,0.026495121782263053,0.02537750402809043
21769,0.19397750845855677,0.00019692810508839558,0.005825563436354815
21770,0.19263777811756183,0.00011953116856165112,0.007242690713876514
21771,0.1929392048253078,0.00029782202420428977,0.006762973150487896
21772,0.03079795944906452,0.00020434198583241356,0.1689976985651031
21773,0.14974093025140625,0.005625895278584344,0.044633174470009404
21774,0.19518118200031032,0.00048040434808067217,0.0043384136516090525
21775,0.1643942558834643,0.001365125128885936,0.03424061898764975
21776,0.1847493016720954,0.007431675880642093,0.007819022447262496
21777,0.19753222143635968,0.00042655094549034464,0.002041227618149989
21778,0.19521059447282016,6.843616694189849e-05,0.00472096936023794
21779,0.006401741816379131,0.00020696011888610868,0.19339129806473473
21780,0.19616670119687799,0.00046657085009995676,0.003366727953022058
21781,0.16480456903706223,0.0007751183370776117,0.034420312625860164
21782,0.19170025417912237,0.0009615496323738734,0.007338196188503768
21783,0.17959209365461135,0.0005590900626672864,0.019848816282721386
21784,0.19757484644346007,6.3835016515381e-05,0.0023613185400245683
21785,0.0692399280047363,0.08503886673989118,0.0457212052553725
21786,0.17933324418145247,0.0007563951300670825,0.019910360688480434
21787,0.027933311864774147,0.0023886633434011635,0.1696780247918247
21788,0.190950602065947,0.004466374475222216,0.004583023458830814
21789,0.17014479078762,0.0037613400004887594,0.026093869211891253
21790,0.1559318779584946,0.005080688409411912,0.03898743363209346
21791,0.19481653289841827,0.000549864082315695,0.004633603019266025
21792,0.0011117324912412164,0.0015531198136903982,0.19733514769506838
21793,0.1014169207982174,0.031717912636843114,0.06686516656493947
21794,0.19326317324913284,0.0003739286607202069,0.006362898090146933
21795,0.1957973381147497,0.0007081538957916306,0.003494507989458666
21796,0.16623310451773624,0.002227593297553301,0.03153930218471048
21797,0.19371523930902762,0.00414855007755153,0.0021362106134208882
21798,0.19044562007735166,0.0008433065918917012,0.008711073330756642
21799,0.14276556717408925,0.0003237190239687362,0.05691071380194198
21800,0.19308434903919577,0.0014960585933432359,0.0054195923674609835
21801,0.06254113093516116,0.0013513780189982776,0.13610749104584058
21802,0.004240241202333953,0.00023823002206419552,0.19552152877560186
21803,0.07400255186035609,0.0007819079157430431,0.12521554022390086
21804,0.17585057277436128,0.0017752867727500357,0.022374140452888682
21805,0.00029005837572956925,0.00039936744567826987,0.19931057417859216
21806,0.18720498179503525,0.0001297100499846406,0.012665308154980126
21807,0.1679135906687793,0.001624092130627746,0.03046231720059294
21808,0.02044150571067454,0.010774985367541706,0.1687835089217838
21809,0.19191377409544344,0.0003855181503749631,0.007700707754181596
21810,0.19506700648239605,0.0003162320053057632,0.004616761512298186
21811,0.15968573640823164,0.009404133802782511,0.030910129788985836
21812,0.1697797495627245,0.002791585397941182,0.027428665039334305
21813,0.1780363463977969,0.000573686674981321,0.02138996692722179
21814,0.17281056633782502,0.00021848150717551916,0.026970952154999457
21815,0.10916588458957795,0.0010123379652939829,0.08982177744512806
21816,0.16252743149004398,0.0013449103043469387,0.03612765820560908
21817,0.17650672388673863,0.0019823338552362687,0.0215109422580251
21818,0.18870744646840237,0.001737264504675962,0.009555289026921671
21819,0.1980109555086878,0.00021557538738252742,0.0017734691039296296
21820,0.005232736379075246,0.00025202192609365543,0.19451524169483111
21821,0.005296400591112602,0.0020086019294589894,0.19269499747942842
21822,0.18456507800911648,0.001362728045272095,0.014072193945611402
21823,0.18704919938330794,0.0007886432652961792,0.01216215735139588
21824,0.09536737129824155,0.0001978407957409212,0.10443478790601753
21825,0.06555061779967392,0.012638013990076103,0.12181136821025
21826,0.18951462645715483,0.00039608723653218673,0.010089286306312954
21827,0.16314973378846448,0.003837765658772551,0.033012500552762954
21828,0.1922133694716161,0.0021214193364677524,0.005665211191916168
21829,0.19417535210130232,0.0004288074459760355,0.005395840452721637
21830,0.16025865826963892,0.0007861355715042507,0.038955206158856844
21831,0.10426362756535856,0.012950161430491686,0.08278621100414975
21832,0.1728093321278174,0.015765378132976734,0.011425289739205893
21833,0.013839565172801624,0.0038689864176267527,0.18229144840957162
21834,0.16827323139170353,0.005695646058869891,0.026031122549426584
21835,0.1967944358657595,0.00039648396154769205,0.002809080172692803
21836,0.19222278806135934,0.0006745465614384974,0.007102665377202151
21837,0.19423189422361237,0.002460013126120532,0.0033080926502670727
21838,0.19191354104120778,0.005082481778177307,0.0030039771806149437
21839,0.13639911046844783,0.004771135387302995,0.058829754144249194
21840,0.19530816366172907,0.00042402458057622496,0.004267811757694725
21841,0.013523212435077831,0.001174944707990113,0.18530184285693205
21842,0.05907842297333864,0.047043550737961945,0.09387802628869941
21843,0.18008445224949127,0.0039025636307109743,0.01601298411979774
21844,0.0019490871288383189,0.00023326879729238182,0.19781764407386931
21845,0.18505003723293387,0.0008499335100875929,0.01410002925697854
21846,0.12918169201480395,0.021544894255056,0.04927341373014006
21847,0.16470254757303449,0.0010809650041917072,0.03421648742277377
21848,0.19092988002797803,0.005309050839261243,0.003761069132760712
21849,0.0012242426469922974,0.0014407890074441731,0.19733496834556352
21850,0.18103744515165554,0.0012659425687906564,0.017696612279553804
21851,0.06895803125556038,0.003562277075410428,0.12747969166902923
21852,0.17933695877489683,0.001172963535206346,0.01949007768989682
21853,0.013906319156029546,0.0003199065106802906,0.18577377433329018
21854,0.19855779834715373,0.0002798780969152387,0.001162323555931052
21855,0.008992303430021597,0.0010252532779017928,0.18998244329207664
21856,0.17691634080594454,0.0021117007851794824,0.020971958408875984
21857,0.044064670646912794,0.003058706955331597,0.15287662239775562
21858,0.002202916103155818,0.00018894376840105834,0.19760814012844313
21859,0.19512313557236316,0.0017674171024609701,0.003109447325175861
21860,0.006842368394268131,0.0044446407407478395,0.18871299086498403
21861,0.18820138944957548,0.00043457787263405395,0.01136403267779044
21862,0.16723240928161723,0.001609496656462225,0.031158094061920587
21863,0.15332013708483055,0.0029806731951159144,0.043699189720053544
21864,0.00025599839591294117,0.00011273016495768847,0.19963127143912934
21865,0.04805717981294775,0.0005280162962840706,0.15141480389076817
21866,0.1849536594892976,0.006596620450429721,0.008449720060272687
21867,0.10364874699677688,0.0038174833390527776,0.09253376966417032
21868,0.19480053010817705,0.0014255441721513315,0.0037739257196716092
21869,0.003068034920879417,0.0003987373515598765,0.1965332277275607
21870,0.15313910692773774,0.004251662827986375,0.04260923024427586
21871,0.16701095548731223,0.002099912546340235,0.03088913196634755
21872,0.19285396125726775,0.00035792519919119515,0.006788113543541046
21873,0.19244959402804984,0.0002828080385187269,0.007267597933431404
21874,0.19647326141725524,0.0002791393357282451,0.0032475992470164757
21875,0.07747496151681423,0.003602991392472765,0.11892204709071301
21876,0.1942263341525588,0.002603604551509476,0.00317006129593173
21877,0.16700100931894343,0.004073187056453131,0.028925803624603407
21878,0.19164797985645043,0.004751668186340771,0.00360035195720878
21879,0.17353654035836039,0.00321779780169542,0.023245661839944195
21880,0.17945884396063866,0.0009973629536431483,0.019543793085718207
21881,0.1917102974698788,0.0012256516965045657,0.00706405083361666
21882,0.00539103704536188,0.004726832882343976,0.18988213007229415
21883,0.1888837958681825,0.0010913967013417198,0.010024807430475778
21884,0.03458542122314891,0.0015040121796795303,0.16391056659717157
21885,0.012390458227534042,0.0008598097436158514,0.18674973202885012
21886,0.18889920694029658,0.0012007114676837103,0.009900081592019695
21887,0.18579403942548417,0.0017205242686547499,0.012485436305861113
21888,0.19202627626283542,0.000928226538414638,0.007045497198749922
21889,0.1968313959625862,0.00047730849173758486,0.0026912955456762215
21890,0.19772355046338955,0.0003624909101365557,0.0019139586264739228
21891,0.19638627117123716,0.00019736188358646895,0.0034163669451763336
21892,0.19491671887694778,0.0009695522345859605,0.004113728888466283
21893,0.1395233692489163,0.0009972108323142398,0.05947941991876946
21894,0.1796701549158213,0.0029840566641993046,0.017345788419979365
21895,0.19144333632614932,0.0010498040984091327,0.007506859575441555
21896,0.13669870359527883,0.005331060912387877,0.05797023549233331
21897,0.02184900682728834,0.04809422661072292,0.13005676656198875
21898,0.18028254048134537,0.00014183968402304805,0.019575619834631592
21899,0.19685498234986634,0.000594961622942809,0.002550056027190855
21900,0.0036877999817101956,0.0002011555692184311,0.19611104444907138
21901,0.19247010587399346,0.0010280765445129297,0.00650181758149364
21902,0.19133949693952151,0.003700705931604465,0.004959797128874001
21903,0.17433913387159067,0.004717016861739614,0.020943849266669708
21904,0.004533146373015778,0.00019218342334038986,0.19527467020364384
21905,0.047218267273934245,0.0007899052739518268,0.15199182745211395
21906,0.05474069169075711,0.012493699091393822,0.13276560921784905
21907,0.03187482960746172,0.00024595201905681664,0.1678792183734815
21908,0.18146229711322867,0.004196195641754653,0.014341507245016701
21909,0.10838265220641814,0.014725657086520613,0.07689169070706124
21910,0.0009893911807924585,0.0016108248751628689,0.1973997839440447
21911,0.04406547627194852,0.011141399454860375,0.1447931242731911
21912,0.19745386917265967,0.00026731082828926496,0.0022788199990510546
21913,0.19306311900083534,0.0011284342613859838,0.005808446737778677
21914,0.162642869656789,0.01859932503644366,0.018757805306767336
21915,0.16677825269326677,0.02359498997412141,0.009626757332611851
21916,0.02465389183417167,0.0009003363700018955,0.17444577179582643
21917,0.03200680497696566,0.03138864518909927,0.13660454983393505
21918,0.19559996238348204,0.0002237717697707235,0.004176265846747211
21919,0.17229385020516816,0.0035724661920696803,0.024133683602762177
21920,0.07829247235489775,0.0023244494658975815,0.11938307817920468
21921,0.17686374623272355,0.0024977547639273728,0.020638499003349048
21922,0.15547537010921322,0.015382593020283672,0.02914203687050313
21923,0.1834693278911667,0.0011526879949594082,0.015377984113873889
21924,0.1257975807773088,0.000990110184893805,0.0732123090377974
21925,0.020719755867482918,0.0008898563167521568,0.17839038781576494
21926,0.19369277447579467,0.0037809899878104417,0.002526235536394896
21927,0.19453339990453516,0.0009711540691243797,0.004495446026340448
21928,0.19664404897238313,0.0020318001904717814,0.0013241508371450925
21929,0.1839658053331921,0.003361853421328047,0.012672341245479867
21930,0.17299649784462812,0.002122279271767544,0.024881222883604337
21931,0.1906989306117121,0.0008404668155606948,0.008460602572727228
21932,0.03284765927932852,0.001380595230150552,0.16577174549052096
21933,0.18074018697436503,0.005216712385256871,0.014043100640378118
21934,0.12671509686247365,0.0045603857022930554,0.0687245174352333
21935,0.1627844788757859,0.0013153785992866488,0.03590014252492746
21936,0.004349828659226456,0.00041265334060235873,0.1952375180001712
21937,0.08324158165769231,0.0013647366955168157,0.11539368164679087
21938,0.042778478745880796,0.000211260602431878,0.1570102606516873
21939,0.19447885503845608,0.002684776030489027,0.0028363689310549004
21940,0.1977443282514804,0.00018637290541058076,0.0020692988431090255
21941,0.08026035302343516,0.025837211210247808,0.09390243576631704
21942,0.0032313257839568267,0.0020582819577780126,0.19471039225826517
21943,0.191811585387627,0.0009170350226953755,0.0072713795896776606
21944,0.17326409381051483,0.007182931793689629,0.019552974395795536
21945,0.17860199695133167,0.001065172111636551,0.020332830937031816
21946,0.0007451446484571568,7.020788597426239e-05,0.19918464746556858
21947,0.004064333475360865,0.023680408856192083,0.17225525766844704
21948,0.18297165053339356,0.000639938405166814,0.01638841106143962
21949,0.18749071998265074,0.000961833784901321,0.011547446232447916
21950,0.19140800707872446,0.0011365922978163695,0.007455400623459172
21951,0.1748812623917972,0.016467011680814506,0.008651725927388288
21952,0.019812043506678992,0.004373031111063722,0.1758149253822573
21953,0.16295912192992695,0.010204378377003904,0.026836499693069133
21954,0.18309476270204056,0.009233993251373479,0.007671244046585962
21955,0.1975279232583272,0.0016572693034478067,0.0008148074382250273
21956,0.007647065789617366,0.0014633896577057634,0.19088954455267687
21957,0.197225537706781,0.0005413043070319838,0.0022331579861870035
21958,0.1586961722326388,0.005796468161913037,0.035507359605448194
21959,0.037705272985726596,0.0003381338005747377,0.16195659321369865
21960,0.0030884568751150367,0.0019611912952235758,0.19495035182966142
21961,0.19397634321674,0.0019366381167176604,0.004087018666542353
21962,0.18067997831530813,0.0004252240718018047,0.01889479761289007
21963,0.19380875633081684,0.0007648060795658419,0.005426437589617322
21964,0.15010490666958107,0.002074578569254971,0.04782051476116396
21965,0.18878956573765487,0.0014811544998092417,0.009729279762535898
21966,0.0008704084046353306,0.0002139721255680798,0.1989156194697966
21967,0.06754961939477458,0.0019969642464532575,0.13045341635877217
21968,0.16198734768796233,0.0023960492718848032,0.03561660304015289
21969,0.12103472881393122,0.009294835564247057,0.06967043562182172
21970,0.1936362511335619,0.0003424666534550441,0.0060212822129830845
21971,0.19488216757124185,0.00037190053748011677,0.004745931891277988
21972,0.18368743095469678,0.0006456018366999983,0.015666967208603236
21973,0.1304801208376862,0.026990435965325105,0.042529443196988696
21974,0.1972471091390287,0.000872595479361561,0.0018802953816097448
21975,0.1841868634244109,0.0005775264743934105,0.015235610101195684
21976,0.018726760080388132,0.006683490621779231,0.17458974929783264
21977,0.19614351769559765,0.00019580065881936933,0.0036606816455829793
21978,0.17430621973235796,0.01244563236526004,0.013248147902381996
21979,0.00646636019183533,0.0007600061556587868,0.19277363365250588
21980,0.1947735847497069,0.0008752799782568085,0.0043511352720362806
21981,0.1746578581783702,0.0019561856152770624,0.023385956206352743
21982,0.17228623184526382,0.00196710873959617,0.025746659415140004
21983,0.015400502999407293,0.00358285675314379,0.18101664024744893
21984,0.18413827615300488,0.001115257592778841,0.01474646625421629
21985,0.1627404932368532,0.011143184910882871,0.026116321852263896
21986,0.10225319381818783,0.0003996279696322269,0.09734717821217995
21987,0.008823341907376287,0.0004631986432932467,0.19071345944933044
21988,0.17755668942458105,0.001409855109187015,0.021033455466231976
21989,0.003951079591443066,0.00019919241213331305,0.19584972799642358
21990,0.006755181773714631,0.002782805772500148,0.19046201245378525
21991,0.1969084415777043,0.0005130425894367013,0.0025785158328589888
21992,0.18807681165509688,0.00840481019422681,0.003518378150676327
21993,0.1718134917885825,0.0010613201810567867,0.0271251880303607
21994,0.05619799007762204,0.12134336750183886,0.02245864242053914
21995,0.18716905159960123,0.001184021844542075,0.011646926555856694
21996,0.16008490509547363,0.03607263723768453,0.0038424576668418206
21997,0.1951553655929376,0.0022635370550013216,0.0025810973520611147
21998,0.07515919820323394,0.08064326537894126,0.044197536417824826
21999,0.019125415960167556,0.0010381064328375557,0.1798364776069949
22000,0.018137640371930934,0.004393770941793088,0.177468588686276
22001,0.19501934645641616,0.000504673435122724,0.004475980108461111
22002,0.1799091546792884,0.006513432995554287,0.013577412325157351
22003,0.18991198600822984,0.004533017159309283,0.005554996832460886
22004,0.1957599523370927,0.0004236111341941469,0.0038164365287131747
22005,0.021390424769384922,0.0006160228681447687,0.17799355236247033
22006,0.1388170995142899,0.0027034599582538904,0.058479440527456204
22007,0.1723438589757254,0.0018822219123356132,0.025773919111938992
22008,0.18978338931642696,0.0017471988504153436,0.008469411833157671
22009,0.0017344095395824383,0.00019361456020951936,0.19807197590020803
22010,0.0602796273219456,0.000972599482482742,0.13874777319557166
22011,0.1709136782402692,0.003368113230455338,0.025718208529275467
22012,0.16425410799154921,0.0007497361197981291,0.03499615588865264
22013,0.19535686197201058,0.00038724696577636475,0.0042558910622130935
22014,0.12580391711667543,0.0022993821304733426,0.07189670075285125
22015,0.11390353155672325,0.012013121989678525,0.07408334645359821
22016,0.02829070796839727,0.00924183991609186,0.16246745211551086
22017,0.09089010862444265,0.0022051527743579507,0.10690473860119942
22018,0.17155468337753002,0.0007646703749915392,0.02768064624747845
22019,0.19652637569188053,0.0009687613838866621,0.002504862924232815
22020,0.1918739709010612,0.002561291494116858,0.005564737604821952
22021,0.19361982845815065,0.00036718987298406684,0.006012981668865292
22022,0.1911009938982159,0.0018951072272555525,0.007003898874528534
22023,0.18936088967399803,0.0003655092656224564,0.010273601060379528
22024,0.1950086806997099,0.0005658141447714567,0.004425505155518629
22025,0.15983643464475344,0.010575447035830441,0.02958811831941614
22026,0.002034258843296369,8.518533552673163e-05,0.1978805558211769
22027,0.15788110365793495,0.0032652850713827558,0.03885361127068232
22028,0.18265014990352027,0.00798334472242623,0.009366505374053525
22029,0.19348031563974047,0.0031022445552260497,0.0034174398050335055
22030,0.17936964742446898,0.0012560298788531687,0.019374322696677854
22031,0.19586782786544085,0.0005966232488082382,0.003535548885750911
22032,0.18749381016158637,0.0013078268160060874,0.011198363022407554
22033,0.18412830458965948,0.012329297181605563,0.0035423982287349524
22034,0.18258602995073234,0.0002755823758924081,0.01713838767337526
22035,0.19102854073927866,0.001075235911865832,0.007896223348855511
22036,0.16824628689212523,0.001070731723437623,0.030682981384437147
22037,0.14555774640088429,0.0019258386945548718,0.052516414904560826
22038,0.1967430401998213,0.00102626685156464,0.0022306929486140496
22039,0.1443551239484384,0.014219535417593951,0.04142534063396759
22040,0.00529554237121319,0.0010503829357980067,0.1936540746929888
22041,0.19359690176127023,0.000526360371361913,0.0058767378673678355
22042,0.10667333693088357,0.005544943435012438,0.08778171963410399
22043,0.11369997592302081,0.0063450088548970525,0.07995501522208216
22044,0.19670980421048906,0.0002052399299498693,0.003084955859561092
22045,0.1905247245525437,0.000775467668710566,0.008699807778745699
22046,0.1974244718489397,0.000789101123138438,0.001786427027921856
22047,0.16859333467882517,0.005611310906556101,0.025795354414618728
22048,0.1964730464393786,0.00018475007499427226,0.00334220348562714
22049,0.1935428911124866,0.0014703510649924983,0.0049867578225208905
22050,0.19152035454779764,0.0009194483591317721,0.007560197093070618
22051,0.03152266362639457,0.0015658736944796619,0.16691146267912577
22052,0.15639859444731927,0.00837966953247389,0.03522173602020684
22053,0.1917060452425402,0.0006751665600182175,0.007618788197441553
22054,0.06133670480161672,0.002660886172761498,0.13600240902562175
22055,0.1440078841533317,0.0035466538972732165,0.0524454619493951
22056,0.01227803027797117,0.021322639068767288,0.16639933065326154
22057,0.010375258268128107,0.03664434465982842,0.15298039707204344
22058,0.17877782354685207,0.0037416680705457395,0.01748050838260219
22059,0.1857056755360413,0.002004585014161998,0.012289739449796683
22060,0.1897773270311248,0.0006981552153954518,0.00952451775347975
22061,0.01444602821205862,0.0018426869194954338,0.18371128486844593
22062,0.08310170867328598,0.0038233085062928523,0.11307498282042117
22063,0.19551830939793632,0.0004277831614221862,0.004053907440641476
22064,0.16569416846491386,0.001300363833290153,0.03300546770179598
22065,0.17399095955509347,0.0010362465066992232,0.024972793938207304
22066,0.006005401695615891,0.00023274844314495114,0.19376184986123918
22067,0.12034221033381272,0.006753025249314921,0.07290476441687235
22068,0.17923034244743663,0.001316890283929553,0.019452767268633826
22069,0.19043586927242584,0.0008853667853943049,0.008678763942179842
22070,0.16654436655855293,0.004443037629804942,0.029012595811642117
22071,0.016686150903123056,0.001736594816929118,0.1815772542799478
22072,0.011557002749929296,0.0020867694012442197,0.1863562278488265
22073,0.1907557835468965,0.0006554021046945833,0.008588814348408897
22074,0.15828140474601626,0.011794214742551263,0.029924380511432473
22075,0.18733002793249737,0.0006493658864991708,0.012020606181003457
22076,0.12940041922163853,0.001153278051868789,0.06944630272649267
22077,0.19292754239648915,0.00030541160392431296,0.006767045999586519
22078,0.16845702814231447,0.0007849758509300491,0.0307579960067555
22079,0.07537590406489149,0.0013723919366252907,0.12325170399848324
22080,0.14990058750321722,0.005860070033183415,0.04423934246359936
22081,0.181988374659796,0.003591784898757953,0.01441984044144605
22082,0.017749305984559195,0.004928897758557092,0.17732179625688368
22083,0.19473402349804853,0.002717561995645371,0.0025484145063060975
22084,0.012014181316597528,0.0011602546790975157,0.18682556400430497
22085,0.12289433309521172,0.002249204213909995,0.0748564626908783
22086,0.1857832297831354,0.0012713982454354842,0.01294537197142911
22087,0.186329867420495,0.007907784905721141,0.005762347673783859
22088,0.004477897500068706,0.00011621883766350775,0.19540588366226777
22089,0.01343312169829729,0.0338125342712124,0.15275434403049032
22090,0.17929894833811952,0.000577211636549211,0.020123840025331262
22091,0.07852947466493039,0.0005414761010894703,0.12092904923398014
22092,0.18989659262127603,0.0036143674245641007,0.006489039954159892
22093,0.19761967637811845,0.00018151618845035157,0.002198807433431242
22094,0.13114163162808806,0.0023375328509213176,0.06652083552099061
22095,0.19575808725875518,0.0002200937003668933,0.004021819040877922
22096,0.16446253014024087,0.009295666399431066,0.02624180346032806
22097,0.13746984609974552,0.0030173960204596595,0.05951275787979482
22098,0.03075373931241641,0.016154151159061877,0.1530921095285217
22099,0.1618693070902457,0.000637538010869178,0.03749315489888512
22100,0.10918607758730219,0.00851096219673329,0.08230296021596452
22101,0.18554942488218207,0.00045175563333575296,0.01399881948448221
22102,0.19111900091519607,0.0010425233569581849,0.007838475727845712
22103,0.19639930724014393,0.0003781400324140881,0.00322255272744199
22104,0.0031445158214759386,0.015991186191771162,0.1808642979867529
22105,0.13713313321217646,0.004131270556916927,0.05873559623090663
22106,0.005147199257416658,0.0015997579044653288,0.193253042838118
22107,0.18879629397173434,0.0008629617315140177,0.010340744296751653
22108,0.0018004355125103833,0.0007294102851232335,0.19747015420236635
22109,0.17025509942687428,0.009589159424969046,0.02015574114815668
22110,0.19100192035876765,0.0006442911640922862,0.0083537884771401
22111,0.19480053095738833,0.0004917949377565786,0.004707674104855083
22112,0.15977689019456534,0.002517607476776297,0.03770550232865836
22113,0.048676341502837436,0.003173160303473036,0.14815049819368953
22114,0.11699391181734822,0.0015688202240949363,0.08143726795855685
22115,0.1859628833550474,0.0009029238023805205,0.013134192842572074
22116,0.1430578234656108,0.04436317370461311,0.012579002829776106
22117,0.17606349592841572,0.0025581362321123774,0.021378367839471887
22118,0.19451497927302497,0.0006598114810810278,0.004825209245894012
22119,0.1949367819019322,0.002040075610991441,0.0030231424870763523
22120,0.16724955201449615,0.015151346351619613,0.017599101633884246
22121,0.14701480507180284,0.003344986051446954,0.049640208876750205
22122,0.16935658094743697,0.0013207214913826533,0.0293226975611804
22123,0.18469750517246836,0.0009536822105796709,0.014348812616952
22124,0.19645620387152574,0.0020883142660245123,0.0014554818624497663
22125,0.18075709168157045,0.0009491709039102583,0.01829373741451928
22126,0.024637727558578758,0.035761995688705736,0.13960027675271552
22127,0.18240743407438667,0.003870523279483157,0.013722042646130157
22128,0.1706905652294523,0.0008154721016162218,0.02849396266893147
22129,0.1964531158359342,0.0003341272924003615,0.003212756871665423
22130,0.19835713854163878,0.0006690194251928623,0.0009738420331683508
22131,0.19797463592755155,0.0002596477496505601,0.001765716322797915
22132,0.13820255260119496,0.048460858642786084,0.013336588756018966
22133,0.0661215460670009,0.0006676156420536708,0.13321083829094543
22134,0.12536425974274226,0.005761711653030781,0.06887402860422695
22135,0.19723925295872316,0.00034458646270141643,0.0024161605785754225
22136,0.18278758008196588,0.0050467805913441445,0.012165639326689943
22137,0.16128487520228826,0.0015394506958155518,0.03717567410189617
22138,0.18629351175936557,0.0039570686036477145,0.009749419636986716
22139,0.16193859763242743,0.001722563937231525,0.03633883843034104
22140,0.16601042225709398,0.008067246430528549,0.025922331312377513
22141,0.03185447783712385,0.023855149659163747,0.1442903725037124
22142,0.19191336388329255,0.0006033526457104388,0.0074832834709970195
22143,0.18156302894798965,0.0017961448812142838,0.01664082617079605
22144,0.04867768422717529,0.005103650707028361,0.14621866506579634
22145,0.0014465422811642465,0.000585711890525918,0.19796774582830984
22146,0.09673968675174363,0.028789045541025536,0.07447126770723084
22147,0.04333161974120346,0.000603592442424201,0.15606478781637237
22148,0.002113113070018665,0.0005106302458300106,0.19737625668415132
22149,0.19617628202009105,0.0020508157127800348,0.0017729022671289121
22150,0.1824395308931416,0.012858648326481679,0.004701820780376729
22151,0.16797591541106519,0.0010491399542968962,0.03097494463463792
22152,0.1894598377817271,0.0018972546229893664,0.008642907595283553
22153,0.004060715495812232,0.0005031019734676861,0.1954361825307201
22154,0.03941420136128361,0.005594697552180674,0.15499110108653574
22155,0.0012775629739497896,0.00017269475772732596,0.19854974226832287
22156,0.19617760864042286,0.0002204920198826446,0.003601899339694458
22157,0.0033598419112368313,0.0002558047721519805,0.19638435331661117
22158,0.00379818282610789,0.0006075946028865808,0.1955942225710055
22159,0.18654287779623108,0.0013906864034938953,0.012066435800275022
22160,0.1665823235309098,0.0027486547255484274,0.03066902174354178
22161,0.19417998438347997,0.000394583294181596,0.005425432322338426
22162,0.12929834680102945,0.014328318586613611,0.056373334612356954
22163,0.18872124416842115,0.0014809799681366432,0.009797775863442198
22164,0.1951749394502292,0.0005770392904252156,0.0042480212593455635
22165,0.022410765777793776,0.0011657814440231575,0.17642345277818305
22166,0.14837293793923345,0.0011527285097652678,0.05047433355100125
22167,0.192083806280149,0.0004981981346777719,0.00741799558517321
22168,0.0031964085192199383,0.0008009171056145495,0.1960026743751655
22169,0.16583669549680996,0.0008956070807781448,0.03326769742241189
22170,0.09437261574130276,0.0030247139131711056,0.10260267034552614
22171,0.12093820325112556,0.0016631576698822553,0.07739863907899218
22172,0.17708620021771998,0.004421038393963525,0.018492761388316504
22173,0.18583303792610503,0.001202399319546991,0.012964562754347968
22174,0.13645301870180673,0.001031948627793914,0.06251503267039936
22175,0.18823334128520774,0.0004472957670029553,0.011319362947789308
22176,0.12284317822434274,0.0059396123302505625,0.0712172094454067
22177,0.008284525717332023,0.0003923065904074566,0.19132316769226052
22178,0.18063500101258959,0.0009876967606155193,0.018377302226794894
22179,0.1488946987926446,0.0009720404372359203,0.05013326077011946
22180,0.1724885084516741,0.012787186442272877,0.014724305106053007
22181,0.1976300878549097,0.00048796884933585314,0.0018819432957544388
22182,0.012396036457944069,0.014012436762556013,0.1735915267794999
22183,0.19683862338132113,0.00010425070927038948,0.003057125909408463
22184,0.14581846861212225,0.027670761124707975,0.02651077026316978
22185,0.17646434753033274,0.0030525266270575255,0.020483125842609716
22186,0.0944784195593318,0.001981890166018422,0.10353969027464979
22187,0.16358282193103818,0.001406833093892349,0.03501034497506948
22188,0.19585403704715798,0.0006465071592457963,0.00349945579359622
22189,0.19612693099776382,0.00021119741353307838,0.003661871588703134
22190,0.19044608039255723,0.001544099148001836,0.008009820459440936
22191,0.16921202592556558,0.020847588254770493,0.009940385819663935
22192,0.1972775651560297,0.00010754586012425051,0.002614888983846095
22193,0.19495057673282395,0.001027753061880504,0.004021670205295582
22194,0.02765148479381474,0.0010264688095518383,0.17132204639663343
22195,0.19537698566891928,0.00027680626473065297,0.0043462080663500815
22196,0.15777651591792657,0.0010090104253869592,0.04121447365668649
22197,0.19593276468214696,0.0006216691852897826,0.0034455661325632665
22198,0.183971504291407,0.0009167458417581959,0.015111749866834825
22199,0.0063078625147895764,0.0011425129336590039,0.19254962455155142
22200,0.16485540733021578,0.0017366269972068007,0.03340796567257744
22201,0.16365252935538488,0.0034572372972943057,0.03289023334732081
22202,0.18742701182819907,0.0012767486189452701,0.01129623955285566
22203,0.10987871957885291,0.0014951483615512245,0.08862613205959588
22204,0.19618933244038658,8.334592900780431e-05,0.0037273216306055964
22205,0.1015306131504669,0.010252842554938347,0.08821654429459473
22206,0.19161501753403729,0.0008137365451884405,0.0075712459207742736
22207,0.1801357560454377,0.0010515249026604298,0.018812719051901912
22208,0.18598830112013018,0.002493768660937493,0.011517930218932316
22209,0.18364992277857756,0.00108448528747974,0.015265591933942696
22210,0.18743438932774129,0.0008497448663900844,0.011715865805868595
22211,0.19794676637080194,0.0005391265062773762,0.0015141071229206533
22212,0.19612345961032154,0.00033624564687415276,0.0035402947428042992
22213,0.10990828554224549,0.006739517939307075,0.08335219651844741
22214,0.18568930045121118,0.00607240279877115,0.008238296750017656
22215,0.11962837540762003,0.0026109463365656294,0.07776067825581434
22216,0.01021732116061408,0.00041308549152778965,0.18936959334785813
22217,0.026180269164713887,0.0016025838325105114,0.17221714700277563
22218,0.024947805726146764,0.0004132772139214631,0.1746389170599318
22219,0.18661422116294332,0.0014447751913018484,0.011941003645754818
22220,0.1908947573171235,0.005892723702102139,0.0032125189807743803
22221,0.1324221364425194,0.0027298591877977937,0.06484800436968277
22222,0.00879120619369082,0.0009939621948505386,0.19021483161145863
22223,0.17389720322659757,0.0007582755722335373,0.025344521201168903
22224,0.19866122799786257,0.00013653124805884312,0.0012022407540785893
22225,0.16309611671533156,0.0030480833755632993,0.033855799909105165
22226,0.005619949146264115,0.0011830806536516486,0.19319697020008422
22227,0.005527091556925776,0.0003921971881652148,0.194080711254909
22228,0.18690447213739075,0.004316412916126484,0.008779114946482798
22229,0.1460631012953863,0.03900559327393509,0.014931305430678613
22230,0.171726118357051,0.0052660798352514426,0.02300780180769757
22231,0.17947219891200605,0.0019513915745057557,0.018576409513488174
22232,0.16051698027886824,0.004391965939887255,0.0350910537812445
22233,0.001372765705893703,7.832964715418319e-05,0.1985489046469521
22234,0.1914264656567044,0.0015678728284619873,0.00700566151483358
22235,0.19035772259699676,0.000761150053738594,0.008881127349264637
22236,0.16666893230947324,0.0013265480154641776,0.0320045196750626
22237,0.19488020270169093,0.0015909506911929321,0.0035288466071161616
22238,0.18358638250455156,0.0008974598734164897,0.015516157622031948
22239,0.0789546097447262,0.003350936971703662,0.11769445328357013
22240,0.0048963922490510075,0.01900557149328789,0.1760980362576611
22241,0.011243903807086874,0.0013034800129349514,0.18745261617997816
22242,0.19469824727829874,0.0006105613468687501,0.004691191374832515
22243,0.1616970052403067,0.004507682885670696,0.033795311874022585
22244,0.18519273318831825,0.001128345585075788,0.013678921226605936
22245,0.1909945145160058,0.003173240447920131,0.005832245036074083
22246,0.1958721629798745,0.001352711769499582,0.0027751252506258857
22247,0.18523041412042485,0.007186739776812935,0.007582846102762228
22248,0.18144631549792437,0.0016462251118819417,0.016907459390193676
22249,0.003795994149681994,0.000799462039936146,0.19540454381038183
22250,0.003415375917731456,0.0006109321939260678,0.1959736918883425
22251,0.11510436702928568,0.0035731373716771713,0.08132249559903712
22252,0.02528066463480123,0.001439711287828859,0.1732796240773699
22253,0.12492429755424443,0.03225148852868884,0.04282421391706673
22254,0.012707349173557102,0.001403206510981783,0.18588944431546112
22255,0.18721490235649027,0.0014914869097285613,0.01129361073378116
22256,0.006711739200935872,0.0006338218664663519,0.19265443893259776
22257,0.1847940909113584,0.0036679133054573544,0.011537995783184238
22258,0.19474459754671009,0.0007615257125683761,0.0044938767407215145
22259,0.08047372419636116,0.0007875489993704521,0.1187387268042684
22260,0.02828963932156554,0.00037053372501755807,0.1713398269534169
22261,0.060453650999977945,0.004600549175650506,0.13494579982437152
22262,0.000595368302885036,6.079308015317534e-05,0.19934383861696178
22263,0.08663364803864335,0.0008204335197147911,0.11254591844164186
22264,0.1978486874393321,0.00020990338287780607,0.0019414091777900978
22265,0.1736500393561295,0.0065977357138377445,0.019752224930032758
22266,0.19275108145953213,0.004465180681368178,0.002783737859099705
22267,0.19280510482120994,0.003632027927200694,0.003562867251589369
22268,0.18957330903821817,0.002638467610705439,0.007788223351076403
22269,0.17725782853155436,0.000697370686662142,0.022044800781783495
22270,0.004610783913916912,0.00020288523219549895,0.19518633085388756
22271,0.07784222059342363,0.014701876977054055,0.10745590242952233
22272,0.18366443736434063,0.0008828541019605214,0.015452708533698872
22273,0.13098120042600092,0.0005142149611509819,0.06850458461284809
22274,0.19117171191047944,0.0007831047827462362,0.008045183306774346
22275,0.028637336934934903,0.0027932708537376774,0.1685693922113274
22276,0.19737629813315866,0.00016241439201621582,0.0024612874748251266
22277,0.1959337738705788,0.0020855927171224285,0.001980633412298797
22278,0.17781972609383012,0.0013036345389404347,0.020876639367229447
22279,0.18062500260096512,0.004733163630278092,0.014641833768756805
22280,0.18267470261724164,0.0010900309696419204,0.01623526641311645
22281,0.1834679888428209,0.0010724843006901829,0.015459526856488931
22282,0.17619279006970287,0.0012007610176158743,0.022606448912681227
22283,0.1688348608452719,0.016985577121349803,0.014179562033378296
22284,0.1401368940012445,0.00673255340033232,0.0531305525984232
22285,0.15623552181527173,0.0021609800660559396,0.041603498118672366
22286,0.15112033720366552,0.0014812651247076238,0.04739839767162686
22287,0.1784148439004724,0.0034706792987317368,0.018114476800795875
22288,0.18018427747619029,0.0008910334234322238,0.01892468910037749
22289,0.19670800814819242,0.0004253880245491073,0.002866603827258463
22290,0.15519436944766468,0.005081747719268962,0.039723882833066354
22291,0.16431828316524744,0.0012769124364083455,0.034404804398344195
22292,0.19725310279766903,0.00024118263293172493,0.0025057145693992426
22293,0.19350250853896908,0.0002917207540852565,0.006205770706945633
22294,0.05556213100704914,0.0007332427453565266,0.14370462624759434
22295,0.18055243606242727,0.0020131061642783186,0.017434457773294436
22296,0.12814883922633277,0.007815904852171512,0.0640352559214957
22297,0.1774346594699086,0.00024384615732396517,0.0223214943727674
22298,0.18674048342582847,0.00042188829464493696,0.012837628279526577
22299,0.18416990785063225,0.006072653693834574,0.009757438455533163
22300,0.010048544318059089,0.00042872776046873557,0.18952272792147215
22301,0.19428727505563112,0.0033682477264753083,0.0023444772178935758
22302,0.1944327518891555,0.0004321196786888615,0.0051351284321556525
22303,0.18419154906917506,0.0035039074251942874,0.01230454350563066
22304,0.19759911425639537,0.00041440978195755353,0.001986475961647087
22305,0.060834642238893157,0.0007323674982764394,0.13843299026283037
22306,0.011846538005906293,0.0019262869343243945,0.18622717505976932
22307,0.1983097142268128,0.0009713645295599084,0.0007189212436273246
22308,0.06147353834263487,0.004665194158332727,0.1338612674990324
22309,0.08714077551024807,0.0026908295856702233,0.1101683949040817
22310,0.0007942516827815776,4.29894765515168e-05,0.19916275884066692
22311,0.04202057918963905,0.008413253482374542,0.1495661673279864
22312,0.1932004533608895,0.0008801620760672845,0.005919384563043203
22313,0.04088154573592689,0.01979399576106874,0.13932445850300437
22314,0.13821584733147027,0.041844634915221494,0.0199395177533082
22315,0.11125349189437843,0.0007008270952437478,0.08804568101037784
22316,0.19122849400792769,0.000863105009047086,0.007908400983025237
22317,0.01762620721965449,0.004552564304586943,0.1778212284757586
22318,0.05754755808037752,0.010530021636871586,0.13192242028275086
22319,0.1886047863477352,0.003205336675281753,0.008189876976983031
22320,0.19770920363788252,0.0005154563112968459,0.001775340050820664
22321,0.19869179171183032,0.00010367824303642972,0.0012045300451332525
22322,0.19016523413822548,0.00162116238378914,0.008213603477985377
22323,0.1924213968381091,0.0006895645319376423,0.006889038629953287
22324,0.19568378694969582,0.00047245899996208485,0.003843754050342088
22325,0.19744268745706045,0.00010033097539352334,0.002456981567545996
22326,0.19526630578148013,0.00030198591723325837,0.004431708301286598
22327,0.17870687004486643,0.00022433951436091537,0.021068790440772693
22328,0.0013123825339322063,0.000942532198014956,0.19774508526805284
22329,0.05744604207934684,0.0008457361851409255,0.14170822173551223
22330,0.16985847408284066,0.011766402679133817,0.018375123238025495
22331,0.003294609095466863,0.0007194318610513328,0.19598595904348182
22332,0.13902465776857897,0.0028494280667051277,0.058125914164715894
22333,0.19737695778402586,0.0006109542344824416,0.0020120879814916853
22334,0.17521701178669397,0.0019502683604962754,0.02283271985280979
22335,0.006756969159087807,0.0003596590302245392,0.19288337181068765
22336,0.19337625844197795,0.00042651237851648696,0.006197229179505581
22337,0.1030885025016032,0.009326909355156272,0.08758458814324052
22338,0.006288310610306838,0.0005895053239715046,0.19312218406572168
22339,0.012610069781843041,0.00034803848969241797,0.18704189172846455
22340,0.09380188729112451,0.09055441772748715,0.01564369498138837
22341,0.18427914358432512,0.0012392913564382491,0.014481565059236636
22342,0.05893275860896439,0.0003295701703054496,0.14073767122073017
22343,0.15373308995215035,0.0011578447053182729,0.04510906534253138
22344,0.19135816275122455,0.0011410778373492012,0.00750075941142624
22345,0.19659749197506496,0.00040807374630518834,0.002994434278629878
22346,0.017301338322790395,0.008505082113134218,0.17419357956407538
22347,0.192469214933512,0.005356234619692068,0.002174550446795946
22348,0.18874312058115517,0.0021945409202650014,0.009062338498579818
22349,0.17954951518276654,0.003886554062891579,0.01656393075434192
22350,0.003944563295355261,0.0006805751581735093,0.19537486154647124
22351,0.17674011085649627,0.0008500193067586847,0.022409869836745082
22352,0.19169151840613216,0.0017449765301125832,0.00656350506375525
22353,0.08468472880997162,0.0007445400303089442,0.11457073115971945
22354,0.008324222950851522,0.003145179458448245,0.18853059759070023
22355,0.1350667049602574,0.0002500421008211511,0.06468325293892144
22356,0.193620236034765,0.0009113600555157994,0.005468403909719222
22357,0.1962777522654674,0.00026102170151723716,0.0034612260330153842
22358,0.18756798491614518,0.002810002659872755,0.009622012423982067
22359,0.1920137132415595,0.0009561102829131833,0.007030176475527332
22360,0.17615736769464704,0.001014056781289381,0.02282857552406353
22361,0.19703175133969972,0.00046199630935820333,0.002506252350942112
22362,0.19659126416405923,0.00019494360608295866,0.0032137922298578307
22363,0.19343672514273297,0.002597988051625176,0.003965286805641861
22364,0.0960543042873176,0.004448741167594216,0.0994969545450882
22365,0.07460340697134181,0.0515610615193294,0.07383553150932878
22366,0.18956418300094932,0.00035231265143349495,0.010083504347617202
22367,0.19011384336579612,0.00543917953459903,0.0044469770996048395
22368,0.19425563562451229,0.0001600574564459653,0.005584306919041749
22369,0.15557614616221307,0.0018635247623938049,0.04256032907539313
22370,0.1876476178816034,0.006249805601579317,0.006102576516817293
22371,0.18989317386998925,0.003001521046177453,0.007105305083833282
22372,0.17895887097640584,0.0008958172680679285,0.02014531175552623
22373,0.007219182246083379,0.03223526906209477,0.16054554869182186
22374,0.030284342554117917,0.0048028648921645215,0.16491279255371755
22375,0.15640270323914054,0.002325848759757383,0.04127144800110211
22376,0.010432965490611392,0.0057357069155197634,0.18383132759386883
22377,0.11561415554996719,0.00241716249899801,0.08196868195103478
22378,0.15601564260108058,0.009605732566881527,0.034378624832037845
22379,0.004078494779774818,0.0034082438971970697,0.19251326132302812
22380,0.1950469093913622,0.0006928811833571613,0.004260209425280641
22381,0.055882915873831505,0.0015547115874328696,0.14256237253873566
22382,0.19224283128887637,0.004236763579938904,0.0035204051311847617
22383,0.005984034317149478,0.00019373449149392253,0.1938222311913566
22384,0.17686631339695585,0.001038490414528755,0.022095196188515354
22385,0.0005133750635403111,0.0003066796260547854,0.1991799453104049
22386,0.19306554230502657,0.0010605931423056133,0.0058738645526678224
22387,0.061022131027667334,0.00047367930636457766,0.13850418966596809
22388,0.19840620019670455,0.0003091091652149162,0.0012846906380805238
22389,0.038770074918506515,0.0024590018906333103,0.15877092319086017
22390,0.18780985142051884,0.0006984790491529365,0.011491669530328246
22391,0.13717819606949327,0.002193221340985156,0.06062858258952157
22392,0.1689329652109322,0.00422949220385076,0.02683754258521699
22393,0.008439838306985286,0.13237237728101214,0.059187784412002585
22394,0.1341487223296362,0.0030008409819092833,0.06285043668845453
22395,0.19625603614699305,0.00045242043070001773,0.0032915434223069404
22396,0.13369937868180684,0.000682098209612321,0.06561852310858082
22397,0.19378920094515412,0.0009901442240300362,0.005220654830815832
22398,0.17809840010196498,0.0017781714906696627,0.020123428407365345
22399,0.048965808443789734,0.00048368826955044275,0.1505505032866598
22400,0.13492754874646273,0.004542676580116466,0.060529774673420786
22401,0.0019950972388475432,0.00018081696137179406,0.19782408579978067
22402,0.026501031951916432,0.0031941292678828734,0.1703048387802007
22403,0.003957252696433287,0.0020347628785876326,0.19400798442497907
22404,0.1973138065619493,0.00023200703747775514,0.002454186400572922
22405,0.1935227816199518,0.0001142323095371879,0.006362986070510999
22406,0.19789388647445308,0.00017885440436896953,0.0019272591211779405
22407,0.16502276048149891,0.00238414760837874,0.03259309191012236
22408,0.17643286775693334,0.0005452567608992951,0.023021875482167355
22409,0.11794275595226915,0.00018704824296779198,0.08187019580476304
22410,0.1913209846620833,0.0009594255743453293,0.007719589763571353
22411,0.0029997935943851216,0.00018712668179855638,0.1968130797238163
22412,0.00566845115579244,0.00034196977294097383,0.19398957907126663
22413,0.17799064871731224,0.0012695422650078631,0.020739809017679876
22414,0.017001083822008663,0.006182713172639653,0.17681620300535167
22415,0.003983045351782734,0.00036634484146754744,0.1956506098067497
22416,0.011505204670444073,0.0001541056857657323,0.1883406896437902
22417,0.19587417119851064,0.0013547653622667632,0.00277106343922261
22418,0.12124422258484442,0.0012087770611554174,0.07754700035400015
22419,0.04134996732272598,0.0016625927061497652,0.15698743997112427
22420,0.1528972286944024,0.003380243607253007,0.043722527698344595
22421,0.007596881742292877,0.018554398677793155,0.17384871957991396
22422,0.14320797985898864,0.0008928653121953583,0.05589915482881599
22423,0.17623322444081208,0.002640464117410023,0.02112631144177791
22424,0.09993773128238774,0.006122639720279261,0.09393962899733302
22425,0.005459229865579693,0.003946104378132641,0.19059466575628764
22426,0.14961329165067713,0.02785474844537052,0.022531959903952358
22427,0.1966125400988657,0.001191641920710322,0.002195817980423989
22428,0.13069386150428852,0.0012212759987285794,0.06808486249698291
22429,0.05422934732339306,0.0025285914252159416,0.143242061251391
22430,0.06514761384787104,0.11664378417575134,0.018208601976377616
22431,0.009112188811998725,0.004334552719894389,0.1865532584681069
22432,0.19206797794885866,0.00012328739248261856,0.007808734658658704
22433,0.1981307766717289,0.00026566595621007943,0.0016035573720609895
22434,0.18618379797181958,0.0017130659917671876,0.012103136036413203
22435,0.08811554001492183,0.09381482360305546,0.01806963638202269
22436,0.18227158798802612,0.0006943059249162986,0.017034106087057556
22437,0.0011722927178368654,0.0003212212011371902,0.19850648608102592
22438,0.19504938528785998,0.00019377193985897252,0.004756842772281044
22439,0.05897797088192395,0.0054307521117200434,0.135591277006356
22440,0.08524156661537384,0.008555062244012729,0.10620337114061343
22441,0.018977837859869964,0.04687537186080778,0.13414679027932228
22442,0.0027188669049050926,0.00017882669775954563,0.19710230639733534
22443,0.19021845948960894,0.0027201521253486143,0.0070613883850424285
22444,0.0006469121257646578,0.00011811296812439353,0.19923497490611092
22445,0.1897349926209965,0.0010022605900606566,0.009262746788942828
22446,0.15360192687299998,0.005697757059230585,0.04070031606776943
22447,0.00047946630159229205,0.00042656571848672265,0.19909396797992096
22448,0.18844090020527068,0.0014653712391655353,0.010093728555563796
22449,0.1961441531942174,0.00041750683754535186,0.00343833996823724
22450,0.19623976222862213,0.0004432772460533729,0.0033169605253245025
22451,0.18865460454433522,0.003615344903259067,0.007730050552405704
22452,0.00549080192669845,0.029296578406863227,0.16521261966643835
22453,0.17651902164129668,0.009451506895390479,0.014029471463312826
22454,0.17451978301574902,0.013071614305245427,0.012408602679005575
22455,0.1761834160457065,0.004626052747086543,0.019190531207206974
22456,0.1164488357026178,0.0016370880864265732,0.08191407621095562
22457,0.18570044346778683,0.010169221771375445,0.00413033476083772
22458,0.17519777349541102,0.004031962116705552,0.020770264387883427
22459,0.012212375742892839,0.00649914955516666,0.18128847470194048
22460,0.1799037845948684,0.00906202541680302,0.011034189988328579
22461,0.14615853451196253,0.011281895226776143,0.04255957026126134
22462,0.003648344722760399,0.0004802593457445763,0.19587139593149502
22463,0.15602561691434416,0.008131050863258566,0.03584333222239726
22464,0.10226862984369249,0.014504167714894444,0.08322720244141307
22465,0.1803590328003552,0.013712063708887468,0.0059289034907573646
22466,0.19369566193445834,0.0004563512608788986,0.005847986804662799
22467,0.187038431836261,0.0007898264970445173,0.012171741666694472
22468,0.13265168562973095,0.03497986085551914,0.032368453514749915
22469,0.1538214214247694,0.01952113221652765,0.026657446358702958
22470,0.039281267573458636,0.0005251060467616933,0.16019362637977969
22471,0.021949673475750935,0.0011686194362940945,0.17688170708795498
22472,0.19064624621498283,0.0005028383050272313,0.008850915479989948
22473,0.11896260143033348,0.001514606681741439,0.07952279188792508
22474,0.18870234690711912,0.0005123906347232595,0.010785262458157661
22475,0.1333437719728633,0.0007411705640005257,0.06591505746313617
22476,0.13293887808309693,0.04354175494644112,0.023519366970461957
22477,0.1986157974851002,0.0003074946164568335,0.0010767078984429597
22478,0.189284343557587,0.0019776780706655442,0.008737978371747458
22479,0.19542728527998,0.00035870061719839855,0.004214014102821581
22480,0.18853992783818427,0.0018112623990786346,0.009648809762737114
22481,0.14305601836181264,0.004487704050710024,0.05245627758747734
22482,0.19423854631364315,0.0008714759646647361,0.004889977721692135
22483,0.12016207247945385,0.003651837660719165,0.07618608985982697
22484,0.0036344880415797956,0.0015943670744165647,0.19477114488400366
22485,0.19787369382092837,0.000201842039610656,0.0019244641394609873
22486,0.18598523502439188,0.0006829195101587371,0.013331845465449388
22487,0.18990164128680814,0.0007146185728780466,0.00938374014031384
22488,0.09970532913220863,0.00040182395011134284,0.09989284691768004
22489,0.18322774745055123,0.0020421499188888227,0.014730102630559941
22490,0.19839903973281076,0.00016596190779405234,0.0014349983593951914
22491,0.18670148740742798,0.0030966379428032376,0.01020187464976877
22492,0.1794406291270761,0.0010298092494722007,0.019529561623451742
22493,0.11026655479821842,0.0028868565591473805,0.08684658864263421
22494,0.002042337197112656,0.0015930860186389607,0.1963645767842484
22495,0.18032596498497205,0.0010207037985564364,0.01865333121647148
22496,0.1634367062792489,0.0004599889596636463,0.036103304761087474
22497,0.16982017206581906,0.0012932301132335604,0.028886597820947386
22498,0.18144363434842564,0.0029913356577036215,0.015565029993870771
22499,0.15676903513928347,0.0028232607519855014,0.04040770410873103
22500,0.18995404363644183,0.0008072700571697476,0.009238686306388435
22501,0.1960856910247884,0.0002155244471607129,0.003698784528050865
22502,0.1331946402307292,0.0006267261910323067,0.06617863357823847
22503,0.18889368660375902,0.0006786391715009777,0.010427674224739988
22504,0.016649050406373312,0.0011924681438999904,0.1821584814497267
22505,0.19314927459751216,0.0005223177289939631,0.006328407673493847
22506,0.19705038846375475,0.000322546437686124,0.002627065098559149
22507,0.06608315171778884,0.0005232272675382551,0.13339362101467292
22508,0.02897419989737395,0.023839732134618756,0.1471860679680073
22509,0.19275109116577455,0.0004890968964838119,0.006759811937741668
22510,0.19675065504590392,0.0006513382783622878,0.0025980066757337974
22511,0.18332149641433534,0.0021537158264964816,0.014524787759168146
22512,0.08541404229820306,0.0005517424345382893,0.11403421526725865
22513,0.17764910741074327,0.0009524214990590637,0.021398471090197674
22514,0.11602179486366249,0.0037390971989674287,0.08023910793737007
22515,0.1617402975459306,0.016934822259206006,0.02132488019486338
22516,0.1733026516609199,0.008981255168370861,0.01771609317070926
22517,0.09968859430195934,0.0010765904368229295,0.09923481526121772
22518,0.14169969261916165,0.018835895636058787,0.0394644117447796
22519,0.19135417386792863,0.004428893779591232,0.0042169323524801116
22520,0.18795263046931485,0.0024670183951016993,0.009580351135583469
22521,0.18812701707482632,0.0008154778535158282,0.011057505071657852
22522,0.1956270128245298,0.0006207935251208884,0.0037521936503493157
22523,0.18078920051597297,0.0015343122537402067,0.01767648723028683
22524,0.19599867906489413,0.0019909449789360144,0.002010375956169868
22525,0.19011596366306277,0.0008091525613171159,0.009074883775620097
22526,0.18399616059048549,0.0024205804930244176,0.013583258916490069
22527,0.18486735211780314,0.0024043432221608637,0.012728304660036013
22528,0.19582424215737385,0.00047084221298380883,0.0037049156296423344
22529,0.19786484214428565,5.9604992511013494e-05,0.002075552863203322
22530,0.1955529790771427,0.0004307499222036761,0.004016271000653643
22531,0.19446793707072,0.0005875288721015205,0.0049445340571784725
22532,0.02546374208454664,0.0022775324738673877,0.17225872544158596
22533,0.1879974698030549,0.0015685559033777326,0.010433974293567388
22534,0.19493303473684767,0.000525072622383524,0.004541892640768774
22535,0.019160311774423986,0.002459245912655947,0.17838044231292008
22536,0.18938042260659663,0.0011873836814876107,0.009432193711915737
22537,0.1895107297341329,0.003532430929544867,0.006956839336322231
22538,0.19676489234946504,0.00026098769861214135,0.0029741199519228104
22539,0.13832477923935266,0.0032225985261167844,0.05845262223453055
22540,0.16560957853702585,0.0015437479811274432,0.032846673481846674
22541,0.12755623826086077,0.0016404361696781065,0.07080332556946115
22542,0.020162830760029848,0.002419752324486995,0.17741741691548313
22543,0.17738441527499524,0.00027267657251476814,0.022342908152489988
22544,0.1928301259178632,0.0010308881138813846,0.006138985968255403
22545,0.1676316023016889,0.013916110884960222,0.018452286813350906
22546,0.18663867378251472,0.004465153237075225,0.008896172980410049
22547,0.1878005349950362,0.000712790497069786,0.011486674507894005
22548,0.12891254247313458,0.0031345209996572936,0.06795293652720813
22549,0.19865171247985652,0.0002517523121100951,0.0010965352080334022
22550,0.19712672401153997,0.0003760702542309356,0.0024972057342290835
22551,0.06601943369693772,0.005264010806910722,0.12871655549615157
22552,0.19514625976769923,0.0012900616883307046,0.003563678543970076
22553,0.172957201412911,0.001130807461517849,0.025911991125571177
22554,0.1807098838879783,0.0012316534545818176,0.018058462657439885
22555,0.1971476245489877,0.00041310070073800567,0.002439274750274274
22556,0.18996549678668523,0.005052099461119897,0.004982403752194868
22557,0.046423078190367985,0.0010659289473891713,0.15251099286224284
22558,0.0071637443919020105,0.0021846969099579587,0.19065155869814004
22559,0.06407803663307304,0.00046420666344062567,0.1354577567034863
22560,0.17662222369049735,0.005323786289748271,0.01805399001975439
22561,0.19236275456148474,0.0005643703214215465,0.007072875117093704
22562,0.17106721539980987,0.0034279445462467397,0.025504840053943385
22563,0.18025054962194612,0.001302604207095154,0.018446846170958757
22564,0.16162110492227244,0.00128915944031607,0.03708973563741148
22565,0.11150586045686646,0.008537649912322906,0.07995648963081065
22566,0.0004294364596283383,6.379724272330181e-05,0.19950676629764838
22567,0.18172997817679662,0.010140287019492778,0.008129734803710622
22568,0.19710358241317483,0.0001269849444804289,0.002769432642344783
22569,0.17460802653849936,0.00016431682391591405,0.025227656637584712
22570,0.11481877228837294,0.005504162206888017,0.07967706550473906
22571,0.025966197563484606,0.0007260303121416612,0.17330777212437373
22572,0.19427564641417253,0.00196250109211367,0.003761852493713807
22573,0.03940260202310664,0.0017862498947419255,0.15881114808215144
22574,0.16827534194258717,0.015731154024895357,0.01599350403251745
22575,0.1720598331172309,0.009177776162484186,0.018762390720284964
22576,0.18718182458081475,0.0009684834182141116,0.01184969200097113
22577,0.1947190670844332,0.0015235520004040634,0.0037573809151627154
22578,0.19767087413766146,0.0004306788815184667,0.0018984469808200903
22579,0.07708776295166078,0.0006511839876889905,0.12226105306065023
22580,0.03751641354476562,0.0016919310654136912,0.16079165538982068
22581,0.00024266325052610025,3.027026514500794e-05,0.19972706648432886
22582,0.192736612972253,0.0003785754735563768,0.006884811554190651
22583,0.14052317235004252,0.005480850802157641,0.05399597684779983
22584,0.17802390564683035,0.003580152252191609,0.018395942100978023
22585,0.19604040550775392,0.0009131912056391828,0.003046403286606897
22586,0.036105675800561385,0.004014913657623839,0.15987941054181481
22587,0.19138447497798824,0.0033891371653408985,0.0052263878566708565
22588,0.18559276185299514,0.0021665651022391443,0.01224067304476576
22589,0.1770315831665587,0.00265082772343335,0.020317589110007923
22590,0.19296467435193218,0.0007709931236169372,0.006264332524450865
22591,0.1356788511344857,0.003071264778978856,0.06124988408653544
22592,0.011919840778626846,0.0011218198232938086,0.18695833939807932
22593,0.17954973877878272,0.0015305219681883545,0.018919739253028915
22594,0.007191252619724693,0.00048305605871463433,0.1923256913215607
22595,0.18334336488198794,0.002967070591338414,0.01368956452667364
22596,0.16435898944247668,0.0029526368359628517,0.03268837372156045
22597,0.18486325807500423,0.000504492641729197,0.0146322492832666
22598,0.18816682956920175,0.0012179751366815962,0.010615195294116666
22599,0.17725421651376747,0.002379182768761295,0.020366600717471255
22600,0.18494210724104368,0.0010445305148826048,0.014013362244073735
22601,0.18173714584248188,0.0029147791367106295,0.015348075020807487
22602,0.005234040956492984,0.0022698719196310255,0.192496087123876
22603,0.06490514881092999,0.0042189665255093,0.13087588466356073
22604,0.13217444492654418,0.015395893691795651,0.052429661381660164
22605,0.01253549726297705,0.00782608473197172,0.17963841800505126
22606,0.15316525648305673,0.0019451395572218256,0.04488960395972144
22607,0.14548724705133348,0.0017008677840835659,0.05281188516458298
22608,0.19622100866523634,0.0012376035164405215,0.0025413878183231375
22609,0.1727275757752141,0.018195097730765497,0.009077326494020366
22610,0.19341442923216673,0.0031614819138633503,0.0034240888539699248
22611,0.19786262431476356,0.0005009211069167308,0.0016364545783197234
22612,0.18780824565839543,0.002215122708931033,0.009976631632673557
22613,0.13612024330393233,0.008964219609083331,0.054915537086984344
22614,0.1929908569431494,0.0010089851907612117,0.006000157866089394
22615,0.14701685839959575,0.0030444775799551567,0.049938664020449094
22616,0.1903810048556584,0.0016082421329580404,0.008010753011383574
22617,0.18056276370912294,0.0067362062855090745,0.012701030005367963
22618,0.0006249113215053461,0.00017426192952380435,0.19920082674897083
22619,0.09755811692775182,0.0002763224298203935,0.1021655606424278
22620,0.16702701455519703,0.0004451145649522842,0.03252787087985065
22621,0.0017817123990146913,0.0007090913952296819,0.19750919620575563
22622,0.18814681934378372,0.0008690516453228215,0.010984129010893493
22623,0.19647910774623867,0.0014532158094967816,0.0020676764442645623
22624,0.18362138030892555,0.0008343814138067484,0.015544238277267697
22625,0.19432892838150742,0.0004586935384903691,0.005212378080002222
22626,0.19708976256667396,0.00041326545723460587,0.00249697197609144
22627,0.0171076740597487,0.001499588233717987,0.18139273770653333
22628,0.003041763383660624,0.0006079550808702614,0.19635028153546913
22629,0.0010850564929416402,0.00010446989772235237,0.19881047360933599
22630,0.13784102281578517,0.03256969290939798,0.029589284274816847
22631,0.07017001708742848,0.004832599710093951,0.12499738320247758
22632,0.194680755040701,0.0002066643133198649,0.005112580645979133
22633,0.19292167027415694,0.00011822406816583495,0.006960105657677228
22634,0.19733605466227863,0.00013847330128631395,0.0025254720364350355
22635,0.18329553743120158,0.006917042467881861,0.009787420100916568
22636,0.19731020435676186,0.00010756038293477084,0.002582235260303367
22637,0.16238090363473331,0.0003653915588752399,0.03725370480639142
22638,0.007783420394881552,0.00096072796373024,0.1912558516413882
22639,0.19010526101999853,0.0016119361557943128,0.00828280282420719
22640,0.16324074125940563,0.02075915084873605,0.01600010789185833
22641,0.1876716773325619,0.0012351644056412836,0.01109315826179683
22642,0.19551496531431967,0.0006695769555480077,0.0038154577301323113
22643,0.1190289217889636,0.004291263309106485,0.07667981490192992
22644,0.15061305538039912,0.0026797823533994646,0.046707162266201405
22645,0.06695576016106743,0.016859273094292568,0.11618496674464
22646,0.06798514488811622,0.006690203154960418,0.12532465195692336
22647,0.1971540634676087,0.0008486837991461277,0.001997252733245191
22648,0.18573392065807745,0.0015597305374853787,0.012706348804437162
22649,0.1844118776873603,0.006859602823879943,0.008728519488759749
22650,0.19462139734862954,0.0005647482701984438,0.004813854381171982
22651,0.1828427193785343,0.001235213011676479,0.015922067609789196
22652,0.19817753533650878,6.24314559983552e-05,0.001760033207492895
22653,0.19482651443734683,0.002513210469890388,0.002660275092762788
22654,0.16587020959830606,0.0010322241400984682,0.033097566261595476
22655,0.030694029089575598,0.0023411410939584514,0.16696482981646596
22656,0.005618366876058046,0.007364211448414838,0.18701742167552712
22657,0.1815221657214288,0.0018434341989918557,0.01663440007957936
22658,0.0741761034432135,0.003328470115916546,0.12249542644086994
22659,0.19731259495417341,0.0004135234581883974,0.002273881587638211
22660,0.1963502656885606,0.0005320900292675658,0.0031176442821718763
22661,0.15551208281179527,0.0014034868667536118,0.0430844303214511
22662,0.14724519372743947,0.0010882144593568604,0.05166659181320364
22663,0.1613008027638265,0.0003773912560251191,0.03832180598014835
22664,0.19716050813745703,0.00038302126589057967,0.0024564705966524025
22665,0.12244516503628464,0.002378446667931701,0.07517638829578366
22666,0.1980234516747495,0.00040530278967148306,0.0015712455355790388
22667,0.17233827730806342,0.009289946381312727,0.018371776310623894
22668,0.1956952501566282,0.00032452150117951405,0.003980228342192303
22669,0.18744398741281784,0.00781520311470144,0.004740809472480695
22670,0.19626665063830862,0.00035557670119281494,0.003377772660498577
22671,0.06323351059296779,0.00011857538134490157,0.1366479140256873
22672,0.01977011194947372,0.000389078392333768,0.17984080965819252
22673,0.008766045573074028,0.0008628805372515624,0.19037107388967442
22674,0.1923151812363298,0.0010949096782679414,0.006589909085402272
22675,0.19654256603054004,0.0001245875082828811,0.0033328464611771013
22676,0.17334866981581382,0.0009969416223330235,0.025654388561853196
22677,0.0024309940777227103,0.0009337754677269711,0.1966352304545503
22678,0.19900964089485648,5.627253921166802e-05,0.0009340865659318576
22679,0.18995275367278786,0.0023374412601929674,0.0077098050670192115
22680,0.19715904427086822,0.00033088586097550785,0.0025100698681562745
22681,0.015447633538662093,0.0009220955412464421,0.1836302709200915
22682,0.17456028148329628,0.0009207476050775784,0.024518970911626158
22683,0.19647201554647814,0.0005391828703854138,0.002988801583136471
22684,0.18785162894055485,0.0024211717240570545,0.009727199335388082
22685,0.04819009913366879,0.0012434511410897233,0.15056644972524147
22686,0.15648369846270574,0.024635876506378974,0.01888042503091528
22687,0.19456485516706842,0.0007307064741240311,0.004704438358807545
22688,0.18800314842983318,0.0018060193144574799,0.01019083225570933
22689,0.1860414216106424,0.0012066225269110997,0.012751955862446498
22690,0.1214871501799718,0.0018608291921445037,0.07665202062788369
22691,0.18357353367933368,0.0013780748626849328,0.015048391457981408
22692,0.1353027537931049,0.009218107963665914,0.05547913824322914
22693,0.18112258614529822,0.001724714058442367,0.017152699796259444
22694,0.18816011371028246,0.005435559286064506,0.006404327003653028
22695,0.18912951494726327,0.0009505155279944798,0.009919969524742276
22696,0.02453282985662485,0.0007266401240318711,0.1747405300193433
22697,0.19242852363653265,0.0003814704543753898,0.007190005909091931
22698,0.00239767890404076,0.0006685193195513496,0.1969338017764079
22699,0.18264401364618,0.0021071411397779105,0.0152488452140421
22700,0.18650411915897158,0.0025483317118070283,0.01094754912922139
22701,0.12467594737605876,0.0011355774873524644,0.07418847513658879
22702,0.16500683497963523,0.007633135664667218,0.027360029355697556
22703,0.1931735265877421,0.003007489453880615,0.003818983958377293
22704,0.19502343168588185,0.0032878580826508513,0.0016887102314673194
22705,0.004464610040039361,0.0015726276463811824,0.19396276231357942
22706,0.17785174288437094,0.0014857034421107515,0.02066255367351829
22707,0.1096794728528824,0.000973530246592179,0.08934699690052542
22708,0.1934266726738309,0.002408103705693195,0.004165223620475942
22709,0.18179864405890717,0.0013201796357110059,0.016881176305381825
22710,0.19631660446483745,0.0006267841754381114,0.0030566113597244532
22711,0.029187788819916634,0.0025927520276799155,0.16821945915240344
22712,0.07775770331625467,0.014808042040406375,0.10743425464333897
22713,0.18565301809878978,0.003247307763474728,0.01109967413773548
22714,0.18775250791731993,0.0008387301414133107,0.01140876194126677
22715,0.011009116161292463,0.011060063460030871,0.17793082037867664
22716,0.18566287162608622,0.00481623355838403,0.009520894815529793
22717,0.19549013829186818,0.0007309778841652914,0.0037788838239665398
22718,0.19029649073493787,0.005789414578521557,0.003914094686540541
22719,0.1916419617450293,0.0008551638143219449,0.007502874440648811
22720,0.00040337585993685,5.842349410852673e-05,0.19953820064595465
22721,0.004621591425765697,0.00105357002853687,0.19432483854569743
22722,0.19737825297181302,0.00035819069568702647,0.0022635563324999463
22723,0.16258800833284234,0.022246646800077964,0.015165344867079688
22724,0.15036497274230695,0.0018715655678659584,0.047763461689827084
22725,0.17897315692262966,0.001348979448009918,0.019677863629360425
22726,0.18555881223693838,0.0027063585283232322,0.01173482923473839
22727,0.1668541936663437,0.0024056377518176892,0.030740168581838635
22728,0.16936210186022643,0.006944168135534372,0.023693730004239192
22729,0.08053206664264898,0.014026560748004926,0.10544137260934609
22730,0.19283900481095306,0.0007149830213930625,0.006446012167653869
22731,0.19014639269458863,8.717606583122412e-05,0.00976643123958014
22732,0.18802717806661012,0.0010790888861075176,0.01089373304728234
22733,0.003682577782706662,0.00019345457978232284,0.196123967637511
22734,0.18175949653661744,0.0032734436160873092,0.01496705984729528
22735,0.1832307499226462,0.0005557710369744087,0.016213479040379414
22736,0.0214961629315082,0.12564806515716861,0.05285577191132318
22737,0.15458054050627362,0.0036580177997721343,0.04176144169395424
22738,0.14633060183377564,0.0033791299158274363,0.05029026825039692
22739,0.013253226230512487,0.00019750636272832049,0.1865492674067592
22740,0.004456952709852828,0.0013800712341596377,0.19416297605598754
22741,0.1318785600110815,0.0005527714607031584,0.06756866852821536
22742,0.1947130638113755,0.0002405263397552325,0.00504640984886927
22743,0.17721424636889666,0.003033817872405254,0.019751935758698082
22744,0.022666333119310093,0.00034355696924172644,0.17699010991144817
22745,0.19447764132760365,0.0007352111377165954,0.0047871475346797695
22746,0.006268602862335696,0.0002667874914887927,0.1934646096461755
22747,0.1913923075394139,0.0007561707514061944,0.007851521709179913
22748,0.05937945113014191,0.059921496888221536,0.08069905198163654
22749,0.09557981379820765,0.0025076636018634994,0.10191252259992886
22750,0.1951662210478156,0.0003520200590073705,0.00448175889317703
22751,0.19083989250077016,0.0007037820245176292,0.008456325474712208
22752,0.17985452129192142,0.0011555880161983635,0.018989890691880208
22753,0.18390753037821567,0.0008588884563844303,0.01523358116539987
22754,0.059128651686263335,0.0033617588593389024,0.13750958945439776
22755,0.19308963011483754,0.0007070678813116758,0.006203302003850779
22756,0.01370899293450853,0.0036879980399084646,0.18260300902558302
22757,0.19212523164938644,0.0012117367449877288,0.006663031605625829
22758,0.11682275498471287,0.0015413477187473964,0.08163589729653974
22759,0.1664146281055582,0.0026419187675543075,0.030943453126887472
22760,0.19287623684745428,0.0008010830026611163,0.006322680149884602
22761,0.18981023942170033,0.007775595067188846,0.002414165511110798
22762,0.002900515231577698,0.0024651731766823833,0.19463431159173988
22763,0.16926057751564824,0.024200153550006955,0.006539268934344799
22764,0.1795713078191637,0.00426201894570463,0.016166673235131688
22765,0.1957005509248629,0.0007104676868470948,0.0035889813882899945
22766,0.14859277694128992,0.0028311691203753006,0.04857605393833479
22767,0.1960287632309919,0.0021488791243031917,0.0018223576447048968
22768,0.007920765032549472,0.0011492178171867383,0.1909300171502638
22769,0.1876136709852645,0.0011878370121200744,0.011198492002615449
22770,0.12985647212481,0.01916617608390846,0.05097735179128153
22771,0.19447097012376474,0.0006309189356655708,0.004898110940569698
22772,0.021227261390369824,0.0008771802375947763,0.17789555837203538
22773,0.19627044047171274,0.00025960122216608553,0.003469958306121178
22774,0.14658621346186476,0.0023829233670650657,0.051030863171070154
22775,0.09388089226236455,0.0032481363714246744,0.10287097136621078
22776,0.07011774160957836,0.004620360183212163,0.12526189820720948
22777,0.1467398081248683,0.002005721697454099,0.051254470177677605
22778,0.16152138099052585,0.002108343995268536,0.03637027501420563
22779,0.19629298841107118,0.0006590877165546465,0.003047923872374169
22780,0.028636552031873253,0.000815007819638869,0.17054844014848788
22781,0.10734180620709191,0.005935770027745642,0.08672242376516247
22782,0.08443660715056549,0.028016229268100674,0.08754716358133384
22783,0.16191281601655086,0.0036638604756123877,0.03442332350783674
22784,0.08834137543966272,0.004744612019454789,0.10691401254088251
22785,0.13102858854519236,0.0019689779549810172,0.06700243349982662
22786,0.1809235480299312,0.0015907793597608078,0.01748567261030796
22787,0.19595234198890005,0.0005996154198277361,0.0034480425912722214
22788,0.18035469760352524,0.0011058542403341147,0.018539448156140663
22789,0.18645347437705434,0.0006374465917535534,0.01290907903119214
22790,0.16300950062557165,0.0004884366240893053,0.036502062750339064
22791,0.18562197115821985,0.00023423138530942987,0.014143797456470718
22792,0.18663100458561901,0.005764568635225195,0.007604426779155765
22793,0.1885132800096687,0.00027893066525464156,0.011207789325076677
22794,0.023980157035139324,0.00036085450477538433,0.17565898846008526
22795,0.17785897518554628,0.0009438320808127134,0.021197192733641023
22796,0.10881493494725661,0.0013664125235675075,0.0898186525291759
22797,0.1969753700611136,0.000987577261496045,0.002037052677390386
22798,0.18656839166442177,0.0021670972922549587,0.01126451104332327
22799,0.0038478537113434573,0.0010265986065168908,0.19512554768213966
22800,0.116347512957734,0.003794269016135413,0.07985821802613056
22801,0.13813353038689705,0.0024714168271701056,0.059395052785932864
22802,0.19385243836826055,0.0007033447391330839,0.005444216892606369
22803,0.19131643034843313,0.0006207449155450183,0.00806282473602185
22804,0.19051094243369057,0.005147177617701189,0.004341879948608237
22805,0.021017086549564305,0.002586258129915472,0.17639665532052023
22806,0.1265791119166733,0.0028381808461606685,0.07058270723716606
22807,0.19138562295451195,0.004672036346050034,0.003942340699438008
22808,0.1612912457577518,0.000509313720158473,0.03819944052208969
22809,0.09851080765127351,0.004728270674976168,0.09676092167375032
22810,0.18940467893020713,0.0021531661372976413,0.008442154932495215
22811,0.19509703330041092,0.0006960060556732552,0.004206960643915835
22812,0.028643712788938014,0.0023384001513644366,0.16901788705969756
22813,0.18594565876831642,0.00655000319330637,0.00750433803837719
22814,0.18511725729038775,0.005319881657255953,0.009562861052356274
22815,0.040590799401276675,0.0006496362945729916,0.15875956430415034
22816,0.1721035706598663,0.004127499036875529,0.023768930303258103
22817,0.19573169805454024,0.0002482285339689543,0.004020073411490804
22818,0.19469008743218597,0.0004485256118675255,0.004861386955946531
22819,0.00040215651455588984,5.922039277709313e-05,0.19953862309266704
22820,0.1904984434553905,0.0013312209395868995,0.008170335605022646
22821,0.1969783172354565,0.00019646430397273116,0.00282521846057077
22822,0.08072113989227,0.0009076319496794218,0.1183712281580506
22823,0.14198495634144997,0.00044335142995226707,0.057571692228597746
22824,0.1978596227200237,0.00029067066941096506,0.0018497066105653641
22825,0.14377685507894825,0.004105666447932817,0.05211747847311894
22826,0.0006358187596570062,0.00046162263235704815,0.19890255860798595
22827,0.004281299768815807,0.0008384110856552052,0.19488028914552896
22828,0.07845814174751098,0.0006399153646096265,0.1209019428878794
22829,0.16829676611704442,0.0012442175939247706,0.03045901628903081
22830,0.19007498591524666,0.000429159495674722,0.009495854589078593
22831,0.19301549152727254,0.0027452489000777637,0.00423925957264967
22832,0.07708287937847462,0.0009577968055439277,0.12195932381598147
22833,0.18818444207717216,0.007361942896350592,0.00445361502647724
22834,0.027392707072161626,0.0023519460719048984,0.1702553468559335
22835,0.07025601313603083,0.010680944494080084,0.1190630423698891
22836,0.010829169975842327,0.0005937678824699957,0.1885770621416877
22837,0.025211863160093856,0.0007761030170572987,0.17401203382284886
22838,0.06902068386161773,0.0036810156673399547,0.1272983004710423
22839,0.19839724757065674,0.00015370201467055448,0.0014490504146727214
22840,0.016909918144885266,0.0015609401168038479,0.1815291417383109
22841,0.00033655321394720193,7.21701638627505e-05,0.19959127662219006
22842,0.17222445463242533,0.0008259254376572744,0.02694961992991741
22843,0.19616414567149704,0.0006988284575496675,0.0031370258709532708
22844,0.19460571531288995,0.00158530049480326,0.003808984192306792
22845,0.000614277025070983,0.00012994508718862065,0.1992557778877404
22846,0.19471297176854413,0.00045300903608368203,0.004834019195372173
22847,0.18882201673912452,0.0016894725018675558,0.009488510759007878
22848,0.08224241673958646,0.003937799255915838,0.1138197840044977
22849,0.13678127307231672,0.0043448540085050434,0.05887387291917823
22850,0.14709580675128356,0.013140801644825145,0.03976339160389128
22851,0.13860978923517128,0.004631347179997522,0.0567588635848312
22852,0.1442858372119637,0.01804882182676991,0.03766534096126641
22853,0.09796233253867999,0.005257626150570721,0.09678004131074927
22854,0.19233768184000377,0.00030302122462532214,0.0073592969353708845
22855,0.19562199402126873,0.0016877997954685866,0.002690206183262685
22856,0.18594414067783605,0.0007435856281521378,0.013312273694011825
22857,0.1966356411897826,0.0011470026502802626,0.0022173561599371215
22858,0.191106848568534,0.0058661491220184225,0.003027002309447584
22859,0.09101814183312085,0.09106443794617161,0.017917420220707556
22860,0.009360988727495023,0.0016990520043074157,0.18893995926819757
22861,0.17232452359382527,0.0012867269006442683,0.026388749505530457
22862,0.19614566618841867,0.0019124555897413332,0.001941878221840011
22863,0.19177443739427824,0.002849835959506318,0.005375726646215438
22864,0.007464808497189525,0.005723917253464296,0.18681127424934615
22865,0.01435029023905473,0.0010589013034575595,0.1845908084574877
22866,0.004506657739159712,0.0003574072712528759,0.19513593498958742
22867,0.0039708853155289835,0.00014941103717239047,0.19587970364729862
22868,0.18789695680893667,0.00099171841859741,0.011111324772465887
22869,0.18898803725435245,0.0044739865200325345,0.006537976225614997
22870,0.17242847906403616,0.0022211791866329662,0.02535034174933088
22871,0.18637849531091377,0.00164895120092135,0.011972553488164863
22872,0.19050942171298513,0.0008977045152174163,0.008592873771797419
22873,0.10148479866430629,0.0022504011124212867,0.09626480022327241
22874,0.18644306061463126,0.0013300064324730876,0.01222693295289565
22875,0.05593723560382334,0.0015921163920375344,0.14247064800413914
22876,0.1947226129596001,0.0005313804563956329,0.004746006584004271
22877,0.1327698004241264,0.007642049489337615,0.05958815008653599
22878,0.0399304343316041,0.0012145732543290765,0.15885499241406684
22879,0.16530511249624943,0.03242778129096301,0.002267106212787515
22880,0.057712620152731695,0.017371604590151666,0.12491577525711664
22881,0.1937786290009929,0.0007531697081218948,0.005468201290885212
22882,0.19535231700960598,0.00024727168170199897,0.004400411308692035
22883,0.19451870683421654,0.0008618344700180039,0.0046194586957654235
22884,0.19788486701363023,0.00042212379852775585,0.0016930091878420398
22885,0.015175753215152882,0.003205365907276242,0.1816188808775709
22886,0.16444095079348767,0.008341826367713946,0.027217222838798384
22887,0.16369229038680508,0.0019487031268839612,0.03435900648631094
22888,0.1873433766570303,0.0022018549573227324,0.01045476838564698
22889,0.188069338744173,0.0030531776534690478,0.008877483602357942
22890,0.1433253628828451,0.0033776773473793305,0.05329695976977561
22891,0.17936941299002288,0.00018280297488649068,0.020447784035090646
22892,0.19689081281425733,0.00035592589272463645,0.002753261293018051
22893,0.14065359361951396,0.0036278277188130205,0.055718578661673034
22894,0.1845291955696457,0.01207283724672279,0.003397967183631503
22895,0.1975542775856841,0.00016601230253482198,0.0022797101117810604
22896,0.1831145909630835,0.009891818939558424,0.00699359009735809
22897,0.19344845682670678,0.0005153600620517273,0.006036183111241494
22898,0.167518026933725,0.0072388279233618165,0.025243145142913165
22899,0.19403650972536754,0.0016141336580504987,0.004349356616581933
22900,0.07281692051141533,0.0016529384500582373,0.12553014103852642
22901,0.19450488416005618,0.0030082793113212804,0.0024868365286225096
22902,0.17481034456080655,0.0007735394001754908,0.024416116039017964
22903,0.023135136502413955,0.00027646508493118767,0.17658839841265486
22904,0.12276396043420848,0.053311262423652236,0.023924777142139326
22905,0.18978524011872888,0.0015630047434913106,0.00865175513777984
22906,0.1939427670420605,0.000627442546344447,0.005429790411595037
22907,0.18105474206633346,0.0032910745953769922,0.015654183338289558
22908,0.09776729288673078,0.0029501072470022797,0.09928259986626693
22909,0.12955605902857975,0.00025175586522012037,0.0701921851062001
22910,0.14208949274714555,0.003973096391212215,0.053937410861642235
22911,0.19894181318851953,6.240433743933839e-05,0.0009957824740411028
22912,0.19360142868237248,0.0004613268869364101,0.0059372444306910795
22913,0.14070511484249196,0.00028096262068797037,0.0590139225368201
22914,0.0046120339295055626,0.00031898901540447136,0.19506897705509
22915,0.1872812874462943,0.005989026306593058,0.006729686247112611
22916,0.007378397563625527,0.0004302374550315691,0.1921913649813429
22917,0.1932871378182,0.0009226615362667564,0.005790200645533264
22918,0.19759613646577776,0.00015108892059742762,0.0022527746136248084
22919,0.19715056547759782,0.0004153683292116497,0.002434066193190525
22920,0.11328380569999745,0.0009060594464106221,0.08581013485359192
22921,0.0009589813121913187,0.00020972841183783245,0.19883129027597085
22922,0.015569045617408883,0.001411280558473912,0.18301967382411718
22923,0.03480638714109473,0.021464146128568447,0.14372946673033682
22924,0.10839830659547986,0.00192323602118688,0.08967845738333326
22925,0.11951160091493411,0.0036838689358174815,0.07680453014924839
22926,0.020249195923360518,0.0009327363347005808,0.17881806774193892
22927,0.1617536603091861,0.0029761428071860513,0.035270196883627855
22928,0.08462631889835416,0.0024064432357411387,0.11296723786590472
22929,0.13746483245451957,0.00038131281851259746,0.06215385472696785
22930,0.13467918213500174,0.0021950954537727995,0.06312572241122545
22931,0.15465621814879937,0.0013022627571459301,0.04404151909405471
22932,0.10708918835704173,0.0004345854842677849,0.09247622615869046
22933,0.12527903210106744,0.0013196732183989896,0.07340129468053358
22934,0.18284635706563493,0.0005860623126853101,0.016567580621679765
22935,0.19784294861606017,0.0011695096736360371,0.0009875417103038097
22936,0.1981682262650543,0.0006494808636608754,0.0011822928712848517
22937,0.17711618869834383,0.005048842214716439,0.0178349690869397
22938,0.17647898679276697,0.001168656223501766,0.02235235698373126
22939,0.19630689917058722,0.0005685834378704772,0.0031245173915423067
22940,0.0054681263434556175,0.0017036142285047067,0.1928282594280397
22941,0.11699918445175175,0.002145348270634267,0.08085546727761397
22942,0.005938974734395976,0.0010588102725527522,0.19300221499305129
22943,0.06234781156149923,0.0005329663912474571,0.1371192220472533
22944,0.19357076408321539,0.0036939865535441894,0.0027352493632404177
22945,0.19627440883548317,0.000215902104901952,0.0035096890596148776
22946,0.19038766829379355,0.0005991535639305316,0.009013178142275887
22947,0.1565455170776342,0.0035745888336007675,0.03987989408876506
22948,0.1787916899158632,0.011449473251729785,0.009758836832407037
22949,0.016369951801295007,0.0038797735309038022,0.1797502746678012
22950,0.1787107823783245,0.01637798166939634,0.004911235952279186
22951,0.19437229642491122,0.002096494259852121,0.0035312093152366523
22952,0.13826900020123606,0.0010623122405669372,0.06066868755819701
22953,0.19289126051746008,0.000555532413449505,0.006553207069090408
22954,0.01727398266676869,0.0044528424936406625,0.17827317483959065
22955,0.19097563927358516,0.0007260908711285257,0.008298269855286328
22956,0.0010411494098362187,0.0008795372077090236,0.19807931338245477
22957,0.19806073704306829,6.151875068750371e-05,0.0018777442062442643
22958,0.03441654329262252,0.00022886319431865946,0.16535459351305884
22959,0.1861521918949644,0.0010716153659770064,0.012776192739058553
22960,0.19601794162529151,0.00017397506249597052,0.003808083312212505
22961,0.19492362069212746,0.0002390519848534675,0.0048373273230190835
22962,0.00552061294761231,0.002052326572750017,0.1924270604796377
22963,0.0774286312533898,0.10098013819813992,0.021591230548470272
22964,0.19391434652929648,0.0004130105715901178,0.005672642899113426
22965,0.012796957842689657,0.15401266815962625,0.0331903739976841
22966,0.0012839816969401458,0.0009219029759373805,0.1977941153271225
22967,0.15598189815056385,0.002849088827283822,0.04116901302215234
22968,0.19216403490650852,0.0006375977868497693,0.007198367306641672
22969,0.07019776936229111,0.03866906746361966,0.09113316317408923
22970,0.1947520362199548,0.0005177588410429795,0.004730204939002195
22971,0.1903711127465242,0.0015844674676240191,0.008044419785851771
22972,0.09585012067823376,0.0006341285843866859,0.10351575073737955
22973,0.17154911740331308,0.00401872523190268,0.024432157364784247
22974,0.12181393651658452,0.00028100739402507494,0.0779050560893904
22975,0.17682056357503215,0.002109660668992711,0.021069775755975125
22976,0.1951550336538802,0.0009645436419976319,0.0038804227041221674
22977,0.043937561558989494,0.0019722070443943954,0.1540902313966161
22978,0.18712409015808845,0.0006363611383572431,0.012239548703554298
22979,0.10526905330256016,0.0006883839706054498,0.09404256272683438
22980,0.18132501001302553,0.0007913451151444357,0.017883644871830022
22981,0.16256944348814656,0.0012515800603768476,0.03617897645147663
22982,0.18642298870994176,0.0035951168533240687,0.009981894436734178
22983,0.19448344821904043,0.001034928013568997,0.004481623767390568
22984,0.06237687919158854,0.0024717362844665428,0.13515138452394493
22985,0.18948380368980358,0.006223688359594911,0.004292507950601511
22986,0.03658057023586718,0.019511748557597023,0.1439076812065358
22987,0.1843510061639268,0.0020853069875988485,0.013563686848474393
22988,0.14028199930267812,0.004553347806597932,0.055164652890723934
22989,0.0018329937132254154,0.00030854371051372293,0.19785846257626089
22990,0.18465819588786153,0.0006721646407802213,0.014669639471358234
22991,0.19752517644748874,0.00035590142657380204,0.002118922125937444
22992,0.07307490141867991,0.0019504245244561745,0.12497467405686394
22993,0.1796138734206146,0.0041691278619458245,0.016216998717439552
22994,0.15741952203061146,0.004306146210597132,0.038274331758791406
22995,0.1897560767815725,0.00047166572520427675,0.009772257493223222
22996,0.03500765457131124,0.0018774380444381562,0.16311490738425058
22997,0.1406167549448903,0.0006273531296836757,0.05875589192542603
22998,0.18875055152397874,0.003264195299692369,0.007985253176328908
22999,0.11819914792036339,0.022435422638819272,0.05936542944081733
23000,0.0045388936147863455,0.00022317832614908448,0.19523792805906454
23001,0.0032462699791248736,0.00012910744188576598,0.19662462257898933
23002,0.0015015408336652423,0.00017700876938734342,0.1983214503969474
23003,0.0050722959143383985,0.008162354004394079,0.18676535008126752
23004,0.19558003109376373,7.632754638166176e-05,0.004343641359854575
23005,0.19559227125099185,0.00029736385957781445,0.004110364889430311
23006,0.011566749930881064,0.0014291857909493845,0.18700406427816954
23007,0.18534505191717227,0.003274904294800665,0.011380043788027061
23008,0.020780907637519407,0.003755772884108765,0.17546331947837182
23009,0.1291241702898504,0.040772317365773435,0.030103512344376145
23010,0.17357853322654307,0.0019236904536025956,0.024497776319854312
23011,0.0852831864284451,0.0030569377679724205,0.1116598758035825
23012,0.17976791564366407,0.007933691667859843,0.012298392688476087
23013,0.16952331617405403,0.00046312917121537456,0.030013554654730618
23014,0.08934241752048103,0.006704154753634371,0.10395342772588459
23015,0.1823390467948397,0.0012299941445077834,0.016430959060652544
23016,0.18932008498096745,0.0011250431278006523,0.009554871891231899
23017,0.19299371244838076,0.0005319165671527591,0.00647437098446649
23018,0.19493842765973876,0.0004148173414795349,0.0046467549987816836
23019,0.19837213673583093,0.0004070454230078193,0.0012208178411612879
23020,0.0739283406884189,0.0019288993015762733,0.12414276001000482
23021,0.18655958442100531,0.0027331199363502773,0.010707295642644407
23022,0.17326558096402686,0.009490291041624892,0.017244127994348254
23023,0.18957606074598926,0.0004196865109699102,0.010004252743040792
23024,0.03604919928795485,0.000554685165306919,0.16339611554673822
23025,0.12628828784379292,0.00302079944408402,0.07069091271212309
23026,0.1927484071693108,0.002393744269955153,0.004857848560734094
23027,0.19161755380248877,0.0005320476136379529,0.00785039858387329
23028,0.1928959607973451,0.0007250356454583269,0.00637900355719658
23029,0.18395513882871556,0.0002548258919722798,0.015790035279312147
23030,0.18690747257942242,0.0034376901709798325,0.009654837249597722
23031,0.19036637483629354,0.0004947008002682428,0.009138924363438172
23032,0.0007553390537234312,5.568371776376169e-05,0.1991889772285128
23033,0.1361599127290321,0.027363592984311857,0.03647649428665604
23034,0.009925219300953907,0.0007767505130758779,0.18929803018597022
23035,0.1542292249181067,0.021060565004611335,0.024710210077282
23036,0.023622464437428346,0.0035079386459222926,0.17286959691664935
23037,0.0841839384209359,0.004314015192448077,0.11150204638661601
23038,0.19547127593429134,0.0015977941652336048,0.0029309299004750744
23039,0.1818596914780307,0.0002895947462568721,0.017850713775712432
23040,0.04815447126184254,0.007987717824926735,0.14385781091323074
23041,0.08577722276619029,0.00040143555917099207,0.11382134167463873
23042,0.06109649032899646,0.0016128737372351938,0.13729063593376836
23043,0.01282802600540621,0.02590157490142429,0.16127039909316948
23044,0.020722070199373617,0.0002128244114485442,0.17906510538917783
23045,0.17569868787179138,0.001070489764355017,0.023230822363853564
23046,0.19015653629748822,0.003100420119201235,0.006743043583310564
23047,0.18836820815993033,0.0006635227019014229,0.010968269138168257
23048,0.14092163431329277,0.0039912954021463064,0.055087070284560925
23049,0.1613091587883601,0.003202442069023118,0.035488399142616756
23050,0.11131706110282699,0.004324083701180547,0.08435885519599245
23051,0.18540472587666817,0.00026446018785054295,0.01433081393548125
23052,0.16696197066139626,0.00890885332045691,0.0241291760181468
23053,0.13094342283715038,0.061991948085469616,0.007064629077380003
23054,0.18171350924847407,0.0037115785369957735,0.014574912214530139
23055,0.17978876615239367,0.00020374662676905762,0.02000748722083725
23056,0.006845474336011631,0.0004750037750068935,0.19267952188898146
23057,0.001752789053110475,0.0002098879823373932,0.19803732296455215
23058,0.1844523361905224,0.0006543695476481254,0.014893294261829487
23059,0.17801875889730556,0.016253672457189942,0.0057275686455044526
23060,0.06881132020895409,0.0004905814208621977,0.13069809837018373
23061,0.19539366934015753,0.0012074133674571427,0.0033989172923853486
23062,0.18520074503319064,0.0028733680682725177,0.011925886898536839
23063,0.1613966357468911,0.00803767780844643,0.0305656864446625
23064,0.0026217649028060517,0.000231864387591009,0.19714637070960295
23065,0.19183396027693594,0.00046516607029985425,0.007700873652764212
23066,0.0054331502097489165,0.0007880419978285504,0.19377880779242257
23067,0.19606114549385295,0.0004954230108679405,0.0034434314952790828
23068,0.07384771006795414,0.0028628285159256247,0.12328946141612022
23069,0.1801209792924545,0.0029217933408202572,0.016957227366725246
23070,0.006220992862217952,0.00046438171552424764,0.1933146254222578
23071,0.13173378103054761,0.0053238540158918905,0.06294236495356048
23072,0.19788629474566363,0.00038290221663505794,0.0017308030377013038
23073,0.18942360701575012,0.0010766515377279731,0.009499741446521926
23074,0.1642275213482916,0.000740516650672972,0.03503196200103542
23075,0.09537951273440065,0.009691865488235949,0.09492862177736341
23076,0.17591041677457592,0.0101461565043206,0.013943426721103495
23077,0.10113150253196834,0.006050593878418058,0.0928179035896136
23078,0.18527653007389341,0.001577195214567978,0.013146274711538581
23079,0.07855113348139962,0.0013543030338039619,0.12009456348479638
23080,0.15623015387368538,0.03077724158929442,0.012992604537020214
23081,0.1894007293130318,0.004509477432019204,0.006089793254948963
23082,0.01421346479900989,0.014671284380559169,0.17111525082043094
23083,0.12546122399420354,0.0010720272399348453,0.07346674876586161
23084,0.19286889810847913,0.0006098405181333071,0.00652126137338753
23085,0.18941283234052314,0.00611400644629999,0.004473161213176863
23086,0.19327536668154094,0.0006989412514193445,0.006025692067039739
23087,0.14937037969836645,0.0035409569154322834,0.04708866338620128
23088,0.19514097225465657,0.0004179199564383145,0.004441107788905129
23089,0.17645307097619217,0.00024646203363174444,0.023300466990176048
23090,0.12184493354734523,0.01999226422330379,0.05816280222935101
23091,0.001207736862539021,0.00023456547543036554,0.1985576976620306
23092,0.1911932025689021,0.0007459863070516566,0.008060811124046269
23093,0.1862502508549323,0.003580605440932259,0.010169143704135441
23094,0.18988234191870834,0.0008250977304100013,0.009292560350881664
23095,0.19236781879482173,0.004726394696962616,0.0029057865082156584
23096,0.19838372527463008,0.00027557866739703126,0.0013406960579729062
23097,0.1963100564199495,0.0001921837386250319,0.0034977598414254844
23098,0.045288435140406744,0.00022125599879597185,0.15449030886079732
23099,0.1937404665527923,0.0007512031037493381,0.005508330343458348
23100,0.17162806521017332,0.0012179356839655132,0.027153999105861203
23101,0.0007268521296839434,0.00017390609504755304,0.19909924177526853
23102,0.03365541940265054,0.0029052162807082418,0.16343936431664122
23103,0.19400835319286786,0.001049626614481845,0.004942020192650277
23104,0.16120145518596557,0.010944473352043566,0.02785407146199085
23105,0.18804481514160915,0.0017642172297056252,0.010190967628685214
23106,0.17173526811291503,0.003320256802879946,0.02494447508420498
23107,0.1979751774551015,0.000588564535475538,0.0014362580094229847
23108,0.1697124338263811,0.02001208281100161,0.01027548336261732
23109,0.0658438763395168,0.0027990680284440145,0.1313570556320392
23110,0.16454959976731748,0.014113093149744429,0.021337307082938076
23111,0.13712941258877956,0.0029201169247274395,0.05995047048649301
23112,0.1956161642197481,0.0002146828248630096,0.004169152955388902
23113,0.18500242580980936,0.00018763618476186954,0.014809938005428774
23114,0.1590235620238623,0.0018067511118793251,0.03916968686425841
23115,0.06254932941543248,0.008143619966143132,0.12930705061842437
23116,0.010836932014715665,0.010726672087572985,0.17843639589771135
23117,0.1144587725949342,0.0009239177955089253,0.0846173096095569
23118,0.16853662863484656,0.0006431771851127286,0.03082019418004071
23119,0.1661023322336857,0.006069358171110976,0.027828309595203347
23120,0.19293896828687068,0.0001851599982292393,0.006875871714900084
23121,0.0008692571056824405,0.00031108928427597414,0.19881965361004156
23122,0.19667093643801828,0.00017402418203866474,0.003155039379943064
23123,0.06505462130471823,0.0025702684684627748,0.13237511022681897
23124,0.07062719333806544,0.001597755626370577,0.127775051035564
23125,0.014052564188779213,0.0022714083906048136,0.18367602742061598
23126,0.17724819249981855,0.0026018578469408304,0.020149949653240632
23127,0.19306807871373727,0.0009408750401656212,0.005991046246097105
23128,0.023252348315435416,0.0010672826265796021,0.17568036905798495
23129,0.047381149598167645,0.0018602131275163429,0.150758637274316
23130,0.1767615146649782,0.0015589673076848818,0.021679518027336947
23131,0.16246984349501098,0.0018634072905628844,0.03566674921442613
23132,0.0008217107385401256,0.00016227287301385853,0.199016016388446
23133,0.01408551662686126,0.029408378833861836,0.1565061045392769
23134,0.030458989963321543,0.00017636020972682746,0.16936464982695165
23135,0.14525142085140258,0.0005179692908426317,0.054230609857754776
23136,0.1915652028654325,0.0006892139268843924,0.00774558320768313
23137,0.12970834218935967,0.000745264627070164,0.06954639318357018
23138,0.1849787682094092,0.00222472237351214,0.012796509417078678
23139,0.11743699108353875,0.0022587896626566255,0.08030421925380464
23140,0.19588948161196887,0.0004357810937046133,0.003674737294326507
23141,0.191668868139995,0.0002720113777331112,0.008059120482271896
23142,0.19332449945838526,0.0015356228932157548,0.005139877648399004
23143,0.010370365072089362,0.0030248939404899713,0.1866047409874207
23144,0.026576970852518013,0.004084359515815516,0.16933866963166647
23145,0.19831518975608436,0.00024361205262962192,0.0014411981912859895
23146,0.0691672635086733,0.004750898540488196,0.12608183795083852
23147,0.19470692799838726,0.0011838975929027544,0.004109174408709955
23148,0.19600218734209413,0.0020213728237626753,0.0019764398341432
23149,0.12429343332577347,0.003281564451025941,0.0724250022232006
23150,0.1711583699715119,0.0011711413393046513,0.02767048868918347
23151,0.19634461935147535,0.0012914991947242168,0.002363881453800444
23152,0.14583292297091838,0.0033929171652045953,0.05077415986387705
23153,0.022847941566609138,0.015870711840754274,0.16128134659263657
23154,0.18113205075490083,0.0007275436219575054,0.01814040562314169
23155,0.1938842293419411,0.00035080728149914064,0.00576496337655975
23156,0.14930412022364203,0.0029784461416410735,0.0477174336347169
23157,0.17662897156484433,0.0010215682101466143,0.02234946022500905
23158,0.1877964454554651,0.00036470358655893767,0.011838850957975943
23159,0.15822348717359114,0.015309184971218238,0.026467327855190646
23160,0.16208194315941607,0.02567134176025381,0.012246715080330126
23161,0.18480557289445182,0.0012277898999056322,0.013966637205642535
23162,0.15714158675512052,0.0024721483904861464,0.04038626485439335
23163,0.18736911534099226,0.001452077410621705,0.011178807248385974
23164,0.1902660495677671,0.002231147987967463,0.007502802444265403
23165,0.10137160151568314,0.0020583777988747013,0.09657002068544218
23166,0.1964027671222833,0.0002791377253715292,0.003318095152345181
23167,0.19386605673140686,0.00041078470714847127,0.005723158561444666
23168,0.14566907579119423,0.03193648776868869,0.022394436440117082
23169,0.17501118485490225,0.006491608893063182,0.018497206252034524
23170,0.16897149626791233,0.0008391579150481568,0.03018934581703952
23171,0.00894157579581074,0.0013624891211128534,0.18969593508307642
23172,0.18426841701764768,0.005141503577388095,0.010590079404964243
23173,0.19866449308492445,0.00039544236916016937,0.0009400645459153609
23174,0.1552864873567454,0.0015924297567276855,0.0431210828865269
23175,0.15943630753005855,0.00586970648594608,0.034693985983995354
23176,0.17818110126189243,0.0007200831854556323,0.021098815552651966
23177,0.16063229280702623,0.006426963725991258,0.03294074346698251
23178,0.19719285703426687,0.001314232193423024,0.001492910772310138
23179,0.18366330556637878,0.00895241562219823,0.0073842788114230114
23180,0.026436792107737334,0.021847058320446627,0.15171614957181606
23181,0.06634348065178151,0.004427624696729745,0.12922889465148873
23182,0.1972625033969328,0.0002977849190084556,0.0024397116840587773
23183,0.1966811532908736,0.00032647938494275857,0.0029923673241836458
23184,0.004932650195726943,0.0005192481044853645,0.1945481016997877
23185,0.1947123575209943,0.0015757914101626803,0.003711851068842975
23186,0.00482380371139217,0.00027309307620200534,0.19490310321240584
23187,0.10666811332123143,0.003031025305158701,0.09030086137360986
23188,0.18884992779677529,0.0013377330565751285,0.009812339146649566
23189,0.1416705153277454,0.0062716853707321845,0.05205779930152239
23190,0.004982645831038593,0.0003162737279045289,0.19470108044105688
23191,0.18771815117469323,0.0010071707441416393,0.011274678081165144
23192,0.19783507380794277,0.0001857797907644395,0.001979146401292782
23193,0.1608921237505131,0.005735458357020463,0.03337241789246647
23194,0.1827889060791979,0.0005260781895423988,0.01668501573125974
23195,0.1965688360707492,0.00043714121695161075,0.002994022712299171
23196,0.17716978886317675,0.006821190823006905,0.01600902031381635
23197,0.03844506005538298,0.00025509014077607084,0.16129984980384096
23198,0.09244941241299685,0.01726132729307019,0.09028926029393294
23199,0.1767115246229273,0.0010287484325910258,0.022259726944481664
23200,0.03195669629917751,0.03713345447215094,0.13090984922867158
23201,0.024675463253464158,0.0028581063670618974,0.17246643037947393
23202,0.050802870562106486,0.0015712886309584989,0.14762584080693503
23203,0.1598190009727361,0.0029732125519675136,0.037207786475296406
23204,0.1932711725501478,0.00018216290942993013,0.006546664540422263
23205,0.17646083172368823,0.0009001899222082577,0.02263897835410353
23206,0.14932762506682867,0.0021126270129595854,0.04855974792021177
23207,0.19291762861421413,0.005207782954622821,0.0018745884311630327
23208,0.17252823011840032,0.004827087925108878,0.022644681956490824
23209,0.030623000371211205,0.002389262094896327,0.16698773753389246
23210,0.17318841491296225,0.003707738797711234,0.02310384628932652
23211,0.1829740251663146,0.008868519305768267,0.00815745552791712
23212,0.19266916050613392,0.000395991303143104,0.006934848190722984
23213,0.019739324401701334,0.0020794405716737185,0.17818123502662495
23214,0.0018532027010758755,0.000504870175765327,0.19764192712315878
23215,0.19492786556950853,0.0008623885517974958,0.004209745878693963
23216,0.1947992997360641,0.0007766549108550415,0.004424045353080823
23217,0.19554805067975306,0.0016624675662919451,0.0027894817539549904
23218,0.19505168623226782,0.0005770310813439407,0.00437128268638824
23219,0.08480718468985868,0.0012943750462599676,0.11389844026388136
23220,0.19749761822824316,0.00016901276870067835,0.002333369003056154
23221,0.19721623193765708,0.0010020592475529066,0.0017817088147900118
23222,0.01775279295830367,0.0005750639850432839,0.18167214305665305
23223,0.18543435644330364,0.0006753283158997491,0.013890315240796619
23224,0.12039932537792064,0.028450158381645923,0.05115051624043343
23225,0.18811166977704813,0.000643367477827481,0.011244962745124385
23226,0.17702450534306596,0.003394366415045215,0.01958112824188886
23227,0.1962327276351134,0.0005697393276645854,0.0031975330372220182
23228,0.1850460469279321,0.0014027319922832585,0.013551221079784606
23229,0.0762315078633591,0.001912386723027917,0.12185610541361298
23230,0.1531783582754569,0.00031734435437271986,0.04650429737017038
23231,0.14611507051936595,0.001093600113605452,0.05279132936702857
23232,0.18134601195025243,0.0012428187763010455,0.01741116927344654
23233,0.18626720128611238,0.0036405815496075,0.010092217164280107
23234,0.1926271031861048,0.0010731407739175238,0.0062997560399777
23235,0.0013279928562023383,0.0026498245575510286,0.19602218258624665
23236,0.18032221425797704,0.0005619173412432283,0.01911586840077974
23237,0.1613420064973203,0.0010552425852674132,0.03760275091741226
23238,0.1463120712508872,0.003722643279941549,0.04996528546917127
23239,0.1878897728624122,0.009056035727309505,0.003054191410278284
23240,0.19282603214851798,0.001307470311702638,0.00586649753977936
23241,0.19662867728911337,0.00020758141699903917,0.0031637412938876003
23242,0.19578443584149616,0.00033617322462355185,0.0038793909338802695
23243,0.16510312329068358,0.0007471742716511888,0.03414970243766523
23244,0.1273492287108121,0.004619449443869164,0.06803132184531872
23245,0.1868555374952146,0.00026446992537261147,0.012879992579412778
23246,0.19374201637976357,0.001188722655009055,0.005069260965227368
23247,0.10137111395782117,0.011073518283740865,0.08755536775843796
23248,0.19452213382263028,0.0008246730045900765,0.004653193172779624
23249,0.19365203763137095,0.00027584264009020327,0.0060721197285388395
23250,0.19160651829941816,0.0017310164774197632,0.006662465223162067
23251,0.08532003634897166,0.0009484088910631675,0.11373155475996517
23252,0.19760684382292062,0.0006790089796359717,0.0017141471974434028
23253,0.170024773110518,0.0066363723010835676,0.023338854588398426
23254,0.05353488699128987,0.03343885971460952,0.11302625329410061
23255,0.07855755256968211,0.0029598445943449523,0.11848260283597294
23256,0.18546990533781935,0.001576780617295629,0.012953314044885
23257,0.12580025581534154,0.0007499156113311014,0.07344982857332737
23258,0.1492507644841508,0.0012292847921600114,0.049519950723689164
23259,0.1945854465578178,0.0014537619894702991,0.003960791452711888
23260,0.1909615259672837,0.00021113551692956777,0.008827338515786768
23261,0.18680348084241769,0.00153011885101683,0.01166640030656547
23262,0.008687889739602274,0.00017135255706350776,0.19114075770333422
23263,0.01496132594472036,0.004991135705719941,0.1800475383495597
23264,0.18989159810173528,0.0009931411253693843,0.009115260772895359
23265,0.1475584940086498,0.0022986602849031502,0.05014284570644706
23266,0.08191251377259805,0.0007287158620651211,0.11735877036533682
23267,0.005165782135291631,0.0009476049500117863,0.19388661291469658
23268,0.1361677672360733,0.0001396439523581337,0.06369258881156858
23269,0.03338674485357505,0.0037247938567720727,0.16288846128965287
23270,0.09299298477823814,0.02517405794307902,0.08183295727868287
23271,0.18831613033303313,0.005613339000125507,0.006070530666841318
23272,0.13504714626491873,0.0020713916701643772,0.06288146206491689
23273,0.11941998902327204,0.0024184479777104523,0.07816156299901748
23274,0.09506694473480391,0.011970971596765708,0.09296208366843037
23275,0.1290617901524754,0.006087870821649711,0.06485033902587485
23276,0.19253896011894808,0.000734419886655894,0.00672661999439603
23277,0.17305496945032664,0.0011511016254113866,0.025793928924261973
23278,0.03864533841580707,0.004118546465924276,0.15723611511826865
23279,0.1454602653780558,0.0013275317443268977,0.05321220287761731
23280,0.17778158423687204,0.0018967524060731762,0.020321663357054792
23281,0.1850790886378437,0.009850326021970283,0.005070585340186019
23282,0.17187522294989022,0.001519241926456116,0.0266055351236537
23283,0.1950200672794452,0.0008327308642021936,0.004147201856352607
23284,0.17371256187530965,0.001234989617889685,0.025052448506800645
23285,0.11291181007448037,0.005702993887173333,0.0813851960383463
23286,0.0012795760467291576,0.0002988978484982384,0.1984215261047726
23287,0.002457026499416274,0.00012056382623085995,0.19742240967435284
23288,0.16428848289473702,0.0023849162297971474,0.0333266008754658
23289,0.11406093814226359,0.0033613631411078793,0.08257769871662855
23290,0.06313373806632704,0.0037203792989969698,0.133145882634676
23291,0.0041903788782889015,0.00032885376152182795,0.19548076736018927
23292,0.010049259479412802,0.002110645519107967,0.18784009500147922
23293,0.1971898174485442,0.0009770073643730567,0.0018331751870827508
23294,0.19363604974422505,0.00042058688789409985,0.00594336336788087
23295,0.049756385906630576,0.0018091579243182652,0.14843445616905115
23296,0.19670181315227223,0.000438545819790086,0.0028596410279377
23297,0.00033724868745476364,9.138832399870635e-05,0.19957136298854655
23298,0.19391718745954487,0.00022723236533870087,0.005855580175116436
23299,0.18000853901238348,0.001724357057267432,0.0182671039303491
23300,0.19208993224633558,0.001980873155308738,0.0059291945983556815
23301,0.19037854806146842,0.0008632944350789613,0.008758157503452638
23302,0.1943302124220751,0.0006087240912840878,0.005061063486640806
23303,0.18918667206192402,0.0033353726845107854,0.007477955253565223
23304,0.028077569882875204,0.0030546595236979985,0.1688677705934268
23305,0.17343522834100664,0.0031651275254860555,0.023399644133507317
23306,0.057878272891086005,0.003839076158834773,0.13828265095007922
23307,0.1967510321985259,0.0008907744443003658,0.0023581933571737083
23308,0.01473128863076111,0.00477803895825003,0.18049067241098887
23309,0.020388899612707574,0.0005028703405195526,0.17910823004677287
23310,0.1915503709655938,0.0006900220691182681,0.007759606965287949
23311,0.09317652251272565,0.03743979963729159,0.06938367784998277
23312,0.05912817097949443,0.0005771277827548495,0.14029470123775073
23313,0.015398410117768893,0.00018992749496827334,0.18441166238726286
23314,0.19435293670523382,0.0002052064516823366,0.005441856843083834
23315,0.195007601144413,0.0012733092765151756,0.003719089579071814
23316,0.07578080592768902,0.016772800259436275,0.10744639381287471
23317,0.19203378730417472,0.00079676001356866,0.007169452682256591
23318,0.17777393938751443,0.001001778512391488,0.021224282100094118
23319,0.0756548699847405,0.004710777329302782,0.11963435268595671
23320,0.19290675966282952,0.0011144486247705507,0.005978791712399898
23321,0.18489616965638403,0.0021888215160735395,0.01291500882754246
23322,0.1865279984383223,0.004583182376201209,0.008888819185476484
23323,0.1786981468044456,0.008031230545802293,0.013270622649752086
23324,0.1620104848590714,0.0036482125702733876,0.034341302570655215
23325,0.1612576826167032,0.002154028398927181,0.0365882889843696
23326,0.012521623733605764,0.00203038427294143,0.1854479919934528
23327,0.13071137049471054,0.000924179643496865,0.0683644498617926
23328,0.18420195160536224,0.008873216783237983,0.006924831611399794
23329,0.020761447471103183,0.0008135395846636941,0.17842501294423313
23330,0.1979585405640851,0.00047360488200398474,0.001567854553910905
23331,0.13427793610054245,0.001009549323129764,0.0647125145763278
23332,0.07101729285148542,0.05252388830327713,0.07645881884523746
23333,0.19109354796352251,0.000736152884442415,0.008170299152035095
23334,0.005222150030129309,0.0018223144842244043,0.1929555354856463
23335,0.05847173404850148,0.0005056710085106208,0.1410225949429879
23336,0.17146664025871508,0.009652087181797976,0.018881272559486968
23337,0.18123722124142566,0.0021137691949140646,0.01664900956366029
23338,0.16636997003283577,0.0020207504874604843,0.03160927947970375
23339,0.19514225442949637,0.0028741644414004607,0.0019835811291031556
23340,0.18111578342543808,0.0016974447559485208,0.017186771818613434
23341,0.030667070807464624,0.03903402724910871,0.13029890194342666
23342,0.19566977180339662,0.00020539975442903892,0.004124828442174367
23343,0.0022010517246497507,0.00034164367686778706,0.19745730459848246
23344,0.17679353981985957,0.00043353411166209945,0.022772926068478343
23345,0.19738520146346508,0.00044432540906897344,0.0021704731274659475
23346,0.19628594930486215,0.0018196277179040477,0.0018944229772337793
23347,0.19665404679641102,0.00020221427639353424,0.0031437389271954516
23348,0.1950345748977384,0.0009023934224103924,0.004063031679851243
23349,0.16145772902546787,0.00219935484814804,0.036342916126384066
23350,0.18575835432893723,0.0033104252221425705,0.010931220448920191
23351,0.19054691539041285,0.0005931743152373296,0.008859910294349824
23352,0.19112723652306324,0.00036914742501638977,0.008503616051920359
23353,0.19371861543978852,0.004084006576577969,0.002197377983633511
23354,0.19218153881559516,0.004164712596629485,0.003653748587775372
23355,0.0033584432425462925,0.00027475796594450563,0.1963667987915092
23356,0.16394877731954255,0.008305854428907498,0.027745368251549933
23357,0.19107800997138472,0.00023268292600416452,0.008689307102611139
23358,0.013843167759378692,0.0022393204742738675,0.18391751176634744
23359,0.19475495678660779,0.0005911232551962564,0.004653919958195951
23360,0.19450655058074456,0.0005220406837393857,0.0049714087355160535
23361,0.19414089316347746,0.0004887194815287871,0.0053703873549937435
23362,0.164645542174772,0.0004084817924780702,0.03494597603274992
23363,0.1934153298221263,0.0001456782439472728,0.006438991933926441
23364,0.18814966977946682,0.00519085043260077,0.006659479787932453
23365,0.19770863068313732,0.0002582998186668939,0.002033069498195774
23366,0.1962903193560555,0.0004897089603218665,0.003219971683622613
23367,0.19371423865064233,0.0015534790532727358,0.004732282296084945
23368,0.1837556213894052,0.0010871308973269113,0.015157247713267902
23369,0.1426611172411835,0.024672287009833996,0.03266659574898252
23370,0.1129786608582574,0.0009915824990107429,0.08602975664273187
23371,0.005287097045625791,0.0005613743984298312,0.1941515285559444
23372,0.16269059167348618,0.013886645608296246,0.02342276271821757
23373,0.19327040131647677,0.0026957312738061573,0.00403386740971704
23374,0.18680836409345228,0.0007284444572195671,0.012463191449328127
23375,0.19601681170252874,0.0002019705165594951,0.0037812177809117492
23376,0.02581121060469227,0.002000839035502933,0.17218795035980478
23377,0.15509163909745186,0.01781693735138513,0.027091423551163014
23378,0.014791433588243919,0.003007409242609408,0.18220115716914667
23379,0.09260644359316128,0.0010449268633516986,0.106348629543487
23380,0.13925525479636625,0.0011095144328517044,0.05963523077078205
23381,0.19733014029040613,0.00016490370439644896,0.0025049560051974592
23382,0.07080772050536896,0.0074411127890362545,0.12175116670559478
23383,0.1805327003251563,0.00240183153943954,0.017065468135404147
23384,0.12847483621277722,0.007704455586292199,0.06382070820093058
23385,0.003597166438399554,0.0004738279877270791,0.19592900557387338
23386,0.09486901286533994,0.002658748565229458,0.1024722385694306
23387,0.1451847476469079,0.004469269701288499,0.05034598265180361
23388,0.01746612830160154,0.004076786540116452,0.17845708515828201
23389,0.03788822252405008,0.0016604620445343176,0.1604513154314156
23390,0.1970084861461118,0.0012338855101809466,0.0017576283437072606
23391,0.14481883527996603,0.010641182281258071,0.04453998243877588
23392,0.1275811800186176,0.020317832681130563,0.05210098730025183
23393,0.09866912176993725,0.03186290875439912,0.06946796947566365
23394,0.0023903816012894037,0.0002722159520177571,0.19733740244669284
23395,0.01627432027853915,0.0004534532559567423,0.18327222646550412
23396,0.1711977822191473,0.0005955977607646943,0.028206620020088002
23397,0.001981786136989686,6.626742582503315e-05,0.19795194643718528
23398,0.1966962892080196,0.000321798999602447,0.0029819117923779565
23399,0.012866347892641076,0.0006259215119948267,0.18650773059536407
23400,0.020510772047066892,0.0015600589905940703,0.17792916896233904
23401,0.1887038862531246,0.0008805246531747503,0.010415589093700627
23402,0.1758139977532161,0.0008451924931198735,0.02334080975366405
23403,0.0895897682813513,0.00031972725969145216,0.11009050445895725
23404,0.0016745410729619048,0.0002905262635289137,0.1980349326635092
23405,0.16520263910841185,0.010916754611221467,0.023880606280366697
23406,0.18650395440259263,0.003994105190198638,0.009501940407208722
23407,0.1971276466656241,0.0003865943837770982,0.0024857589505987727
23408,0.0007185950039729756,0.0004858880033257773,0.1987955169927012
23409,0.032425054983447825,0.0027410204476904466,0.1648339245688617
23410,0.16641996982241708,0.007756146638852532,0.025823883538730403
23411,0.04599636963627346,0.03295038912317882,0.12105324124054773
23412,0.18979028945794257,0.0063504712251714075,0.0038592393168860274
23413,0.19088883589605682,0.0049155782813455635,0.004195585822597598
23414,0.1289081993429992,0.0023378867376735667,0.06875391391932718
23415,0.19517108312661907,0.0013891048432602435,0.003439812030120711
23416,0.19012624731874886,0.0013851418276886348,0.008488610853562503
23417,0.18820435641994615,0.0013923905551276373,0.010403253024926245
23418,0.020471491509740848,0.0008955219270122688,0.1786329865632469
23419,0.0017535967165164905,0.005149558079119121,0.19309684520436438
23420,0.0018527571005179395,0.0004007017006087284,0.19774654119887336
23421,0.12195280483133315,0.0066092809966290175,0.07143791417203783
23422,0.19863691287099752,0.0002065288854659777,0.0011565582435364885
23423,0.016501214807900805,0.0009434963132884467,0.18255528887881076
23424,0.15567432286795518,0.0025963257154141507,0.04172935141663066
23425,0.18256333896850976,0.004536135920541431,0.012900525110948797
23426,0.19494196712913822,0.0003507700685425186,0.004707262802319272
23427,0.018752355479252292,0.01700959207230313,0.1642380524484446
23428,0.027029519577449524,0.0024276708231785247,0.17054280959937193
23429,0.18790122243998336,0.0002743309007902159,0.011824446659226388
23430,0.19305002214621708,0.0009057323341378397,0.006044245519645058
23431,0.0008638768206097441,0.00044308220791594246,0.19869304097147428
23432,0.000895123392733844,0.00012127491671283027,0.19898360169055332
23433,0.12970840198068828,0.004363016467245963,0.06592858155206575
23434,0.1960286333299664,0.00033295306713487793,0.0036384136028986976
23435,0.19150519753679845,0.0042541169729140215,0.0042406854902875485
23436,0.1949326294396377,0.0005071136051265167,0.004560256955235802
23437,0.1956494520048721,0.0005953635715477468,0.0037551844235801067
23438,0.0042792273144298485,0.0010946361423109215,0.19462613654325922
23439,0.1589707789635518,0.0008577287990022327,0.04017149223744596
23440,0.16650247629408402,0.0013123033981449106,0.032185220307771094
23441,0.06295075462828033,0.001403238616705022,0.13564600675501465
23442,0.1788917408689597,0.011338848856939069,0.009769410274101201
23443,0.08818888836795977,0.010153121268443532,0.10165799036359671
23444,0.032310755912054755,0.0018435361372664406,0.1658457079506788
23445,0.19116483136117923,0.0029704552282888183,0.005864713410531962
23446,0.08985520599453219,0.0018074748007041203,0.10833731920476368
23447,0.13736656972716968,0.0015391296313133998,0.06109430064151694
23448,0.18756305351605565,0.0008537401268965126,0.011583206357047864
23449,0.012413208205255651,0.027635773772866606,0.15995101802187775
23450,0.002944920400346334,0.001062993129460094,0.19599208647019356
23451,0.1396369065516493,0.0013041196199482436,0.05905897382840246
23452,0.19639267029535262,0.00020291953522564538,0.0034044101694217363
23453,0.015348665134616205,0.00515473614319968,0.1794965987221841
23454,0.0805173869825127,0.0010181189189104177,0.11846449409857689
23455,0.00936308323036621,0.0005684068815283575,0.19006850988810545
23456,0.053874394661373406,0.006838719296459722,0.13928688604216685
23457,0.189309502651219,0.0009053214477327077,0.009785175901048278
23458,0.19296701090711985,0.003352583353771539,0.0036804057391086114
23459,0.1690608859321865,0.023011287003938882,0.00792782706387462
23460,0.16148462307220357,0.0015549245100759533,0.03696045241772048
23461,0.03749614425317304,0.000417280707866281,0.16208657503896068
23462,0.1613933052378643,0.0028492298354997466,0.03575746492663592
23463,0.16803452968727378,0.0012726511050267356,0.03069281920769949
23464,0.015871347875014215,0.0007410556973420655,0.1833875964276437
23465,0.016058202408618223,0.0030712839897854348,0.18087051360159634
23466,0.06670975347712288,0.006917865801663875,0.12637238072121323
23467,0.019504150080715457,0.006834288863646447,0.1736615610556381
23468,0.0007665420162711677,0.00013974557104662674,0.1990937124126822
23469,0.15766034017837777,0.0042111620138740305,0.038128497807748206
23470,0.18858960498171198,0.0034748015780888403,0.007935593440199168
23471,0.19769618201913725,0.0011414306766234284,0.0011623873042392887
23472,0.18743303374195838,0.001880425371218047,0.01068654088682355
23473,0.16715504232428013,0.004135366695309594,0.02870959098041027
23474,0.174053283771053,0.0007527544683314567,0.025193961760615575
23475,0.19563510147310442,0.0007173496049039181,0.0036475489219916515
23476,0.036825906098530224,0.01860936659202922,0.14456472730944053
23477,0.17717178951100082,0.0015534472879630895,0.021274763201036113
23478,0.1959898860781561,0.0013192662353967738,0.002690847686447129
23479,0.08706012763093994,0.07684461422327095,0.0360952581457891
23480,0.16020468032885254,0.001089648377128031,0.03870567129401946
23481,0.18135821449112235,0.0013538162001632342,0.017287969308714415
23482,0.15495230848712843,0.006254552076542683,0.038793139436328894
23483,0.04650222579416867,0.00915621712096225,0.14434155708486907
23484,0.03723092296253089,0.0008074439328624254,0.1619616331046067
23485,0.12075845710159094,0.005821780791548509,0.07341976210686056
23486,0.08361901297174903,0.00364136274858133,0.11273962427966963
23487,0.18374995957435922,0.0021717253836590162,0.014078315041981749
23488,0.1891998380171414,0.0009469036826244807,0.009853258300234124
23489,0.014139310280582611,0.0009976158149930896,0.1848630739044243
23490,0.19019349474962735,0.0012981863590289296,0.008508318891343717
23491,0.12228974211525616,0.0013370140036772073,0.07637324388106663
23492,0.17288733732865144,0.0009103728692293823,0.02620228980211916
23493,0.001028948294798225,0.00016200594001306235,0.1988090457651887
23494,0.009375140458280931,0.0017923423494807876,0.1888325171922383
23495,0.18636561200278692,0.0011862665130660751,0.012448121484147052
23496,0.10680181302148332,0.0037338104108245464,0.08946437656769211
23497,0.1337943971566709,0.0007827369551932993,0.0654228658881358
23498,0.10599804401726334,0.0015027710868093418,0.09249918489592732
23499,0.1513447117881459,0.04098887172930041,0.007666416482553675
23500,0.1004813296230062,0.0021551596319444475,0.09736351074504934
23501,0.17754997514839477,0.010272396651368757,0.012177628200236478
23502,0.010932269255248272,0.009810213216318867,0.17925751752843283
23503,0.19570453998023418,0.00016421709144927413,0.004131242928316534
23504,0.17282293480647443,0.005941451792979021,0.021235613400546534
23505,0.0014765243169154547,0.00023623858295370896,0.19828723710013083
23506,0.07226662627016209,0.026354142414813257,0.10137923131502466
23507,0.005563141213824002,0.006757873461974695,0.1876789853242013
23508,0.13321804579459734,0.005282682673489057,0.061499271531913605
23509,0.1051690949158736,0.00221620637527954,0.09261469870884684
23510,0.12760007205425983,0.034471413356301266,0.0379285145894389
23511,0.18557580829101053,0.001138719292940979,0.01328547241604847
23512,0.17138630161578858,0.0068380150718242135,0.021775683312387186
23513,0.1958654596118448,0.0005678057236868693,0.003566734664468325
23514,0.1561810336393061,0.00834442078516297,0.03547454557553091
23515,0.19171725479111948,0.0038278351709361176,0.004454910037944443
23516,0.18825891112288884,0.0008713804064546608,0.010869708470656514
23517,0.028964642396455343,0.006169085258556741,0.1648662723449879
23518,0.15984737753906278,0.0026891393021880156,0.03746348315874922
23519,0.16355191995757304,0.0033601861180735998,0.03308789392435336
23520,0.19548989247319695,0.00034541404112012493,0.004164693485682921
23521,0.19545205177340558,0.00034517012999023543,0.004202778096604223
23522,0.19567975374566854,0.0006251121082610825,0.0036951341460703933
23523,0.19277032492898596,0.000732935569898047,0.006496739501115993
23524,0.12016231524701496,0.011563894110026578,0.06827379064295847
23525,0.19175644078665963,0.0008607053142177844,0.007382853899122579
23526,0.1945464213680942,0.0006931301339929065,0.004760448497912905
23527,0.1279076948786543,0.0018515462419251207,0.07024075887942058
23528,0.051590373659611846,0.0031840497910481436,0.14522557654934
23529,0.15009309693425765,0.002984751682186367,0.04692215138355597
23530,0.11691577800791315,0.01078581208921764,0.07229840990286922
23531,0.07323545438983584,0.00795704007838396,0.11880750553178021
23532,0.023402063725380867,0.00317779800854416,0.17342013826607497
23533,0.18550412607778016,0.00023779877091779198,0.01425807515130204
23534,0.1392629047446769,0.05398850586020053,0.006748589395122552
23535,0.0006277491532948743,0.0002772747355386588,0.19909497611116647
23536,0.1530711815477104,0.001323795395279805,0.045605023057009794
23537,0.1803377191677327,0.0012596737487188575,0.018402607083548444
23538,0.13936805221145926,0.016003190168542313,0.04462875761999841
23539,0.16409761049818347,0.00316041451531321,0.03274197498650333
23540,0.0999547554880158,0.0022247433880775882,0.09782050112390661
23541,0.05006713121206321,0.001588930366959619,0.14834393842097718
23542,0.15185074806231097,0.018927568369902358,0.029221683567786642
23543,0.012859208359500754,0.10438567721523691,0.08275511442526234
23544,0.19199675966182195,0.00017626412763022858,0.007826976210547815
23545,0.10767643696774784,0.0027026332717661494,0.089620929760486
23546,0.18022606776765335,0.0013743938811994713,0.018399538351147174
23547,0.1795119290709914,0.001458749600106262,0.019029321328902303
23548,0.040900557131035346,0.001403878513739029,0.15769556435522564
23549,0.1856594497344755,0.004335873490502069,0.01000467677502243
23550,0.1973713256651589,0.0008083411819366915,0.001820333152904443
23551,0.19018395893663337,0.000457755801323053,0.009358285262043537
23552,0.001064782477475679,0.00032132422605290686,0.19861389329647142
23553,0.1748219053185081,0.0019960100155949918,0.023182084665896913
23554,0.19222549675006012,0.003408757361596552,0.004365745888343324
23555,0.004836198857103221,0.00022603314215244747,0.1949377680007443
23556,0.19660675729066177,0.0012856407028097336,0.0021076020065284836
23557,0.1927273001638694,0.00041742510851509797,0.006855274727615485
23558,0.0017007354792490305,0.00021340068791568184,0.19808586383283527
23559,0.19355146012592772,0.00025870502571477723,0.006189834848357501
23560,0.1003303667983809,0.001129152548054602,0.0985404806535645
23561,0.13050506285457866,0.0002910559109393513,0.06920388123448198
23562,0.0033416020783986707,0.00030371149800294034,0.19635468642359838
23563,0.19151221711886765,0.00034294558812286724,0.00814483729300951
23564,0.029514231290827864,0.008877589855061877,0.16160817885411027
23565,0.16227242386747182,0.0037395658323550254,0.03398801030017319
23566,0.19177075906884955,0.0002812001893355398,0.007948040741814913
23567,0.13226556924909005,0.033492772937778345,0.034241657813131585
23568,0.10548426672696054,0.00698451952501674,0.08753121374802271
23569,0.002334552739556931,0.00023930450649474819,0.19742614275394835
23570,0.19721722777122544,0.0003004320331990468,0.002482340195575545
23571,0.11350303291586863,0.00950601117602842,0.07699095590810294
23572,0.18945513537262765,0.002835799565289037,0.007709065062083303
23573,0.13001086705620513,0.025913989643548813,0.044075143300246075
23574,0.19308007167517743,0.0017475218313059975,0.005172406493516576
23575,0.003287352628001251,0.00024039510712004132,0.19647225226487872
23576,0.1859113448867839,0.0011593164709935038,0.012929338642222631
23577,0.19182877874733537,0.00024199064893973269,0.00792923060372493
23578,0.02564040150378153,0.009092421985939826,0.16526717651027864
23579,0.003455795261480274,0.0007795804686647078,0.19576462426985503
23580,0.03519935041774698,0.0020725391074871776,0.16272811047476585
23581,0.003913405000918138,0.010851865547775263,0.18523472945130662
23582,0.031958968361957836,0.0036364356410293125,0.16440459599701285
23583,0.004575067060563192,0.00020551824468788204,0.1952194146947489
23584,0.1331393056435283,0.010007038665432334,0.05685365569103936
23585,0.13272475185050428,0.0072827571949257725,0.05999249095456993
23586,0.15324249991497574,0.003650558759225249,0.043106941325798995
23587,0.19834250192144026,0.00017152512504692185,0.0014859729535127806
23588,0.1921167275957324,0.00041475671895605545,0.007468515685311527
23589,0.0792174556420698,0.0012503162565863468,0.11953222810134383
23590,0.19086419304098384,0.0028581124390249617,0.006277694519991205
23591,0.0014474607907876671,0.0002361431263160952,0.19831639608289625
23592,0.0588979807486721,0.009500868844490775,0.13160115040683712
23593,0.19432631929033267,0.0005655142745172205,0.005108166435150126
23594,0.009546988222792522,0.003414002651300359,0.18703900912590712
23595,0.19527688788612957,0.0021818058880588424,0.0025413062258115905
23596,0.14096107164107685,0.002762627058167497,0.05627630130075566
23597,0.1947645051975284,0.0007594793234577518,0.00447601547901387
23598,0.19795371756321917,0.001016466569546592,0.0010298158672342038
23599,0.020849668586380692,0.0025308484637298055,0.1766194829498895
23600,0.006305415734663607,0.0036429887812647645,0.19005159548407163
23601,0.1906493507553063,0.0008461897703974944,0.008504459474296167
23602,0.06349612104983739,0.0012806288843885604,0.13522325006577404
23603,0.178164310634559,0.00755417901786856,0.014281510347572399
23604,0.19688950996871768,0.000660696723439115,0.0024497933078432227
23605,0.19071080493985176,0.003470226524241167,0.005818968535907033
23606,0.1972185334941438,0.0004154420615262159,0.0023660244443299626
23607,0.14945193725824643,0.0013856114697932092,0.04916245127196033
23608,0.1902860538198281,0.0013286652995005903,0.008385280880671277
23609,0.07649892558746307,0.0009101000568411657,0.12259097435569577
23610,0.014618185051845067,0.0008802710966076064,0.18450154385154732
23611,0.19658230316074077,0.00024021789647376554,0.0031774789427854652
23612,0.0843917184495768,0.006325586366259088,0.10928269518416411
23613,0.17246870739560344,0.0012130544190412066,0.026318238185355336
23614,0.001151686697258992,0.0005650522600475266,0.19828326104269348
23615,0.1533001489353905,0.007740354555233484,0.03895949650937597
23616,0.19160487534309706,0.0029771503722109214,0.005417974284692044
23617,0.19103048439646778,0.0020231621663929556,0.006946353437139294
23618,0.1545448568993794,0.0029034818316573865,0.042551661268963245
23619,0.19218161052621735,0.0004818179956579057,0.007336571478124751
23620,0.1648944150324453,0.015275417860900023,0.01983016710665467
23621,0.14744327577415905,0.006698409824930808,0.04585831440091012
23622,0.1886221750791577,0.0014209277414982938,0.009956897179344002
23623,0.005701937178125767,0.0006980114341625385,0.1936000513877117
23624,0.18712309644890893,0.0020575383502011023,0.010819365200889962
23625,0.1500458439300931,0.007556458099903476,0.04239769797000341
23626,0.09356460432354327,0.0010915289667228832,0.10534386670973386
23627,0.19399671134039542,0.0007028067828174693,0.005300481876787116
23628,0.19345833578594474,0.001038763435524415,0.005502900778530851
23629,0.0005749692786604719,0.000942259184023469,0.19848277153731603
23630,0.1941047856939389,0.0016318181846034223,0.004263396121457662
23631,0.0007080699665459844,0.0003031060821192422,0.19898882395133474
23632,0.18065649148200366,0.003275967952301171,0.016067540565695145
23633,0.16949609158926437,0.002858374179149789,0.027645534231585868
23634,0.18970289736990326,0.001099498235058594,0.009197604395038153
23635,0.002961588266830681,0.000916269271619289,0.19612214246155002
23636,0.19716775114634547,0.0004598888323147021,0.0023723600213398023
23637,0.19788477359386306,0.00039937447863968195,0.001715851927497273
23638,0.0052408836126931,0.0019515209691640437,0.19280759541814282
23639,0.17074407326420038,0.009409221457952342,0.01984670527784728
23640,0.19721892694536156,0.0002177104150970077,0.0025633626395414363
23641,0.19607804325190906,0.0013147103076337908,0.0026072464404571618
23642,0.08116375979467826,0.007079787431999477,0.11175645277332225
23643,0.17292838307466613,0.0008264803368329098,0.026245136588500955
23644,0.18140264170497564,0.0012665976699414736,0.01733076062508289
23645,0.19482019577033532,0.0005123256120162582,0.004667478617648406
23646,0.0032245387509502272,0.0004008537276903292,0.19637460752135943
23647,0.13733534168829578,0.0015557278861305012,0.06110893042557371
23648,0.1961171615476966,0.000260462371632832,0.0036223760806706083
23649,0.1977641961950075,0.0002876054849375058,0.0019481983200549968
23650,0.16260759676755793,0.005061132220079544,0.032331271012362536
23651,0.13230127794175778,0.03419309455998298,0.03350562749825923
23652,0.1981839258459005,0.000378288049840693,0.0014377861042587938
23653,0.19360869583925772,0.0008474423488156445,0.005543861811926661
23654,0.18632523190093256,0.002358577288288703,0.011316190810778748
23655,0.03041109442749352,0.0024130144025140275,0.16717589116999246
23656,0.06804736958543078,0.002013860368160199,0.12993877004640902
23657,0.01934369442248029,0.0037057830985704316,0.1769505224789493
23658,0.19162402370270515,0.000885629023626288,0.007490347273668573
23659,0.010676501469474884,0.0018137897241470892,0.18750970880637802
23660,0.00045551436114466497,0.00011021286371756243,0.19943427277513776
23661,0.10060257417131165,0.0028663697919461737,0.0965310560367422
23662,0.07941067948414475,0.0036361489210558684,0.11695317159479937
23663,0.18609382140649727,0.00019355860284462294,0.01371261999065814
23664,0.012704499483867834,0.09576601313296391,0.09152948738316825
23665,0.0023573990707241683,0.0003382416514616219,0.19730435927781423
23666,0.02797557187729179,0.0011600444222116476,0.17086438370049656
23667,0.0957147341131173,0.021550443106671372,0.08273482278021135
23668,0.0025845582828722775,0.0014483006351354087,0.19596714108199234
23669,0.19361902373630588,0.0018839050586319784,0.004497071205062116
23670,0.07876523693577611,0.0010601808830678324,0.12017458218115606
23671,0.006438078907261542,0.00024081045947422895,0.19332111063326424
23672,0.05647793187102166,0.002268029630495543,0.14125403849848278
23673,0.021102831842859316,0.0022482920816394017,0.1766488760755013
23674,0.165135205359277,0.005706139411864844,0.02915865522885815
23675,0.13203474411423044,0.003953054309122103,0.06401220157664746
23676,0.18047283331313008,0.001655923697522551,0.017871242989347336
23677,0.0985731432815479,0.005759400944101876,0.09566745577435024
23678,0.19709721149732334,0.00020116424905899924,0.0027016242536176257
23679,0.16979913699087462,0.008495994717215924,0.021704868291909464
23680,0.19498755798956138,0.001669946139143726,0.0033424958712948913
23681,0.17536169894284775,0.019933700346821646,0.004704600710330618
23682,0.1946333464718664,0.0003159770148569791,0.005050676513276663
23683,0.02376656188658043,0.048118352251847504,0.12811508586157208
23684,0.16688027280446266,0.0010428971361425505,0.032076830059394774
23685,0.1953586726828793,0.0006824603680151509,0.003958866949105524
23686,0.19486821286983647,0.0006200580116619626,0.004511729118501575
23687,0.0006620039204755176,9.4479262418072e-05,0.19924351681710642
23688,0.11734032817824624,0.0003957452448468829,0.08226392657690687
23689,0.0035031084203179116,0.0003738571919070469,0.19612303438777504
23690,0.07067497149341534,0.08970627739688111,0.03961875110970356
23691,0.18166224731155678,0.0004961558166950691,0.017841596871748185
23692,0.03255309267644054,0.0010049454183703604,0.1664419619051891
23693,0.19151020698685037,0.0004979806723030688,0.007991812340846541
23694,0.009221153919099351,0.001159457301806838,0.18961938877909382
23695,0.19749987785896467,9.519549596075163e-05,0.0024049266450745822
23696,0.19264205501520013,0.00035067907546243617,0.007007265909337437
23697,0.16945534209244334,0.0011962194754488553,0.029348438432107778
23698,0.1859757647550422,0.0008546834221495403,0.013169551822808215
23699,0.19438494034631432,0.0005027383860580192,0.0051123212676276505
23700,0.17537460062503646,0.00077868484198885,0.02384671453297469
23701,0.18276275886327914,0.00718065063124486,0.010056590505476018
23702,0.07275014457473511,0.003826070874834081,0.12342378455043082
23703,0.003200661602023382,0.00033993978074666213,0.19645939861722997
23704,0.04474661477290979,0.0021337719177748652,0.15311961330931537
23705,0.18064199765088548,0.002256048951770081,0.017101953397344445
23706,0.19835555646762276,0.000187764590511402,0.0014566789418658595
23707,0.1271906190061886,0.011489571207641755,0.06131980978616962
23708,0.19273462695171156,0.0007966164956547684,0.006468756552633695
23709,0.19720160316049715,0.000552019972687177,0.0022463768668156588
23710,0.00542570602659498,0.001187873951035849,0.1933864200223692
23711,0.1928112364094261,0.0012764200191797766,0.005912343571394108
23712,0.03355919622997746,0.003954138333022436,0.16248666543700013
23713,0.16470444424743375,0.0006593515516877482,0.034636204200878505
23714,0.18688267161538943,0.001567909946230225,0.011549418438380348
23715,0.1950567784111914,0.000955511225553848,0.003987710363254751
23716,0.0021664136880635942,0.00029027803813337064,0.197543308273803
23717,0.001959520802438992,0.000270032548688129,0.1977704466488729
23718,0.19266922913541712,0.000847823430774116,0.006482947433808788
23719,0.18071823657175382,0.001183246137971712,0.01809851729027447
23720,0.1938899398522108,0.0002408248977055193,0.0058692352500836625
23721,0.18579278750956285,0.0016787771246233557,0.012528435365813806
23722,0.004639971610774406,0.00042343845487266584,0.19493658993435292
23723,0.0003801790369780835,7.972164020779294e-05,0.1995400993228141
23724,0.18699728111221384,0.00983236180465261,0.003170357083133561
23725,0.04324526965005858,0.007562653633476033,0.14919207671646537
23726,0.17868680626555053,0.0010093471826147535,0.020303846551834693
23727,0.132783057693613,0.005805776993021966,0.06141116531336503
23728,0.13381777505419598,0.01041390352867653,0.055768321417127474
23729,0.18007148433275294,0.0013112683437789315,0.01861724732346811
23730,0.14823292163379737,0.01778625383640693,0.03398082452979571
23731,0.050740464802707386,0.015290907562120088,0.13396862763517253
23732,0.007976621582029985,0.002120765801392202,0.18990261261657781
23733,0.19774432704331985,0.0001668992313941599,0.002088773725285976
23734,0.17221812623473567,0.011496780468775027,0.016285093296489292
23735,0.09910691786418614,0.00375013786382439,0.09714294427198948
23736,0.19540292287299885,0.0006555325799563921,0.003941544547044782
23737,0.18597435270921564,0.0007979786693123459,0.013227668621472002
23738,0.19192897365047085,0.0015238904203129665,0.0065471359292162395
23739,0.19004806213669134,0.0003071970935260214,0.009644740769782665
23740,0.18906253103705684,0.0009100761532573702,0.01002739280968579
23741,0.14899173367770965,0.0019206645390726026,0.04908760178321774
23742,0.0014606130867260132,0.0003534813822946081,0.19818590553097937
23743,0.1538768364152604,0.008530397050964816,0.03759276653377479
23744,0.17063956224312013,0.0006220920860394985,0.02873834567084038
23745,0.06918823486806688,0.02845492728747659,0.10235683784445655
23746,0.17805167263800073,0.0035418716751150084,0.01840645568688428
23747,0.0676838797526071,0.005626916083998639,0.12668920416339424
23748,0.07445753544135977,0.0019169971136494498,0.12362546744499078
23749,0.19626033141410143,0.0005121839426487682,0.003227484643249808
23750,0.1962839376733902,0.00034931329098200376,0.003366749035627799
23751,0.1890728949504726,0.006444995483988589,0.004482109565538792
23752,0.19468623982022087,0.0023610348234407445,0.002952725356338356
23753,0.1413260435875076,0.005185543092957398,0.05348841331953499
23754,0.16399705939174597,0.0007385265773967159,0.03526441403085733
23755,0.18674951884128005,0.0008820638877581645,0.012368417270961782
23756,0.18095947870377177,0.0003450758257155491,0.018695445470512672
23757,0.11615646017888488,0.0038557425238915206,0.07998779729722358
23758,0.014320128747109265,0.0006286378186387823,0.18505123343425195
23759,0.1922563933924832,0.005161994448848502,0.002581612158668278
23760,0.003680481803547205,0.002149137205132016,0.19417038099132078
23761,0.008788569799604167,0.031099505631057033,0.16011192456933881
23762,0.04168873820451339,0.0004507250805344614,0.15786053671495215
23763,0.1949912816332194,0.0006685545646774773,0.004340163802103125
23764,0.18886838652884919,0.007259176233600201,0.0038724372375506045
23765,0.13713943658748967,0.002750049794743619,0.0601105136177667
23766,0.0029513405824473458,0.0003761314861372121,0.19667252793141546
23767,0.17636626735160674,0.00111894883810764,0.02251478381028558
23768,0.19475778875335364,0.0011090045652924155,0.0041332066813539615
23769,0.0027969189928427982,0.00017133871590669934,0.19703174229125048
23770,0.19408621087839178,0.0012458313660120312,0.004667957755596184
23771,0.13126795604345523,0.001989599916211193,0.06674244404033355
23772,0.01738319147620352,0.050947800965270185,0.13166900755852626
23773,0.1873551168471257,0.0024545432711715947,0.01019033988170273
23774,0.19234608851754936,0.0004216287293717139,0.007232282753078893
23775,0.04175909910094601,0.007426967719130885,0.15081393317992312
23776,0.18503093980363775,0.001006252009416018,0.013962808186946226
23777,0.0005108095344625665,7.862856248129705e-05,0.19941056190305612
23778,0.1935285333442835,0.000677584171667603,0.00579388248404893
23779,0.13771598663824652,0.000539427867059214,0.06174458549469427
23780,0.184137253723789,0.0045643325264206995,0.011298413749790296
23781,0.198228861222833,0.0007580271414699676,0.0010131116356970136
23782,0.0014929738245644624,0.00025020729901790794,0.19825681887641763
23783,0.18141591977258037,0.0026737535138472526,0.015910326713572384
23784,0.1539159834365098,0.0028927887667640475,0.04319122779672614
23785,0.032518571496202534,0.00059270569958129,0.16688872280421616
23786,0.19087422855415986,0.0005647443629739309,0.008561027082866194
23787,0.17517716965597946,0.0034448072817402538,0.021378023062280295
23788,0.04045787073718507,0.002534504086358181,0.15700762517645675
23789,0.033912944740950475,0.1068431889716313,0.05924386628741821
23790,0.07134796173708398,0.10520958987316513,0.023442448389750913
23791,0.16691208295275645,0.006894653025326519,0.026193264021916997
23792,0.0010282807084954066,0.0005718468265847388,0.19839987246491989
23793,0.14839192633948814,0.0007673040385639306,0.05084076962194793
23794,0.004488968436122212,0.0031031529376098423,0.19240787862626793
23795,0.16601895065895442,0.00997625606270778,0.02400479327833778
23796,0.09261368173591801,0.003906562610331338,0.10347975565375064
23797,0.09609751261024238,0.001989208888943521,0.10191327850081408
23798,0.125510968339746,0.000473672398389516,0.07401535926186448
23799,0.17595884676458745,0.0015902791328185658,0.02245087410259394
23800,0.18522898946315297,0.0008022682494458151,0.013968742287401253
23801,0.09821436351673762,0.008458984438901088,0.09332665204436132
23802,0.13634386268158102,0.0006762348354181364,0.06297990248300085
23803,0.16949825494552717,0.005187968931958791,0.02531377612251402
23804,0.0012025471654430564,0.0008343278236265684,0.19796312501093036
23805,0.0003663725991059978,0.00010128070211826768,0.19953234669877573
23806,0.19626657280247975,0.00019630954501566908,0.00353711765250458
23807,0.1491286805785127,0.004262059719485834,0.04660925970200145
23808,0.14925827475100722,0.0007461774372630772,0.049995547811729664
23809,0.0028739771402025997,0.0015031595381387879,0.19562286332165862
23810,0.1892981443283071,0.0013060435743316153,0.009395812097361301
23811,0.0018049805764994333,0.001131064312448655,0.1970639551110519
23812,0.1874912702491298,0.0008177679035090105,0.011690961847361205
23813,0.10155707402452,0.02288165655077317,0.07556126942470684
23814,0.006328194095810357,0.0002547959358240541,0.19341700996836558
23815,0.04381908572521247,0.008810208047006638,0.1473707062277809
23816,0.17925122655649456,0.002332529166340074,0.018416244277165372
23817,0.19314475177965312,0.0005330042425465731,0.006322243977800297
23818,0.19775075458773156,0.0005397429865676118,0.0017095024257008443
23819,0.1898797663123913,0.000874045413509436,0.00924618827409923
23820,0.17760701392527595,0.00152938662628792,0.02086359944843614
23821,0.0705389239643478,0.04198619467607578,0.08747488135957641
23822,0.004116602811386553,0.0014642951057433472,0.19441910208287008
23823,0.18365593875754685,0.005456835774817001,0.010887225467636135
23824,0.19536734382096987,0.0007222155973548254,0.00391044058167528
23825,0.1949064924124268,0.0003137646077348872,0.00477974297983832
23826,0.06009993272147007,0.0032159794188455306,0.1366840878596844
23827,0.1829586420302647,0.002186647042244507,0.014854710927490786
23828,0.14581150551009742,0.0017949960050788675,0.05239349848482372
23829,0.1489349504819053,0.00846066623231459,0.04260438328578012
23830,0.12332554137511367,0.036719759723653954,0.039954698901232405
23831,0.1937884056630723,0.0012849824821171657,0.004926611854810532
23832,0.17915450060289723,0.006002701321810232,0.014842798075292554
23833,0.18895000317626026,0.0020003217242640647,0.009049675099475674
23834,0.19502821641644913,0.00046076534340279494,0.0045110182401480745
23835,0.0745045426610073,0.00116435616492283,0.12433110117406987
23836,0.005010614682764554,0.003255149265591911,0.19173423605164355
23837,0.18524974739604333,0.0018844665491948328,0.012865786054761814
23838,0.19453160282017481,0.0003495418850730357,0.005118855294752169
23839,0.09485650541311187,0.039564253205351875,0.06557924138153626
23840,0.18822962464643994,0.0010626080666891618,0.010707767286870883
23841,0.19508771113414228,0.00012244938704144485,0.004789839478816284
23842,0.09786894894996587,0.0012551263860654535,0.10087592466396869
23843,0.06646084948652195,0.0016017105869983723,0.1319374399264797
23844,0.1783627687083666,0.0020585487771331676,0.019578682514500262
23845,0.16214099525548425,0.0009750703637686675,0.03688393438074708
23846,0.18801482096143113,0.0009849630553057217,0.011000215983263131
23847,0.06390527361403622,0.019157851576848378,0.11693687480911538
23848,0.08093014212952276,0.03845934687520274,0.08061051099527451
23849,0.15996528325996656,0.0033494404629860015,0.036685276277047416
23850,0.1752054627221286,0.005108402952525128,0.01968613432534627
23851,0.1874220237715109,0.0008743728181376942,0.011703603410351407
23852,0.0038158805746327787,0.0003232541373555727,0.19586086528801164
23853,0.05749527151691399,0.0003089025264862568,0.14219582595659974
23854,0.1792268450999708,0.002240841416305491,0.018532313483723733
23855,0.1928412635120299,0.0007216459396830108,0.006437090548287103
23856,0.0881475348349449,0.006176987274810563,0.10567547789024452
23857,0.022041254717465094,0.00021366417550196083,0.17774508110703297
23858,0.17832587232116157,0.0010219340586117768,0.020652193620226626
23859,0.19581027746743168,0.00037071775504288624,0.0038190047775254208
23860,0.19655764213577853,0.0002781216733667276,0.003164236190854721
23861,0.12771587069259083,0.0016507076246478733,0.07063342168276128
23862,0.1985255978875573,0.00014507517216989216,0.0013293269402728431
23863,0.19641833843015905,0.0017559159194189538,0.0018257456504220185
23864,0.1650236217427848,0.004164041134992254,0.030812337122222956
23865,0.19246261987822427,0.005015056563948841,0.00252232355782688
23866,0.1878614514407972,0.0005744827665906436,0.011564065792612165
23867,0.1722013789851703,0.0032629999352736605,0.024535621079556053
23868,0.1962029798985125,0.0014285276528038882,0.0023684924486836395
23869,0.11320796967200175,0.0005515234067747837,0.08624050692122345
23870,0.19126482350867938,0.0009791013084317216,0.007756075182888916
23871,0.1516294330941667,0.00808551193947599,0.0402850549663573
23872,0.06673809312003509,0.006674655098824612,0.1265872517811403
23873,0.012122584003925291,0.00047565570579269573,0.18740176029028202
23874,0.0034153889276817644,0.001503098378332064,0.19508151269398616
23875,0.18349349845877685,0.00250386206540179,0.014002639475821334
23876,0.01668451278696737,0.0008178880609512938,0.18249759915208136
23877,0.16348258197210874,0.0006742953422161892,0.03584312268567507
23878,0.11679716015231394,0.000562138650542016,0.08264070119714406
23879,0.1624548314570981,0.006943237438650482,0.03060193110425143
23880,0.19341317941200598,0.00015353139766674742,0.0064332891903272835
23881,0.07213141671948271,0.014495105627167432,0.11337347765334986
23882,0.1626045404361689,0.0014493527655270923,0.035946106798304026
23883,0.15041582803412196,0.0174066410016364,0.032177530964241634
23884,0.0017388158854515963,0.00039312842723137817,0.19786805568731702
23885,0.17052407400633246,0.0004086921137485583,0.029067233879918986
23886,0.07378472317447808,0.0024740107726720795,0.12374126605284982
23887,0.040116485083108125,0.002861277962981327,0.15702223695391054
23888,0.10013961818286232,0.00656951418819413,0.09329086762894354
23889,0.08666290687390717,0.0013536323367909905,0.11198346078930184
23890,0.1397288468848139,0.009328984478269447,0.05094216863691666
23891,0.018043291358301884,0.0005710129004182537,0.18138569574127988
23892,0.19649564450042645,0.0003865198191471182,0.0031178356804264394
23893,0.15023790469687348,0.021831103235369277,0.02793099206775725
23894,0.1812569697743258,0.0020031596928528884,0.01673987053282134
23895,0.0274750573571489,0.0010850308932306477,0.17143991174962042
23896,0.07868237481382924,0.01376935896095648,0.10754826622521427
23897,0.18812102909395173,0.0013440882683813569,0.010534882637666899
23898,0.17544606289271567,0.00032103100145810024,0.024232906105826214
23899,0.08459561159721932,0.004264333095225921,0.11114005530755475
23900,0.19696594912451218,0.00024433973434810163,0.0027897111411396974
23901,0.047271904343335454,0.0008260227199282825,0.15190207293673627
23902,0.03834735810428693,0.005027575874040636,0.15662506602167242
23903,0.1797077674669769,0.004907277485803301,0.015384955047219834
23904,0.15118387739769792,0.011022856709445025,0.037793265892857086
23905,0.04957236453505552,0.06756749890335258,0.0828601365615919
23906,0.18173742112228125,0.0011960523108244167,0.017066526566894342
23907,0.1918249746810235,0.001011769989896907,0.007163255329079607
23908,0.1912381919932825,0.0010712575487858756,0.007690550457931584
23909,0.14629513469238958,0.0005105237779427666,0.05319434152966768
23910,0.15992154645295859,0.003681953592090433,0.03639649995495095
23911,0.18580813138224078,0.0004977462661735783,0.013694122351585656
23912,0.0017272416198233543,0.0007732399936328725,0.19749951838654375
23913,0.1938249326655734,0.002599254115832339,0.003575813218594251
23914,0.0033188718395360194,0.0001813899509158843,0.19649973820954808
23915,0.19570942522033877,0.00020071836092025423,0.004089856418740975
23916,0.1853539972844041,0.0014677111314954844,0.013178291584100405
23917,0.08807009034400312,0.0012583577463446032,0.11067155190965228
23918,0.1720540100204311,0.004099315681104049,0.023846674298464845
23919,0.18495423191317278,0.0074364968992154225,0.0076092711876118106
23920,0.1678620017985586,0.026256288686741253,0.005881709514700145
23921,0.19104323715966,0.0010567004607553996,0.007900062379584608
23922,0.11331280544997031,0.014993917308339304,0.07169327724169036
23923,0.1373007540737173,0.0019173201761439637,0.0607819257501387
23924,0.02892822171489847,0.004567577369464075,0.16650420091563747
23925,0.18613053985216016,0.0012543415311096358,0.012615118616730248
23926,0.10921902145313445,0.0007780577995319777,0.09000292074733357
23927,0.09518813433879177,0.021149373831136343,0.08366249183007188
23928,0.19098272978350378,0.0001332492455416378,0.008884020970954589
23929,0.15132431387116335,0.0016352573645618779,0.04704042876427481
23930,0.16844807481224142,0.0011779626807864258,0.030373962506972156
23931,0.1526452428996935,0.003407056662549661,0.043947700437756816
23932,0.16394144200660923,0.02256295227420025,0.01349560571919054
23933,0.18482912492571393,0.0006410241942999332,0.014529850879986159
23934,0.08065963730099975,0.05134820433878723,0.06799215836021301
23935,0.17916627875780847,0.0035801557745524792,0.017253565467639072
23936,0.01550930449047096,0.0031191854686766383,0.18137151004085242
23937,0.14716663537591637,0.0119640283585487,0.04086933626553492
23938,0.19548586130615386,0.0006662914238995554,0.0038478472699465583
23939,0.19820087217181373,0.00013892585534115704,0.0016602019728451
23940,0.19198756583969107,0.0011387881477961284,0.006873646012512847
23941,0.19585863023915712,0.0008600610629468309,0.003281308697896066
23942,0.12192539714801512,0.002454321438240674,0.0756202814137442
23943,0.002782780111124257,0.00022299402278617487,0.19699422586608958
23944,0.18480701862172813,0.001950502377581529,0.013242479000690319
23945,0.10801936228544431,0.0010669065930743737,0.09091373112148131
23946,0.19028572649310954,9.742470114670827e-05,0.009616848805743757
23947,0.07907497224902502,0.010407510419688964,0.11051751733128604
23948,0.14817153005658398,0.0007424367962265402,0.05108603314718948
23949,0.017943723595886932,0.0004193698522729312,0.18163690655184014
23950,0.1920973839093221,0.0004524802743788932,0.007450135816299009
23951,0.19863193737321924,9.187919761807e-05,0.0012761834291626687
23952,0.07456484291864708,0.006270682208609912,0.11916447487274302
23953,0.19160024313421284,0.0045556200851676835,0.0038441367806194915
23954,0.1846990614339541,0.0016473414188711206,0.013653597147174772
23955,0.19443951900879322,0.0012336901722307951,0.004326790818976003
23956,0.11348572514028854,0.016786071647842106,0.06972820321186934
23957,0.19253812900268072,0.0008610067575833293,0.006600864239735928
23958,0.14732266582022135,0.00045369951934074793,0.05222363466043789
23959,0.07257587988343332,0.0431781417661709,0.08424597835039577
23960,0.11907160729631709,0.0005709138515972498,0.08035747885208563
23961,0.0015632417449843734,0.00021751606070646197,0.19821924219430914
23962,0.1923959377307346,0.0032181877355325203,0.004385874533732863
23963,0.025823670831062802,0.0064733110058504935,0.16770301816308672
23964,0.05704282216471389,0.10838474602363088,0.034572431811655216
23965,0.011040291993703103,0.0013282958779571312,0.18763141212833975
23966,0.15089678809241633,0.00043973045140023896,0.04866348145618344
23967,0.18819422830989907,0.004855568296952986,0.0069502033931479745
23968,0.09657696570352824,0.01516542252471583,0.0882576117717559
23969,0.19368324818496924,0.0014247992157338009,0.004891952599296938
23970,0.18369094407290326,0.0009912982197622796,0.015317757707334428
23971,0.010740421156908368,0.003249009644367396,0.18601056919872422
23972,0.1966320395788776,0.0002023099652354852,0.0031656504558869474
23973,0.19420062973889682,0.0013941175765885346,0.004405252684514648
23974,0.015426398996044255,0.045554095687815536,0.1390195053161402
23975,0.18601632200891488,0.008413906367500178,0.005569771623584927
23976,0.19642507723935473,0.00040594399599656135,0.0031689787646487022
23977,0.1884161110363734,0.0010306600559385972,0.010553228907687989
23978,0.0019828879597539604,0.00022239636337343277,0.19779471567687262
23979,0.14565302043269077,0.005661954641286049,0.04868502492602318
23980,0.17949234172388864,0.014855558508165775,0.005652099767945606
23981,0.06705909035119055,0.004039952246542853,0.1289009574022666
23982,0.0070243875944196316,0.000977205809247534,0.19199840659633283
23983,0.1948433938515671,0.000790752965897209,0.004365853182535686
23984,0.04690564170562958,0.003350634424738615,0.1497437238696318
23985,0.1916406312795804,0.00032084440197038,0.008038524318449243
23986,0.19651406991082665,0.0017188951212052796,0.0017670349679680616
23987,0.0036610667695194366,0.00026047917409778066,0.19607845405638277
23988,0.014285926318089167,0.0018040065984874399,0.18391006708342342
23989,0.18306211701366315,0.000465671146623374,0.016472211839713456
23990,0.000838520106804852,0.00011543595781530783,0.19904604393537983
23991,0.14037838976479622,0.0004957844753810489,0.05912582575982274
23992,0.12312634410378968,0.0027865865122220996,0.07408706938398822
23993,0.18966252651949977,0.002373329270690332,0.007964144209809907
23994,0.07998608279766621,0.0025684151925782018,0.11744550200975559
23995,0.14707895804181473,0.00022561310058383837,0.05269542885760144
23996,0.04228253205068626,0.0011923115248127993,0.15652515642450093
23997,0.0122406655182548,0.014625614101938359,0.17313372037980684
23998,0.0770566946929779,0.0046106012490725115,0.1183327040579496
23999,0.19728513780813833,0.00013253290803054278,0.0025823292838311356
24000,0.011014595941856425,0.0014849448551067467,0.18750045920303682
24001,0.19807668688450242,0.0007708880170321389,0.0011524250984654458
24002,0.008012016388275787,0.002066060235566318,0.1899219233761579
24003,0.0033789992757921835,0.0002467074460115875,0.19637429327819625
24004,0.05070041079254549,0.01590729574629463,0.13339229346115988
24005,0.08853192078434025,0.021852133476250438,0.08961594573940931
24006,0.17939764043551693,0.0033856849846556998,0.01721667457982738
24007,0.18658204930799765,0.0013185121467342736,0.012099438545268041
24008,0.17682767411115158,0.009086769319452173,0.014085556569396234
24009,0.0018915888497233093,0.002571694477496857,0.19553671667277986
24010,0.12114089936168251,0.002140846653638535,0.07671825398467894
24011,0.11802274496789056,0.008836280587130502,0.07314097444497894
24012,0.19261327594175282,0.0002124849029080679,0.007174239155339072
24013,0.18975573897740194,0.0006703630086095715,0.009573898013988495
24014,0.18746257055385612,0.004392725497073502,0.008144703949070365
24015,0.16054078308516045,0.0008260218837585698,0.038633195031080994
24016,0.19340777930190642,0.00312206677714107,0.003470153920952501
24017,0.16732538220073073,0.005345009512059005,0.027329608287210254
24018,0.157294510960706,0.010077881616092807,0.03262760742320117
24019,0.18846573527079163,0.002178148137781304,0.009356116591427039
24020,0.17515645212965456,0.0009566766432551615,0.023886871227090278
24021,0.007712833540110838,0.0008614129035607763,0.19142575355632838
24022,0.17181090289163528,0.004282316038060753,0.02390678107030399
24023,0.0433788655620808,0.09486577945649699,0.061755354981422206
24024,0.007445626338948015,0.009842911730406027,0.18271146193064597
24025,0.19725834916789944,0.0001798141382186804,0.002561836693881885
24026,0.0005112181080360337,0.00017689151647501937,0.19931189037548896
24027,0.07262728530451648,0.0001713005044463876,0.12720141419103714
24028,0.14004806470582926,0.0012616628371313842,0.05869027245703937
24029,0.1940574282587809,0.00046528369112758494,0.005477288050091508
24030,0.14075756368402348,0.042086984229818145,0.017155452086158388
24031,0.0005383583364439411,0.00015877320001728596,0.19930286846353878
24032,0.188123767433582,0.007889319226729493,0.0039869133396885515
24033,0.02967153490230003,0.002738398475554134,0.16759006662214584
24034,0.006622536137301474,0.00036231988633622723,0.1930151439763623
24035,0.19005571704351396,0.0027862587341950817,0.007158024222290958
24036,0.12849362565294753,0.008787788837313052,0.06271858550973942
24037,0.19350280383586316,0.0008265715440345786,0.005670624620102263
24038,0.19393154061609214,0.0006960418275801389,0.005372417556327696
24039,0.19441116725948554,0.0007788317294745896,0.0048100010110399
24040,0.17817904495538622,0.0002991118442148235,0.021521843200398932
24041,0.14753800437554807,0.0009822224792543266,0.05147977314519762
24042,0.19397575776468357,0.00047596255400241477,0.005548279681313989
24043,0.19813267204946897,0.00018889230091821674,0.0016784356496128434
24044,0.12645170826472002,0.006236943308678415,0.06731134842660157
24045,0.00295198067362414,0.0020625536869656002,0.19498546563941024
24046,0.004269970103367178,0.0007934633688738005,0.194936566527759
24047,0.19395233795216324,0.0007528033198820713,0.005294858727954694
24048,0.1843567192150809,0.0010944472221485599,0.014548833562770522
24049,0.18398348528658967,0.0005886319360656918,0.015427882777344606
24050,0.18334579076794338,0.0016261159649868333,0.015028093267069756
24051,0.18191159099164395,0.0005368278812769155,0.017551581127079118
24052,0.1789409536623163,0.0012248605673598572,0.01983418577032382
24053,0.1937556408870339,0.0014355755245271595,0.004808783588438956
24054,0.008040460360363306,0.0003568975116692735,0.1916026421279674
24055,0.13210761725699408,0.0007982803728540247,0.0670941023701519
24056,0.006508941575263024,0.0006599484495806846,0.19283110997515626
24057,0.01835949858384792,0.0006633956973141663,0.1809771057188379
24058,0.14593191738509198,0.0005685737309247122,0.05349950888398329
24059,0.17796533409801318,0.005958438385850208,0.016076227516136583
24060,0.19025917121697392,0.0006843980628816672,0.009056430720144462
24061,0.18442808487589124,0.001936777618605934,0.013635137505502829
24062,0.17762308937119967,0.0050466422049383584,0.01733026842386198
24063,0.021894921454767773,0.0004673030949185612,0.17763777545031365
24064,0.17065838437362563,0.004065089746635224,0.025276525879739158
24065,0.18698104824482817,0.0012523661070219386,0.01176658564814986
24066,0.1731954007065448,0.0017505754458051197,0.025054023847650087
24067,0.008077639902859002,0.002214398064618753,0.18970796203252224
24068,0.0020835520362938982,0.0010983148587323573,0.19681813310497373
24069,0.19717543427461193,0.0014791252291988834,0.00134544049618922
24070,0.15223513474891076,0.0034095934209062593,0.04435527183018299
24071,0.19698617001895313,0.0005273933657166323,0.0024864366153302653
24072,0.19735065674531627,0.0010498750716205567,0.001599468183063172
24073,0.19285041624157462,0.0005713943025820728,0.006578189455843328
24074,0.1376799142324028,0.017301081439925554,0.04501900432767165
24075,0.18957377138461623,0.0077468695796399575,0.0026793590357438116
24076,0.18025959193680535,0.0012934547585229598,0.018446953304671672
24077,0.0010139883394390526,0.0007343747390406672,0.1982516369215203
24078,0.16433758879127972,0.00041776409399300245,0.03524464711472728
24079,0.1830270429828037,0.0005933084037178001,0.016379648613478508
24080,0.007422117053450983,0.0010617877606571618,0.19151609518589185
24081,0.17802236343489852,0.011253670257591008,0.010723966307510453
24082,0.002577428691498038,0.0029794643500272787,0.19444310695847467
24083,0.17658844477058636,0.001544636715511949,0.021866918513901695
24084,0.19705237566410586,0.0003278650981335958,0.0026197592377605566
24085,0.1925343488047747,0.0005292311299961419,0.006936420065229196
24086,0.17143306115261042,0.004577080254721906,0.023989858592667647
24087,0.05891277947556628,0.005767313074567942,0.13531990744986577
24088,0.1467211986898203,0.002998712867843028,0.05028008844233665
24089,0.1906511303449718,0.0010071866896493335,0.00834168296537888
24090,0.19142517403856799,0.001588910935140249,0.006985915026291744
24091,0.17715379727743222,0.003191251476353784,0.019654951246214004
24092,0.15499664051767076,0.0023836385252517214,0.042619720957077493
24093,0.19013736077835103,0.0010078908640501038,0.008854748357598871
24094,0.1349293587754085,0.0007880308924490501,0.06428261033214247
24095,0.18876483300447,0.0008589698635521742,0.010376197131977816
24096,0.06194599119849391,0.012157655029195585,0.1258963537723105
24097,0.13755760883857024,0.0012085097619065927,0.06123388139952314
24098,0.005212373031953285,0.0019246664995105536,0.19286296046853615
24099,0.1972571214199039,0.0004353199332614263,0.0023075586468347038
24100,0.09951721780494685,0.004354300256804783,0.09612848193824837
24101,0.053886424445288184,0.006361355047035867,0.13975222050767594
24102,0.18332986786967181,0.004960849006462429,0.011709283123865762
24103,0.003379591304755683,0.0004015612609653774,0.19621884743427892
24104,0.1916111229865606,0.0007645769505113281,0.007624300062928076
24105,0.1735344095082017,0.005233026430675651,0.021232564061122658
24106,0.005906994340760667,0.001602450967968769,0.19249055469127058
24107,0.19173438338612275,0.0014225829572699915,0.006843033656607269
24108,0.1332500405829545,0.003484668539128421,0.06326529087791706
24109,0.19534491024131062,0.0009395512499305073,0.003715538508758876
24110,0.12852862965096767,0.0062221911218023115,0.06524917922722999
24111,0.1765866774497974,0.00040373398347918153,0.02300958856672342
24112,0.19083941614033273,0.0008767532415004294,0.00828383061816686
24113,0.19472744919011617,0.0008092326387538149,0.004463318171129994
24114,0.19509649677364166,0.0002815259382202911,0.0046219772881380275
24115,0.1943675843096428,0.00046845932481964694,0.005163956365537595
24116,0.10856675652993934,0.00026398253833751775,0.09116926093172315
24117,0.18540487005029413,0.0013185672189899376,0.013276562730715891
24118,0.19712593781509075,0.0007651890604628531,0.0021088731244463662
24119,0.09704693842311526,0.0029750092158044106,0.09997805236108033
24120,0.18232523927335867,0.003334849915383619,0.014339910811257735
24121,0.15686757774656743,0.0028906701248529614,0.04024175212857959
24122,0.14294608459354247,0.006843837468603539,0.05021007793785402
24123,0.19105299610357623,0.0024543709334082803,0.006492632963015482
24124,0.19415576107876725,0.0003829770333823513,0.005461261887850418
24125,0.18977914889116884,0.00043222852720230904,0.00978862258162881
24126,0.18868150317367471,0.0010795564737204077,0.010238940352604874
24127,0.1182318331735139,0.0003102466302420979,0.08145792019624401
24128,0.19367382365790034,0.0036960297486313084,0.0026301465934683763
24129,0.19271050290951888,0.00054469920999663,0.006744797880484455
24130,0.12132312141206189,0.007099965810251378,0.07157691277768673
24131,0.019785479399358364,0.002125071287992994,0.17808944931264864
24132,0.19633677897459578,0.0005910552539922949,0.003072165771411942
24133,0.174332872496072,0.002069038072991288,0.023598089430936716
24134,0.038400555069394535,0.004267261804066385,0.15733218312653904
24135,0.19592725813011985,0.002730538376505407,0.001342203493374731
24136,0.08685933040992107,0.042805943258361234,0.0703347263317177
24137,0.19408622673946122,0.000959705211819622,0.004954068048719168
24138,0.017964554390593836,0.0025880757482022463,0.17944736986120394
24139,0.16903741304923425,0.021592481364990264,0.00937010558577549
24140,0.18343486666651548,0.0028173103888210005,0.013747822944663531
24141,0.11231370265521612,0.0013984257685109632,0.0862878715762729
24142,0.09445826637912508,0.02237814895485648,0.08316358466601845
24143,0.1621086501828151,0.0030235851834296643,0.03486776463375527
24144,0.19316056839368928,0.00035045775879940735,0.006488973847511311
24145,0.18428975033964148,0.0016093835028190263,0.014100866157539485
24146,0.16816513118770168,0.001854389976008341,0.029980478836289997
24147,0.09604182274635252,0.003253906316694568,0.10070427093695292
24148,0.1685313837888135,0.0008220454114390884,0.03064657079974742
24149,0.1965655964953993,0.00043515367849751373,0.0029992498261031926
24150,0.18895705545635194,0.0032580693513168725,0.007784875192331177
24151,0.18716981300197444,0.004675015324949043,0.008155171673076531
24152,0.1909636366553173,0.0017257649940210598,0.007310598350661638
24153,0.1991646252489378,0.00015644429428478347,0.0006789304567773964
24154,0.18764380194107816,0.0045584025478700016,0.0077977955110518065
24155,0.16737141534173733,0.001574035275351078,0.0310545493829116
24156,0.13842208305752773,0.001842949638605166,0.059734967303867084
24157,0.07753282617545593,0.0010054122346075552,0.12146176158993652
24158,0.005846870378849881,0.00032737132826045194,0.19382575829288967
24159,0.1938084540140293,0.002254378676420131,0.003937167309550572
24160,0.15791159507460278,0.011003514660355219,0.031084890265042003
24161,0.11616792792328275,0.006723815664901103,0.07710825641181615
24162,0.0859839890689579,0.0009981145307323626,0.11301789640030975
24163,0.09482319615261676,0.0007484039976534754,0.10442839984972976
24164,0.0013739619682674666,0.00011239703568117785,0.19851364099605137
24165,0.08151500827020802,0.005194823665025332,0.11329016806476663
24166,0.19118681453910455,0.0025224715117649005,0.00629071394913056
24167,0.010347669608903372,0.0015493857359618838,0.18810294465513472
24168,0.1955859565237581,0.0004327676349936348,0.003981275841248265
24169,0.1937914302288465,0.0036525987726050446,0.0025559709985484465
24170,0.19785943888144875,0.0002768493110292938,0.0018637118075219491
24171,0.19133323479994516,7.475377876864856e-05,0.008592011421286178
24172,0.058859674851863365,0.0009836990358732703,0.14015662611226337
24173,0.19168422834235682,0.004115447648785383,0.0042003240088577965
24174,0.00351381960674403,0.0002372169089425686,0.1962489634843134
24175,0.17481328517453404,0.0032555244267363365,0.021931190398729646
24176,0.19153988310202757,0.0027343360033762077,0.00572578089459621
24177,0.01694864988472485,0.00030984999349383706,0.1827415001217813
24178,0.19691843265616735,7.062344373619374e-05,0.003010943900096454
24179,0.048767552852724924,0.001171950516302453,0.1500604966309726
24180,0.0034742044590116428,0.0023342111201103805,0.19419158442087797
24181,0.05587774567501915,0.00043323833132760176,0.14368901599365325
24182,0.1976033094293493,0.0007893396044003171,0.0016073509662503736
24183,0.1889311231665069,0.0008648043736568682,0.010204072459836202
24184,0.13529655177533223,0.006018015379959004,0.05868543284470873
24185,0.16962212138707974,0.014297237931116476,0.01608064068180379
24186,0.0917572091748656,0.004448276382477051,0.10379451444265735
24187,0.06342628235677308,0.0067658884240175046,0.12980782921920941
24188,0.19403327199170856,0.0031409975265602125,0.0028257304817312467
24189,0.000803116219656681,0.0002942644867718301,0.19890261929357148
24190,0.02999504229383786,0.0023556737091450326,0.1676492839970171
24191,0.02566173141290231,0.004068852099532889,0.1702694164875648
24192,0.004177067739617278,0.000613546277331636,0.1952093859830511
24193,0.1914580073541773,0.004623101212308085,0.0039188914335145705
24194,0.01501722044523417,0.0011143712234304424,0.1838684083313354
24195,0.19591697506434413,0.00042973678870236026,0.003653288146953533
24196,0.17321340073143124,0.0007046343093818735,0.026081964959186882
24197,0.18288199658759688,0.0013303801727433404,0.015787623239659772
24198,0.15040985343488936,0.004127020859859182,0.04546312570525146
24199,0.19818884699303732,0.00019080925268464844,0.0016203437542780062
24200,0.19492962099419514,0.0002265709021439178,0.004843808103660971
24201,0.19015493716716397,0.0008920328701948595,0.008953029962641147
24202,0.1944263981539632,0.00013326754107446492,0.005440334304962326
24203,0.026466709267367022,0.0005915403705973415,0.17294175036203563
24204,0.1961833174481234,0.0006542321622388023,0.0031624503896377928
24205,0.19648099875342118,0.0006395465405556451,0.002879454706023202
24206,0.16221462870970493,0.008573591276099506,0.0292117800141956
24207,0.006876876606425647,0.010655197593313976,0.1824679258002604
24208,0.1875794782274294,0.0007519017208771762,0.011668620051693444
24209,0.12463168840148164,0.0095295330523612,0.06583877854615718
24210,0.1890840532030655,0.000774019178659708,0.010141927618274803
24211,0.13813127606138717,0.0009078693621303203,0.06096085457648252
24212,0.1672239104211222,0.0014323479937242037,0.03134374158515359
24213,0.005473500321068037,0.0009141584219487292,0.19361234125698323
24214,0.1660619075222241,0.00878716216868503,0.02515093030909087
24215,0.18515878629084984,0.00039580014886917076,0.014445413560280989
24216,0.018378930503107023,0.0038715059642433457,0.17774956353264965
24217,0.19063709992470884,0.0009616762493147985,0.00840122382597635
24218,0.15345700231420537,0.0013560616762538912,0.04518693600954076
24219,0.19328305939589666,0.0012682698287699527,0.005448670775333397
24220,0.19387043454716635,0.0008462193326177756,0.005283346120215864
24221,0.1977247257501989,0.00023944353774621555,0.002035830712054904
24222,0.1493206770307224,0.011900725469892189,0.03877859749938542
24223,0.09555712645874044,0.0007987752967312951,0.10364409824452828
24224,0.008951392218802017,0.0406422384436468,0.1504063693375512
24225,0.19389041914472088,0.0003275257359647766,0.0057820551193143496
24226,0.19116048884189496,0.0007717356811495937,0.008067775476955474
24227,0.0028618522392365522,0.0002189635698492774,0.1969191841909142
24228,0.19049945960572212,0.0005327076641965992,0.008967832730081275
24229,0.0004522034384671507,5.790362372755274e-05,0.19948989293780534
24230,0.19661730156990984,0.0005758407707052598,0.0028068576593848916
24231,0.06944959162750214,0.00032182629691247593,0.1302285820755854
24232,0.19601651494317052,0.0007578784682381579,0.003225606588591316
24233,0.17717474925036483,0.009558670152393863,0.013266580597241315
24234,0.17901695377812163,0.0028853569396133276,0.018097689282265038
24235,0.11895836079331143,0.0035465749598882525,0.07749506424680033
24236,0.13342037876728663,0.005856334052642192,0.060723287180071174
24237,0.1665986922804267,0.017761694658409693,0.01563961306116362
24238,0.0037085021069297058,0.00015551314940596479,0.19613598474366434
24239,0.1931345785608134,0.0010745897729216368,0.005790831666264961
24240,0.19092854860539407,0.0036494980427691772,0.005421953351836778
24241,0.006496887879020969,0.00031615060060985906,0.19318696152036918
24242,0.14973244223420049,0.0001850310755572864,0.05008252669024223
24243,0.17853537940936764,0.0032151543133109592,0.018249466277321404
24244,0.16444266790150264,0.000673389320512455,0.03488394277798491
24245,0.18943104012085293,0.002658883965782219,0.007910075913364862
24246,0.1881789516700767,0.0011014821125550495,0.010719566217368255
24247,0.16747015196486137,0.004620888017341159,0.027908960017797475
24248,0.02977534154830393,0.00506967887864046,0.16515497957305564
24249,0.1940800325349117,0.0016714345245701736,0.004248532940518102
24250,0.07593526997967989,0.0055039690814460895,0.118560760938874
24251,0.10266491545115194,0.00034257040799199684,0.09699251414085605
24252,0.09436186012556932,0.036533396739217724,0.06910474313521295
24253,0.14072414427806718,0.0007417315037386888,0.058534124218194136
24254,0.12600344893837573,0.0033778590305843905,0.07061869203103989
24255,0.005121843820454032,0.0001738457802677393,0.1947043103992782
24256,0.19799761751890274,0.00018247415178047018,0.0018199083293168085
24257,0.19273077075256165,0.0044643899163962705,0.0028048393310421077
24258,0.1496304524612227,0.00163371649871065,0.04873583104006666
24259,0.19340168257852514,0.00025019516229840766,0.006348122259176446
24260,0.19669915955750467,0.0017824634891736284,0.001518376953321705
24261,0.1934266726738309,0.002408103705693195,0.004165223620475942
24262,0.01338502440076377,0.0007603048164852475,0.18585467078275097
24263,0.09322957418305841,0.07051228115211289,0.03625814466482868
24264,0.19842632939873717,0.000209491687626923,0.0013641789136359039
24265,0.19455887512470424,0.0006365253661459354,0.004804599509149805
24266,0.1776378238628583,0.019880678379688408,0.002481497757453265
24267,0.18825558561668226,0.0006189985943377727,0.01112541578897995
24268,0.18529248117868402,0.0009202891954281178,0.013787229625887845
24269,0.00686838800368125,0.024134435946197873,0.16899717605012088
24270,0.18918833154792894,0.0014434880857904279,0.009368180366280648
24271,0.1725202675797079,0.0009532794114456667,0.026526453008846422
24272,0.19712692042729107,0.00036363754130041,0.002509442031408511
24273,0.18961756144543981,0.0006962998903176721,0.009686138664242517
24274,0.18392745042909003,0.0005793626553030701,0.015493186915606912
24275,0.18995662692131826,0.0029440062459093535,0.0070993668327723625
24276,0.18283089487498508,0.0012375286618193852,0.015931576463195582
24277,0.005291231413737601,0.00023716172083005862,0.19447160686543236
24278,0.04318659373798271,0.0019005570864254668,0.15491284917559184
24279,0.016289843992921684,0.005434177061008453,0.17827597894606986
24280,0.00528107958201854,0.0022273741673272296,0.1924915462506542
24281,0.19511612638587578,0.00033191606289984855,0.004551957551224375
24282,0.033318039535412416,0.008018113908985453,0.15866384655560212
24283,0.004068975378271727,0.00026259669238356913,0.19566842792934472
24284,0.16474660540009964,0.002412205099609366,0.03284118950029098
24285,0.17870493103638024,0.0011970911579809807,0.020097977805638795
24286,0.19444580117588608,0.0010853989602446247,0.004468799863869254
24287,0.19196450379075752,0.0025591757461167495,0.0054763204631257225
24288,0.19674588074328925,0.0007558583277097687,0.002498260929001007
24289,0.19011819638489494,0.003110624008247754,0.0067711796068572975
24290,0.18882176951377588,0.0051056873300854375,0.006072543156138704
24291,0.18944289265375988,0.00049664818632235,0.010060459159917762
24292,0.17655586736594395,0.003769269618720661,0.019674863015335355
24293,0.18505268821476506,0.0018489875529167873,0.013098324232318135
24294,0.19485080669092875,0.00015672210553820449,0.004992471203533047
24295,0.1916021536488765,0.00026744796207050353,0.00813039838905297
24296,0.011912059507627446,0.0005391204529682574,0.18754882003940432
24297,0.01642559368422101,0.012139920207940396,0.1714344861078386
24298,0.012287725381520594,0.012674276095530793,0.17503799852294863
24299,0.09057971324353886,0.006543576747902624,0.10287671000855854
24300,0.18980608034308016,0.0001995335238206369,0.009994386133099187
24301,0.009396092594976892,0.0006270497100976896,0.1899768576949254
24302,0.1851229553370871,0.002284744101385696,0.012592300561527232
24303,0.016444031724536214,0.038972789430365445,0.14458317884509833
24304,0.19368766869048176,0.0023091708996518623,0.004003160409866411
24305,0.1828811871184777,0.007122260959437389,0.009996551922084913
24306,0.17346853231367484,0.0033958519182681777,0.023135615768056943
24307,0.02145523209030132,0.008424089971260759,0.17012067793843794
24308,0.18760435467696332,0.0027879667738187792,0.009607678549217907
24309,0.0021349854122278515,0.00030046511383211423,0.19756454947394003
24310,0.19421836481471672,0.0004901851771554213,0.0052914500081278504
24311,0.1980238232767896,0.00016229290127708378,0.0018138838219333257
24312,0.19742899009439024,0.0017658778267084746,0.0008051320789013028
24313,0.08563986532317522,0.0010553388342790769,0.11330479584254571
24314,0.19100111396989325,0.00020903015464835984,0.008789855875458389
24315,0.19407416089318924,0.00016580194704401665,0.005760037159766749
24316,0.19080957224549383,0.00013511525720748765,0.009055312497298643
24317,0.1876048419327422,0.006200336090339089,0.006194821976918723
24318,0.0012052479322780631,0.00011777690398287791,0.19867697516373906
24319,0.16343409875665924,0.0012001931813779812,0.03536570806196277
24320,0.19257511624171875,0.0010815512582425396,0.006343332500038726
24321,0.19186092298174903,0.0006602628546854606,0.007478814163565492
24322,0.16520268841391095,0.0002942372185647763,0.03450307436752425
24323,0.1908440742570175,0.003135376515864653,0.006020549227117849
24324,0.1777004358224194,0.004232206555437508,0.01806735762214308
24325,0.19502146055535935,0.00024355445147747454,0.004734984993163174
24326,0.11641041163192352,0.00461487200039508,0.07897471636768141
24327,0.19498798544714008,0.0006730159788407209,0.004338998574019192
24328,0.1381217791292449,0.003663212638827127,0.05821500823192795
24329,0.1625807127153439,0.015546420909425993,0.02187286637523009
24330,0.14695212823261686,0.004499562418214002,0.048548309349169136
24331,0.18843868073053732,0.0011707336375913985,0.010390585631871296
24332,0.17494110102447544,0.0001874416177472636,0.024871457357777314
24333,0.1507311794849956,0.019024797562149105,0.03024402295285527
24334,0.16610307726034038,0.002191889433576121,0.0317050333060835
24335,0.18990886154116374,0.0013268488192377354,0.008764289639598553
24336,0.18957620231489986,0.0007885868016290782,0.00963521088347107
24337,0.1982723332621354,0.00022765119282061423,0.0015000155450439758
24338,0.19090558261887797,0.0007291524165786265,0.008365264964543397
24339,0.13933833295280956,0.0015522350994087433,0.05910943194778171
24340,0.1937883676241608,0.0001981179677436667,0.006013514408095537
24341,0.017000171134543187,0.0009973014265640594,0.18200252743889275
24342,0.10708986728006395,0.007929944683378178,0.08498018803655785
24343,0.09567684594089551,0.007051799363127528,0.09727135469597697
24344,0.031000258869130586,0.0014712255176294704,0.16752851561323995
24345,0.0028642593311891387,0.00014908527045235135,0.19698665539835852
24346,0.0022194917786185235,0.0007317564032722492,0.19704875181810924
24347,0.18706065069259042,0.0013264592607830478,0.011612890046626525
24348,0.1278748960120777,0.01882468574578498,0.05330041824213734
24349,0.19620810238498668,0.0008296033347373808,0.002962294280275915
24350,0.050345378511165176,0.006301262771410245,0.14335335871742458
24351,0.14206108292454195,0.0029998459163860227,0.05493907115907204
24352,0.19110333854744097,0.0001750857596554095,0.008721575692903607
24353,0.1887626232471588,0.0019143953718162052,0.009322981381025
24354,0.004049456614640552,0.00025414321051223635,0.19569640017484724
24355,0.19383646806137594,0.0031091344108109603,0.003054397527813085
24356,0.003700977264154308,0.000398623953014423,0.19590039878283128
24357,0.18483931193272019,0.0006351095893299476,0.014525578477949894
24358,0.0010469960531495777,0.0004451550139857069,0.19850784893286472
24359,0.16843159765132193,0.0020001428664265406,0.029568259482251565
24360,0.18987851435135655,0.00413058358030114,0.005990902068342329
24361,0.1436325902476288,0.02203656541773151,0.03433084433463967
24362,0.18395523816990283,0.0016900048930692743,0.014354756937027927
24363,0.19347286484883683,0.004641931541826632,0.0018852036093365352
24364,0.19040743539195995,0.0005883774144216782,0.009004187193618372
24365,0.1850652752572687,0.0008015388115218903,0.014133185931209375
24366,0.12147309202088126,0.009275033708237885,0.06925187427088086
24367,0.07643567080274222,0.004430578406529621,0.11913375079072815
24368,0.06338344999808489,0.11647643210170522,0.020140117900209906
24369,0.1536811682187588,0.002017958045222831,0.04430087373601836
24370,0.15644689885623728,0.004277932993761777,0.03927516815000094
24371,0.19887481752265482,0.00028936607302641976,0.0008358164043187663
24372,0.0009581458318680704,0.00029749592362806004,0.19874435824450387
24373,0.19005800266380107,0.0007900678330326469,0.009151929503166253
24374,0.177728395662126,0.0010798558449251875,0.021191748492948855
24375,0.13939608789861335,0.003488217811719424,0.05711569428966723
24376,0.19255655851537273,0.003583275733564781,0.003860165751062513
24377,0.175116485077211,0.001600509265712918,0.023283005657076094
24378,0.18843180984527524,0.002248286582274326,0.009319903572450446
24379,0.0486452742487941,0.000741489620782491,0.15061323613042343
24380,0.18104527424666556,0.0014217588787330967,0.017532966874601312
24381,0.18745116212156415,0.0010856593123361273,0.011463178566099696
24382,0.14515256801026394,0.0028085361797866655,0.05203889580994943
24383,0.19346075485926148,0.0005717431210425775,0.005967502019695917
24384,0.19470313416274151,9.353758731774925e-05,0.005203328249940728
24385,0.19481580119045697,0.0011546703998073415,0.004029528409735717
24386,0.13634714682418508,0.006609971229165694,0.057042881946649235
24387,0.19801090400087423,0.000794136597962614,0.0011949594011631758
24388,0.011618525590406787,0.005769616467189946,0.18261185794240326
24389,0.012116046243046252,0.0002723913696905248,0.1876115623872632
24390,0.014735780028090631,0.00395875101542092,0.18130546895648844
24391,0.0014366196174773393,0.0021883460158534556,0.1963750343666692
24392,0.157719844406038,0.0011816404870994824,0.041098515106862486
24393,0.18161259400936713,0.0008046977462013358,0.017582708244431547
24394,0.19618696572699848,0.0003918288512606275,0.0034212054217408853
24395,0.1660171571202269,0.004052097585308162,0.02993074529446495
24396,0.09302200517012996,0.00030882966692720313,0.10666916516294286
24397,0.09475529872204198,0.0032193803759861506,0.10202532090197187
24398,0.19506583984223824,0.00023043567134777625,0.0047037244864140005
24399,0.0014095203874204395,0.0005114936999129325,0.19807898591266665
24400,0.18726068557205844,0.0017351135376267493,0.011004200890314812
24401,0.1859684921468154,0.0018840696450475498,0.012147438208137028
24402,0.18882366509793078,0.0010814697186777257,0.01009486518339151
24403,0.1838944724047094,0.0003525746958395465,0.01575295289945109
24404,0.002810175734497671,0.0024946511465766237,0.19469517311892573
24405,0.09143718095484757,0.062498959595803774,0.046063859449348654
24406,0.16010023967339637,0.0005747638215084954,0.039324996505095126
24407,0.07093586628215962,0.01505795906181095,0.11400617465602944
24408,0.17345958613598417,0.003335745094934952,0.023204668769080894
24409,0.16848990292803476,0.0006564779874155084,0.030853619084549748
24410,0.19381538140260807,0.0005036563378755467,0.005680962259516411
24411,0.10891188933035305,0.014074495226653244,0.0770136154429937
24412,0.1906670334382862,0.001877967965677491,0.007454998596036308
24413,0.03348186847921864,0.004762530442004461,0.1617556010787769
24414,0.10043257267393021,0.0641678682706847,0.03539955905538507
24415,0.1875613637406231,0.0009091133237187705,0.011529522935658128
24416,0.17641207642960072,0.005058779413155771,0.018529144157243507
24417,0.19437405358934542,0.0006342102398372916,0.004991736170817294
24418,0.19696421071592865,0.00048599635890462443,0.0025497929251667123
24419,0.1911869021205855,0.0009322150642009606,0.007880882815213545
24420,0.13792711225619453,0.0005309203598931031,0.0615419673839124
24421,0.04229846355287489,0.0106168783393182,0.14708465810780688
24422,0.19235990022589705,0.001101358256301784,0.006538741517801133
24423,0.18073235682589056,0.003048272906754649,0.016219370267354805
24424,0.18901619664632147,0.0010793639317181857,0.009904439421960388
24425,0.16967468659016005,0.0014705332553372383,0.028854780154502695
24426,0.1911669751129566,0.0029550313867684865,0.005877993500274908
24427,0.024535944432245178,0.0011332829778249662,0.17433077258992985
24428,0.09598975708646854,0.006503692385893501,0.09750655052763797
24429,0.19047351084120032,0.0011229203184774197,0.008403568840322277
24430,0.19559804224249566,0.0013336946425986731,0.0030682631149056665
24431,0.07467208565771902,0.024194366948085976,0.10113354739419503
24432,0.1901691997628832,0.001781585483588034,0.00804921475352877
24433,0.0009461509093850004,0.0005250922079436812,0.1985287568826713
24434,0.19838491604416308,0.00010539155974280788,0.0015096923960941015
24435,0.19260326219996152,0.00046512323023719694,0.006931614569801278
24436,0.1137446095084399,0.004845711023815009,0.0814096794677451
24437,0.1939551357056558,0.00044609303679655506,0.0055987712575475985
24438,0.02717957411520373,0.002688928222490873,0.17013149766230537
24439,0.037159730995569525,0.003375246338359384,0.15946502266607113
24440,0.19392742159545243,0.0008712430107699407,0.005201335393777614
24441,0.19716830072145689,0.00013466813457465733,0.0026970311439684564
24442,0.17097037154929878,0.0022648770946031996,0.026764751356097998
24443,0.017032681467543748,0.0006186988846940952,0.18234861964776217
24444,0.13641209769346638,0.024089918235672622,0.039497984070860984
24445,0.17948029103319835,0.011963847904464755,0.008555861062336877
24446,0.1960148559556486,0.0016392135205654424,0.0023459305237859673
24447,0.18560897049230846,0.0011399009085200226,0.013251128599171528
24448,0.02480993986174337,0.005162769948015689,0.17002729019024096
24449,0.19176563068957547,0.00022042815833500694,0.008013941152089525
24450,0.18304377580374437,0.009399156484211354,0.007557067712044271
24451,0.0026197244735085687,0.0063889132526546155,0.19099136227383684
24452,0.1629295844385547,0.0012174181354550082,0.03585299742599028
24453,0.0012953440110559642,0.000492336256908198,0.19821231973203585
24454,0.052410626451338614,0.001986761691825103,0.1456026118568363
24455,0.05712112019091643,0.0022766334937443264,0.14060224631533924
24456,0.17364446695602218,0.0059481258089459,0.02040740723503189
24457,0.07544507095071772,0.0008920000758711338,0.12366292897341113
24458,0.19758100408838405,0.0001745882191497965,0.002244407692466103
24459,0.06893011423428932,0.002981430798117306,0.12808845496759336
24460,0.19713029141101607,0.00022736633867775376,0.0026423422503061914
24461,0.10366273480482469,0.004264602215466714,0.0920726629797086
24462,0.14178957277758034,0.009566448159716285,0.048643979062703374
24463,0.006454535776477236,0.0023182696479412484,0.19122719457558152
24464,0.11862539461067875,0.00927880048639058,0.07209580490293066
24465,0.19303666339590334,0.000972730847397361,0.005990605756699309
24466,0.08948279446100692,0.008412806603795366,0.10210439893519771
24467,0.007102950943086284,0.00019217214324713974,0.19270487691366658
24468,0.1944521039832119,0.0029287315528293426,0.002619164463958744
24469,0.005292502229165569,0.00027745937625293736,0.19443003839458148
24470,0.054622522825185614,0.013531992137416802,0.1318454850373976
24471,0.1907652153371197,0.003013564999264242,0.006221219663616063
24472,0.18714089593299468,0.0017847326450144598,0.011074371421990836
24473,0.05938756639501055,0.0764300124723053,0.06418242113268416
24474,0.1977263883623776,0.00011533678247118955,0.0021582748551511838
24475,0.15940947431137814,0.005140367951056494,0.035450157737565394
24476,0.19712367774663564,0.0005062758328917821,0.0023700464204725958
24477,0.02426574012727737,0.0003543538836658679,0.17537990598905676
24478,0.17649226002299714,0.0012478816150020555,0.022259858362000826
24479,0.06609946393802422,0.0012683875806751238,0.13263214848130062
24480,0.18265637804021703,0.0009569492359856552,0.016386672723797274
24481,0.032569718405784494,0.005977747086950721,0.16145253450726477
24482,0.0985430698734882,0.023532424289692898,0.0779245058368189
24483,0.0008334561348253498,0.0007940974741410563,0.19837244639103363
24484,0.006686191904540312,0.003385059118215254,0.18992874897724443
24485,0.08824715222971537,0.006104007862826771,0.10564883990745788
24486,0.17342076017816566,0.0010796884548694482,0.025499551366964922
24487,0.19696844866082203,0.002317948467266351,0.0007136028719116387
24488,0.056780816978136396,0.010179600749647601,0.13303958227221602
24489,0.1020826943763922,0.01302118687561655,0.08489611874799126
24490,0.1873939752503584,0.0010496790727611864,0.01155634567688041
24491,0.14328700994316584,0.0031713801172114564,0.05354160993962269
24492,0.008164341588642144,0.0013571019140370911,0.19047855649732076
24493,0.18501976136014947,0.00122499544048016,0.013755243199370343
24494,0.1502119508045457,0.0016386584548062234,0.04814939074064811
24495,0.19670094197060156,0.0002821353815808237,0.0030169226478176346
24496,0.163002559445264,0.0049281397021406995,0.03206930085259531
24497,0.04060230254245857,0.011047016439601539,0.14835068101793988
24498,0.17855691893552642,0.0008755929172336453,0.020567488147239955
24499,0.18415603096939331,0.0013594587129917965,0.014484510317614894
24500,0.0012371525636427965,0.0002902156134088376,0.1984726318229484
24501,0.16814980815408329,0.00016201773150843662,0.031688174114408295
24502,0.002037250972784671,0.00025471324015009734,0.19770803578706525
24503,0.09448855828328627,0.0035558858999286047,0.10195555581678513
24504,0.1965395743191625,0.00018035151342651274,0.003280074167410992
24505,0.18232808175193854,0.0027059631700553865,0.01496595507800609
24506,0.19644108599791005,0.0006912967295728777,0.0028676172725170535
24507,0.0009016033909197642,0.0004191576454263579,0.19867923896365386
24508,0.19337060697486821,0.0011604003751763763,0.0054689926499554104
24509,0.1794482141179533,0.0011258956944233541,0.01942589018762333
24510,0.16927783236371538,0.0003101441657243301,0.030412023470560275
24511,0.18694861927476128,0.00035203980332667467,0.012699340921912083
24512,0.1971385801589566,0.0009768254846634163,0.001884594356379992
24513,0.0015217346569033272,0.0008675374906048774,0.1976107278524918
24514,0.13881261548982166,0.015720666038158082,0.045466718472020266
24515,0.1831271310581663,0.005820062886013477,0.011052806055820232
24516,0.19226915773450023,0.0009396495862509753,0.006791192679248791
24517,0.192427866272678,0.001992418395649961,0.005579715331672063
24518,0.16022318804825092,0.001894393518999159,0.037882418432749934
24519,0.08319373880151403,0.00019776022400185196,0.1166085009744841
24520,0.18993287180613966,0.0012956796278846153,0.008771448565975755
24521,0.14941031600443155,0.02056741102639744,0.030022272969171003
24522,0.1886279944902476,0.0011524065151284702,0.010219598994623907
24523,0.1943921945568609,0.0009221165849776902,0.004685688858161381
24524,0.18586523448033582,0.0009336653361263407,0.013201100183537831
24525,0.0019115465646275035,0.002682864590711371,0.19540558884466114
24526,0.19567746020594068,0.0014200647133716768,0.002902475080687607
24527,0.07337913875906026,0.006250343203978885,0.12037051803696086
24528,0.0027643041058915303,0.000134718133503981,0.19710097776060448
24529,0.10560769288092395,0.029460432914174484,0.06493187420490157
24530,0.07639659052280137,0.0007882380839018257,0.12281517139329681
24531,0.18548580423388705,0.001709758862437324,0.0128044369036756
24532,0.18914348971347741,0.000330977931939148,0.01052553235458345
24533,0.18358169526244006,0.005151600664965296,0.01126670407259464
24534,0.19566103038309632,0.0001692217804184533,0.004169747836485223
24535,0.028335401639190783,0.0012110048923183764,0.17045359346849082
24536,0.0008810212327060791,0.00011249733845623066,0.19900648142883767
24537,0.18712259551982707,0.0015488022282299336,0.011328602251942993
24538,0.17766818479202082,0.0017825852730296722,0.020549229934949502
24539,0.15391907528985008,0.0008081307643625236,0.0452727939457874
24540,0.07423300256186383,0.0015476943411834516,0.12421930309695275
24541,0.00510250507840262,0.00024581436784472876,0.19465168055375265
24542,0.1846605824365381,0.0007525776115102653,0.014586839951951602
24543,0.18844753771331652,0.0005434367766339024,0.011009025510049581
24544,0.19375028107348663,0.000612226606917347,0.005637492319596042
24545,0.06502871115358957,0.002254329110895005,0.1327169597355154
24546,0.1365817037337269,0.005905552357591888,0.057512743908681184
24547,0.14850344725896267,0.00010913048019564904,0.05138742226084168
24548,0.19660361360256823,0.0001562911167136895,0.0032400952807180826
24549,0.015997474910153194,0.0016102432239877326,0.18239228186585904
24550,0.10512494515191625,0.004779383158381869,0.09009567168970188
24551,0.1949660062637745,0.00020815201958338225,0.004825841716642129
24552,0.13136193886567635,0.002241645547319104,0.06639641558700453
24553,0.1903183708031097,0.0026600377525713716,0.007021591444318918
24554,0.11626158680804413,0.002282507562255982,0.08145590562969991
24555,0.17020186273871085,0.019438119281117838,0.010360017980171311
24556,0.19628912832628195,0.0007749343627667918,0.002935937310951274
24557,0.19195215780917702,0.0014034974942250236,0.006644344696597972
24558,0.1930235551844991,0.0022914871282336434,0.004684957687267286
24559,0.18753941659084472,0.0001155463225262687,0.012345037086629037
24560,0.18899482284137142,0.0008915163589015467,0.010113660799727007
24561,0.1859513077109104,0.007341887650475634,0.006706804638613983
24562,0.09868912734972478,0.004025476201913857,0.09728539644836136
24563,0.08282557829032518,0.004619682989600794,0.11255473872007404
24564,0.17371771983894174,0.0029981569640186003,0.023284123197039652
24565,0.19221937165996628,0.0008129989009339039,0.006967629439099797
24566,0.19204127827180337,0.0019409168018124224,0.00601780492638423
24567,0.1937996508375816,0.0010388706186930607,0.005161478543725343
24568,0.18982972004449158,0.0008876183269010898,0.009282661628607351
24569,0.18213843418664455,0.0032271047585415063,0.014634461054813952
24570,0.1892315817138907,0.00034196513081623237,0.010426453155293041
24571,0.17098436436063788,0.0008438816436839731,0.028171753995678117
24572,0.09024432977938827,0.0015038214270789254,0.10825184879353278
24573,0.18307725858064458,0.002401159941211713,0.0145215814781437
24574,0.1913292480842107,0.0024054186888137637,0.00626533322697552
24575,0.1956957370883536,0.0004284278015308617,0.0038758351101155003
24576,0.19580425638957694,0.0012757639709507394,0.0029199796394723406
24577,0.1954577348067783,0.0011173720417438848,0.0034248931514778355
24578,0.012373356045825342,0.008520515297287472,0.1791061286568872
24579,0.14634596467056607,0.004797638826430487,0.048856396503003476
24580,0.19420388097456615,0.0019387972689217316,0.0038573217565121367
24581,0.16296751936351378,0.002791107686395411,0.03424137295009082
24582,0.007930052799466654,0.051848424564057326,0.14022152263647603
24583,0.15929131499282229,0.009474270490826666,0.031234414516351033
24584,0.13004444635371804,0.010326419745542598,0.05962913390073936
24585,0.045852158519108746,0.004254441685717933,0.14989339979517333
24586,0.17028871630449188,0.0016121900936284916,0.02809909360187961
24587,0.007801764712716136,0.0017375830629231006,0.19046065222436076
24588,0.050649752626990285,0.008154207237634813,0.1411960401353749
24589,0.13926514375820517,0.00030967798495744347,0.06042517825683735
24590,0.06297334033953891,0.0006884162731690642,0.136338243387292
24591,0.17030885773822793,0.0037776127696198406,0.02591352949215222
24592,0.17797281671640158,0.0015215537116721994,0.020505629571926226
24593,0.0072179932709313275,0.0004475611429533073,0.1923344455861154
24594,0.18027414275311937,0.00020182865612170545,0.019524028590758937
24595,0.18878990439286686,0.0007920598686178294,0.010418035738515309
24596,0.18159651256057058,0.00030223020406873783,0.01810125723536067
24597,0.012595250266116931,0.0017470593559341205,0.18565769037794894
24598,0.12022424653190741,0.006713285961479962,0.0730624675066126
24599,0.1068043774448854,0.08044471420414533,0.012750908350969273
24600,0.16712630836779427,0.0021184416042977095,0.03075525002790801
24601,0.03618889869762163,0.007105972864269365,0.156705128438109
24602,0.1884956099532495,0.0004606252586003568,0.011043764788150166
24603,0.032589337557829404,0.02404265379013732,0.14336800865203325
24604,0.1744518699676385,0.006879092829674994,0.01866903720268654
24605,0.13973082658256583,0.00163960374967,0.05862956966776417
24606,0.1818192114768367,0.0017871510702988137,0.016393637452864516
24607,0.134161683252096,0.008874120446700922,0.056964196301203085
24608,0.19621511074992654,0.0004681672269065982,0.0033167220231668827
24609,0.17939575691399026,0.0011313952829867396,0.019472847803022993
24610,0.16870426043638823,0.00138619709192083,0.02990954247169094
24611,0.014371298976896893,0.0022231738019550264,0.18340552722114806
24612,0.17902896811385294,0.001245311987691495,0.019725719898455566
24613,0.06141351444925138,0.006186168863433701,0.13240031668731492
24614,0.19010712182936568,0.006160840160557023,0.0037320380100772585
24615,0.13509184171300198,0.025948279394948114,0.038959878892049896
24616,0.004355395541817079,0.0012789948969333833,0.19436560956124954
24617,0.19580193553827135,0.000424693849291164,0.0037733706124374764
24618,0.19561263217013652,0.0019892806643422973,0.0023980871655211403
24619,0.19220280297817396,0.001026429713771203,0.006770767308054856
24620,0.18411714541045704,0.004235975670504815,0.011646878919038177
24621,0.11967595471779031,0.0024684970056016364,0.07785554827660804
24622,0.17402201061412503,0.01650693988974039,0.009471049496134564
24623,0.18333154795811996,0.008357760080577219,0.008310691961302819
24624,0.19211127018287572,0.0012983122351927447,0.006590417581931546
24625,0.17028115564156127,0.010913496495676713,0.01880534786276205
24626,0.15754053601905543,0.001974104086692355,0.040485359894252185
24627,0.12156188640198433,0.02402287566766357,0.0544152379303521
24628,0.1853487975245687,0.003370005623170478,0.011281196852260835
24629,0.17000874891291118,0.0025262663629547783,0.027464984724134035
24630,0.13029267066845474,0.013149474780614682,0.05655785455093058
24631,0.012677528381774253,0.02070736856541961,0.16661510305280616
24632,0.001796377897631201,6.712928891349762e-05,0.1981364928134553
24633,0.02730684123374578,0.0007779802277432616,0.17191517853851096
24634,0.1347308781903834,0.004293632280327362,0.060975489529289204
24635,0.17467288786258534,0.0010250774431415717,0.024302034694273084
24636,0.1935915820003233,0.00340570805651502,0.0030027099431616713
24637,0.1942215293489576,0.00024492026935255527,0.005533550381689878
24638,0.18944658766458752,0.001099786984737263,0.00945362535067522
24639,0.19548946791951596,0.0003218528776070503,0.004188679202876975
24640,0.03295932092915117,0.0009792510435472023,0.16606142802730162
24641,0.13289958486457182,0.0033107015620174873,0.0637897135734107
24642,0.19566743569210993,0.0005877847932246192,0.003744779514665438
24643,0.04740025173550208,0.001393910602879122,0.15120583766161882
24644,0.17231583589871347,0.003010230584962723,0.024673933516323802
24645,0.06474070506657738,0.009676666642778919,0.1255826282906437
24646,0.19309017536632855,0.003942453404057622,0.0029673712296138482
24647,0.19404318112704114,0.0015989655605806214,0.004357853312378255
24648,0.19415974844426698,0.00022817248107304691,0.005612079074659978
24649,0.12472266670944065,0.00044683822175272585,0.0748304950688066
24650,0.13795049657022845,0.01858750348388662,0.04346199994588493
24651,0.18886687822197973,0.001209749402280288,0.009923372375739982
24652,0.18177084556134132,0.0013455943433971296,0.016883560095261513
24653,0.03684784283599113,0.00279491412290822,0.16035724304110063
24654,0.1970506866793982,0.00018350166854539738,0.0027658116520564023
24655,0.004654925500250024,0.00033030461777670665,0.19501476988197328
24656,0.19447327386983299,0.003343655299460579,0.002183070830706432
24657,0.004024000796994096,0.0006533869672198909,0.195322612235786
24658,0.10303445918095008,0.0012667469354674982,0.09569879388358242
24659,0.004069953777521982,0.00020303866600542394,0.1957270075564726
24660,0.1824860222074686,0.00105666440223474,0.016457313390296647
24661,0.19255140955397182,0.001317428934903392,0.006131161511124794
24662,0.1902361796797512,0.0010238851787607818,0.00873993514148803
24663,0.17612081303046162,0.0017402693779913349,0.02213891759154703
24664,0.19005128310250985,0.0005014162609541187,0.009447300636536055
24665,0.09398772801657683,0.06469576500091348,0.04131650698250972
24666,0.08575046728577088,0.000714090226013795,0.11353544248821534
24667,0.0014988790559187296,0.0004621372880437184,0.19803898365603756
24668,0.15515873923659107,0.004172707515681903,0.04066855324772704
24669,0.17780056575741626,0.002170030018124409,0.02002940422445936
24670,0.19276691547220698,0.004257245836632094,0.0029758386911609164
24671,0.014335752638858612,0.00031203475131311306,0.18535221260982826
24672,0.17112262482341312,0.0026753935125567916,0.026201981664030066
24673,0.1913662634213849,0.002770095781720042,0.005863640796895047
24674,0.19195002128379968,0.0008601856356498556,0.007189793080550459
24675,0.18614906174816664,0.005957516383899689,0.007893421867933667
24676,0.17960859364084286,0.0001236328515849439,0.020267773507572154
24677,0.0711423671604185,0.006602171415846974,0.12225546142373453
24678,0.19459730821356197,0.0014262183500894157,0.003976473436348603
24679,0.19176441069624042,0.0008818162344548863,0.0073537730693046975
24680,0.1009827127901973,0.0005907085437564342,0.09842657866604627
24681,0.15696091080466482,0.0021673465009502692,0.04087174269438493
24682,0.0651057116792806,0.0005075743103598999,0.13438671401035948
24683,0.19255167138840143,0.0005975414834977679,0.006850787128100821
24684,0.16401366549381932,0.0012739871992759476,0.0347123473069047
24685,0.19529222650663064,0.0027449288864210388,0.001962844606948325
24686,0.17368641538950536,0.0011957492632309603,0.025117835347263688
24687,0.0071901854079289606,0.0008526364016054942,0.19195717819046554
24688,0.18162747065478183,0.0009793706734263522,0.017393158671791815
24689,0.0023242839729482366,0.0005482292622225914,0.19712748676482916
24690,0.147837154881342,0.0022742585264587598,0.04988858659219925
24691,0.19567692178550405,0.00017766481335179966,0.0041454134011441775
24692,0.0010728899990284078,0.0002419296464112787,0.19868518035456031
24693,0.19543403683676935,0.002768235180589822,0.001797727982640842
24694,0.19057051083026116,0.006399313362959279,0.0030301758067795568
24695,0.19474802920635448,0.0004397104497625098,0.004812260343883001
24696,0.027862751316785877,0.010824470527638751,0.16131277815557538
24697,0.018924996500973703,0.0025048675751311988,0.1785701359238951
24698,0.10125174589729699,0.004032598458421968,0.09471565564428103
24699,0.17348917774947853,0.0009640518772547435,0.025546770373266702
24700,0.12267786164069668,0.004062408991490055,0.07325972936781325
24701,0.19190006908767082,0.00012841451514668565,0.007971516397182464
24702,0.1968578720571963,0.0005748877981722262,0.0025672401446314814
24703,0.19197457087951741,0.0009520577460281774,0.007073371374454419
24704,0.027137449730107243,0.005785201230014361,0.16707734903987842
24705,0.1900549280425182,0.0007397695113621133,0.009205302446119678
24706,0.1923334363806582,0.0011123561667173367,0.006554207452624463
24707,0.009792740060955003,0.0007806646200747931,0.18942659531897021
24708,0.19130235664959977,0.004820490828971917,0.0038771525214282934
24709,0.07773641668859461,0.0010072965673671,0.12125628674403825
24710,0.004763122282482527,0.000615913409420638,0.1946209643080968
24711,0.1604249206533629,0.017860740901703323,0.021714338444933777
24712,0.024200591911960886,0.00034692994397214286,0.17545247814406698
24713,0.10854106043243768,0.004241929060811818,0.08721701050675049
24714,0.0025990725559965214,0.000803141705685874,0.1965977857383176
24715,0.0022863824794209114,0.0003673071779591039,0.19734631034262
24716,0.10318183737873532,0.002708082188044106,0.09411008043322058
24717,0.15584116809385617,0.02900458777087559,0.015154244135268216
24718,0.19418772760255068,0.0030442676066021884,0.0027680047908471535
24719,0.1961871665950863,0.0023018878218111385,0.001510945583102544
24720,0.061367662096982155,0.00799653989885205,0.13063579800416578
24721,0.1920737139591447,0.0006210438717164452,0.007305242169138855
24722,0.002994949052047752,0.00107014539902071,0.19593490554893153
24723,0.14288851353767743,0.01288589213844273,0.04422559432387986
24724,0.0894237200643005,0.0005182447993028951,0.1100580351363966
24725,0.1382309385249052,0.003366806544211104,0.058402254930883676
24726,0.19746710811224077,0.0008609753050078418,0.0016719165827513733
24727,0.18239211130163607,0.009933071837887237,0.007674816860476695
24728,0.19392383509014263,0.0005070903455060779,0.0055690745643512925
24729,0.18777640025051714,0.0002214665964409376,0.012002133153041925
24730,0.1984860198812865,0.0007540719841308424,0.0007599081345826547
24731,0.1901120389370264,0.0014196276018384644,0.008468333461135109
24732,0.17056167179360507,0.0016018572335374747,0.02783647097285748
24733,0.01036459452952005,0.00022043239444659966,0.18941497307603333
24734,0.1931548413400976,0.0009318596201365789,0.005913299039765807
24735,0.1977186059361519,0.00048074404403685285,0.001800650019811267
24736,0.19814585807677926,0.00023047699500009983,0.0016236649282206385
24737,0.19612226675745054,0.0010103344643654453,0.002867398778184001
24738,0.0033758884224610354,0.0003312226554943427,0.1962928889220446
24739,0.19370190397574644,0.0007477864612132032,0.005550309563040352
24740,0.1509069343567101,0.0027613310806484715,0.046331734562641426
24741,0.17339745498248477,0.013097155874843985,0.013505389142671248
24742,0.0607950133152518,0.0007567082460279855,0.1384482784387202
24743,0.1916072850995893,0.00109139606254794,0.007301318837862751
24744,0.16861656791594432,0.0008724263041882576,0.030511005779867456
24745,0.1465179909057415,0.0058755041097434384,0.047606504984515075
24746,0.16531680197276025,0.0017244184596098846,0.032958779567629895
24747,0.19213646933314094,0.004077125557983087,0.0037864051088759747
24748,0.19712029630060354,0.0006702649181895179,0.0022094387812069244
24749,0.09148677335355741,0.0006304672510934982,0.10788275939534908
24750,0.19389808312899956,0.0007664139079541362,0.0053355029630463065
24751,0.17951240476835142,0.0006591247578819923,0.01982847047376661
24752,0.19837678521583801,9.748593668335994e-05,0.0015257288474786255
24753,0.006503870663128042,0.0028859033628798035,0.19061022597399213
24754,0.0026452541440602243,0.0002901810664386333,0.19706456478950113
24755,0.18684501918926927,0.005265306662389564,0.007889674148341134
24756,0.05911682050791665,0.002107329820875861,0.1387758496712075
24757,0.022670742770898776,0.02383020923590677,0.15349904799319447
24758,0.19837836582980828,0.00024131068102124174,0.0013803234891704946
24759,0.14933470256102832,0.0017734922240199929,0.04889180521495168
24760,0.18863041593734103,0.0005889237536518465,0.010780660309007086
24761,0.07498740728830529,0.013550542111078225,0.11146205060061647
24762,0.14691128607242288,0.00177258485571949,0.05131612907185763
24763,0.1900684611476091,0.0014676411332492562,0.008463897719141618
24764,0.15953733449887095,0.0029161497923224024,0.037546515708806676
24765,0.0755098559608415,0.004673040684253971,0.11981710335490454
24766,0.003970066080372687,0.0004527523575840755,0.19557718156204323
24767,0.1933697649719416,0.0018558961486269392,0.004774338879431434
24768,0.09180103877574139,0.0010565093409454637,0.10714245188331317
24769,0.1823623837106012,0.0018676440759059416,0.015769972213492835
24770,0.193055493579743,0.0012418611851028939,0.0057026452351541515
24771,0.18844400305567094,0.0082409732580806,0.0033150236862484897
24772,0.19441265629539278,0.00032122421643733827,0.0052661194881698705
24773,0.004244905910587756,0.0004192060067935992,0.19533588808261865
24774,0.004638499466523225,0.000659439984433197,0.19470206054904357
24775,0.05450979881321387,0.0018894575939234625,0.14360074359286265
24776,0.0034824125548067442,0.0013595253356708948,0.19515806210952236
24777,0.1401258064939981,0.03216856242810934,0.027705631077892527
24778,0.029811994750255127,0.015477630106496313,0.15471037514324854
24779,0.0775516772853867,0.02271280027557731,0.099735522439036
24780,0.19547064325768762,0.00302618005862121,0.0015031766836911967
24781,0.03689811835893782,0.005685151674500741,0.15741672996656145
24782,0.19346664759718518,0.0001240164519550818,0.0064093359508597
24783,0.19015633443007532,0.0004966124619064768,0.009347053108018201
24784,0.19763569254907312,7.72637040189426e-05,0.002287043746907926
24785,0.19603664480155894,0.0026705338293459033,0.001292821369095142
24786,0.181032889216577,0.004075272611554244,0.014891838171868732
24787,0.012122677485232214,0.01960589532719379,0.168271427187574
24788,0.1888160832947855,0.0026953833979669025,0.008488533307247583
24789,0.19046026885327985,0.0059735165413636205,0.003566214605356507
24790,0.17508809814027138,0.0019509699131436682,0.022960931946584953
24791,0.017387687553829936,0.010378548515898905,0.17223376393027115
24792,0.18656132591872535,0.009145399292380844,0.004293274788893831
24793,0.00021720659077296487,3.901089880063478e-05,0.1997437825104264
24794,0.1334946809679956,0.0015387815302764672,0.06496653750172791
24795,0.13017838970024237,0.0017651795872084442,0.06805643071254917
24796,0.167886483231555,0.009329554056517067,0.02278396271192798
24797,0.09169846767251497,0.0009449895091166915,0.10735654281836834
24798,0.17948089595925748,0.004358873289639887,0.016160230751102643
24799,0.19517848111786046,0.0014678577778624458,0.003353661104277099
24800,0.19311252004618576,0.0004143420434599513,0.006473137910354291
24801,0.1970706439443574,0.00017594505692469092,0.002753410998717924
24802,0.1523083529833624,0.012632016376211743,0.03505963064042585
24803,0.18441811753493198,0.002083669337397698,0.013498213127670317
24804,0.12491252070288059,0.0011919509865556785,0.07389552831056373
24805,0.19374192923286962,0.0009393190271413726,0.005318751739989006
24806,0.19687076073930898,0.0005000839799976589,0.002629155280693353
24807,0.17954175505910083,0.0020889760176204743,0.0183692689232787
24808,0.1841891828820836,0.0011442589795980839,0.014666558138318311
24809,0.18702792496863382,0.0016161437026015694,0.011355931328764605
24810,0.19045386466914577,0.00020135783957804754,0.009344777491276214
24811,0.18977410557351426,0.0015442120925502495,0.00868168233393549
24812,0.06882252192675144,0.11672429011003757,0.014453187963210998
24813,0.009213324210479486,0.00017100974894138332,0.19061566604057917
24814,0.1920765525733267,0.0028066702802205315,0.005116777146452758
24815,0.17579198528815188,0.0028425709950469884,0.02136544371680115
24816,0.19468673590485347,0.0016745332274523583,0.003638730867694163
24817,0.19199548922338844,0.00010936482941513554,0.007895145947196407
24818,0.12140046860887707,0.001403676281361775,0.07719585510976112
24819,0.08045652891099174,0.008012085084295203,0.11153138600471305
24820,0.18211395960550952,0.0005379190900120258,0.017348121304478492
24821,0.18561446298278553,0.0009411618419295633,0.013444375175284911
24822,0.0022011019837050584,0.0005027027434397392,0.19729619527285522
24823,0.12532213627971983,0.018086429428965815,0.05659143429131437
24824,0.040578453960720934,0.003159820976459466,0.1562617250628196
24825,0.18981687526709662,0.0008815388425957651,0.009301585890307565
24826,0.10973304613869858,0.06502752173644191,0.025239432124859518
24827,0.19605811416953708,0.0027244322790093956,0.001217453551453497
24828,0.18063245546319703,0.001085417475655873,0.01828212706114711
24829,0.18533685899069005,0.00031123406328979194,0.014351906946020159
24830,0.14063300462543335,0.009118131331310878,0.05024886404325577
24831,0.1382853688781622,0.0024415927213227474,0.05927303840051503
24832,0.08442186154724049,0.0008349329656919663,0.11474320548706754
24833,0.18465407509470416,0.0009622779543280531,0.014383646950967777
24834,0.14761011460717316,0.002331467209619987,0.05005841818320683
24835,0.19016813359085583,0.0021523501253570194,0.007679516283787155
24836,0.18989216827542957,0.0008481405137025005,0.00925969121086795
24837,0.1939743551477504,0.0004626322761276063,0.005563012576121967
24838,0.1902990823590333,0.0011139130259162158,0.00858700461505046
24839,0.19372162699430254,0.0019008833009335798,0.0043774897047639
24840,0.12257416919556614,0.0051335499496819505,0.07229228085475192
24841,0.1970750002465716,0.0005811161614708486,0.002343883591957556
24842,0.17291535586108348,0.00580487093354216,0.021279773205374337
24843,0.1915560856461938,0.0019122610391307023,0.00653165331467547
24844,0.09609508621440307,0.06501183294572599,0.038893080839870926
24845,0.02694249822916194,0.0008163869988556342,0.17224111477198242
24846,0.08884237967610667,0.002845793560937118,0.10831182676295621
24847,0.19831164330130321,0.00010001723912583208,0.001588339459570981
24848,0.18726030879493344,0.0036779216995637366,0.009061769505502831
24849,0.1768811622713877,0.0027336421631016542,0.020385195565510626
24850,0.18385455899682174,0.010297220495674574,0.005848220507503704
24851,0.19632881750182335,0.0015366457817356624,0.0021345367164409775
24852,0.054533887577030794,0.006855346962346705,0.1386107654606225
24853,0.13409445514956292,0.002041978098140289,0.06386356675229679
24854,0.19519031763586142,0.0005743336576052845,0.004235348706533302
24855,0.1913922257743615,0.0006276258002299595,0.007980148425408572
24856,0.18344287890160307,0.0026282639110695176,0.013928857187327398
24857,0.16453565779434795,0.0018119672579235187,0.033652374947728506
24858,0.032788948052740394,0.00031191981101205885,0.16689913213624757
24859,0.18411264748247655,0.0006402914597159512,0.015247061057807484
24860,0.185005285474091,0.003273457751369607,0.011721256774539368
24861,0.17368994023050738,0.022681881582525952,0.003628178186966675
24862,0.18539175143753722,0.0025118588084606917,0.012096389754002084
24863,0.0024366605746962994,0.0008370045241554659,0.19672633490114824
24864,0.004184785262483431,0.0005637065241110197,0.19525150821340556
24865,0.17904900676420293,0.0008635304092487878,0.020087462826548268
24866,0.003796722784726482,0.00025307510888069896,0.19595020210639283
24867,0.18872123419806122,0.001296366677021246,0.009982399124917518
24868,0.19282188045883766,0.002757092103961082,0.0044210274372013
24869,0.18490268204253238,0.0005432298978690728,0.014554088059598569
24870,0.14494537826411258,0.0021929902928842235,0.05286163144300321
24871,0.19598332822651318,0.000324863514939586,0.0036918082585472205
24872,0.19389889256382534,0.0008691143887060897,0.005231993047468573
24873,0.19605071749859265,0.000601009122628183,0.0033482733787791514
24874,0.09987728787051584,0.016617206266206466,0.08350550586327772
24875,0.17669522342892727,0.0012193642505464069,0.022085412320526302
24876,0.1795436625276123,0.007030484421743545,0.013425853050644134
24877,0.19574307058371765,0.0011149040850180175,0.003142025331264343
24878,0.0017975552630750773,0.005572334994222401,0.1926301097427025
24879,0.14028269130163878,0.03844114752411472,0.021276161174246515
24880,0.19009333957277513,0.0011634905685772123,0.008743169858647653
24881,0.17104041232916928,0.023028937764530598,0.005930649906300154
24882,0.18944475542850475,0.0015122414933867192,0.00904300307810856
24883,0.03512949544364018,0.0013324270295397497,0.1635380775268201
24884,0.09445960123944294,0.0013770558161797888,0.10416334294437726
24885,0.1625676667756585,0.0008803225281730128,0.03655201069616849
24886,0.05606756529298421,0.015070101922816156,0.12886233278419962
24887,0.010786270924488129,0.0006359027577757696,0.1885778263177361
24888,0.004007725116187709,0.0007677213179481895,0.19522455356586413
24889,0.1918752522260871,0.0023169199728408757,0.005807827801072027
24890,0.18352088482909762,0.0008731144631206139,0.015606000707781745
24891,0.05685951246057271,0.003218010309493878,0.1399224772299334
24892,0.1640031112642023,0.002591173907636685,0.03340571482816103
24893,0.0769964014995744,0.0009959108406814676,0.12200768765974412
24894,0.0004360390423436486,0.0003382012485010386,0.19922575970915532
24895,0.14643043581374565,0.008468854342547735,0.04510070984370661
24896,0.1678024522544332,0.002392127393026508,0.02980542035254031
24897,0.049430457443118844,0.015328234246916445,0.1352413083099647
24898,0.006153852688007137,0.0002540449004725308,0.19359210241152033
24899,0.001304573237840365,0.00019406827971722395,0.1985013584824424
24900,0.19346662738376402,0.0029929955232280417,0.0035403770930079307
24901,0.0076796833465997486,0.005896201791689473,0.1864241148617108
24902,0.14640794406799296,0.0008448696354140051,0.05274718629659304
24903,0.18898601540973708,0.006317197406363055,0.004696787183899862
24904,0.06204933508299789,0.0035406756627312727,0.13440998925427083
24905,0.18391068767146024,0.0003074850262288956,0.01578182730231089
24906,0.00019623695259331689,4.894718028043245e-05,0.19975481586712626
24907,0.18484984613254726,0.00816035072016026,0.006989803147292454
24908,0.0619375260942208,0.0019508933394486601,0.13611158056633055
24909,0.18996609786351973,0.000891021569477771,0.009142880567002541
24910,0.1938277155575035,0.0002684102120160567,0.0059038742304804576
24911,0.19234337463916182,0.0019975619778352716,0.005659063383002889
24912,0.19352168807364353,0.0012786048733099777,0.005199707053046449
24913,0.16526703889614475,0.00133630889306703,0.03339665221078819
24914,0.19649662412939733,0.00040766888599380656,0.0030957069846088638
24915,0.19370904219821697,0.0006255933314768087,0.005665364470306192
24916,0.14305561090379015,0.0066474060582662284,0.050296983037943596
24917,0.055019985807214566,0.0033836509922628827,0.14159636320052255
24918,0.16617581214618507,0.019373684066780045,0.014450503787034894
24919,0.07397558159415969,0.015291857289505707,0.11073256111633459
24920,0.18995012866741023,0.0009525288872875697,0.009097342445302187
24921,0.19848895161982172,0.00039377826305524323,0.0011172701171230693
24922,0.026931924118991646,0.0026177711580980824,0.17045030472291028
24923,0.034574230011842406,0.0008088132194346415,0.16461695676872296
24924,0.1380620389679365,0.0003172674098066595,0.061620693622256806
24925,0.058822897035882296,0.0002465268473574939,0.14093057611676021
24926,0.03187752918376366,0.015139424077901064,0.15298304673833527
24927,0.0014109215727331893,0.0017255256421599714,0.19686355278510684
24928,0.18774492740875282,0.0050293050752567205,0.007225767515990458
24929,0.19153112150144722,0.00036943139339369873,0.008099447105159086
24930,0.1106994300190548,0.002080982091989781,0.08721958788895542
24931,0.18735679420528364,0.0020981181579062375,0.010545087636810117
24932,0.05648665366739967,0.0005496777234856213,0.14296366860911472
24933,0.18978586026018487,0.0007819406454049828,0.009432199094410156
24934,0.19721420066013634,9.286360969510175e-05,0.0026929357301685554
24935,0.19726870533993865,0.0002415770932433759,0.0024897175668179613
24936,0.19553164798658068,0.0006330334101575018,0.0038353186032618358
24937,0.1932419297441031,0.0006778912007315752,0.006080179055165356
24938,0.05927576340899706,0.0062927249743900985,0.13443151161661285
24939,0.10144473340718033,0.0014750777596667169,0.09708018883315299
24940,0.1379645828195356,0.002589391548158311,0.05944602563230607
24941,0.002318385678956259,0.00011830336267927646,0.19756331095836446
24942,0.18981784976312624,0.005032452723760146,0.005149697513113622
24943,0.13319338282503332,0.002184605588941414,0.06462201158602525
24944,0.009657620347854123,0.0004704109968870743,0.1898719686552588
24945,0.025037793370935164,0.0012003495294707447,0.17376185709959407
24946,0.19327859990875904,0.0013427085095545379,0.005378691581686402
24947,0.01327947958083996,0.0032892273429440157,0.18343129307621603
24948,0.1815814471353437,0.0018416344047655995,0.01657691845989074
24949,0.1704331530306678,0.00047127974941401165,0.029095567219918222
24950,0.19581370695789255,0.00022326460052431843,0.0039630284415831446
24951,0.10775723073146379,0.010517684683829262,0.08172508458470697
24952,0.07251274531809822,0.0012054113364324082,0.12628184334546938
24953,0.024174703740922312,0.007169130448609962,0.16865616581046775
24954,0.19015328050535243,0.001458387006946177,0.008388332487701405
24955,0.09995819040158868,0.0275050486955061,0.07253676090290521
24956,0.1832431987367473,0.00834626621219879,0.008410535051053884
24957,0.15764187096794893,0.012911434192591697,0.029446694839459366
24958,0.17871447913747507,0.0029179953758619423,0.01836752548666298
24959,0.004462730137775146,0.0003780820680578909,0.19515918779416697
24960,0.03771249613252853,0.0011959522219808258,0.16109155164549063
24961,0.1860185863921961,0.0009617891315077882,0.013019624476296126
24962,0.06945674123740346,0.00993380108465197,0.12060945767794458
24963,0.17765959259494307,0.0005535962861596002,0.021786811118897347
24964,0.04618536984921916,0.0027686076229256366,0.1510460225278552
24965,0.1886705061145187,0.0005280454725829013,0.010801448412898446
24966,0.16285580974478345,0.0005910757214777645,0.03655311453373878
24967,0.018965806235771165,0.00019739755401079872,0.18083679621021806
24968,0.016580954896564585,0.012760318549931126,0.17065872655350428
24969,0.008451202882424305,0.00040271265189525273,0.19114608446568046
24970,0.19676477787395572,0.0008745357831845492,0.002360686342859773
24971,0.1862052315697202,0.0022628659030771315,0.011531902527202693
24972,0.002366996689802463,0.00025345688641493326,0.1973795464237826
24973,0.09517950685934194,0.0007863554011625319,0.10403413773949552
24974,0.1968102003263757,0.00015099381032856785,0.0030388058632957416
24975,0.191004586794576,0.0007540696687334167,0.008241343536690596
24976,0.10431970945203688,0.0004872381523431983,0.09519305239561994
24977,0.19644306366796538,0.0010745311601976309,0.002482405171836969
24978,0.1918248044151831,0.0012785719493899124,0.006896623635426996
24979,0.09368718144816211,0.0018390854598686547,0.10447373309196924
24980,0.17946512342704402,0.003664625618815446,0.016870250954140558
24981,0.1856487948702106,0.0012838952159185046,0.013067309913870909
24982,0.19118636254576518,0.002639468917743523,0.006174168536491277
24983,0.18370285992009008,0.0005591954683808835,0.015737944611529033
24984,0.14924780661562148,0.016942773661391533,0.033809419722986976
24985,0.14942937822772745,0.002251603418400542,0.04831901835387202
24986,0.14651603245991862,0.005549302869454811,0.047934664670626535
24987,0.02514071856962701,0.0003756287534129462,0.17448365267696003
24988,0.19217086953135254,0.0003462732025496285,0.007482857266097838
24989,0.19555576675673986,0.0003088645181070002,0.004135368725153122
24990,0.19624132853011386,0.0001223197908520219,0.003636351679034093
24991,0.055668706046815376,0.0047956667045042705,0.13953562724868035
24992,0.1589934014295331,0.025471468905000287,0.015535129665466585
24993,0.005220696058427146,0.0003065537158365071,0.19447275022573635
24994,0.1828295585801183,0.0012576421090497996,0.01591279931083193
24995,0.16382687155413717,0.002573380235641972,0.03359974821022085
24996,0.18168701142549148,0.00019783934840091077,0.018115149226107574
24997,0.18538480605893343,0.00854370138204386,0.0060714925590227165
24998,0.18726612718065141,0.0007371575997153293,0.011996715219633271
24999,0.1771934355886985,0.0014202654989235613,0.021386298912377925
