id,Status_C,Status_CL,Status_D
15000,0.5507639944553375,0.0009490865049883723,0.4482869282364845
15001,0.9593698084354401,0.0015228513511829078,0.03910731431096792
15002,0.9684603363275528,0.004060242499690503,0.027479414828121662
15003,0.1247575618326664,0.0009057467977982014,0.8743367046117783
15004,0.9806274771690369,0.004905587644316256,0.014466924360021949
15005,0.48625750094652176,0.011709437007084489,0.5020330771803856
15006,0.9711626768112183,0.00625007096095942,0.022587246727198362
15007,0.9617780894041061,0.01862994791008532,0.01959193660877645
15008,0.36344127357006073,0.019556076731532812,0.6170026659965515
15009,0.1118853585794568,0.03847882244735956,0.8496358245611191
15010,0.693685881793499,0.014368566451594234,0.29194554686546326
15011,0.9575043767690659,0.0029713184339925647,0.03952432842925191
15012,0.971146285533905,0.0005152121811988764,0.02833854826167226
15013,0.8741175830364227,0.006406940636225045,0.11947552487254143
15014,0.01969105191528797,0.0023774241853971034,0.9779315143823624
15015,0.015415232861414552,0.01681995438411832,0.96776482462883
15016,0.9727052599191666,0.007950447441544384,0.019344285363331437
15017,0.45798567309975624,0.03170944657176733,0.5103049054741859
15018,0.9147847592830658,0.021802825620397925,0.06341242976486683
15019,0.9810892790555954,0.0007795705678290688,0.01813113666139543
15020,0.0024506575136911124,0.0006920585801708512,0.9968572705984116
15021,0.9721174985170364,0.011286013992503285,0.01659649098291993
15022,0.48858295381069183,0.1025485247373581,0.40886852890253067
15023,0.9679022282361984,0.001620334995095618,0.030477422289550304
15024,0.982658788561821,0.0005440820750663988,0.016797134885564446
15025,0.9736717343330383,0.002902436623116955,0.02342582307755947
15026,0.2978014871478081,0.03561970544978976,0.6665788069367409
15027,0.9412582069635391,0.03257979545742273,0.02616199478507042
15028,0.002918919053627178,0.0005818165009259246,0.9964992702007294
15029,0.17772901989519596,0.1880317274481058,0.6342392563819885
15030,0.9765113592147827,0.01020355150103569,0.013285083696246147
15031,0.9913153797388077,0.001752115844283253,0.006932529620826244
15032,0.9280327260494232,0.00925798516254872,0.06270927749574184
15033,0.7811038047075272,0.029884914634749293,0.18901127204298973
15034,0.37359630316495895,0.02880482468754053,0.5975988805294037
15035,0.5100865215063095,0.017065341118723154,0.4728481397032738
15036,0.9956075996160507,0.00037208243884379044,0.004020295164082199
15037,0.9462826550006866,0.0007554568073828705,0.05296189431101084
15038,0.9474339187145233,0.007250796246808022,0.0453153015114367
15039,0.8639129847288132,0.013270641560666263,0.12281635589897633
15040,0.802979588508606,0.0037920079194009304,0.19322839006781578
15041,0.9706016778945923,0.014140419429168105,0.015257894061505795
15042,0.10734365694224834,0.010950939264148474,0.8817053586244583
15043,0.43487648665905,0.21001552417874336,0.35510798543691635
15044,0.9647652804851532,0.0016300634742947295,0.03360463539138436
15045,0.9885102957487106,0.0006484216519311303,0.010841255425475538
15046,0.15492894314229488,0.0072010408621281385,0.8378700017929077
15047,0.9638782739639282,0.00338848092360422,0.032733254600316286
15048,0.4130624309182167,0.0073847719468176365,0.5795527845621109
15049,0.011189335840754211,0.002427157131023705,0.9863835275173187
15050,0.9732215404510498,0.002794500032905489,0.0239839437417686
15051,0.9735526144504547,0.014298208523541689,0.012149207759648561
15052,0.9603062272071838,0.003403941751457751,0.03628985257819295
15053,0.9662631005048752,0.003139341133646667,0.030597541946917772
15054,0.7045074254274368,0.05643305089324713,0.23905950412154198
15055,0.9961278438568115,0.0004849794859183021,0.0033871792256832123
15056,0.8536932319402695,0.0050933972815983,0.1412133388221264
15057,0.691623330116272,0.016416594153270125,0.29196008294820786
15058,0.43639811873435974,0.15154079347848892,0.41206108033657074
15059,0.8509148210287094,0.00844421557849273,0.14064096100628376
15060,0.974499985575676,0.0016711112693883479,0.023828901583328843
15061,0.9818690866231918,0.004211484658299014,0.013919439632445574
15062,0.9799914658069611,0.0004165901991655119,0.019591954071074724
15063,0.989774689078331,0.0010137634453712963,0.009211560478433967
15064,0.9808654189109802,0.007612128392793238,0.011522455839440227
15065,0.6554461047053337,0.14963400550186634,0.19491988979279995
15066,0.9721073657274246,0.0008388141795876436,0.027053812984377146
15067,0.8067145943641663,0.02565823495388031,0.16762716509401798
15068,0.9451626688241959,0.04249610658735037,0.012341230758465827
15069,0.2203456647694111,0.0627866443246603,0.7168677002191544
15070,0.715882197022438,0.01740802126005292,0.2667097970843315
15071,0.3502734452486038,0.6065073013305664,0.04321925342082977
15072,0.5744917839765549,0.0031623881368432194,0.4223458096385002
15073,0.8648296594619751,0.0028377500420901924,0.13233260065317154
15074,0.9627545028924942,0.008310232777148485,0.028935258742421865
15075,0.4757527709007263,0.12878227047622204,0.3954649567604065
15076,0.4017174541950226,0.008049584343098104,0.5902329683303833
15077,0.456529900431633,0.0050008702382911,0.5384692400693893
15078,0.08878500014543533,0.05275964713655412,0.8584553599357605
15079,0.9937595129013062,0.00040050142706604674,0.005839983816258609
15080,0.016039767302572727,0.0010786736456793733,0.9828815758228302
15081,0.14954886585474014,0.014261489734053612,0.8361896574497223
15082,0.9596023112535477,0.00306386238662526,0.03733379580080509
15083,0.0853308867663145,0.007591182948090136,0.9070779383182526
15084,0.856333002448082,0.03686751704663038,0.10679944884032011
15085,0.9745025187730789,0.007974029402248561,0.017523469170555472
15086,0.884918138384819,0.034867152804508805,0.08021470252424479
15087,0.9825813174247742,0.003080892696743831,0.014337799977511168
15088,0.19838686473667622,0.008853670326061547,0.7927594631910324
15089,0.9838670045137405,0.005407941673183814,0.010725041618570685
15090,0.05799028184264898,0.026048248633742332,0.9159614741802216
15091,0.8064882904291153,0.007406257733236998,0.18610546737909317
15092,0.968652993440628,0.0068955281167291105,0.02445148932747543
15093,0.5276821926236153,0.05477671790868044,0.4175410717725754
15094,0.21774272620677948,0.15479128435254097,0.6274659782648087
15095,0.2668287046253681,0.008499932708218694,0.7246713638305664
15096,0.9393454939126968,0.007273967901710421,0.05338053125888109
15097,0.5231980010867119,0.02712338068522513,0.44967858493328094
15098,0.06264517176896334,0.002949944813735783,0.9344049096107483
15099,0.9802481085062027,0.0003166443420923315,0.019435237161815166
15100,0.8090217411518097,0.16821899451315403,0.022759275510907173
15101,0.010190973989665508,0.0026901671080850065,0.9871188551187515
15102,0.012844419106841087,0.003141755616525188,0.9840138554573059
15103,0.986788347363472,0.0016367362695746124,0.011574939475394785
15104,0.9126744121313095,0.006866127951070666,0.08045944571495056
15105,0.4225965514779091,0.00286874664016068,0.574534684419632
15106,0.8025598078966141,0.007167239557020366,0.19027294591069221
15107,0.966679260134697,0.0005762539112765808,0.03274450218304992
15108,0.8739754408597946,0.014006080804392695,0.11201846972107887
15109,0.7519570589065552,0.01877001952379942,0.22927292436361313
15110,0.9503770917654037,0.00874733051750809,0.04087559459730983
15111,0.939727172255516,0.02066938136704266,0.03960341960191727
15112,0.9392365515232086,0.0035683399182744324,0.057195122353732586
15113,0.4293675944209099,0.009688444552011788,0.5609439611434937
15114,0.8333122283220291,0.06659095082432032,0.10009681899100542
15115,0.841734379529953,0.0022899762261658907,0.155975678935647
15116,0.5884722843766212,0.0018762663239613175,0.4096514508128166
15117,0.9627130329608917,0.005169689771719277,0.0321172745898366
15118,0.9570491164922714,0.0035419801133684814,0.039408881682902575
15119,0.9505090862512589,0.011149401310831308,0.0383415138348937
15120,0.7161615341901779,0.015324490144848824,0.2685139663517475
15121,0.9858124256134033,0.004581987916026264,0.00960562436375767
15122,0.06328556593507528,0.0016742737498134375,0.9350401610136032
15123,0.8503326624631882,0.031053063925355673,0.11861425451934338
15124,0.9885548800230026,0.0014967558963689953,0.009948348859325051
15125,0.9351557344198227,0.004943162901327014,0.059901073575019836
15126,0.7924010008573532,0.0434338073246181,0.1641651801764965
15127,0.8687736839056015,0.0010291115322615951,0.1301971673965454
15128,0.9369457960128784,0.0022880098840687424,0.060766223818063736
15129,0.8116492480039597,0.005578319192864001,0.182772446423769
15130,0.5661041587591171,0.005021735967602581,0.4288741275668144
15131,0.987419843673706,0.0008516579764545895,0.011728486162610352
15132,0.0018920811999123544,0.0021464009187184274,0.9959615021944046
15133,0.0180489937774837,0.0013376347487792373,0.9806133508682251
15134,0.9007489383220673,0.005955820874078199,0.09329526871442795
15135,0.6746695414185524,0.03245982062071562,0.2928706295788288
15136,0.9682857841253281,0.0016049469995778054,0.030109293526038527
15137,0.9094526469707489,0.00924839440267533,0.08129894267767668
15138,0.001973519305465743,0.000525516617926769,0.997500941157341
15139,0.9818669408559799,0.0041797831654548645,0.013953292276710272
15140,0.9837378561496735,0.0029749058303423226,0.013287237146869302
15141,0.8870797753334045,0.017160303541459143,0.0957599151879549
15142,0.9214744716882706,0.06388565618544817,0.014639892615377903
15143,0.9567670226097107,0.005078411020804197,0.03815455874428153
15144,0.07990782149136066,0.003990209545008838,0.9161019623279572
15145,0.9156360030174255,0.005057621048763394,0.07930639293044806
15146,0.004845552030019462,0.0005217713041929528,0.9946326464414597
15147,0.9913858473300934,0.0009137453744187951,0.007700385758653283
15148,0.9614958018064499,0.0025895152939483523,0.03591468185186386
15149,0.9539472162723541,0.0037241330137476325,0.042328677140176296
15150,0.3946198374032974,0.012375575839541852,0.593004584312439
15151,0.81107959151268,0.014569024555385113,0.1743514146655798
15152,0.9570053219795227,0.026828728150576353,0.01616595475934446
15153,0.9560858458280563,0.02094741864129901,0.022966734366491437
15154,0.9709400683641434,0.01193162240087986,0.017128337640315294
15155,0.9251693934202194,0.014765783329494298,0.060064807534217834
15156,0.04911177745088935,0.09255622327327728,0.8583319932222366
15157,0.024583824444562197,0.010826782672666013,0.9645894020795822
15158,0.9742444455623627,0.0026592305657686666,0.02309629670344293
15159,0.9707558900117874,0.00034091163252014667,0.02890321332961321
15160,0.8968546092510223,0.01353215891867876,0.08961324486881495
15161,0.9746572524309158,0.002108597895130515,0.02323413221165538
15162,0.8698018789291382,0.03292737528681755,0.0972707699984312
15163,0.9596392661333084,0.0014733636926393956,0.038887384813278913
15164,0.24684100598096848,0.013102338300086558,0.740056648850441
15165,0.8103331178426743,0.12223882786929607,0.06742807663977146
15166,0.9057914018630981,0.006954207201488316,0.08725439477711916
15167,0.9780077189207077,0.0018687579140532762,0.02012351993471384
15168,0.9338233470916748,0.005407122313044965,0.06076950952410698
15169,0.0028014575655106455,0.0011859066289616749,0.9960126429796219
15170,0.8314255923032761,0.0058640914503484964,0.16271033883094788
15171,0.8858639001846313,0.0445445969235152,0.06959150731563568
15172,0.8791383802890778,0.05320982448756695,0.06765179336071014
15173,0.9490514248609543,0.007984476280398667,0.04296410642564297
15174,0.9461380541324615,0.004609407915268093,0.049252540338784456
15175,0.904999628663063,0.003899297444149852,0.09110105410218239
15176,0.9826000928878784,0.0010981844243360683,0.016301739029586315
15177,0.35236019268631935,0.02040443755686283,0.6272353678941727
15178,0.8409244865179062,0.08628672733902931,0.07278878893703222
15179,0.9725116640329361,0.004966132866684347,0.022522184997797012
15180,0.87773197889328,0.028069160412997007,0.09419886860996485
15181,0.9242019057273865,0.023525996133685112,0.05227211583405733
15182,0.03190757194533944,0.009798186598345637,0.9582942426204681
15183,0.07933979667723179,0.010977591155096889,0.9096826165914536
15184,0.9436679929494858,0.008508340921252966,0.047823678236454725
15185,0.23260019347071648,0.6591402068734169,0.10825958847999573
15186,0.0010041740315500647,0.00025016095059982035,0.9987456202507019
15187,0.5309453085064888,0.16957452706992626,0.2994801588356495
15188,0.9744058698415756,0.0014918234082870185,0.02410227432847023
15189,0.36849040538072586,0.00464617129182443,0.6268634125590324
15190,0.9507701098918915,0.006790723593439907,0.042439138982445
15191,0.17891133204102516,0.010579481720924377,0.8105091750621796
15192,0.9904763400554657,0.0005777641417807899,0.00894591212272644
15193,0.06581129226833582,0.0025251188199035823,0.9316636174917221
15194,0.8018309623003006,0.0047111003659665585,0.19345791637897491
15195,0.9701307117938995,0.004673783027101308,0.025195488007739186
15196,0.989123210310936,0.0021479424322023988,0.008728845277801156
15197,0.6689571291208267,0.21166683919727802,0.11937602609395981
15198,0.016111700097098947,0.0008827489655232057,0.983005553483963
15199,0.9816972017288208,0.0005487974485731684,0.017754003405570984
15200,0.13320748507976532,0.009227764792740345,0.857564777135849
15201,0.9895440191030502,0.0008035039354581386,0.009652467095293105
15202,0.7269641906023026,0.01063649111893028,0.2623993121087551
15203,0.3036844842135906,0.0025582938687875867,0.6937572136521339
15204,0.7068645432591438,0.0065806309576146305,0.28655484691262245
15205,0.08806796930730343,0.12042388878762722,0.7915081083774567
15206,0.9727813601493835,0.002304499997990206,0.02491411892697215
15207,0.9250466972589493,0.05001206323504448,0.02494125021621585
15208,0.9081815928220749,0.014350963290780783,0.07746744249016047
15209,0.025333402678370476,0.002749373175902292,0.9719171822071075
15210,0.3667628690600395,0.0646409229375422,0.5685962215065956
15211,0.9486910402774811,0.019050436094403267,0.03225856181234121
15212,0.8006883412599564,0.046691367868334055,0.15262030251324177
15213,0.39646051824092865,0.002937563869636506,0.6006018966436386
15214,0.5001489818096161,0.029442814528010786,0.47040819376707077
15215,0.6712998375296593,0.030202076071873307,0.29849809035658836
15216,0.9678180366754532,0.010058905929327011,0.02212307509034872
15217,0.9268340915441513,0.02234126441180706,0.05082464776933193
15218,0.7356967777013779,0.01892881526146084,0.2453744187951088
15219,0.8353418111801147,0.010884137358516455,0.1537740658968687
15220,0.8236957788467407,0.010531772393733263,0.16577245108783245
15221,0.8213529884815216,0.026838681427761912,0.1518083531409502
15222,0.9414241462945938,0.0035534720518626273,0.055022353772073984
15223,0.9845767617225647,0.0009780886466614902,0.014445128384977579
15224,0.9905868321657181,0.0029189174238126725,0.006494223140180111
15225,0.9529028534889221,0.004727228078991175,0.04236990865319967
15226,0.9487029910087585,0.008953601121902466,0.04234339017421007
15227,0.20546242594718933,0.0018053207895718515,0.7927322685718536
15228,0.44361574947834015,0.015218551503494382,0.5411656871438026
15229,0.45520713180303574,0.47337062284350395,0.07142223324626684
15230,0.027963374042883515,0.0029521820251829922,0.9690844267606735
15231,0.9454848170280457,0.002512585197109729,0.05200260831043124
15232,0.30640706047415733,0.015626923879608512,0.6779660284519196
15233,0.9523126184940338,0.001910240898723714,0.04577716160565615
15234,0.660948321223259,0.021948073292151093,0.3171035945415497
15235,0.9897013604640961,0.0008590981742599979,0.009439551620744169
15236,0.8147260248661041,0.00612665934022516,0.17914730682969093
15237,0.8596808463335037,0.005882164346985519,0.1344369761645794
15238,0.558460459113121,0.011623761733062565,0.42991578578948975
15239,0.9662193208932877,0.0013302051374921575,0.032450465485453606
15240,0.1270297598093748,0.005900239571928978,0.8670700192451477
15241,0.6659746691584587,0.011317406257148832,0.3227079100906849
15242,0.8506352305412292,0.024804577697068453,0.12456018291413784
15243,0.08400247432291508,0.01378600054886192,0.902211531996727
15244,0.003551576432073489,0.00017603617197892163,0.9962723553180695
15245,0.04143525566905737,0.004605343332514167,0.9539594054222107
15246,0.9519905149936676,0.0025343619199702516,0.045475127175450325
15247,0.4798775464296341,0.4907737970352173,0.02934866165742278
15248,0.4103279784321785,0.014897303190082312,0.5747746899724007
15249,0.9484225064516068,0.0008217441936722025,0.050755771808326244
15250,0.9891674816608429,0.0006522648291138466,0.010180258424952626
15251,0.6163913533091545,0.05397970229387283,0.32962893694639206
15252,0.08572733495384455,0.00834581209346652,0.9059268683195114
15253,0.03340413421392441,0.002947156084701419,0.9636487066745758
15254,0.3812941610813141,0.020724830450490117,0.5979810133576393
15255,0.28274737671017647,0.2525795102119446,0.46467310935258865
15256,0.013480636989697814,0.11274588108062744,0.8737735152244568
15257,0.9499585181474686,0.0017843546665972099,0.04825712088495493
15258,0.8578070402145386,0.019595156190916896,0.12259779311716557
15259,0.5191296488046646,0.005341957148630172,0.47552841156721115
15260,0.8891896456480026,0.0024429069308098406,0.10836744867265224
15261,0.3948434516787529,0.0027929792704526335,0.6023635715246201
15262,0.3762410841882229,0.006963729276321828,0.6167951673269272
15263,0.1398991011083126,0.007708328834269196,0.8523926138877869
15264,0.9620973765850067,0.0005959155096206814,0.037306690122932196
15265,0.055284494534134865,0.04938686965033412,0.8953286111354828
15266,0.3226821906864643,0.0700725824572146,0.6072452440857887
15267,0.8804125189781189,0.01797046372666955,0.10161698050796986
15268,0.00912444933783263,0.007095901295542717,0.983779639005661
15269,0.9690117388963699,0.00846303120488301,0.02252523275092244
15270,0.8397625386714935,0.006501448864582926,0.15373604744672775
15271,0.4532044976949692,0.014219789300113916,0.5325757339596748
15272,0.9855761080980301,0.0016092579462565482,0.012814641697332263
15273,0.9646399766206741,0.0018112794205080718,0.03354873601347208
15274,0.7042176127433777,0.009015430696308613,0.2867669463157654
15275,0.974742129445076,0.0007993857980181929,0.024458527332171798
15276,0.9513058513402939,0.0021992525144014508,0.04649487975984812
15277,0.8994963616132736,0.020345048047602177,0.0801586089655757
15278,0.9870069175958633,0.001968336495338008,0.011024742969311774
15279,0.17739606462419033,0.004418088123202324,0.8181858658790588
15280,0.935544416308403,0.024688912322744727,0.039766681380569935
15281,0.8818940669298172,0.003444795438554138,0.11466111987829208
15282,0.9751746654510498,0.0003151898054056801,0.02451015147380531
15283,0.007079114206135273,0.0018434589583193883,0.9910774230957031
15284,0.3506620079278946,0.013445424498058856,0.6358925923705101
15285,0.9768794029951096,0.0003999727123300545,0.022720632376149297
15286,0.6788484454154968,0.06129782972857356,0.2598537243902683
15287,0.9792894721031189,0.006078322156099603,0.014632212230935693
15288,0.20535465329885483,0.0248272605240345,0.7698181122541428
15289,0.9870742410421371,0.002185656747315079,0.010740122175775468
15290,0.9429094344377518,0.005199369799811393,0.05189120676368475
15291,0.8315517157316208,0.008235241170041263,0.16021303460001945
15292,0.9167534857988358,0.0019135511829517782,0.08133298438042402
15293,0.8998703360557556,0.05721746850758791,0.04291221732273698
15294,0.9412254989147186,0.004886854701908305,0.05388766620308161
15295,0.007551774731837213,0.004196348512778059,0.9882518947124481
15296,0.9781394153833389,0.0006792399581172504,0.021181364776566625
15297,0.4926411956548691,0.050046232994645834,0.45731256902217865
15298,0.2695246525108814,0.002419938231469132,0.728055439889431
15299,0.389465294778347,0.013405131176114082,0.597129575908184
15300,0.9686661213636398,0.003551527945091948,0.027782355435192585
15301,0.19870789162814617,0.014452290488407016,0.7868398278951645
15302,0.951372504234314,0.0059627232840284705,0.04266478819772601
15303,0.7395565211772919,0.0394647023640573,0.2209787704050541
15304,0.6941992193460464,0.02479512384161353,0.2810056507587433
15305,0.9767516702413559,0.01258864370174706,0.01065965835005045
15306,0.07911856658756733,0.01379365916363895,0.9070877581834793
15307,0.18015517480671406,0.15113731753081083,0.6687075048685074
15308,0.9654669612646103,0.002817109751049429,0.03171590715646744
15309,0.9182421416044235,0.007496293750591576,0.07426153682172298
15310,0.9343613237142563,0.01344464544672519,0.052194022573530674
15311,0.2629280239343643,0.039559822995215654,0.6975121647119522
15312,0.8880702406167984,0.005563995509874076,0.1063657496124506
15313,0.5250134319067001,0.005998337233904749,0.46898821741342545
15314,0.6243008449673653,0.20616258680820465,0.16953656263649464
15315,0.003477305406704545,0.0005821980521432124,0.9959405213594437
15316,0.030865914188325405,0.005497870326507837,0.963636189699173
15317,0.26745730265975,0.006133316026534885,0.7264093458652496
15318,0.14535222109407187,0.10508297104388475,0.7495647966861725
15319,0.9506868571043015,0.003049856750294566,0.0462632873095572
15320,0.9837881773710251,0.001398045409587212,0.014813764253631234
15321,0.9543208032846451,0.0004324466208345257,0.04524677386507392
15322,0.9670349657535553,0.0005848954060638789,0.03238017065450549
15323,0.9773907661437988,0.00292921403888613,0.019680006429553032
15324,0.969237431883812,0.008769845007918775,0.0219927248544991
15325,0.01907782698981464,0.018794416449964046,0.962127760052681
15326,0.879971981048584,0.002916632976848632,0.11711136065423489
15327,0.8485533893108368,0.006139167759101838,0.14530745893716812
15328,0.035360186360776424,0.01852891454473138,0.9461109042167664
15329,0.022551014320924878,0.006884992064442486,0.970563992857933
15330,0.0536904470063746,0.032918100245296955,0.9133914262056351
15331,0.7744423896074295,0.015662566060200334,0.20989506505429745
15332,0.02287726546637714,0.0025861010362859815,0.9745366424322128
15333,0.391588781028986,0.003433126606978476,0.6049780920147896
15334,0.8836565762758255,0.014098132029175758,0.1022452712059021
15335,0.9584105312824249,0.006281072739511728,0.0353084378875792
15336,0.410471573472023,0.026211961056105793,0.5633164420723915
15337,0.900717169046402,0.020370467100292444,0.07891232892870903
15338,0.9387649297714233,0.0006438357231672853,0.06059121806174517
15339,0.7708150893449783,0.0012398061953717843,0.2279451098293066
15340,0.9476854354143143,0.0024048137274803594,0.04990975186228752
15341,0.2445675991475582,0.041914055589586496,0.7135183289647102
15342,0.9741692394018173,0.0012715516932075843,0.024559215642511845
15343,0.9581021368503571,0.0007127727076294832,0.041185105219483376
15344,0.9847273826599121,0.0013532719749491662,0.013919382356107235
15345,0.991062805056572,0.001108046606532298,0.007829153793863952
15346,0.18234232254326344,0.039838475873693824,0.7778192162513733
15347,0.9102542400360107,0.010789637453854084,0.07895612996071577
15348,0.9826774448156357,0.000856086247949861,0.016466465080156922
15349,0.8365866392850876,0.06709167640656233,0.09632168803364038
15350,0.880114734172821,0.014378366759046912,0.10550691187381744
15351,0.3784971311688423,0.015656546223908663,0.6058463156223297
15352,0.977908581495285,0.012462743557989597,0.009628641069866717
15353,0.13833650201559067,0.00453482533339411,0.857128694653511
15354,0.005744649795815349,0.001681351670413278,0.9925739765167236
15355,0.12005769275128841,0.06718865968286991,0.8127536624670029
15356,0.9042042642831802,0.01614677457837388,0.07964895199984312
15357,0.8015802204608917,0.0026058316871058196,0.19581389799714088
15358,0.9589970856904984,0.0008889778546290472,0.04011393804103136
15359,0.5706991776823997,0.043213224504143,0.3860875740647316
15360,0.01666784263215959,0.001979189139092341,0.9813529700040817
15361,0.9416474252939224,0.0018318774236831814,0.05652070138603449
15362,0.2534356974065304,0.010119615006260574,0.7364446669816971
15363,0.9734369814395905,0.0028752771322615445,0.023687722627073526
15364,0.9653725624084473,0.014027889352291822,0.020599562907591462
15365,0.9825865775346756,0.0013110765139572322,0.016102354042232037
15366,0.9711167365312576,0.0029161032871343195,0.025967147666960955
15367,0.014370097545906901,0.0032049248984549195,0.9824249893426895
15368,0.8685984313488007,0.005095702828839421,0.126305865123868
15369,0.9780644327402115,0.0012255879628355615,0.02070995862595737
15370,0.043992091435939074,0.003806094726314768,0.9522018432617188
15371,0.015381604665890336,0.003404777467949316,0.9812135994434357
15372,0.22232308238744736,0.0016438534948974848,0.7760330587625504
15373,0.8724839687347412,0.0690030362457037,0.05851299036294222
15374,0.9730906784534454,0.0018864187295548618,0.025022882036864758
15375,0.9673820734024048,0.000616363096924033,0.032001580111682415
15376,0.9811034500598907,0.009241359191946685,0.009655185742303729
15377,0.9912009835243225,0.0004853417121921666,0.008313685306347907
15378,0.0014327736862469465,0.0005911775078857318,0.9979760199785233
15379,0.7570702582597733,0.01700965571217239,0.22592009603977203
15380,0.9158376008272171,0.021482738433405757,0.06267969124019146
15381,0.9542401432991028,0.006886939168907702,0.03887287713587284
15382,0.16764754056930542,0.011744881281629205,0.820607602596283
15383,0.0908751105889678,0.003655366599559784,0.9054694920778275
15384,0.28664542734622955,0.022705156705342233,0.6906494200229645
15385,0.053884529042989016,0.007706631964538246,0.9384088516235352
15386,0.7493630051612854,0.003555616131052375,0.24708135426044464
15387,0.973468005657196,0.002437723640468903,0.024094288237392902
15388,0.9070884138345718,0.004485784040298313,0.08842580951750278
15389,0.07488956954330206,0.03809990966692567,0.8870105147361755
15390,0.9848269522190094,0.007281161844730377,0.007891896297223866
15391,0.7867677062749863,0.0027695056633092463,0.2104627788066864
15392,0.046655043959617615,0.0008387526831938885,0.9525061845779419
15393,0.4834994077682495,0.015869219787418842,0.5006313547492027
15394,0.9116700738668442,0.0013981062365928665,0.08693181723356247
15395,0.9451128393411636,0.002607792725029867,0.05227935779839754
15396,0.9359262734651566,0.0037023109034635127,0.06037141662091017
15397,0.9774168729782104,0.006194452231284231,0.016388680320233107
15398,0.6218680962920189,0.25813188403844833,0.12000004015862942
15399,0.9695016443729401,0.002915929682785645,0.027582438196986914
15400,0.9071495980024338,0.0008559741836506873,0.09199443459510803
15401,0.08862044848501682,0.0037803231389261782,0.9075992554426193
15402,0.9302525520324707,0.006915154604939744,0.06283228751271963
15403,0.8505503088235855,0.012204897997435182,0.13724476099014282
15404,0.9661022275686264,0.009308160282671452,0.024589594919234514
15405,0.27996139973402023,0.008498540730215609,0.7115400731563568
15406,0.15420407243072987,0.041750332806259394,0.8040455877780914
15407,0.012510380009189248,0.001998418098082766,0.9854912161827087
15408,0.9316429644823074,0.005938797374255955,0.06241827178746462
15409,0.9262747764587402,0.0028692994674202055,0.0708559276536107
15410,0.9859111905097961,0.0038478063652291894,0.010241011041216552
15411,0.034526996314525604,0.00652182794874534,0.9589512050151825
15412,0.9728633910417557,0.01322214026004076,0.013914488954469562
15413,0.9781492948532104,0.0013163572002667934,0.02053433284163475
15414,0.04585913894698024,0.01115504774497822,0.9429858177900314
15415,0.8925365507602692,0.054137625731527805,0.05332583095878363
15416,0.8795585632324219,0.012027025921270251,0.10841441713273525
15417,0.6652161255478859,0.0074396084528416395,0.32734425365924835
15418,0.9559998959302902,0.0015520426095463336,0.04244806384667754
15419,0.9834123849868774,0.00017706763901514933,0.016410543816164136
15420,0.9156397134065628,0.002741028612945229,0.08161924034357071
15421,0.9722838997840881,0.0010794733825605363,0.026636632159352303
15422,0.9101892709732056,0.03796761017292738,0.05184310022741556
15423,0.9927745908498764,0.0013955593822174706,0.00582984829088673
15424,0.984353244304657,0.00029392854048637673,0.015352824237197638
15425,0.9590758085250854,0.0026605373714119196,0.038263649214059114
15426,0.9845859110355377,0.0004041688225697726,0.015009916154667735
15427,0.9810789078474045,0.009746452560648322,0.009174645063467324
15428,0.9941412508487701,0.00012350199722277466,0.005735248094424605
15429,0.8024145364761353,0.006901222048327327,0.1906842403113842
15430,0.2930159419775009,0.5752593725919724,0.13172469288110733
15431,0.9773733764886856,0.0008622942914371379,0.021764328004792333
15432,0.9068927317857742,0.005763492197729647,0.08734376914799213
15433,0.19970215111970901,0.006135373550932854,0.7941624671220779
15434,0.9908555299043655,0.001696770079433918,0.00744764506816864
15435,0.5672480687499046,0.05306242126971483,0.3796895034611225
15436,0.056843727827072144,0.007899336866103113,0.9352569282054901
15437,0.7431393712759018,0.0035502462706062943,0.2533103637397289
15438,0.015048358822241426,0.012388798233587295,0.9725628644227982
15439,0.9320165365934372,0.007640214287675917,0.0603432347998023
15440,0.05831972975283861,0.0071705610025674105,0.9345097541809082
15441,0.9785842746496201,0.0008663517801323906,0.02054936741478741
15442,0.007511032919865102,0.0008181261582649313,0.9916708171367645
15443,0.9875228554010391,0.0020237100252415985,0.01045346655882895
15444,0.06917817611247301,0.007306705461815,0.9235151261091232
15445,0.005026391067076474,0.0007676095265196636,0.9942059963941574
15446,0.9619346112012863,0.0165125229395926,0.021552860736846924
15447,0.06819076370447874,0.0050704070017673075,0.9267388582229614
15448,0.6312961876392365,0.0059474644949659705,0.3627563454210758
15449,0.8514745831489563,0.004527231911197305,0.14399817027151585
15450,0.07805838622152805,0.023519329959526658,0.8984222859144211
15451,0.9548227041959763,0.0037680667592212558,0.04140923824161291
15452,0.013038630364462733,0.0036138266150373966,0.9833475202322006
15453,0.01365672517567873,0.0010442511120345443,0.9852990061044693
15454,0.783615842461586,0.01049413625150919,0.2058899998664856
15455,0.9843116700649261,0.0017280933680012822,0.013960219221189618
15456,0.9872762113809586,0.000437430695455987,0.012286334531381726
15457,0.9536200761795044,0.0008346786271431483,0.04554524039849639
15458,0.9891453683376312,0.0017393352900398895,0.009115295484662056
15459,0.971764087677002,0.002426496328553185,0.02580941654741764
15460,0.7653404623270035,0.018583164317533374,0.21607634238898754
15461,0.09746058657765388,0.003918077039998025,0.8986213058233261
15462,0.951488122344017,0.008141893777064979,0.04036996606737375
15463,0.006209581857547164,0.010531269334023818,0.9832591265439987
15464,0.02488549123518169,0.008763208170421422,0.9663513153791428
15465,0.00369151629274711,0.0012612047867150977,0.9950472563505173
15466,0.8453398495912552,0.0032973267370834947,0.1513628102838993
15467,0.008096826961264014,0.0006914779223734513,0.9912116825580597
15468,0.646711677312851,0.016956914914771914,0.3363313861191273
15469,0.9908682852983475,0.0006635111203650013,0.00846819393336773
15470,0.9955774247646332,0.0007287512999027967,0.003693843726068735
15471,0.9054049104452133,0.001583797566127032,0.09301128052175045
15472,0.9412709176540375,0.0006161166456877254,0.05811298079788685
15473,0.9330247789621353,0.0011411576997488737,0.0658340621739626
15474,0.847784161567688,0.01813769922591746,0.13407813757658005
15475,0.5831605866551399,0.01855665259063244,0.3982827663421631
15476,0.9930405616760254,0.0003089277288381709,0.006650538649410009
15477,0.0035599562688730657,0.0010048466065200046,0.9954351782798767
15478,0.7151679545640945,0.10945154912769794,0.17538052797317505
15479,0.4654131829738617,0.0032274264958687127,0.5313593745231628
15480,0.8182085156440735,0.008260344038717449,0.1735311783850193
15481,0.9201453030109406,0.0566417989321053,0.0232129015494138
15482,0.7719837874174118,0.0007404561110888608,0.2272757738828659
15483,0.8021020144224167,0.005049614352174103,0.19284836575388908
15484,0.77662093937397,0.019178035901859403,0.20420102775096893
15485,0.9783132076263428,0.0017108703759731725,0.01997593231499195
15486,0.7984009981155396,0.012668838258832693,0.18893014639616013
15487,0.9184784442186356,0.002514071937184781,0.07900748495012522
15488,0.983839213848114,0.005541342427022755,0.010619428474456072
15489,0.9818660169839859,0.00037240300662233494,0.017761579481884837
15490,0.01025308482348919,0.0023285630450118333,0.9874183982610703
15491,0.9717746526002884,0.0003064581069338601,0.027918862644582987
15492,0.647899903357029,0.0206345752812922,0.3314655125141144
15493,0.989464521408081,0.0009266839479096234,0.009608759894035757
15494,0.07323788478970528,0.001391711542964913,0.9253704100847244
15495,0.43561243265867233,0.01092375221196562,0.5534638315439224
15496,0.7909947782754898,0.009020982077345252,0.19998426362872124
15497,0.8556471914052963,0.09494021534919739,0.04941257741302252
15498,0.9532018154859543,0.0004718940290331375,0.046326272655278444
15499,0.9426673650741577,0.0013222854322521016,0.056010348722338676
15500,0.965038001537323,0.0019506170501699671,0.03301136940717697
15501,0.9805265069007874,0.001550516884890385,0.017922956263646483
15502,0.4058417081832886,0.005213243188336492,0.5889450237154961
15503,0.9565087556838989,0.01853803126141429,0.024953214451670647
15504,0.3305370733141899,0.04246190143749118,0.6270009875297546
15505,0.2758592255413532,0.11564989387989044,0.6084908917546272
15506,0.9685347378253937,0.0032451168226543814,0.028220176929607987
15507,0.7780288308858871,0.0026735054270830005,0.2192976474761963
15508,0.9381269365549088,0.004275835875887424,0.05759723763912916
15509,0.6392808854579926,0.011187595082446933,0.34953150898218155
15510,0.4672536626458168,0.023156517650932074,0.509589821100235
15511,0.98178830742836,0.0015327094151871279,0.016678985208272934
15512,0.018058415967971087,0.010309129836969078,0.9716324210166931
15513,0.6676162481307983,0.04312609042972326,0.28925763070583344
15514,0.9756177365779877,0.0025601607630960643,0.021822114009410143
15515,0.8761103451251984,0.028975144727155566,0.09491450618952513
15516,0.8287514746189117,0.0022168738360051066,0.1690316591411829
15517,0.9931466728448868,0.0022757999831810594,0.004577523446641862
15518,0.8851489871740341,0.023476316826418042,0.09137469436973333
15519,0.936886727809906,0.03196534374728799,0.031147920060902834
15520,0.25983116775751114,0.01636704709380865,0.723801776766777
15521,0.9539098739624023,0.011641895049251616,0.03444824228063226
15522,0.8435258269309998,0.0779819181188941,0.07849221862852573
15523,0.9777146726846695,0.00818485883064568,0.014100494794547558
15524,0.9625097066164017,0.0016594933258602396,0.035830745473504066
15525,0.36018113791942596,0.014789404347538948,0.6250294521450996
15526,0.6290593892335892,0.023308301344513893,0.3476323336362839
15527,0.6364744231104851,0.09537583123892546,0.2681497447192669
15528,0.002177391870645806,0.0006066866480978206,0.9972159117460251
15529,0.9058179706335068,0.01587201515212655,0.07831002678722143
15530,0.012948891962878406,0.003711535900947638,0.9833395928144455
15531,0.029742449522018433,0.007513851160183549,0.9627436846494675
15532,0.9537887424230576,0.0020582217402989045,0.04415304306894541
15533,0.9129521995782852,0.03100439812988043,0.056043398566544056
15534,0.887616440653801,0.00455621094442904,0.10782735981047153
15535,0.9533578753471375,0.011234654812142253,0.03540750127285719
15536,0.9608679413795471,0.0025684496213216335,0.036563615780323744
15537,0.043202812783420086,0.005705588439013809,0.9510916322469711
15538,0.9665248245000839,0.004275665734894574,0.029199546203017235
15539,0.7529061734676361,0.0143271324923262,0.23276669159531593
15540,0.43565406650304794,0.002548553457017988,0.5617973729968071
15541,0.014622698072344065,0.0022055055596865714,0.9831717908382416
15542,0.8234792351722717,0.007381230941973627,0.16913952305912971
15543,0.9898165315389633,0.0013411517429631203,0.008842338691465557
15544,0.828917071223259,0.0027745217084884644,0.1683084275573492
15545,0.8053931146860123,0.012680302606895566,0.18192656710743904
15546,0.9943181872367859,0.0001846987688622903,0.005497110658325255
15547,0.5886286050081253,0.026707954704761505,0.3846634589135647
15548,0.9224645048379898,0.041823748499155045,0.03571174060925841
15549,0.11892026290297508,0.05890093930065632,0.8221787959337234
15550,0.3235062249004841,0.1645748559385538,0.511918917298317
15551,0.001663156901486218,0.00045223426786833443,0.9978846162557602
15552,0.984938308596611,0.007504778681322932,0.007556887459941208
15553,0.0065549107966944575,0.0016284026205539703,0.9918167144060135
15554,0.8225535750389099,0.10910027287900448,0.06834611017256975
15555,0.8048016428947449,0.007563208695501089,0.18763516657054424
15556,0.03777193324640393,0.05382564663887024,0.9084023833274841
15557,0.510189414024353,0.01600729371421039,0.4738032892346382
15558,0.7530797570943832,0.0500921830534935,0.19682808965444565
15559,0.010649903677403927,0.001129525015130639,0.9882205575704575
15560,0.9880417138338089,0.001329745675320737,0.010628563002683222
15561,0.7389634251594543,0.003952946746721864,0.25708362832665443
15562,0.9796433448791504,0.004141888581216335,0.01621475792489946
15563,0.9955375641584396,0.0013248326577013358,0.0031376162078231573
15564,0.7940063625574112,0.015741999726742506,0.1902516596019268
15565,0.024848030880093575,0.0006083529806346633,0.9745436012744904
15566,0.6138722226023674,0.016009228536859155,0.37011855840682983
15567,0.008774881949648261,0.000776735512772575,0.9904483705759048
15568,0.9620055258274078,0.0006659449500148185,0.03732855897396803
15569,0.8511705249547958,0.03225781139917672,0.11657167226076126
15570,0.9761097282171249,0.0017735441506374627,0.022116707172244787
15571,0.9332473129034042,0.004591661621816456,0.0621610376983881
15572,0.40929220989346504,0.07641050592064857,0.514297291636467
15573,0.9408842772245407,0.007359268318396062,0.051756471395492554
15574,0.9646842330694199,0.002632382034789771,0.03268339857459068
15575,0.8971420675516129,0.005382370436564088,0.09747556876391172
15576,0.9844385832548141,0.0008382172090932727,0.014723160420544446
15577,0.9878797382116318,0.0005477033118950203,0.01157250755932182
15578,0.6032423004508018,0.04076272342354059,0.35599496588110924
15579,0.8430436104536057,0.0051558371051214635,0.15180056914687157
15580,0.013677610084414482,0.002075866097584367,0.9842465072870255
15581,0.9385597109794617,0.036194770596921444,0.025245483964681625
15582,0.16469784453511238,0.02556657651439309,0.8097355663776398
15583,0.9649896323680878,0.0026729177043307573,0.032337429001927376
15584,0.958591878414154,0.0011088303435826674,0.04029926657676697
15585,0.9750693589448929,0.004245098010869697,0.02068553795106709
15586,0.7984471768140793,0.12943844310939312,0.07211437169462442
15587,0.7813646495342255,0.007712758088018745,0.21092263236641884
15588,0.8228350281715393,0.020876556169241667,0.15628842450678349
15589,0.9772364497184753,0.008080563973635435,0.014683020301163197
15590,0.06343374028801918,0.003786700894124806,0.9327795654535294
15591,0.01959618623368442,0.001710206997813657,0.9786936044692993
15592,0.9959311187267303,0.0014470823953161016,0.0026218296261504292
15593,0.9812780320644379,0.0018525843624956906,0.016869370825588703
15594,0.28467021882534027,0.025018126354552805,0.6903116628527641
15595,0.9924965500831604,0.0005186481430428103,0.006984851090237498
15596,0.2120923101902008,0.031240960583090782,0.7566667348146439
15597,0.9114466309547424,0.005307025276124477,0.08324635680764914
15598,0.9820317924022675,0.005371290550101548,0.012596898479387164
15599,0.9587242156267166,0.006032391334883869,0.03524337708950043
15600,0.8925227969884872,0.009086630307137966,0.09839057549834251
15601,0.14602447487413883,0.16179229691624641,0.6921832263469696
15602,0.6027858853340149,0.006147841631900519,0.391066275537014
15603,0.4286809116601944,0.0342854936607182,0.5370336174964905
15604,0.9379122406244278,0.002509292302420363,0.059578473679721355
15605,0.8809433281421661,0.005395672284066677,0.1136610135436058
15606,0.9877168983221054,0.0013006302324356511,0.01098250353243202
15607,0.57564277946949,0.014037281274795532,0.410319946706295
15608,0.9458798468112946,0.0029013276798650622,0.05121882073581219
15609,0.7627732455730438,0.049570634961128235,0.18765616044402122
15610,0.8212305307388306,0.0029163021536078304,0.17585317604243755
15611,0.5087471455335617,0.007796473684720695,0.4834563806653023
15612,0.7448859512805939,0.007274811563547701,0.24783924594521523
15613,0.9851033985614777,0.003153962141368538,0.011742618400603533
15614,0.6786752343177795,0.0014736826706212014,0.3198510818183422
15615,0.011090618441812694,0.0029332646226976067,0.9859761148691177
15616,0.9811240881681442,0.00020529625544440933,0.018670603167265654
15617,0.9901424497365952,0.0022626953141298145,0.007594848284497857
15618,0.9541142731904984,0.0017623603052925318,0.0441233697347343
15619,0.8005785048007965,0.015057102544233203,0.18436439707875252
15620,0.01667939848266542,0.005694043356925249,0.9776265174150467
15621,0.6309724003076553,0.05622188188135624,0.3128057159483433
15622,0.9747521281242371,0.0015472268860321492,0.02370063913986087
15623,0.9819535166025162,0.001746294554322958,0.01630020490847528
15624,0.9614119529724121,0.0006015614999341778,0.037986472714692354
15625,0.7987505793571472,0.013660900993272662,0.18758857809007168
15626,0.4900338277220726,0.008205465390346944,0.5017606914043427
15627,0.9884334355592728,0.004303439432987943,0.007263139123097062
15628,0.06092686066403985,0.005971062928438187,0.933102086186409
15629,0.9721697568893433,0.0042625690111890435,0.02356767631135881
15630,0.9797931760549545,0.0017086534753616434,0.018498159712180495
15631,0.00325149271520786,0.0009248845235561021,0.9958236366510391
15632,0.9639384150505066,0.003276335366535932,0.03278522193431854
15633,0.9550610482692719,0.0022077192770666443,0.04273122549057007
15634,0.9872679561376572,0.0011096281377831474,0.011622405610978603
15635,0.7777419835329056,0.0034344885498285294,0.21882354281842709
15636,0.0813602521084249,0.008595547755248845,0.9100441932678223
15637,0.9711589813232422,0.003296756709460169,0.02554424968548119
15638,0.9390650540590286,0.003158714243909344,0.05777621082961559
15639,0.7518322914838791,0.02905920729972422,0.2191084884107113
15640,0.8696531802415848,0.006384282489307225,0.1239625383168459
15641,0.5972604975104332,0.029941773042082787,0.37279772758483887
15642,0.8711193352937698,0.007464149035513401,0.12141652032732964
15643,0.9658756852149963,0.01942723640240729,0.014697097823955119
15644,0.49372680485248566,0.012624435708858073,0.4936487600207329
15645,0.9839254170656204,0.0017909044690895826,0.014283661032095551
15646,0.9045706540346146,0.0035641443682834506,0.09186520799994469
15647,0.9357946217060089,0.006636639009229839,0.0575687438249588
15648,0.977338433265686,0.0022466621303465217,0.0204149114433676
15649,0.934521958231926,0.008496938506141305,0.05698111094534397
15650,0.34379545226693153,0.007073236512951553,0.6491313278675079
15651,0.013408639933913946,0.011789246054831892,0.9748021364212036
15652,0.5422375574707985,0.021777160931378603,0.4359852708876133
15653,0.9502047747373581,0.004502407449763268,0.045292815659195185
15654,0.2942954711616039,0.020698357606306672,0.6850061565637589
15655,0.4813559129834175,0.012921212008222938,0.5057228654623032
15656,0.9804611206054688,0.0022410411620512605,0.017297805519774556
15657,0.969388484954834,0.0018384694121778011,0.02877304796129465
15658,0.9599728286266327,0.0012314444757066667,0.038795772939920425
15659,0.2852893993258476,0.006051290314644575,0.7086593359708786
15660,0.7596396207809448,0.02150862687267363,0.21885176748037338
15661,0.9274905323982239,0.007959831855259836,0.06454960815608501
15662,0.985145092010498,0.0038254716200754046,0.011029418208636343
15663,0.9179348200559616,0.009975475259125233,0.07208969909697771
15664,0.9485048949718475,0.017520600580610335,0.03397448733448982
15665,0.5056421980261803,0.004180190531769767,0.49017761647701263
15666,0.7005895674228668,0.007267804176080972,0.2921426333487034
15667,0.9455433338880539,0.006746008817572147,0.04771061381325126
15668,0.9160388857126236,0.0012940953893121332,0.08266703225672245
15669,0.6151044145226479,0.007499081781134009,0.37739651650190353
15670,0.9375988990068436,0.008037615043576807,0.0543634882196784
15671,0.9714726805686951,0.0009494532714597881,0.02757786912843585
15672,0.791671946644783,0.02570996549911797,0.18261808902025223
15673,0.9159493446350098,0.009907037951052189,0.07414360996335745
15674,0.920537605881691,0.008775028050877154,0.07068734709173441
15675,0.9391515105962753,0.015028303721919656,0.045820179395377636
15676,0.19149459898471832,0.011544337146915495,0.7969610542058945
15677,0.11480951867997646,0.009622393758036196,0.875568076968193
15678,0.9560412019491196,0.003902958531398326,0.040055852849036455
15679,0.23418406397104263,0.009095622575841844,0.7567203342914581
15680,0.9218267798423767,0.004785641853231937,0.07338757906109095
15681,0.9850576668977737,0.0016266489692497998,0.013315676478669047
15682,0.9546603560447693,0.008313258294947445,0.03702639229595661
15683,0.9744489938020706,0.007383255870081484,0.018167760223150253
15684,0.9802065938711166,0.009677521069534123,0.010115903103724122
15685,0.8214387744665146,0.009460782050155103,0.1691004578024149
15686,0.9700974225997925,0.011043790495023131,0.018858790630474687
15687,0.10722029954195023,0.004981245147064328,0.887798473238945
15688,0.9340106248855591,0.0004180752257525455,0.06557130347937346
15689,0.04913833597674966,0.0022448592353612185,0.9486168175935745
15690,0.24078519828617573,0.017340334365144372,0.741874486207962
15691,0.543709933757782,0.016648013843223453,0.439642071723938
15692,0.1974599827080965,0.00501710269600153,0.7975229471921921
15693,0.976293608546257,0.01118858513655141,0.012517788214609027
15694,0.7574817687273026,0.007017106167040765,0.23550115898251534
15695,0.8748898655176163,0.009518051985651255,0.11559208296239376
15696,0.3577199876308441,0.010484717320650816,0.631795272231102
15697,0.38831669837236404,0.05997554771602154,0.5517077371478081
15698,0.047316414304077625,0.02527256729081273,0.9274110496044159
15699,0.6258119717240334,0.007670670747756958,0.366517324000597
15700,0.940272182226181,0.008550794213078916,0.051177036948502064
15701,0.7562023848295212,0.019144280813634396,0.22465332970023155
15702,0.832527294754982,0.026351237669587135,0.14112143218517303
15703,0.520702488720417,0.006498538365121931,0.4727989584207535
15704,0.28842106088995934,0.004704301827587187,0.7068746536970139
15705,0.003669356810860336,0.0007557024146080948,0.9955749362707138
15706,0.6310580968856812,0.02549247187562287,0.3434494510293007
15707,0.7415711432695389,0.01532080490142107,0.24310806766152382
15708,0.9680081009864807,0.008031369725358672,0.023960530757904053
15709,0.009305863874033093,0.0028292227652855217,0.9878648668527603
15710,0.9103977382183075,0.006743943493347615,0.08285830356180668
15711,0.9904568642377853,0.0012983269552933052,0.00824480113806203
15712,0.9787855893373489,0.005522617662791163,0.015691781416535378
15713,0.23162216320633888,0.07889341888949275,0.6894844025373459
15714,0.00380890560336411,0.001022934156935662,0.9951681792736053
15715,0.9803850203752518,0.007226155488751829,0.012388823321089149
15716,0.0017059039673767984,0.00014949786145734834,0.9981445968151093
15717,0.5913632065057755,0.005299566371832043,0.4033372327685356
15718,0.014780807308852673,0.0013299124111654237,0.9838893115520477
15719,0.25043365359306335,0.015657088486477733,0.7339092493057251
15720,0.9619627743959427,0.004947659908793867,0.033089577686041594
15721,0.9820753633975983,0.004353477095719427,0.013571123126894236
15722,0.06768189463764429,0.013424075208604336,0.9188940078020096
15723,0.8853978365659714,0.003982116817496717,0.11062001995742321
15724,0.4706992134451866,0.04338325187563896,0.48591750860214233
15725,0.009064394980669022,0.009603314567357302,0.9813322722911835
15726,0.940755158662796,0.006120532751083374,0.053124298341572285
15727,0.016893523163162172,0.007111504877684638,0.9759949594736099
15728,0.9520755708217621,0.007586765859741718,0.040337656158953905
15729,0.8535504043102264,0.004539706918876618,0.1419098898768425
15730,0.953529879450798,0.0020536491356324404,0.04441646812483668
15731,0.8061207830905914,0.030475147999823093,0.1634040530771017
15732,0.9636220037937164,0.0021506233897525817,0.034227344673126936
15733,0.018128416733816266,0.0059764053439721465,0.9758952111005783
15734,0.9641545861959457,0.007507841743063182,0.028337572002783418
15735,0.4835277572274208,0.16228933818638325,0.3541829064488411
15736,0.45100829750299454,0.012120216037146747,0.5368714854121208
15737,0.5126268714666367,0.0030332480382639915,0.4843398779630661
15738,0.9295249879360199,0.02377579757012427,0.04669920075684786
15739,0.7929321825504303,0.004675000061979517,0.20239276811480522
15740,0.006519227405078709,0.0021057432022644207,0.9913750439882278
15741,0.29957106709480286,0.057622038293629885,0.6428068950772285
15742,0.929484024643898,0.013622171361930668,0.05689383717253804
15743,0.9813564270734787,0.0009826376772252843,0.017660922603681684
15744,0.03350115614011884,0.002200437127612531,0.9642983824014664
15745,0.9957187920808792,0.0005781620020570699,0.0037030448438599706
15746,0.7038505524396896,0.023384488304145634,0.2727649435400963
15747,0.994846910238266,0.00023339010658673942,0.004919722559861839
15748,0.4394707679748535,0.02199662383645773,0.5385326221585274
15749,0.971984788775444,0.0008391619376197923,0.027176080271601677
15750,0.9059123992919922,0.0044282994931563735,0.0896593052893877
15751,0.8931269943714142,0.04527959693223238,0.06159344222396612
15752,0.08060547802597284,0.02007981506176293,0.8993147164583206
15753,0.9841983020305634,0.0016995143378153443,0.014102168614044785
15754,0.9853597283363342,0.0008151154615916312,0.013825158239342272
15755,0.9718468338251114,0.0027276898035779595,0.025425506522879004
15756,0.8910714983940125,0.0018167527159675956,0.1071117389947176
15757,0.876338541507721,0.010477868956513703,0.11318357288837433
15758,0.02338859555311501,0.022163456538692117,0.9544479846954346
15759,0.5421030148863792,0.02167924284003675,0.4362177476286888
15760,0.9754742383956909,0.009997295564971864,0.014528452418744564
15761,0.24706648290157318,0.008353341836482286,0.7445801943540573
15762,0.868088111281395,0.0013014182477490976,0.13061046972870827
15763,0.13670084066689014,0.011449959827587008,0.8518491834402084
15764,0.9184540063142776,0.0015885487373452634,0.07995746843516827
15765,0.9602289944887161,0.004592343524564058,0.0351786520332098
15766,0.8954714983701706,0.016686936607584357,0.08784160111099482
15767,0.15771645680069923,0.004008399497251958,0.8382751494646072
15768,0.6849945336580276,0.008985322143416852,0.3060201667249203
15769,0.7618203908205032,0.015056576346978545,0.22312303259968758
15770,0.7993557453155518,0.1756587140262127,0.02498552738688886
15771,0.938149705529213,0.007762168534100056,0.05408811289817095
15772,0.9695037752389908,0.0024863867729436606,0.028009820729494095
15773,0.9368969649076462,0.008675925782881677,0.05442711245268583
15774,0.16365911066532135,0.004556843021418899,0.8317840546369553
15775,0.5892507806420326,0.02890834165737033,0.38184087350964546
15776,0.884264275431633,0.005320103373378515,0.11041560024023056
15777,0.2897093594074249,0.0016785836924100295,0.7086120396852493
15778,0.9399224370718002,0.014478100812993944,0.04559946106746793
15779,0.2504287511110306,0.004407586879096925,0.7451636642217636
15780,0.9669465124607086,0.0005028569685237017,0.03255066508427262
15781,0.9838613122701645,0.001758878948749043,0.014379801228642464
15782,0.01346734189428389,0.000504555253428407,0.9860281050205231
15783,0.8772491812705994,0.023600146640092134,0.09915070421993732
15784,0.018195816315710545,0.0009797365637496114,0.9808244109153748
15785,0.7382360547780991,0.02377277403138578,0.23799118399620056
15786,0.973494365811348,0.007859275443479419,0.01864635362289846
15787,0.9779897034168243,0.004800108436029404,0.017210181104019284
15788,0.9913274794816971,0.004322616383433342,0.004349843075033277
15789,0.340875506401062,0.02597348066046834,0.6331510171294212
15790,0.04563665948808193,0.0071636749198660254,0.9471996873617172
15791,0.0632069525308907,0.037155465222895145,0.8996375650167465
15792,0.9925890266895294,0.0009182774447253905,0.006492684711702168
15793,0.42296091467142105,0.35129108279943466,0.22574799321591854
15794,0.5475928708910942,0.01863847696222365,0.4337686374783516
15795,0.0016373273538192734,0.0002226498727395665,0.9981400221586227
15796,0.11094054579734802,0.006421779282391071,0.8826376795768738
15797,0.929562121629715,0.0017207170894835144,0.06871717888861895
15798,0.8694009184837341,0.022840244695544243,0.10775887221097946
15799,0.8472569137811661,0.019578497856855392,0.13316455855965614
15800,0.9619126915931702,0.001389151468174532,0.0366981397382915
15801,0.8669085502624512,0.0027539391885511577,0.13033750653266907
15802,0.45037541538476944,0.008275984204374254,0.5413485988974571
15803,0.45605794340372086,0.38098253309726715,0.1629595346748829
15804,0.9905810207128525,0.0004834943320020102,0.008935474907048047
15805,0.9685399085283279,0.002066300206934102,0.029393775621429086
15806,0.9194066077470779,0.002759494847850874,0.07783391326665878
15807,0.8335632830858231,0.0062347810016945004,0.160201920196414
15808,0.26836206391453743,0.014063857961446047,0.7175741046667099
15809,0.4279310181736946,0.20887731201946735,0.3631916530430317
15810,0.4553290456533432,0.27158377319574356,0.27308719232678413
15811,0.9600495994091034,0.004381998616736382,0.03556841053068638
15812,0.888803705573082,0.0022060623014112934,0.10899022594094276
15813,0.021832090336829424,0.0005067003003205173,0.9776611775159836
15814,0.8725885301828384,0.004724234517198056,0.12268722988665104
15815,0.9331802576780319,0.002159937212127261,0.06465979665517807
15816,0.9786335080862045,0.0017969821346923709,0.019569509895518422
15817,0.9300806820392609,0.03311135922558606,0.03680796595290303
15818,0.3834638223052025,0.007389838225208223,0.6091463267803192
15819,0.013340523932129145,0.002334404591238126,0.984325110912323
15820,0.9583960920572281,0.005485724832396954,0.0361181371845305
15821,0.9576900750398636,0.015217387350276113,0.02709251642227173
15822,0.6065091788768768,0.03483925433829427,0.3586515635251999
15823,0.07342988438904285,0.01658879779279232,0.909981295466423
15824,0.9794444441795349,0.003192893083905801,0.017362662591040134
15825,0.9694811701774597,0.0014213685935828835,0.02909746067598462
15826,0.0860116807743907,0.007023052778095007,0.9069652706384659
15827,0.7383314967155457,0.03879331750795245,0.22287521325051785
15828,0.9816320687532425,0.0008568537086830474,0.017511096550151706
15829,0.8995866179466248,0.017522403853945434,0.08289100881665945
15830,0.9686458855867386,0.009276083670556545,0.022078056819736958
15831,0.6323490887880325,0.0011998472327832133,0.36645107343792915
15832,0.9889644831418991,0.0005772802469437011,0.010458198725245893
15833,0.10646000690758228,0.006746795610524714,0.8867932260036469
15834,0.9122445732355118,0.035420557484030724,0.05233484786003828
15835,0.829188883304596,0.008577642729505897,0.16223345324397087
15836,0.6328154355287552,0.0031875778222456574,0.3639969900250435
15837,0.003372046718141064,0.0019730466010514647,0.9946549236774445
15838,0.777718797326088,0.009774727514013648,0.2125064581632614
15839,0.9736494719982147,0.0009674994071247056,0.025383018888533115
15840,0.011994374683126807,0.010060384636744857,0.9779452383518219
15841,0.9669581353664398,0.0022956491447985172,0.03074619616381824
15842,0.963304340839386,0.009886897983960807,0.026808745693415403
15843,0.9698629975318909,0.0018360937829129398,0.028300880454480648
15844,0.7682020515203476,0.015659669879823923,0.2161382921040058
15845,0.9732737839221954,0.0016578570939600468,0.025068354792892933
15846,0.40009433776140213,0.04897467140108347,0.5509309768676758
15847,0.902470275759697,0.008206233789678663,0.08932348433881998
15848,0.9523570835590363,0.0031656575738452375,0.04447728395462036
15849,0.9741956740617752,0.0005273577116895467,0.025276944506913424
15850,0.861581340432167,0.029860727954655886,0.10855792090296745
15851,0.8981466442346573,0.006648150214459747,0.09520521480590105
15852,0.21746737137436867,0.0020802034996449947,0.7804523855447769
15853,0.8176389783620834,0.005715418781619519,0.17664561048150063
15854,0.9911192357540131,0.0030617686279583722,0.005819005949888378
15855,0.09099382534623146,0.002830719720805064,0.9061754494905472
15856,0.13622028939425945,0.009410068625584245,0.8543696105480194
15857,0.5805630013346672,0.007319421507418156,0.4121175706386566
15858,0.006102224288042635,0.0011021729587810114,0.9927956312894821
15859,0.9935274869203568,0.0009543651540298015,0.0055181782227009535
15860,0.909630686044693,0.0049069925444200635,0.08546232525259256
15861,0.9768904447555542,0.0031842030584812164,0.019925342639908195
15862,0.9888047575950623,0.0007293227499758359,0.010465938015840948
15863,0.49248526245355606,0.019088645931333303,0.4884260892868042
15864,0.7883103042840958,0.011678468668833375,0.2000112421810627
15865,0.9399905353784561,0.003967906202888116,0.056041586212813854
15866,0.8870950788259506,0.0040904505585785955,0.10881446301937103
15867,0.933484360575676,0.0016608809091849253,0.06485476531088352
15868,0.011686625075526536,0.0023169918567873538,0.9859963804483414
15869,0.9738272726535797,0.0034067754895659164,0.022765963338315487
15870,0.9368030428886414,0.0011419889779062942,0.06205497495830059
15871,0.015002792235463858,0.0072140207048505545,0.977783203125
15872,0.2586960718035698,0.003546641208231449,0.7377572804689407
15873,0.011844184948131442,0.0010287650220561773,0.9871270805597305
15874,0.8196027278900146,0.004099894664250314,0.17629735730588436
15875,0.7983903586864471,0.01348307728767395,0.1881265975534916
15876,0.8671962320804596,0.07595959585160017,0.05684415437281132
15877,0.9628125429153442,0.0007397805020445958,0.036447683814913034
15878,0.963879257440567,0.0007438937536790036,0.035376854706555605
15879,0.10084336996078491,0.01212457672227174,0.8870320469141006
15880,0.9013849794864655,0.023124790750443935,0.07549020927399397
15881,0.9540015608072281,0.0006550995967700146,0.045343389734625816
15882,0.9429744631052017,0.0023690278467256576,0.054656476713716984
15883,0.9638883918523788,0.004476277681533247,0.031635371036827564
15884,0.9408463537693024,0.004144344187807292,0.055009279400110245
15885,0.8746266663074493,0.007072171720210463,0.1183011420071125
15886,0.005235342483501881,0.006415577314328402,0.9883490800857544
15887,0.9911163300275803,0.0004749000181618612,0.008408783352933824
15888,0.9243792444467545,0.004941303690429777,0.07067944016307592
15889,0.263487596064806,0.0014683797489851713,0.7350440174341202
15890,0.2590382695198059,0.003436051745666191,0.737525686621666
15891,0.8368491977453232,0.037932456005364656,0.12521836906671524
15892,0.9764467030763626,0.003663355018943548,0.01988994376733899
15893,0.6362680345773697,0.009311167988926172,0.3544208034873009
15894,0.3746177740395069,0.005552104557864368,0.6198301091790199
15895,0.1860828809440136,0.02756463293917477,0.7863525301218033
15896,0.9891332387924194,0.0010507874976610765,0.009815977769903839
15897,0.9115538150072098,0.008699580910615623,0.07974657882004976
15898,0.973523885011673,0.0004182992961432319,0.026057794224470854
15899,0.9869049042463303,0.0013366987986955792,0.0117583975661546
15900,0.6995562389492989,0.009308224776759744,0.2911355532705784
15901,0.15500813722610474,0.008140283694956452,0.836851567029953
15902,0.9702050089836121,0.0038348075177054852,0.025960201863199472
15903,0.8743511587381363,0.008538767811842263,0.11711010336875916
15904,0.975970521569252,0.0022440656030084938,0.02178542222827673
15905,0.9705390781164169,0.0031003018375486135,0.026360584888607264
15906,0.017284364439547062,0.0016321513976436108,0.9810834974050522
15907,0.9106392413377762,0.005707509350031614,0.08365324698388577
15908,0.4622204750776291,0.012738206190988421,0.5250413194298744
15909,0.968283399939537,0.0019910131522919983,0.029725576750934124
15910,0.9549182653427124,0.0008636560087325051,0.04421806987375021
15911,0.4151676744222641,0.01055449084378779,0.5742778405547142
15912,0.9281920492649078,0.002278169005876407,0.06952977925539017
15913,0.9474189132452011,0.009567782864905894,0.04301328584551811
15914,0.9739179164171219,0.0005925016084802337,0.02548957779072225
15915,0.9582781493663788,0.011499139247462153,0.030222740024328232
15916,0.8510420322418213,0.021767752710729837,0.12719020061194897
15917,0.5892672762274742,0.009317567222751677,0.4014151766896248
15918,0.9711000770330429,0.0009552222254569642,0.02794469427317381
15919,0.8977386951446533,0.0042230791004840285,0.09803825803101063
15920,0.8892090767621994,0.0037573949084617198,0.10703355260193348
15921,0.38960252702236176,0.005184284702409059,0.6052131950855255
15922,0.4965074509382248,0.007001009362284094,0.49649157375097275
15923,0.894414946436882,0.0038161674747243524,0.10176889970898628
15924,0.968286544084549,0.0012565750657813624,0.03045688522979617
15925,0.9560337364673615,0.0015125285572139546,0.042453751899302006
15926,0.9695075154304504,0.0021144695638213307,0.02837802143767476
15927,0.2941211238503456,0.019800441106781363,0.6860784292221069
15928,0.9525016993284225,0.000492495164508,0.04700579075142741
15929,0.04376298561692238,0.0015036398108350113,0.9547333866357803
15930,0.1511897137388587,0.028305233921855688,0.8205050230026245
15931,0.9759380966424942,0.0023989081964828074,0.021662976359948516
15932,0.3617982119321823,0.0007833197305444628,0.6374184563755989
15933,0.9780219942331314,0.011509370757266879,0.010468622436746955
15934,0.9929971694946289,0.0032881888328120112,0.0037146558752283454
15935,0.9223947674036026,0.007015092589426786,0.07059012074023485
15936,0.0033003098506014794,0.0007809790622559376,0.9959186911582947
15937,0.6870128735899925,0.005353069253033027,0.30763404816389084
15938,0.6496534422039986,0.002594098448753357,0.3477524556219578
15939,0.9181267470121384,0.04240079363808036,0.0394724584184587
15940,0.9552654325962067,0.0022806527849752456,0.042453900910913944
15941,0.959309384226799,0.003209208691259846,0.037481414154171944
15942,0.27934935688972473,0.0026417866465635598,0.7180088609457016
15943,0.07180854771286249,0.005822250037454069,0.922369197010994
15944,0.011428477359004319,0.0031859109440119937,0.9853856116533279
15945,0.9266363233327866,0.0020740922482218593,0.07128961104899645
15946,0.023034563288092613,0.005161439650692046,0.9718039631843567
15947,0.570330835878849,0.20875326544046402,0.22091590985655785
15948,0.14956706762313843,0.010886920499615371,0.8395459949970245
15949,0.9508832395076752,0.020985011477023363,0.02813173597678542
15950,0.9717742204666138,0.020467619877308607,0.00775817921385169
15951,0.8948397189378738,0.05002513201907277,0.05513517279177904
15952,0.9549349695444107,0.001325830235145986,0.043739219196140766
15953,0.004327393660787493,0.0012922955502290279,0.994380310177803
15954,0.005069022445240989,0.0004555241030175239,0.9944754540920258
15955,0.8699541389942169,0.0009673121239757165,0.12907853722572327
15956,0.7554228603839874,0.013178811641409993,0.2313983142375946
15957,0.9732694178819656,0.0010732250375440344,0.02565735438838601
15958,0.9767415672540665,0.001101855501474347,0.022156611550599337
15959,0.27630435302853584,0.01030854694545269,0.7133870869874954
15960,0.9885793775320053,0.0014263144257711247,0.00999430741649121
15961,0.1647068839520216,0.008889035671018064,0.8264040946960449
15962,0.9369702190160751,0.0007792882388457656,0.06225045956671238
15963,0.9819172024726868,0.002392499038251117,0.015690306900069118
15964,0.9067595601081848,0.005254505609627813,0.08798591047525406
15965,0.022641443880274892,0.02251196000725031,0.95484659075737
15966,0.9458905905485153,0.004373778065200895,0.04973562527447939
15967,0.9114404916763306,0.030348735162988305,0.05821073520928621
15968,0.6414157673716545,0.004129333596210927,0.35445486754179
15969,0.04191961186006665,0.0023621553409611806,0.9557182341814041
15970,0.9826306253671646,0.00018610493498272263,0.017183254240080714
15971,0.09044017549604177,0.008429205743595958,0.9011305719614029
15972,0.5454409494996071,0.00654417451005429,0.44801488518714905
15973,0.9741421937942505,0.007789575261995196,0.01806821278296411
15974,0.3896021544933319,0.007897498086094856,0.6025003418326378
15975,0.875189483165741,0.013777674175798893,0.1110328659415245
15976,0.3708079345524311,0.007404921634588391,0.6217871531844139
15977,0.9211342036724091,0.010177028481848538,0.06868876516819
15978,0.008999186917208135,0.0021113922994118184,0.9888894259929657
15979,0.40344399958848953,0.06609438452869654,0.5304616168141365
15980,0.0023710170935373753,0.0008080875923042186,0.9968208819627762
15981,0.937315970659256,0.018471808871254325,0.04421223234385252
15982,0.7090266048908234,0.006395413482096046,0.28457802161574364
15983,0.924502819776535,0.007659475551918149,0.06783769372850657
15984,0.9697967767715454,0.007835957920178771,0.02236724179238081
15985,0.7205714583396912,0.0027168357628397644,0.27671167999505997
15986,0.26529973931610584,0.009364174562506378,0.725336067378521
15987,0.002721594995819032,0.0006139583128970116,0.9966644793748856
15988,0.2990019731223583,0.011365216923877597,0.6896328330039978
15989,0.9456652104854584,0.004419856471940875,0.049914912320673466
15990,0.4530530720949173,0.023095990996807814,0.5238509252667427
15991,0.9829372763633728,0.0008429786103079095,0.016219702549278736
15992,0.9428162276744843,0.003466440743068233,0.05371735617518425
15993,0.37711770832538605,0.01347447419539094,0.60940782725811
15994,0.5303129702806473,0.0035137256199959666,0.46617328375577927
15995,0.9316681176424026,0.021738860523328185,0.046593002043664455
15996,0.9346758425235748,0.004455786576727405,0.060868375934660435
15997,0.3128841556608677,0.011955361464060843,0.6751604676246643
15998,0.8248755186796188,0.12611275911331177,0.0490117403678596
15999,0.88863106071949,0.06008372642099857,0.05128523474559188
16000,0.9451559334993362,0.003640191920567304,0.051203866489231586
16001,0.6076271086931229,0.014481173478998244,0.3778917267918587
16002,0.9496966153383255,0.018794906558468938,0.0315085225738585
16003,0.8513376861810684,0.037749254144728184,0.11091307923197746
16004,0.9836695045232773,0.0015842464345041662,0.014746262691915035
16005,0.9710532575845718,0.005638580245431513,0.02330817887559533
16006,0.9261748790740967,0.020896911271847785,0.05292820231989026
16007,0.13167432881891727,0.014656915096566081,0.8536687642335892
16008,0.9836140722036362,0.0025213609624188393,0.01386454701423645
16009,0.9589206427335739,0.004637251724489033,0.036442114505916834
16010,0.5085114762187004,0.01097929012030363,0.4805092215538025
16011,0.7402067184448242,0.009560880018398166,0.25023242086172104
16012,0.9854577481746674,0.0013628351225634106,0.013179417001083493
16013,0.9810428321361542,0.0001915200009534601,0.018765636952593923
16014,0.8530764579772949,0.09664335008710623,0.05028019845485687
16015,0.9326860904693604,0.056297185365110636,0.011016671429388225
16016,0.9816711992025375,0.0021776472276542336,0.016151143005117774
16017,0.9614814668893814,0.0018313016917090863,0.0366872102022171
16018,0.1887973565608263,0.6497496590018272,0.16145300306379795
16019,0.8635110706090927,0.01968080527149141,0.11680812761187553
16020,0.9917839467525482,0.00041890823194989935,0.007797140162438154
16021,0.9884843826293945,0.0039023064309731126,0.007613300811499357
16022,0.4664382115006447,0.0017382612568326294,0.5318235233426094
16023,0.8633056879043579,0.05158816371113062,0.08510617725551128
16024,0.8996620178222656,0.004140613251365721,0.09619734808802605
16025,0.8543644100427628,0.005545720690861344,0.14008988626301289
16026,0.8300345540046692,0.007183986308518797,0.16278144530951977
16027,0.9467342495918274,0.007702284667175263,0.04556345660239458
16028,0.8978099077939987,0.015921751270070672,0.08626836258918047
16029,0.0013540057407226413,0.0011772844300139695,0.9974687248468399
16030,0.9842461943626404,0.002356204087845981,0.01339759782422334
16031,0.020538295386359096,0.0021503483003471047,0.9773113131523132
16032,0.9792465716600418,0.0007219784311018884,0.020031435880810022
16033,0.9174522310495377,0.025049806805327535,0.057497975416481495
16034,0.0174265936948359,0.0037539323675446212,0.9788194745779037
16035,0.9462994933128357,0.015073456801474094,0.03862701589241624
16036,0.34885193780064583,0.0247882220428437,0.6263598203659058
16037,0.9642716944217682,0.01381901151034981,0.02190930536016822
16038,0.9910688698291779,0.0003415824940020684,0.008589545846916735
16039,0.9027881473302841,0.019139504991471767,0.0780723737552762
16040,0.08818347007036209,0.0032130090694408864,0.9086035043001175
16041,0.8863523304462433,0.02239103172905743,0.09125663992017508
16042,0.5330587774515152,0.007037999166641384,0.4599032327532768
16043,0.9788466840982437,0.0033503599115647376,0.017802959075197577
16044,0.9598787873983383,0.0011739446563296951,0.038947262335568666
16045,0.9799617975950241,0.0007962673080328386,0.01924192369915545
16046,0.208752553910017,0.041519150137901306,0.7497282922267914
16047,0.9414680600166321,0.0046557472087442875,0.05387623142451048
16048,0.036331914365291595,0.008727154461666942,0.9549409300088882
16049,0.9922243505716324,0.0009756318031577393,0.006800029892474413
16050,0.9068460017442703,0.006010321609210223,0.08714368473738432
16051,0.9494252353906631,0.0013346219784580171,0.04924015747383237
16052,0.95139379799366,0.0005173495010240003,0.048088845796883106
16053,0.7991119921207428,0.042059716768562794,0.15882826782763004
16054,0.9896909445524216,0.00032131708212546073,0.009987736353650689
16055,0.9688427746295929,0.011465463554486632,0.019691756227985024
16056,0.8185782432556152,0.0025804426695685834,0.1788413319736719
16057,0.008369563845917583,0.0016807633437565528,0.9899496734142303
16058,0.9830988198518753,0.0006492790489573963,0.016251882538199425
16059,0.436247855424881,0.3197600990533829,0.24399205669760704
16060,0.9651564210653305,0.002060709666693583,0.032782865688204765
16061,0.24911796674132347,0.006054219382349402,0.7448278069496155
16062,0.9830276966094971,0.0010489501582924277,0.015923336264677346
16063,0.3826333209872246,0.019034289056435227,0.5983323752880096
16064,0.974574089050293,0.0005203874970902689,0.024905487895011902
16065,0.9604299366474152,0.0008833128231344745,0.038686728570610285
16066,0.9863796532154083,0.002676231029909104,0.010944132460281253
16067,0.8555067777633667,0.06222044304013252,0.08227276708930731
16068,0.9461779743432999,0.004657547979149967,0.049164460971951485
16069,0.009923783247359097,0.007522760657593608,0.9825534671545029
16070,0.011680374969728291,0.0034849304356612265,0.984834685921669
16071,0.4199303835630417,0.0179982737172395,0.562071330845356
16072,0.9884746372699738,0.0003038783179363236,0.01122148719150573
16073,0.9095284640789032,0.003725631919223815,0.08674590941518545
16074,0.6557489261031151,0.020193204982206225,0.32405785098671913
16075,0.8035411834716797,0.0017071639304049313,0.1947516854852438
16076,0.011394319590181112,0.027081941603682935,0.961523711681366
16077,0.004926380584947765,0.002007625633268617,0.9930660128593445
16078,0.9094967246055603,0.006054297962691635,0.08444896899163723
16079,0.9036105424165726,0.008984175510704517,0.08740529417991638
16080,0.37823477759957314,0.013415097026154399,0.608350120484829
16081,0.9486203044652939,0.00038219572525122203,0.050997487269341946
16082,0.05056557711213827,0.00283071436570026,0.9466037005186081
16083,0.09410206042230129,0.005087831697892398,0.9008100777864456
16084,0.9743534177541733,0.006512366060633212,0.019134218571707606
16085,0.9101112335920334,0.0530047370120883,0.03688402101397514
16086,0.9869373738765717,0.0017654850817052647,0.011297130607999861
16087,0.9596139192581177,0.0012920904555357993,0.03909401083365083
16088,0.9495893716812134,0.00034435685665812343,0.050066267140209675
16089,0.9851487874984741,0.001989980082726106,0.012861246475949883
16090,0.926302507519722,0.015615294454619288,0.058082216419279575
16091,0.7342713177204132,0.01057738100644201,0.25515127182006836
16092,0.16489603370428085,0.06219553481787443,0.7729084342718124
16093,0.9721411615610123,0.002661498059751466,0.02519733551889658
16094,0.9809653460979462,0.00042886618757620454,0.018605796853080392
16095,0.9414324015378952,0.002717647817917168,0.05584999360144138
16096,0.8997051119804382,0.003405901719816029,0.09688900131732225
16097,0.8057561963796616,0.05042877793312073,0.1438150443136692
16098,0.9591152518987656,0.025886497227475047,0.014998274156823754
16099,0.9625058472156525,0.001420033790054731,0.036074111238121986
16100,0.9410430490970612,0.00364536841516383,0.05531158298254013
16101,0.8866855800151825,0.009270785143598914,0.10404365882277489
16102,0.9544202238321304,0.007670952007174492,0.0379088306799531
16103,0.9656151235103607,0.016350656049326062,0.018034215783700347
16104,0.004658426973037422,0.0013167572615202516,0.9940248280763626
16105,0.9636512845754623,0.0004400781763251871,0.035908653400838375
16106,0.9185743182897568,0.027193271555006504,0.054232411086559296
16107,0.9755357652902603,0.001833442147471942,0.022630775813013315
16108,0.11775853484869003,0.004097092372830957,0.8781443685293198
16109,0.9751459509134293,0.004232035513268784,0.020622048759832978
16110,0.8858910501003265,0.03213073103688657,0.0819782568141818
16111,0.9942373931407928,0.000797817629063502,0.004964781284797937
16112,0.008438461867626756,0.001161203981610015,0.9904003143310547
16113,0.004631650284864008,0.002025190682616085,0.99334317445755
16114,0.9837225526571274,0.00067101139575243,0.015606410801410675
16115,0.7610637098550797,0.11808717250823975,0.1208491101861
16116,0.9447447955608368,0.0024420488043688238,0.052813115529716015
16117,0.9488754421472549,0.003710987017257139,0.04741355637088418
16118,0.970381498336792,0.0003979364446422551,0.02922057267278433
16119,0.9400754868984222,0.0027799581293947995,0.05714456271380186
16120,0.4882236570119858,0.09988071490079165,0.41189561039209366
16121,0.9504583328962326,0.001066385448211804,0.048475245013833046
16122,0.9159699082374573,0.004841623769607395,0.07918846979737282
16123,0.9323327094316483,0.0084899211069569,0.05917736142873764
16124,0.9696220457553864,0.0018775147473206744,0.028500429587438703
16125,0.08805561996996403,0.0074677340453490615,0.9044766426086426
16126,0.8887575268745422,0.01445271319244057,0.09678978100419044
16127,0.9046695530414581,0.012254885397851467,0.08307555504143238
16128,0.13208777084946632,0.008343719644472003,0.8595685213804245
16129,0.0725022405385971,0.007197356317192316,0.9203004091978073
16130,0.9866690337657928,0.0014852837921353057,0.011845675762742758
16131,0.9463566243648529,0.01497691438999027,0.03866645181551576
16132,0.988886758685112,0.0005209309565543663,0.01059229695238173
16133,0.9299738854169846,0.004872859106399119,0.0651532243937254
16134,0.8460798561573029,0.0076528796926140785,0.14626727439463139
16135,0.6682534217834473,0.12317402474582195,0.20857253298163414
16136,0.883837953209877,0.004275042243534699,0.11188696045428514
16137,0.9720683544874191,0.001726260808936786,0.02620535879395902
16138,0.9790308922529221,0.0019442519260337576,0.019024859881028533
16139,0.9355872571468353,0.001160964326118119,0.06325177662074566
16140,0.16752565279603004,0.003980001405579969,0.8284943252801895
16141,0.9777881056070328,0.004625687492080033,0.017586216796189547
16142,0.3153393641114235,0.13276132568717003,0.5518992990255356
16143,0.13494595140218735,0.009441598842386156,0.8556124418973923
16144,0.9039251059293747,0.04308056924492121,0.052994318306446075
16145,0.8670284301042557,0.009914414258673787,0.12305712327361107
16146,0.4404149539768696,0.5007382780313492,0.0588467656634748
16147,0.9627722352743149,0.0016192199109354988,0.035608559381216764
16148,0.9732610732316971,0.0021814771316712722,0.024557471740990877
16149,0.9666938781738281,0.01119870028924197,0.022107404889538884
16150,0.0014849588769720867,0.0006170298656797968,0.9978980123996735
16151,0.8956873118877411,0.0015746112330816686,0.10273809358477592
16152,0.023612020537257195,0.010530134895816445,0.9658578634262085
16153,0.7670031040906906,0.03783779079094529,0.19515912979841232
16154,0.9296371340751648,0.0033548129140399396,0.06700807064771652
16155,0.6149352341890335,0.012115753372199833,0.3729490004479885
16156,0.024502225453034043,0.007325547398068011,0.9681722223758698
16157,0.030541464686393738,0.0028665178106166422,0.9665919691324234
16158,0.5491973981261253,0.023735465249046683,0.4270671680569649
16159,0.9883414506912231,0.0001301848406001227,0.01152837451081723
16160,0.9530093520879745,0.005649567348882556,0.04134108545258641
16161,0.9757662564516068,0.0025921186024788767,0.021641614381223917
16162,0.9902255535125732,0.0006875384933664463,0.00908691284712404
16163,0.9882277846336365,0.002622442611027509,0.009149752790108323
16164,0.9638641327619553,0.012637469917535782,0.023498379159718752
16165,0.8768347352743149,0.005832755239680409,0.11733251996338367
16166,0.19304927065968513,0.0033017753739841282,0.8036489486694336
16167,0.823254257440567,0.0030596620053984225,0.17368607595562935
16168,0.7155575305223465,0.009428783727344126,0.2750137038528919
16169,0.8872814774513245,0.012331827310845256,0.10038670524954796
16170,0.9791363924741745,0.0031151293078437448,0.017748483456671238
16171,0.3639473244547844,0.018278775503858924,0.6177739128470421
16172,0.9565798193216324,0.0039597294526174664,0.0394604061730206
16173,0.21718506142497063,0.017021787585690618,0.7657931447029114
16174,0.9388420134782791,0.019184095319360495,0.04197386698797345
16175,0.6319540590047836,0.0011027947621187195,0.3669431284070015
16176,0.005185421905480325,0.0017900891543831676,0.9930244833230972
16177,0.9759248495101929,0.0014004596450831741,0.022674703504890203
16178,0.961128905415535,0.01778086880221963,0.02109021903015673
16179,0.9345804899930954,0.0040303648565895855,0.0613891426473856
16180,0.9687184989452362,0.003332593507366255,0.02794891782104969
16181,0.9782792925834656,0.003984699287684634,0.017735998844727874
16182,0.9929705262184143,0.0012610184494405985,0.005768455448560417
16183,0.7120722979307175,0.01822518208064139,0.2697025202214718
16184,0.7986409515142441,0.01504178554750979,0.18631727807223797
16185,0.8301677405834198,0.0030441032140515745,0.1667881142348051
16186,0.030078566167503595,0.0011464298149803653,0.9687749743461609
16187,0.989863246679306,0.002303948305780068,0.007832748466171324
16188,0.3385414332151413,0.025577263440936804,0.635881282389164
16189,0.6048617660999298,0.035059582674875855,0.3600786328315735
16190,0.8913675844669342,0.006081161147449166,0.1025513056665659
16191,0.8773486614227295,0.0033775912888813764,0.11927375197410583
16192,0.9888614565134048,0.0001933122821355937,0.010945203131996095
16193,0.6493062078952789,0.28859993070364,0.062093844171613455
16194,0.02946267696097493,0.001961969683179632,0.9685753583908081
16195,0.990637794137001,0.0017533069840283133,0.007608872139826417
16196,0.942175954580307,0.007284900872036815,0.050539134070277214
16197,0.06872325856238604,0.03131665242835879,0.8999601006507874
16198,0.9223251640796661,0.0016040225891629234,0.07607084512710571
16199,0.9949226677417755,0.00024900764037738554,0.004828355507925153
16200,0.46058289706707,0.011922390083782375,0.5274947062134743
16201,0.9700693041086197,0.0003834372109849937,0.02954728901386261
16202,0.08482818957418203,0.013011337199714035,0.9021604657173157
16203,0.29201997071504593,0.017640613950788975,0.6903394013643265
16204,0.3360396511852741,0.007590432418510318,0.6563699096441269
16205,0.9535201340913773,0.003976559644797817,0.042503303848207
16206,0.9403723329305649,0.0042123987805098295,0.05541528295725584
16207,0.027096561156213284,0.002093520015478134,0.9708099216222763
16208,0.6950997859239578,0.05642153788357973,0.24847866967320442
16209,0.9884515106678009,0.00015672507470299024,0.01139181770849973
16210,0.9294200390577316,0.0019516979955369607,0.06862827204167843
16211,0.0667120898142457,0.004543917835690081,0.928743988275528
16212,0.024490404408425093,0.020870859443675727,0.9546387195587158
16213,0.7151848524808884,0.00822418776806444,0.2765909545123577
16214,0.9240439236164093,0.021897698054090142,0.05405836086720228
16215,0.991882249712944,0.0006112654155003838,0.007506472407840192
16216,0.9533485621213913,0.0022399577719625086,0.04441150650382042
16217,0.05265439720824361,0.004166524100583047,0.9431790709495544
16218,0.9605553448200226,0.013743269257247448,0.025701399892568588
16219,0.03170313313603401,0.004788238555192947,0.9635086208581924
16220,0.9321226626634598,0.040632626973092556,0.027244714088737965
16221,0.9427686929702759,0.004986600833944976,0.05224471725523472
16222,0.3751981630921364,0.032107015314977616,0.5926947891712189
16223,0.8877402245998383,0.010983560583554208,0.10127617791295052
16224,0.8105134516954422,0.011896377254743129,0.1775901485234499
16225,0.9428300708532333,0.0008488639141432941,0.05632109893485904
16226,0.9755887240171432,0.01021909824339673,0.014192205970175564
16227,0.7372778654098511,0.03138441313058138,0.23133774287998676
16228,0.1610432267189026,0.004105709580471739,0.8348510712385178
16229,0.770394042134285,0.006037864834070206,0.22356809861958027
16230,0.13295217975974083,0.001996989012695849,0.865050807595253
16231,0.9635228365659714,0.0008890339522622526,0.03558814525604248
16232,0.7975680530071259,0.12606352847069502,0.07636842783540487
16233,0.9892859905958176,0.0014380361972143874,0.00927595212124288
16234,0.9656996577978134,0.018443314358592033,0.015857004327699542
16235,0.6185185015201569,0.025448165368288755,0.3560333400964737
16236,0.09504259563982487,0.0036077331751585007,0.9013496935367584
16237,0.1984991617500782,0.004145422484725714,0.7973554134368896
16238,0.87969771027565,0.003972337464801967,0.11632994376122952
16239,0.987734466791153,0.00019305192108731717,0.012072502169758081
16240,0.9946649670600891,0.0023434730392182246,0.0029915369232185185
16241,0.932880625128746,0.0008846457931213081,0.06623472459614277
16242,0.4589868485927582,0.004345599299995229,0.536667563021183
16243,0.43799833953380585,0.017270958982408047,0.5447306931018829
16244,0.9575475305318832,0.005089272279292345,0.03736318647861481
16245,0.9850493669509888,0.0005154356767889112,0.01443518209271133
16246,0.6834476441144943,0.16261469013988972,0.15393765456974506
16247,0.7482673972845078,0.03456050017848611,0.21717213466763496
16248,0.3178734630346298,0.0023097078956197947,0.6798168122768402
16249,0.9928357154130936,0.0011355445894878358,0.006028727686498314
16250,0.8804289549589157,0.006629062234424055,0.11294199153780937
16251,0.009756583720445633,0.00222723837941885,0.9880161434412003
16252,0.1235679667443037,0.0045399975788313895,0.8718920201063156
16253,0.7626349031925201,0.015599766280502081,0.22176533937454224
16254,0.8870537877082825,0.005480214313138276,0.10746600851416588
16255,0.055088818073272705,0.0062015081057325006,0.9387096911668777
16256,0.008709304151125252,0.0011676986396196298,0.9901229739189148
16257,0.9893397986888885,0.0033962689340114594,0.007263946230523288
16258,0.0064144558273255825,0.0009594756047590636,0.9926260709762573
16259,0.934144601225853,0.011201610090211034,0.05465381778776646
16260,0.00371033328701742,0.0022816894052084535,0.9940079599618912
16261,0.9836499392986298,0.0011195073020644486,0.015230552526190877
16262,0.3728211224079132,0.012619563145563006,0.6145593374967575
16263,0.033931637182831764,0.006162017933093011,0.9599063247442245
16264,0.8308211416006088,0.030731985345482826,0.13844687305390835
16265,0.029989867471158504,0.0019866284856107086,0.9680235087871552
16266,0.8732193559408188,0.02257239120081067,0.10420826636254787
16267,0.9847298264503479,0.007194352336227894,0.008075848454609513
16268,0.6832883208990097,0.0021216998575255275,0.3145899772644043
16269,0.11500915884971619,0.0026381558855064213,0.8823526799678802
16270,0.020397712010890245,0.012442349456250668,0.9671599715948105
16271,0.04511101311072707,0.003498852835036814,0.9513901323080063
16272,0.9743818044662476,0.002026166854193434,0.023592018522322178
16273,0.8020509034395218,0.01418898324482143,0.18376009911298752
16274,0.9854661524295807,0.0012789160391548648,0.013254953548312187
16275,0.9880948811769485,0.0005002465331926942,0.01140484563075006
16276,0.8457610607147217,0.028710444923490286,0.12552846036851406
16277,0.9858826994895935,0.0013672984205186367,0.012750028865411878
16278,0.5720708072185516,0.006455254566390067,0.4214739352464676
16279,0.4198435842990875,0.020123898750171065,0.5600325167179108
16280,0.5584172308444977,0.06596300844103098,0.3756197541952133
16281,0.033080010674893856,0.00455585983581841,0.9623641520738602
16282,0.013810582458972931,0.0020567470928654075,0.9841326475143433
16283,0.9771630465984344,0.003544029896147549,0.01929290033876896
16284,0.8915756493806839,0.001230240406584926,0.10719409957528114
16285,0.9775445908308029,0.0014920317771611735,0.020963365910574794
16286,0.36878957226872444,0.01841850229538977,0.6127919256687164
16287,0.05430943053215742,0.01428666664287448,0.9314038902521133
16288,0.061895838007330894,0.007459641725290567,0.9306444972753525
16289,0.4291034936904907,0.009570107329636812,0.5613263994455338
16290,0.877638503909111,0.005039954849053174,0.11732156202197075
16291,0.9931311011314392,0.0008316134917549789,0.006037249113433063
16292,0.9865678995847702,0.0016169821756193414,0.011815116042271256
16293,0.969503328204155,0.0010689535993151367,0.029427693225443363
16294,0.9330002963542938,0.0029304999334271997,0.06406917702406645
16295,0.8222625553607941,0.04053028207272291,0.1372071672230959
16296,0.025180557742714882,0.004933911171974614,0.9698855131864548
16297,0.8852759301662445,0.05293673649430275,0.061787357553839684
16298,0.9377239346504211,0.0031955864396877587,0.059080480597913265
16299,0.9765385538339615,0.002915781195042655,0.020545650273561478
16300,0.5804867669939995,0.00580977532081306,0.41370346024632454
16301,0.9726588279008865,0.002218809211626649,0.025122384075075388
16302,0.7455805838108063,0.012906373827718198,0.24151305109262466
16303,0.9481869488954544,0.01386766682844609,0.03794535901397467
16304,0.8328188955783844,0.0045533154043368995,0.1626277882605791
16305,0.992890402674675,0.0017671758978394791,0.005342400225345045
16306,0.09995297994464636,0.6661247462034225,0.23392228037118912
16307,0.5487427189946175,0.008082913351245224,0.4431743621826172
16308,0.9665884375572205,0.0162207605317235,0.017190826358273625
16309,0.7848853766918182,0.017226853175088763,0.19788777083158493
16310,0.959738701581955,0.0064119098242372274,0.033849353436380625
16311,0.9829685688018799,0.001686029034317471,0.015345409046858549
16312,0.5184868201613426,0.07549178320914507,0.4060214012861252
16313,0.6133545339107513,0.009893259732052684,0.37675221264362335
16314,0.4606761038303375,0.007303678779862821,0.5320202186703682
16315,0.9901953935623169,0.0011373998277122155,0.008667207323014736
16316,0.973434716463089,0.0007335662739933468,0.025831709383055568
16317,0.7687367796897888,0.003252878610510379,0.22801034525036812
16318,0.43418730050325394,0.07880103308707476,0.48701169341802597
16319,0.6588131114840508,0.054762877989560366,0.28642401099205017
16320,0.7408299446105957,0.0104914465919137,0.24867862462997437
16321,0.5279761999845505,0.018019072012975812,0.4540047273039818
16322,0.9756599068641663,0.0008763397199800238,0.023463747464120388
16323,0.010040818247944117,0.0017036841600202024,0.9882555305957794
16324,0.010255557019263506,0.0010977743222611025,0.9886466860771179
16325,0.9854510575532913,0.008434543036855757,0.006114362564403564
16326,0.009094956214539707,0.0004421240009833127,0.9904629737138748
16327,0.8955304771661758,0.05307815223932266,0.051391358487308025
16328,0.9734868705272675,0.003528276371071115,0.02298485580831766
16329,0.9187142550945282,0.002692991605727002,0.07859274186193943
16330,0.8406009376049042,0.005958284251391888,0.15344076603651047
16331,0.9315368384122849,0.007435327977873385,0.06102781742811203
16332,0.933976873755455,0.022325479658320546,0.04369765380397439
16333,0.9266941845417023,0.051452243234962225,0.021853603422641754
16334,0.9916344583034515,0.0032209568307735026,0.005144596972968429
16335,0.955329179763794,0.0050329522346146405,0.03963786829262972
16336,0.8918526619672775,0.011653175577521324,0.09649411775171757
16337,0.8263548463582993,0.0052270547603257,0.16841811127960682
16338,0.9367454349994659,0.006173661560751498,0.0570809431374073
16339,0.9586674273014069,0.0018167358357459307,0.03951585525646806
16340,0.9890884011983871,0.002201333234552294,0.008710282039828598
16341,0.9716628789901733,0.004729228210635483,0.02360786683857441
16342,0.19017531722784042,0.007295510498806834,0.8025291711091995
16343,0.9475475698709488,0.01717018475756049,0.03528222907334566
16344,0.00990941352210939,0.002191594336181879,0.9878989607095718
16345,0.35819096118211746,0.06398667488247156,0.5778223648667336
16346,0.8681709319353104,0.03243458014912903,0.09939448535442352
16347,0.6988877505064011,0.010810126783326268,0.2903021089732647
16348,0.8513648211956024,0.007006069179624319,0.14162912592291832
16349,0.9308663606643677,0.047515010461211205,0.02161861420609057
16350,0.2565931938588619,0.00677326723234728,0.7366335541009903
16351,0.20362555235624313,0.007950550294481218,0.7884239256381989
16352,0.10028999950736761,0.1631629653275013,0.7365470677614212
16353,0.9517320394515991,0.00842187856324017,0.03984608268365264
16354,0.7517459765076637,0.001962236827239394,0.24629177898168564
16355,0.12475281581282616,0.0075388605473563075,0.8677083253860474
16356,0.9676564037799835,0.006205017911270261,0.026138571556657553
16357,0.8153270483016968,0.013761526206508279,0.17091142386198044
16358,0.9538132101297379,0.01891163969412446,0.027275137836113572
16359,0.2691221088171005,0.010824833763763309,0.7200530767440796
16360,0.9521905183792114,0.03224036376923323,0.015569123439490795
16361,0.839623436331749,0.014157807687297463,0.14621875621378422
16362,0.03837916720658541,0.003054502420127392,0.9585663080215454
16363,0.9064997732639313,0.012975140009075403,0.08052506670355797
16364,0.0319700320251286,0.0013812942488584667,0.9666486829519272
16365,0.2776797339320183,0.03171373950317502,0.6906065344810486
16366,0.049172340892255306,0.0040097775927279145,0.9468178898096085
16367,0.9791245460510254,0.0018657365144463256,0.019009703304618597
16368,0.9789404273033142,0.005910617066547275,0.015148975187912583
16369,0.03303841268643737,0.0049967183149419725,0.9619648605585098
16370,0.06452206987887621,0.7376232892274857,0.1978546753525734
16371,0.04175175633281469,0.045064425095915794,0.9131838232278824
16372,0.4825163036584854,0.028540873900055885,0.48894280940294266
16373,0.9651165455579758,0.0024476811522617936,0.03243576921522617
16374,0.9362568408250809,0.035603780997917056,0.02813937282189727
16375,0.004139475931879133,0.0008253952546510845,0.9950351268053055
16376,0.08375878538936377,0.004299173480831087,0.9119420349597931
16377,0.9556466788053513,0.003772726107854396,0.04058058699592948
16378,0.903962567448616,0.0033524051832500845,0.09268500097095966
16379,0.28048915043473244,0.030779835302382708,0.6887310147285461
16380,0.012519643758423626,0.0025626831484260038,0.9849177151918411
16381,0.44108714908361435,0.012038921820931137,0.5468739047646523
16382,0.8521439731121063,0.015170076279900968,0.13268592953681946
16383,0.9751369059085846,0.00046176426258170977,0.02440133853815496
16384,0.9736570864915848,0.0002731342610786669,0.026069781044498086
16385,0.5056879222393036,0.04611702170222998,0.44819506257772446
16386,0.955388218164444,0.0024571079411543906,0.04215464415028691
16387,0.9771312028169632,0.005436329171061516,0.01743249618448317
16388,0.13693112693727016,0.021776786539703608,0.8412920981645584
16389,0.9833774417638779,0.0016629320161882788,0.01495961076579988
16390,0.020134039921686053,0.0317551993066445,0.9481107890605927
16391,0.7616864740848541,0.009917766088619828,0.2283957488834858
16392,0.9592287838459015,0.002454375324305147,0.038316844031214714
16393,0.9839256405830383,0.004703743441496044,0.011370623135007918
16394,0.9637481868267059,0.004399167810333893,0.031852624379098415
16395,0.9303552359342575,0.003961659444030374,0.06568312365561724
16396,0.977490559220314,0.010667963069863617,0.011841463507153094
16397,0.9509016275405884,0.003714809427037835,0.04538353160023689
16398,0.5071926265954971,0.45232244580984116,0.04048490524291992
16399,0.12577633000910282,0.008743956626858562,0.8654797226190567
16400,0.9044903069734573,0.0910977041348815,0.00441194063751027
16401,0.9970828741788864,0.0008223355471272953,0.0020947885932400823
16402,0.9745419174432755,0.002728282706812024,0.022729803808033466
16403,0.7742829918861389,0.025184988393448293,0.20053202658891678
16404,0.9917216449975967,0.0005802684609079733,0.007698048721067607
16405,0.20146840624511242,0.005653242202242836,0.7928783446550369
16406,0.9585579931735992,0.001639884925680235,0.03980211494490504
16407,0.0016889505641302094,0.0005377082779887132,0.9977733194828033
16408,0.9739281684160233,0.0007737707419437356,0.02529804897494614
16409,0.9282499402761459,0.03308506775647402,0.03866499708965421
16410,0.8198566436767578,0.12145381886512041,0.05868952814489603
16411,0.17541248351335526,0.01710555492900312,0.8074819445610046
16412,0.287371639162302,0.6509282067418098,0.06170015409588814
16413,0.45805780589580536,0.011134247528389096,0.5308079198002815
16414,0.05666076857596636,0.008450855850242078,0.9348883777856827
16415,0.8755765855312347,0.0623833853751421,0.06204000674188137
16416,0.6647671237587929,0.004334884288255125,0.3308979980647564
16417,0.9672958254814148,0.0006667101770290174,0.03203748166561127
16418,0.924011304974556,0.0032072481117211282,0.07278145756572485
16419,0.8289542496204376,0.024845562176778913,0.14620016142725945
16420,0.14017546735703945,0.017226653988473117,0.8425978571176529
16421,0.9869732707738876,0.000561435295821866,0.01246530981734395
16422,0.8956500738859177,0.0023207668418763205,0.10202912148088217
16423,0.7867660224437714,0.0075062785763293505,0.2057276926934719
16424,0.983368307352066,0.0007825626380508766,0.015849106945097446
16425,0.8783944547176361,0.005696844134945422,0.11590871959924698
16426,0.9834543913602829,0.00158733302669134,0.014958285493776202
16427,0.9537765830755234,0.003455291807767935,0.042768118903040886
16428,0.9794278889894485,0.0015285430854419246,0.019043556647375226
16429,0.9572865664958954,0.013297209632582963,0.02941619837656617
16430,0.9229938685894012,0.04482728894799948,0.03217884944751859
16431,0.19949883967638016,0.009097170201130211,0.7914039641618729
16432,0.021823830204084516,0.00290954316733405,0.975266620516777
16433,0.9191927462816238,0.0030357776558957994,0.07777147367596626
16434,0.7160985916852951,0.00885688210837543,0.2750445529818535
16435,0.012676569167524576,0.01355332846287638,0.9737700819969177
16436,0.6291049942374229,0.030004046857357025,0.34089094027876854
16437,0.7995844930410385,0.006120024481788278,0.1942955069243908
16438,0.9859358668327332,0.0015831351483939216,0.012481004232540727
16439,0.0036628764937631786,0.0019404752383707091,0.9943966418504715
16440,0.9799516052007675,0.005718788946978748,0.014329592930153012
16441,0.039143485482782125,0.004260031797457486,0.9565964788198471
16442,0.8880904018878937,0.0014556939277099445,0.11045389622449875
16443,0.9030184596776962,0.005424153176136315,0.0915573975071311
16444,0.8647306263446808,0.0029658443527296185,0.1323035340756178
16445,0.9698510468006134,0.002128293417626992,0.028020646888762712
16446,0.8160499483346939,0.0072022839449346066,0.17674780823290348
16447,0.6012041121721268,0.036487271543592215,0.3623086139559746
16448,0.436994731426239,0.007062437594868243,0.5559428334236145
16449,0.9461754113435745,0.002688043809030205,0.05113653838634491
16450,0.8223825544118881,0.0028055391157977283,0.17481187731027603
16451,0.978297233581543,0.004417557152919471,0.017285208916291595
16452,0.9613917320966721,0.0016096525723696686,0.03699861420318484
16453,0.7585521787405014,0.015748805715702474,0.22569899260997772
16454,0.9298527836799622,0.0048116069519892335,0.06533561088144779
16455,0.0015227205003611743,0.00036867792368866503,0.9981085956096649
16456,0.9602806568145752,0.006117945653386414,0.03360138088464737
16457,0.9692575335502625,0.005910882027819753,0.02483157580718398
16458,0.9828265458345413,0.004933835181873292,0.01223958923947066
16459,0.9482026249170303,0.002166477672290057,0.0496309120208025
16460,0.9144227504730225,0.029138615354895592,0.056438619270920753
16461,0.8401909917593002,0.05142367724329233,0.10838532447814941
16462,0.9895849972963333,0.001148576062405482,0.009266420034691691
16463,0.9359943717718124,0.008263344527222216,0.055742296390235424
16464,0.9583340585231781,0.004422554338816553,0.03724336391314864
16465,0.9410127252340317,0.0032883454114198685,0.055698894895613194
16466,0.8136329054832458,0.007272653339896351,0.17909444123506546
16467,0.9732537418603897,0.005307258514221758,0.021438999101519585
16468,0.9661691337823868,0.0011127577599836513,0.03271812852472067
16469,0.9859429895877838,0.003564550483133644,0.010492456960491836
16470,0.9863595515489578,0.0018168686074204743,0.011823547421954572
16471,0.7670956552028656,0.01630866015329957,0.21659571304917336
16472,0.9658258855342865,0.01719452370889485,0.016979564912617207
16473,0.6631667390465736,0.051773859187960625,0.2850594110786915
16474,0.8901027143001556,0.011217474588193,0.09867982193827629
16475,0.020946926437318325,0.004240824782755226,0.974812239408493
16476,0.9852411895990372,0.0010304104653187096,0.013728410936892033
16477,0.9311394393444061,0.017163454554975033,0.051697082817554474
16478,0.8473396450281143,0.011466115363873541,0.14119421318173409
16479,0.988996610045433,0.0012871797080151737,0.009716202621348202
16480,0.9686246365308762,0.0018302700482308865,0.029545113444328308
16481,0.9854632019996643,0.0001365186308248667,0.014400278218090534
16482,0.3027486726641655,0.013173638610169291,0.6840776801109314
16483,0.9596368819475174,0.008120359852910042,0.03224274795502424
16484,0.8281647264957428,0.01771142496727407,0.15412385761737823
16485,0.5727677419781685,0.0014633659011451527,0.4257688894867897
16486,0.8851897120475769,0.005725060997065157,0.10908521339297295
16487,0.015048347879201174,0.0023375514429062605,0.9826141148805618
16488,0.9602012038230896,0.006543893250636756,0.03325485857203603
16489,0.8625259399414062,0.026532308431342244,0.11094174534082413
16490,0.8760871142148972,0.038338028360158205,0.08557483647018671
16491,0.03976852260529995,0.014592880965210497,0.9456385672092438
16492,0.9759473502635956,0.009043961763381958,0.015008650487288833
16493,0.01905875327065587,0.0039276149473153055,0.9770136326551437
16494,0.9605360776185989,0.0015371769404737279,0.03792675631120801
16495,0.9839495122432709,0.0005329082923708484,0.015517606167122722
16496,0.0021316970814950764,0.0010445874650031328,0.9968237429857254
16497,0.9765869528055191,0.0003802161372732371,0.02303282986395061
16498,0.5573775991797447,0.009805252775549889,0.43281715363264084
16499,0.27293797209858894,0.04477425152435899,0.6822878196835518
16500,0.008453928749077022,0.0011220486339880154,0.9904240071773529
16501,0.9961954802274704,0.00021687189655494876,0.003587629704270512
16502,0.9748306572437286,0.0014868167199892923,0.02368251164443791
16503,0.9848147481679916,0.0006378771431627683,0.014547380153089762
16504,0.9673828333616257,0.0005191073832975235,0.032098046969622374
16505,0.9622171521186829,0.0031820796139072627,0.03460076358169317
16506,0.1416710913181305,0.007434258877765387,0.8508946597576141
16507,0.9523546397686005,0.0100497878738679,0.03759562922641635
16508,0.9807941168546677,0.000683178808685625,0.01852269470691681
16509,0.2035953477025032,0.004392734495922923,0.7920119315385818
16510,0.7128793001174927,0.010216977098025382,0.2769037187099457
16511,0.9295439422130585,0.02148034330457449,0.04897570889443159
16512,0.9403921663761139,0.01604111446067691,0.04356671404093504
16513,0.7547669932246208,0.02505702362395823,0.22017597407102585
16514,0.944340243935585,0.002401353878667578,0.05325839575380087
16515,0.30344314128160477,0.05194674339145422,0.644610084593296
16516,0.9178922772407532,0.003701743989950046,0.07840597908943892
16517,0.6961569786071777,0.035139105282723904,0.268703892827034
16518,0.785954475402832,0.00965206348337233,0.20439346879720688
16519,0.9709264785051346,0.003906964440830052,0.025166561361402273
16520,0.542416512966156,0.07975901197642088,0.37782447785139084
16521,0.014221366960555315,0.0012288790749153122,0.9845497608184814
16522,0.8342573344707489,0.007382785028312355,0.15835985355079174
16523,0.9746858328580856,0.001986279181437567,0.023327895905822515
16524,0.7527424097061157,0.0080203115940094,0.23923726379871368
16525,0.9528570622205734,0.0021787279983982444,0.04496421338990331
16526,0.989683985710144,0.0006694149706163444,0.009646597900427878
16527,0.9140120893716812,0.005900824384298176,0.08008711040019989
16528,0.5883332639932632,0.07753341365605593,0.3341333046555519
16529,0.875727191567421,0.018560366006568074,0.10571243520826101
16530,0.719426304101944,0.007087749429047108,0.2734859324991703
16531,0.00851041590794921,0.0032282720203511417,0.9882613122463226
16532,0.9188177585601807,0.004521329770796001,0.07666091807186604
16533,0.9349803924560547,0.00450255221221596,0.06051705963909626
16534,0.365474134683609,0.11924840323626995,0.5152774527668953
16535,0.6618659794330597,0.015972633846104145,0.32216140627861023
16536,0.9612342864274979,0.007162143709138036,0.031603568233549595
16537,0.9673479348421097,0.004014210309833288,0.02863786183297634
16538,0.9761590659618378,0.0011711572878994048,0.022669783793389797
16539,0.9895327836275101,0.0011929513711947948,0.00927427678834647
16540,0.10986783541738987,0.008041709079407156,0.8820904493331909
16541,0.9540964215993881,0.002627438138006255,0.043276132084429264
16542,0.011584737687371671,0.004041825188323855,0.9843734204769135
16543,0.9086199253797531,0.007532089599408209,0.0838480070233345
16544,0.970877006649971,0.0008138946213875897,0.028309094719588757
16545,0.7621898949146271,0.007613470661453903,0.23019664734601974
16546,0.9428128153085709,0.03347884817048907,0.02370831836014986
16547,0.14617129229009151,0.0076692793518304825,0.8461593985557556
16548,0.13973676599562168,0.645102821290493,0.21516042575240135
16549,0.01962530892342329,0.0069390709977597,0.9734356254339218
16550,0.9807328432798386,0.0031056460575200617,0.016161526553332806
16551,0.987629696726799,0.0006448836429626681,0.011725420830771327
16552,0.9446774870157242,0.002501535986084491,0.05282096844166517
16553,0.829920768737793,0.11304748989641666,0.05703175067901611
16554,0.9198781400918961,0.0011751302517950535,0.07894673757255077
16555,0.024319282034412026,0.002759448514552787,0.9729212671518326
16556,0.001671948644798249,0.0005724059228668921,0.9977556467056274
16557,0.9940878599882126,0.0009281362945330329,0.004983979801181704
16558,0.004027383925858885,0.000158766144522815,0.9958138465881348
16559,0.9754199534654617,0.010802248725667596,0.013777766609564424
16560,0.9366592913866043,0.009247056907042861,0.054093657061457634
16561,0.06565139256417751,0.007574066403321922,0.9267745465040207
16562,0.9675293266773224,0.0010218253009952605,0.03144886624068022
16563,0.8936231136322021,0.06142685702070594,0.04495001723989844
16564,0.98457832634449,0.0005152426892891526,0.014906446449458599
16565,0.9759788364171982,0.002246949734399095,0.021774239372462034
16566,0.498482845723629,0.028484567999839783,0.4730325937271118
16567,0.5258287638425827,0.008062178152613342,0.4661090821027756
16568,0.3376155272126198,0.006738214928191155,0.6556462422013283
16569,0.9780156761407852,0.0012337517546257004,0.020750553347170353
16570,0.9701185524463654,0.011224809568375349,0.018656673142686486
16571,0.8461028635501862,0.0030053765513002872,0.15089176781475544
16572,0.794911727309227,0.008856771048158407,0.19623148441314697
16573,0.9675888866186142,0.0007058683331706561,0.03170527284964919
16574,0.9725288599729538,0.0017496228829259053,0.025721524376422167
16575,0.9844764322042465,0.0006896185950608924,0.0148339516017586
16576,0.97922782599926,0.001103297108784318,0.019668890861794353
16577,0.991650715470314,0.0015346901345765218,0.0068145847180858254
16578,0.2506517767906189,0.010533713619224727,0.738814502954483
16579,0.9704723358154297,0.0008951410563895479,0.02863251161761582
16580,0.024801375810056925,0.0032257435959763825,0.971972867846489
16581,0.6442584842443466,0.007106499397195876,0.3486350290477276
16582,0.8086807280778885,0.002535294188419357,0.18878400046378374
16583,0.9687709510326385,0.0016878721944522113,0.0295411697588861
16584,0.8532728999853134,0.03208587830886245,0.11464124731719494
16585,0.9530610740184784,0.0010825216741068289,0.04585640621371567
16586,0.9598748534917831,0.0005356994734029286,0.0395894511602819
16587,0.8312937170267105,0.15136261843144894,0.017343662679195404
16588,0.989984929561615,0.0022655824723187834,0.007749480428174138
16589,0.8949045091867447,0.0009489625299465843,0.10414650849997997
16590,0.007762428256683052,0.001100948706152849,0.9911365956068039
16591,0.5221163481473923,0.002025492925895378,0.4758581519126892
16592,0.975529208779335,0.0005246330183581449,0.02394615625962615
16593,0.9822216033935547,0.0011839625949505717,0.016594412736594677
16594,0.3963559716939926,0.014830175903625786,0.588813841342926
16595,0.9655137360095978,0.008931383024901152,0.025554880034178495
16596,0.988948404788971,0.003980471374234185,0.007071155880112201
16597,0.021015431033447385,0.001565734637551941,0.977418839931488
16598,0.9624921977519989,0.002579925174359232,0.03492788039147854
16599,0.9878237694501877,0.0012583738134708256,0.010917886858806014
16600,0.9288540482521057,0.0008247862861026078,0.07032113987952471
16601,0.6718022376298904,0.012719269841909409,0.31547844782471657
16602,0.13610560446977615,0.034184205112978816,0.8297101706266403
16603,0.9547805041074753,0.004341972875408828,0.04087754664942622
16604,0.6112637594342232,0.16007092967629433,0.22866529785096645
16605,0.945913776755333,0.017152293119579554,0.03693391289561987
16606,0.3978664241731167,0.02152712899260223,0.5806064680218697
16607,0.21609127521514893,0.0019215749052818865,0.7819871455430984
16608,0.5051391422748566,0.047096555121243,0.4477642998099327
16609,0.977446898818016,0.0020418377534952015,0.020511239301413298
16610,0.9634330123662949,0.0033213060814887285,0.0332457278855145
16611,0.9369984120130539,0.009403515607118607,0.05359810497611761
16612,0.9922899901866913,0.0011131001519970596,0.006596909021027386
16613,0.15257740393280983,0.0037400363362394273,0.8436825424432755
16614,0.9860798120498657,0.0032227547198999673,0.010697437217459083
16615,0.9732342064380646,0.0033627357915975153,0.023403083439916372
16616,0.8617825657129288,0.03298638726118952,0.10523104667663574
16617,0.6862427443265915,0.018442905275151134,0.29531437903642654
16618,0.9001873135566711,0.014748032437637448,0.08506465423852205
16619,0.9807551205158234,0.0075487139984034,0.011696181260049343
16620,0.9659176170825958,0.0012231374566908926,0.03285923972725868
16621,0.9133335798978806,0.005303386365994811,0.08136301208287477
16622,0.9581274539232254,0.003465439600404352,0.038407078478485346
16623,0.7955004721879959,0.04910560790449381,0.15539390966296196
16624,0.715246394276619,0.013792680925689638,0.2709609381854534
16625,0.06682587414979935,0.01441976719070226,0.9187543243169785
16626,0.018215164076536894,0.003767304471693933,0.9780175685882568
16627,0.019043246284127235,0.0015204873780021444,0.9794362634420395
16628,0.11438888683915138,0.009923936275299639,0.8756871968507767
16629,0.9374377429485321,0.0009744169801706448,0.06158783473074436
16630,0.8873779475688934,0.07993491180241108,0.03268711781129241
16631,0.013936475152149796,0.05168760009109974,0.9343759715557098
16632,0.9154647141695023,0.0077053201966919005,0.0768299512565136
16633,0.9196693301200867,0.010158457211218774,0.07017219625413418
16634,0.960338681936264,0.00505868301843293,0.03460263693705201
16635,0.911893293261528,0.002981179888593033,0.08512549195438623
16636,0.9880355000495911,0.0007555354241048917,0.011208937503397465
16637,0.020280759781599045,0.011740130023099482,0.9679791182279587
16638,0.6160575747489929,0.019044080516323447,0.36489835381507874
16639,0.9854203164577484,0.0010291329672327265,0.01355053554289043
16640,0.039011074462905526,0.0015489057259401307,0.9594399929046631
16641,0.8989288359880447,0.04116799868643284,0.05990317277610302
16642,0.9446485638618469,0.005655853427015245,0.04969559982419014
16643,0.7066780403256416,0.0022390112426364794,0.2910829484462738
16644,0.3082837164402008,0.00731433741748333,0.6844019442796707
16645,0.9778010100126266,0.002949292858829722,0.019249699311330914
16646,0.8506544530391693,0.029446757398545742,0.11989879887551069
16647,0.9660168290138245,0.0013182655529817566,0.03266486804932356
16648,0.9589699357748032,0.0033647325180936605,0.03766532801091671
16649,0.9599485397338867,0.002374162257183343,0.03767728200182319
16650,0.9872604608535767,0.0028014022682327777,0.009938138769939542
16651,0.9806035161018372,0.004153076617512852,0.015243382658809423
16652,0.8128402829170227,0.012677221791818738,0.17448250018060207
16653,0.034262715140357614,0.002503513271221891,0.9632337838411331
16654,0.9743810892105103,0.0010046707757283002,0.024614245165139437
16655,0.968510091304779,0.010912310041021556,0.020577548537403345
16656,0.9259859323501587,0.012699729413725436,0.06131434440612793
16657,0.8767879754304886,0.005065162782557309,0.11814687587320805
16658,0.8069638609886169,0.06444720597937703,0.12858896888792515
16659,0.9742029160261154,0.008230045903474092,0.017567031551152468
16660,0.9349007606506348,0.03891661064699292,0.02618260821327567
16661,0.38593530654907227,0.24275732971727848,0.3713073618710041
16662,0.8868948966264725,0.004796335997525603,0.10830876044929028
16663,0.9860192388296127,0.0028790761716663837,0.011101670213975012
16664,0.019696181640028954,0.0015399386320495978,0.9787638932466507
16665,0.015176360262557864,0.0457819732837379,0.9390416890382767
16666,0.8057208508253098,0.17179109901189804,0.022488039219751954
16667,0.961470440030098,0.0021302081586327404,0.036399359814822674
16668,0.7988431304693222,0.01869573723524809,0.18246111646294594
16669,0.9711483418941498,0.0004785465935128741,0.028373129665851593
16670,0.6764151453971863,0.09656610991805792,0.22701871767640114
16671,0.5795804038643837,0.2731324080377817,0.14728721417486668
16672,0.9448227286338806,0.004464925150386989,0.05071238335222006
16673,0.9566737711429596,0.008579659974202514,0.03474656492471695
16674,0.9598099738359451,0.0006773341010557488,0.03951269434764981
16675,0.6756623908877373,0.019000156316906214,0.30533746257424355
16676,0.05714550707489252,0.009621276578400284,0.9332332015037537
16677,0.8059881627559662,0.08301659161224961,0.11099524516612291
16678,0.0811127694323659,0.0060727972886525095,0.9128144085407257
16679,0.8922183811664581,0.001335893219220452,0.10644570179283619
16680,0.0030481722787953913,0.0010895601008087397,0.9958622604608536
16681,0.7279126420617104,0.007225786452181637,0.2648615576326847
16682,0.9698863476514816,0.011384788202121854,0.01872886228375137
16683,0.7062177658081055,0.01459618378430605,0.27918607741594315
16684,0.03378858556970954,0.004172345856204629,0.9620390981435776
16685,0.9529553353786469,0.0029036632913630456,0.04414097871631384
16686,0.9723055958747864,0.006490110885351896,0.021204266231507063
16687,0.9599913507699966,0.003279281430877745,0.036729397252202034
16688,0.9758329391479492,0.00994827295653522,0.014218817930668592
16689,0.5832511633634567,0.011560259154066443,0.40518858283758163
16690,0.7502781003713608,0.0024095498374663293,0.24731235578656197
16691,0.8284148722887039,0.002534960920456797,0.16905018128454685
16692,0.9719614237546921,0.0028648836887441576,0.025173707865178585
16693,0.9871510714292526,0.0018983991903951392,0.010950497700832784
16694,0.7187936305999756,0.15418096631765366,0.12702539190649986
16695,0.21014345809817314,0.00655633385758847,0.7833002060651779
16696,0.9741140753030777,0.004579888191074133,0.021306026726961136
16697,0.9775317013263702,0.00048717218669480644,0.021981105441227555
16698,0.6950810551643372,0.21183333732187748,0.09308559913188219
16699,0.9906201511621475,0.0009485872651566751,0.008431276422925293
16700,0.4716826006770134,0.0007750603763270192,0.5275423675775528
16701,0.9716524183750153,0.0020380932255648077,0.02630947344005108
16702,0.041433571837842464,0.0862116189673543,0.8723548054695129
16703,0.9321459531784058,0.009766557486727834,0.058087470941245556
16704,0.9626058787107468,0.007455856131855398,0.029938303865492344
16705,0.9918617457151413,0.0010758393254945986,0.0070624209474772215
16706,0.955220490694046,0.001386085757985711,0.0433933874592185
16707,0.9897314459085464,0.000444148408860201,0.009824410895816982
16708,0.3427223078906536,0.020651752944104373,0.6366259306669235
16709,0.07656429801136255,0.00961038761306554,0.9138252884149551
16710,0.9865070432424545,0.0008214428016799502,0.012671477161347866
16711,0.8935460150241852,0.006355182267725468,0.10009878594428301
16712,0.5096466466784477,0.010634868405759335,0.47971847653388977
16713,0.993629202246666,0.0020167375914752483,0.004354069766122848
16714,0.028819878352805972,0.005347942525986582,0.9658321738243103
16715,0.39724762737751007,0.004909080278594047,0.597843274474144
16716,0.957200899720192,0.003926139965187758,0.038872990757226944
16717,0.7735044807195663,0.02401736844331026,0.20247814431786537
16718,0.38896218687295914,0.006931867683306336,0.6041059195995331
16719,0.9680198729038239,0.005576509865932167,0.02640361082740128
16720,0.004870803561061621,0.0017305737710557878,0.9933986365795135
16721,0.014894764637574553,0.0019283332803752273,0.9831768721342087
16722,0.004519968468230218,0.00034711168336798437,0.9951329529285431
16723,0.979548305273056,0.002336126344744116,0.018115579849109054
16724,0.523663692176342,0.0034570111893117428,0.4728792756795883
16725,0.6352628543972969,0.012430742150172591,0.35230639576911926
16726,0.0011490761098684743,0.00019136796254315414,0.9986595511436462
16727,0.9480227380990982,0.017979289405047894,0.03399796737357974
16728,0.9716689437627792,0.008698625315446407,0.019632437033578753
16729,0.952777087688446,0.005062626325525343,0.04216027446091175
16730,0.8999495208263397,0.01759567961562425,0.08245483878999949
16731,0.8935136944055557,0.02344644535332918,0.08303987607359886
16732,0.9402217715978622,0.004100537102203816,0.055677685886621475
16733,0.5064819157123566,0.02843173942528665,0.46508634090423584
16734,0.9142181575298309,0.006479748815763742,0.07930211257189512
16735,0.9492406249046326,0.0033708223199937493,0.04738856852054596
16736,0.003033207991393283,0.004754183755721897,0.9922126233577728
16737,0.04244775464758277,0.0023636328987777233,0.9551886171102524
16738,0.9347720295190811,0.005911517597269267,0.059316433034837246
16739,0.0486566498875618,0.1026346180588007,0.8487087339162827
16740,0.004077011690242216,0.0005063338721811306,0.995416671037674
16741,0.008741530356928706,0.0026193440426141024,0.9886391311883926
16742,0.7739960104227066,0.06939976825378835,0.1566042136400938
16743,0.16072851978242397,0.019384218147024512,0.8198872655630112
16744,0.9781302809715271,0.0017671643145149574,0.02010254329070449
16745,0.8390214741230011,0.00536795036168769,0.15561055950820446
16746,0.9883431494235992,0.004031901800772175,0.007624979130923748
16747,0.33718301728367805,0.02826935099437833,0.6345476433634758
16748,0.9765820652246475,0.0034186610719189048,0.019999257288873196
16749,0.9662121534347534,0.003670866513857618,0.030116970650851727
16750,0.9874695837497711,0.0001301728425460169,0.012400225503370166
16751,0.022517833742313087,0.001233392205904238,0.9762487709522247
16752,0.9328900575637817,0.010148198227398098,0.05696174316108227
16753,0.9263634234666824,0.003161367494612932,0.07047520484775305
16754,0.022625965299084783,0.006401718710549176,0.9709723144769669
16755,0.9189545512199402,0.006420027057174593,0.0746254250407219
16756,0.8272842764854431,0.08603810518980026,0.08667763974517584
16757,0.988859549164772,0.0007796894788043573,0.010360753163695335
16758,0.9029829949140549,0.008993084309622645,0.08802390284836292
16759,0.9815170913934708,0.003447168957791291,0.01503570401109755
16760,0.9411434680223465,0.002508723991923034,0.05634779017418623
16761,0.9594303667545319,0.0014671013777842745,0.03910251101478934
16762,0.9160909950733185,0.005562526814173907,0.07834643963724375
16763,0.6632582098245621,0.1379411704838276,0.198800602927804
16764,0.918798416852951,0.0030099665164016187,0.07819161377847195
16765,0.7832560539245605,0.07246558926999569,0.14427834935486317
16766,0.9723876267671585,0.0013923645747127011,0.026220011757686734
16767,0.43097133189439774,0.061537547037005424,0.5074911192059517
16768,0.5661441907286644,0.041562950471416116,0.3922928720712662
16769,0.0032748846570029855,0.0003588751205825247,0.9963662326335907
16770,0.8933923244476318,0.0057253557606600225,0.10088232718408108
16771,0.0011018944205716252,0.00023336607046076097,0.9986647665500641
16772,0.17905646562576294,0.017163012525998056,0.8037805110216141
16773,0.9084108918905258,0.003177978505846113,0.0884111225605011
16774,0.8487231880426407,0.0014074767386773601,0.14986930042505264
16775,0.5938951894640923,0.017576734069734812,0.38852807879447937
16776,0.9635798633098602,0.0042393499170430005,0.03218080988153815
16777,0.9871591627597809,0.0041955652995966375,0.00864526629447937
16778,0.9477712661027908,0.0035599350521806628,0.048668830655515194
16779,0.9703390896320343,0.006082756968680769,0.023578107822686434
16780,0.9856948852539062,0.001044529017235618,0.013260604348033667
16781,0.38904430717229843,0.0047491773730143905,0.6062064915895462
16782,0.9402942657470703,0.013284280546940863,0.04642148409038782
16783,0.9588811695575714,0.0007802596010151319,0.04033856838941574
16784,0.9116211533546448,0.0021935995609965175,0.08618523366749287
16785,0.019133255118504167,0.0331922045443207,0.9476745277643204
16786,0.04020451940596104,0.004933855787385255,0.9548616111278534
16787,0.9684092104434967,0.0024680479255039245,0.029122747015208006
16788,0.986969992518425,0.0022125960094854236,0.010817372938618064
16789,0.6358597427606583,0.002769902173895389,0.36137035489082336
16790,0.9457975476980209,0.012246513972058892,0.04195593670010567
16791,0.8354756385087967,0.008014782797545195,0.1565095502883196
16792,0.974621057510376,0.002191356848925352,0.02318759961053729
16793,0.9367677867412567,0.004046304151415825,0.05918589420616627
16794,0.8819638341665268,0.006219416041858494,0.11181675549596548
16795,0.07511504366993904,0.022803513798862696,0.9020814448595047
16796,0.12821844778954983,0.007410190999507904,0.8643713444471359
16797,0.07005724497139454,0.013109182706102729,0.9168335646390915
16798,0.8834181576967239,0.05981124518439174,0.056770626455545425
16799,0.28366734087467194,0.03898921166546643,0.6773434281349182
16800,0.4651610180735588,0.005532711453270167,0.5293062850832939
16801,0.8383195251226425,0.017388470470905304,0.14429200999438763
16802,0.9790471643209457,0.00028831973213527817,0.020664511248469353
16803,0.9167303889989853,0.04458541655912995,0.03868419071659446
16804,0.9725411981344223,0.0009679611684987321,0.02649081591516733
16805,0.40128713473677635,0.005036538583226502,0.5936763137578964
16806,0.9925850331783295,0.0031215576454997063,0.00429340178379789
16807,0.8639784008264542,0.017386668594554067,0.11863495968282223
16808,0.9266859740018845,0.0037128275725990534,0.06960120424628258
16809,0.9605251401662827,0.01149560569319874,0.02797923982143402
16810,0.9652063399553299,0.000554248174012173,0.034239391796290874
16811,0.30335307493805885,0.0018025879980996251,0.6948443353176117
16812,0.7816420346498489,0.19146897457540035,0.02688900474458933
16813,0.9517488479614258,0.006052396493032575,0.04219879535958171
16814,0.07135539501905441,0.00673108862247318,0.9219135344028473
16815,0.9795831441879272,0.003174288824084215,0.017242577858269215
16816,0.8649452775716782,0.007002717931754887,0.1280519962310791
16817,0.6080485284328461,0.25920479372143745,0.13274670578539371
16818,0.48493946343660355,0.03493543341755867,0.4801250994205475
16819,0.9838065654039383,0.00047024017840158194,0.015723205520771444
16820,0.9580124169588089,0.021022226894274354,0.020965356845408678
16821,0.9675938636064529,0.0021494874672498554,0.030256669502705336
16822,0.5110849663615227,0.010969921480864286,0.47794512659311295
16823,0.9735367596149445,0.0006400793281500228,0.025823174975812435
16824,0.45324698835611343,0.1417867001146078,0.4049663320183754
16825,0.04317397903650999,0.036206518067047,0.9206195026636124
16826,0.6801947951316833,0.026386883575469255,0.2934183217585087
16827,0.9023643732070923,0.02589626144617796,0.0717393746599555
16828,0.5938814580440521,0.02913335571065545,0.37698522955179214
16829,0.990637868642807,0.0005259756289888173,0.008836131077259779
16830,0.8737727701663971,0.007487814873456955,0.11873944103717804
16831,0.019264866830781102,0.0034152585139963776,0.9773198664188385
16832,0.9143913984298706,0.004133799200644717,0.08147480338811874
16833,0.9747653007507324,0.0010631708428263664,0.024171522818505764
16834,0.8767157047986984,0.010778742609545588,0.11250553652644157
16835,0.9817790538072586,0.002299160143593326,0.01592178735882044
16836,0.6518619656562805,0.005812785238958895,0.34232526272535324
16837,0.20123067498207092,0.031264960300177336,0.7675043642520905
16838,0.9580716192722321,0.0014009061851538718,0.040527467615902424
16839,0.9779848903417587,0.007374612265266478,0.014640480396337807
16840,0.28605425357818604,0.014570629922673106,0.6993750929832458
16841,0.344588041305542,0.01594241603743285,0.639469563961029
16842,0.9675305783748627,0.004186070495052263,0.028283395804464817
16843,0.9161264598369598,0.005032727785874158,0.07884083595126867
16844,0.9589908868074417,0.013670903106685728,0.027338169515132904
16845,0.9037538170814514,0.04812128143385053,0.04812487121671438
16846,0.9799535721540451,0.004846614261623472,0.015199853340163827
16847,0.7112588658928871,0.1032933434471488,0.1854478009045124
16848,0.8979073464870453,0.016081069596111774,0.08601157553493977
16849,0.7200014293193817,0.01507883076556027,0.2649196907877922
16850,0.9460552483797073,0.0007836345248506404,0.0531611293554306
16851,0.9114829301834106,0.0046459545264951885,0.08387109823524952
16852,0.982328325510025,0.0014196185511536896,0.016252049477770925
16853,0.9672515094280243,0.0032316166325472295,0.029516858514398336
16854,0.9341085106134415,0.015245305374264717,0.05064616724848747
16855,0.9299517124891281,0.011159131769090891,0.05888917809352279
16856,0.856898844242096,0.05387585161952302,0.08922528941184282
16857,0.8482459038496017,0.007949241960886866,0.14380485750734806
16858,0.14220021665096283,0.013024545216467232,0.8447752445936203
16859,0.0028406012861523777,0.0006632588047068566,0.9964961260557175
16860,0.8160406053066254,0.03916482022032142,0.14479457959532738
16861,0.005617100745439529,0.0004891819917247631,0.9938936829566956
16862,0.9868331998586655,0.0005915097499382682,0.012575297150760889
16863,0.007872645161114633,0.008633049670606852,0.9834943115711212
16864,0.9864207655191422,0.0020176221150904894,0.011561608640477061
16865,0.9815358370542526,0.0037739569088444114,0.01469019427895546
16866,0.9580385386943817,0.027559011708945036,0.014402460539713502
16867,0.8767915666103363,0.024593630572780967,0.09861484356224537
16868,0.8815287500619888,0.0003317762311780825,0.11813948303461075
16869,0.681695356965065,0.01724415924400091,0.3010604679584503
16870,0.8006899803876877,0.007596856215968728,0.19171315804123878
16871,0.9875596761703491,0.00025062839267775416,0.012189673725515604
16872,0.9608794003725052,0.001736952894134447,0.03738365927711129
16873,0.8756963014602661,0.004970479523763061,0.11933322995901108
16874,0.032148810336366296,0.0036105603503528982,0.9642406553030014
16875,0.9420842081308365,0.0033477791002951562,0.05456803739070892
16876,0.971617117524147,0.009518741397187114,0.01886417157948017
16877,0.5792488157749176,0.05653781699948013,0.36421335488557816
16878,0.01228235219605267,0.0006191468564793468,0.9870985001325607
16879,0.970834270119667,0.0022727348550688475,0.026892997790127993
16880,0.8122482150793076,0.0012664297173614614,0.18648536130785942
16881,0.014503458980470896,0.001984604634344578,0.9835119694471359
16882,0.3112981989979744,0.002861451910575852,0.685840331017971
16883,0.9324087351560593,0.025096093653701246,0.042495133355259895
16884,0.9751143455505371,0.0017095000366680324,0.023176112677901983
16885,0.8314459174871445,0.006733979971613735,0.16182011552155018
16886,0.9634321331977844,0.023549229139462113,0.013018614379689097
16887,0.39270660281181335,0.006304351380094886,0.600989043712616
16888,0.024041817989200354,0.0020197453995933756,0.9739384353160858
16889,0.9548214972019196,0.0020909679878968745,0.0430875183083117
16890,0.8219275772571564,0.12578438967466354,0.05228803958743811
16891,0.9900872558355331,0.0013510901189874858,0.008561664843000472
16892,0.00636895396746695,0.0004233251675032079,0.9932077527046204
16893,0.970873549580574,0.0035442618536762893,0.025582203874364495
16894,0.9007870554924011,0.005008005071431398,0.09420493617653847
16895,0.636313371360302,0.014180378173477948,0.349506251513958
16896,0.6248108148574829,0.03289642557501793,0.34229274094104767
16897,0.03761941008269787,0.0009888934291666374,0.9613916724920273
16898,0.9138321131467819,0.014670602511614561,0.0714972848072648
16899,0.9799241572618484,0.010549178346991539,0.009526705020107329
16900,0.9609823822975159,0.0011607414344325662,0.037856868002563715
16901,0.9803890138864517,0.001144685062172357,0.01846628764178604
16902,0.9816185534000397,0.0020312687702244148,0.016350170597434044
16903,0.8724820464849472,0.007028553984127939,0.12048938684165478
16904,0.9039105474948883,0.002059566351817921,0.09402989130467176
16905,0.9642244875431061,0.002869701973395422,0.03290579980239272
16906,0.6638335138559341,0.03149468242190778,0.30467182770371437
16907,0.01350272074341774,0.0018618313188198954,0.9846355020999908
16908,0.30683527514338493,0.009267934830859303,0.6838967800140381
16909,0.8981861621141434,0.02884038700722158,0.07297344319522381
16910,0.7906597405672073,0.020069539779797196,0.18927070498466492
16911,0.9871884733438492,0.0005707285163225606,0.0122408278984949
16912,0.9396033436059952,0.0007138243890949525,0.05968279857188463
16913,0.9338663220405579,0.009860278165433556,0.05627341475337744
16914,0.9595610797405243,0.010986743145622313,0.029452203772962093
16915,0.9646350145339966,0.0005252897026366554,0.0348396678455174
16916,0.09803315065801144,0.02060806332156062,0.881358802318573
16917,0.25979889184236526,0.0013607822329504415,0.738840326666832
16918,0.7282268404960632,0.07324201241135597,0.1985311508178711
16919,0.7035229951143265,0.013718564179725945,0.2827584743499756
16920,0.052578169852495193,0.006021120585501194,0.9414007365703583
16921,0.757821574807167,0.040743404533714056,0.20143502578139305
16922,0.9835039973258972,0.0014696576545247808,0.015026342240162194
16923,0.9676718264818192,0.0009115637076320127,0.0314166066236794
16924,0.9852853864431381,0.0011461398098617792,0.013568481896072626
16925,0.036951367277652025,0.0024291515874210745,0.9606194496154785
16926,0.9621663689613342,0.005105644348077476,0.032727994956076145
16927,0.9548900127410889,0.0023527352896053344,0.04275724431499839
16928,0.002162286953534931,0.0033308337442576885,0.9945068806409836
16929,0.9460332691669464,0.03389031020924449,0.020076409680768847
16930,0.9278514832258224,0.046491116750985384,0.025657400488853455
16931,0.5748031064867973,0.003045542718609795,0.4221513494849205
16932,0.9398283809423447,0.0026198491686955094,0.05755176767706871
16933,0.9207950532436371,0.014542398741468787,0.06466253101825714
16934,0.9827089905738831,0.007288608117960393,0.010002392577007413
16935,0.8650631010532379,0.12046018242835999,0.014476728392764926
16936,0.9834454506635666,0.0011876888893311843,0.015366875566542149
16937,0.4623231664299965,0.020411041332408786,0.517265796661377
16938,0.8974084407091141,0.02898754458874464,0.07360401842743158
16939,0.029848221223801374,0.003433588659390807,0.9667181670665741
16940,0.3670354336500168,0.0047911716683302075,0.6281733959913254
16941,0.8936551362276077,0.022421549656428397,0.08392331749200821
16942,0.7362885773181915,0.06277368497103453,0.20093773305416107
16943,0.9658441990613937,0.01775656477548182,0.01639924175105989
16944,0.6364803910255432,0.016242972807958722,0.34727661684155464
16945,0.8861333280801773,0.0052455252152867615,0.1086211558431387
16946,0.9385727643966675,0.005756797909270972,0.05567044112831354
16947,0.9562772661447525,0.010989842645358294,0.03273290768265724
16948,0.07350565120577812,0.013940036064013839,0.9125542938709259
16949,0.8179812431335449,0.0029545020079240203,0.17906426452100277
16950,0.9175250232219696,0.0031956232560332865,0.07927936036139727
16951,0.24180075153708458,0.08864578511565924,0.6695534586906433
16952,0.46399644762277603,0.0050305171753279865,0.5309730395674706
16953,0.9837925434112549,0.00084824682562612,0.015359205193817616
16954,0.21994152665138245,0.028690223582088947,0.7513682395219803
16955,0.9561517685651779,0.002737217815592885,0.04111103340983391
16956,0.5763005018234253,0.2558954730629921,0.16780400834977627
16957,0.7800407260656357,0.0016863230121089146,0.21827297657728195
16958,0.9768417328596115,0.003511025453917682,0.019647200359031558
16959,0.9338908195495605,0.00234509160509333,0.06376408878713846
16960,0.9790885150432587,0.0005732952267862856,0.02033815812319517
16961,0.1957931462675333,0.009374063811264932,0.7948327958583832
16962,0.9711623340845108,0.011046255705878139,0.01779140462167561
16963,0.847565233707428,0.011036468902602792,0.14139832742512226
16964,0.982450470328331,0.0004661269886128139,0.017083410173654556
16965,0.6118818670511246,0.12198190111666918,0.2661362327635288
16966,0.21256639994680882,0.012614115374162793,0.7748195081949234
16967,0.9564715772867203,0.004430484375916421,0.03909791121259332
16968,0.9408418536186218,0.006266324780881405,0.05289181973785162
16969,0.8361785560846329,0.001315120025537908,0.1625063307583332
16970,0.9292244464159012,0.0027293121383991092,0.06804622896015644
16971,0.5141348838806152,0.08826864697039127,0.39759647846221924
16972,0.9021881520748138,0.005178170511499047,0.09263365436345339
16973,0.9910550266504288,0.0007886220701038837,0.00815634336322546
16974,0.23349378630518913,0.014425684523303062,0.7520805299282074
16975,0.4053068719804287,0.007050058105960488,0.5876430496573448
16976,0.9818449318408966,0.0019211252219974995,0.016233910573646426
16977,0.8307935893535614,0.040112770395353436,0.12909366190433502
16978,0.578120194375515,0.2058322485536337,0.21604754775762558
16979,0.9696331173181534,0.01111139205750078,0.01925546955317259
16980,0.9737132042646408,0.0040234572370536625,0.022263343911617994
16981,0.7681079059839249,0.04092534352093935,0.19096673838794231
16982,0.8394816666841507,0.0017364816594636068,0.1587818395346403
16983,0.9095980674028397,0.004926139488816261,0.08547578752040863
16984,0.2953350469470024,0.0013742042938247323,0.7032907381653786
16985,0.34646063297986984,0.19004731625318527,0.4634920507669449
16986,0.9564222246408463,0.003130942670395598,0.040446812286973
16987,0.8813047111034393,0.004885774862486869,0.11380950268357992
16988,0.593872956931591,0.011375171481631696,0.3947518616914749
16989,0.2802303843200207,0.0070511093363165855,0.7127185165882111
16990,0.9363075196743011,0.004872658988460898,0.058819813653826714
16991,0.9876409322023392,0.00023876077102613635,0.01212032896000892
16992,0.018014844274148345,0.003398633241886273,0.9785864800214767
16993,0.9670724868774414,0.0024668127298355103,0.03046068735420704
16994,0.902481198310852,0.05918759200721979,0.03833119757473469
16995,0.9501457512378693,0.01671351375989616,0.03314074594527483
16996,0.9303194582462311,0.0020902910619042814,0.06759025249630213
16997,0.9726000279188156,0.0016350880323443562,0.025764886289834976
16998,0.0017802906513679773,0.00023819258785806596,0.9979815185070038
16999,0.20664970204234123,0.03320515342056751,0.7601451277732849
17000,0.9356203824281693,0.0035124736605212092,0.0608671298250556
17001,0.0021827555319759995,0.000856545302667655,0.9969606846570969
17002,0.9559904336929321,0.002814561827108264,0.041195022873580456
17003,0.9675288200378418,0.002180948038585484,0.030290263704955578
17004,0.4335702583193779,0.00304732087533921,0.5633824169635773
17005,0.46160194277763367,0.0130916612688452,0.5253063887357712
17006,0.24332840368151665,0.011986456054728478,0.7446851432323456
17007,0.7499837726354599,0.013805117225274444,0.23621109873056412
17008,0.003381740767508745,0.0006290594901656732,0.995989203453064
17009,0.2875513657927513,0.002157669689040631,0.7102909684181213
17010,0.8842026144266129,0.0501706856302917,0.06562670925632119
17011,0.9548240303993225,0.002012632932746783,0.043163309805095196
17012,0.007395745895337313,0.0012008549747406505,0.9914034157991409
17013,0.5722971186041832,0.048776451498270035,0.37892642617225647
17014,0.4139629155397415,0.01785907126031816,0.5681780204176903
17015,0.02759652677923441,0.023168370593339205,0.949235126376152
17016,0.984113484621048,0.0008200288430089131,0.015066457213833928
17017,0.6002657637000084,0.0023846208641771227,0.39734962210059166
17018,0.981356143951416,0.007024657796137035,0.011619174387305975
17019,0.17045335285365582,0.11854926310479641,0.7109973877668381
17020,0.9628477245569229,0.0023097219527699053,0.03484255215153098
17021,0.9968114346265793,0.0013004458451177925,0.0018880721472669393
17022,0.2608953155577183,0.001262502235476859,0.7378421425819397
17023,0.960115373134613,0.0028449342935346067,0.0370396850630641
17024,0.8749542981386185,0.002499548369087279,0.12254618015140295
17025,0.9227149039506912,0.004651802766602486,0.07263328600674868
17026,0.4765494018793106,0.008666097652167082,0.5147845298051834
17027,0.02647568192332983,0.0024120649904944003,0.9711122363805771
17028,0.9873417168855667,0.0009623167716199532,0.011696000816300511
17029,0.8039317429065704,0.015399608062580228,0.1806686520576477
17030,0.031146101653575897,0.0021353313641157,0.9667185693979263
17031,0.9883374273777008,0.0003420994362386409,0.01132047618739307
17032,0.9512419551610947,0.0005454440906760283,0.04821262275800109
17033,0.02946190256625414,0.0037490765389520675,0.966789036989212
17034,0.05661419965326786,0.009601068682968616,0.9337847232818604
17035,0.9417880773544312,0.0037332320353016257,0.054478660225868225
17036,0.9586099237203598,0.0006435883406084031,0.04074648208916187
17037,0.8759873807430267,0.003514336538501084,0.12049828097224236
17038,0.22224633768200874,0.01874802866950631,0.7590056359767914
17039,0.10128211509436369,0.0013301192811923102,0.897387757897377
17040,0.9863000065088272,0.00039694609222351573,0.013303050538524985
17041,0.9602219760417938,0.0027251789870206267,0.037052829284220934
17042,0.8713363260030746,0.00892079365439713,0.1197428721934557
17043,0.9647490680217743,0.0004990964334865566,0.03475182177498937
17044,0.05639193346723914,0.007987636257894337,0.9356204271316528
17045,0.3732595667243004,0.03232587594538927,0.594414547085762
17046,0.5016032978892326,0.008922502282075584,0.48947417736053467
17047,0.508064940571785,0.022509319707751274,0.4694257453083992
17048,0.7328539490699768,0.0017884226836031303,0.26535764336586
17049,0.012792739435099065,0.004598821862600744,0.9826084524393082
17050,0.02013794844970107,0.006002379115670919,0.9738597124814987
17051,0.49371788650751114,0.01463471376337111,0.4916474148631096
17052,0.8117217719554901,0.028920434415340424,0.1593578141182661
17053,0.9080695807933807,0.002133869886165485,0.08979653753340244
17054,0.9498156607151031,0.0304450374096632,0.019739316077902913
17055,0.6460010260343552,0.004042206390295178,0.3499567583203316
17056,0.9611136764287949,0.0031360856373794377,0.035750234965234995
17057,0.0028487001836765558,0.0009385446974192746,0.9962127655744553
17058,0.053471180610358715,0.01439615513663739,0.9321326613426208
17059,0.9685251861810684,0.0013746870463364758,0.03010012721642852
17060,0.2855718731880188,0.011434073210693896,0.7029940485954285
17061,0.4749692752957344,0.07147811632603407,0.45355261862277985
17062,0.7102725654840469,0.026144313625991344,0.26358309015631676
17063,0.0668460363522172,0.015059646335430443,0.9180943518877029
17064,0.8680298626422882,0.05249188421294093,0.07947823870927095
17065,0.9579640924930573,0.009384059463627636,0.032651850022375584
17066,0.9786101579666138,0.007047563674859703,0.014342325506731868
17067,0.04544126894325018,0.0029270845698192716,0.9516316205263138
17068,0.7703485041856766,0.026366875506937504,0.20328463427722454
17069,0.9659569710493088,0.0037060620670672506,0.03033697372302413
17070,0.8630240112543106,0.026149793528020382,0.11082620918750763
17071,0.032360847340896726,0.017634840914979577,0.9500042945146561
17072,0.9214511662721634,0.04821007256396115,0.03033873625099659
17073,0.9035026580095291,0.005101127841044217,0.09139621816575527
17074,0.5927878096699715,0.004051762167364359,0.4031604304909706
17075,0.14776714518666267,0.012247111997567117,0.8399857133626938
17076,0.0067670001881197095,0.0009184908558381721,0.9923145174980164
17077,0.234106021001935,0.02294613653793931,0.7429478466510773
17078,0.9870340675115585,0.0007324632751988247,0.012233474524691701
17079,0.902269259095192,0.004307689261622727,0.09342306666076183
17080,0.8113961517810822,0.008868907345458865,0.17973492667078972
17081,0.7521490603685379,0.005445685354061425,0.2424052357673645
17082,0.9029876291751862,0.01729733985848725,0.07971499674022198
17083,0.8997790813446045,0.010389881557784975,0.0898310448974371
17084,0.7009915858507156,0.002912457421189174,0.29609595239162445
17085,0.8755857199430466,0.005123873008415103,0.11929038912057877
17086,0.0034310616028960794,0.0005729379336116835,0.9959959983825684
17087,0.5989204943180084,0.008595781750045717,0.39248373359441757
17088,0.8244031071662903,0.015840053441934288,0.1597568579018116
17089,0.46968407183885574,0.00565419314079918,0.5246617347002029
17090,0.02893239795230329,0.002730521955527365,0.9683370888233185
17091,0.10133375599980354,0.006077153200749308,0.8925890922546387
17092,0.9888918101787567,0.00020742271772178356,0.010900766006670892
17093,0.3316223472356796,0.061859517358243465,0.6065181121230125
17094,0.02011441974900663,0.002270168435643427,0.9776154011487961
17095,0.9259798228740692,0.04273191699758172,0.031288298312574625
17096,0.8973211348056793,0.015220646280795336,0.08745824545621872
17097,0.4854157119989395,0.007573064649477601,0.5070112273097038
17098,0.01974025391973555,0.003533124749083072,0.9767266362905502
17099,0.979238748550415,0.001079491172276903,0.019681762903928757
17100,0.6591417342424393,0.04495223984122276,0.2959059998393059
17101,0.6779410913586617,0.0054052252671681345,0.31665368750691414
17102,0.7752308249473572,0.05005318345502019,0.17471600696444511
17103,0.9835971146821976,0.004738322750199586,0.01166455412749201
17104,0.0564713915809989,0.013243014342151582,0.9302855730056763
17105,0.04131219396367669,0.004057013138663024,0.9546307772397995
17106,0.06495815422385931,0.08617603126913309,0.8488658219575882
17107,0.9683130830526352,0.00030920451899874024,0.03137771040201187
17108,0.5476146414875984,0.00619555136654526,0.4461897909641266
17109,0.0025869963865261525,0.0008723396749701351,0.9965406209230423
17110,0.9922682046890259,0.000642590610368643,0.0070892153307795525
17111,0.508208155632019,0.44796495884656906,0.04382688086479902
17112,0.9251621067523956,0.027103574015200138,0.047734320629388094
17113,0.8860537856817245,0.012392950942739844,0.10155328456312418
17114,0.5474120453000069,0.006985219952184707,0.44560272991657257
17115,0.7786406576633453,0.003462883993051946,0.2178964465856552
17116,0.9603291600942612,0.0018524818879086524,0.037818357814103365
17117,0.2753495015203953,0.015176533721387386,0.7094739377498627
17118,0.8057693988084793,0.009052228182554245,0.1851783748716116
17119,0.9858024269342422,0.0008414426338276826,0.013356130803003907
17120,0.9916621893644333,0.00013962300363346003,0.008198176743462682
17121,0.9871041029691696,0.0011536305537447333,0.011742274044081569
17122,0.9221561104059219,0.018508961977204308,0.05933491885662079
17123,0.928447037935257,0.04993962962180376,0.021613291697576642
17124,0.12741225957870483,0.0059303996386006474,0.8666573613882065
17125,0.9776686728000641,0.002149483683751896,0.020181892905384302
17126,0.44644203037023544,0.02405283530242741,0.5295051336288452
17127,0.0024145041534211487,0.0005642809992423281,0.9970212131738663
17128,0.6838364005088806,0.02624444244429469,0.2899191603064537
17129,0.9783239364624023,0.0035583588178269565,0.01811767346225679
17130,0.9838360249996185,0.00043606873077806085,0.015727887162938714
17131,0.9665675908327103,0.011461300076916814,0.021971134701743722
17132,0.25272561237215996,0.014072756050154567,0.7332016378641129
17133,0.012742521241307259,0.004239239118760452,0.983018234372139
17134,0.06219139043241739,0.004846481897402555,0.932962104678154
17135,0.8138868659734726,0.005932784115429968,0.18018031492829323
17136,0.3454416058957577,0.11174147017300129,0.5428169369697571
17137,0.7630502134561539,0.015500949928537011,0.22144884429872036
17138,0.9285132437944412,0.014008179306983948,0.05747855640947819
17139,0.7090043872594833,0.2605688199400902,0.030426794197410345
17140,0.85920749604702,0.01525482872966677,0.12553767301142216
17141,0.7288734167814255,0.004748512350488454,0.2663780525326729
17142,0.006849294761195779,0.002136975817847997,0.9910137206315994
17143,0.9902913272380829,0.0014496397052425891,0.00825904542580247
17144,0.9043945819139481,0.014890930149704218,0.08071449492126703
17145,0.9929889440536499,0.0013395326386671513,0.005671517574228346
17146,0.5969220474362373,0.018642610870301723,0.38443533331155777
17147,0.45335590839385986,0.04342343285679817,0.5032206699252129
17148,0.9743183702230453,0.001245404317160137,0.024436217034235597
17149,0.3056393750011921,0.02194505464285612,0.6724155843257904
17150,0.4562097489833832,0.076703947968781,0.4670863002538681
17151,0.6859246492385864,0.01980901276692748,0.29426633939146996
17152,0.8890605419874191,0.006134809576906264,0.10480462200939655
17153,0.9797033667564392,0.0007651885025552474,0.019531447673216462
17154,0.9292112737894058,0.011872258735820651,0.058916511945426464
17155,0.10401926934719086,0.0040118268807418644,0.8919689059257507
17156,0.9165382087230682,0.011674021370708942,0.0717877633869648
17157,0.9870369136333466,0.0009145633957814425,0.012048556469380856
17158,0.8555591702461243,0.014448298723436892,0.12999252788722515
17159,0.978876993060112,0.0021142609184607863,0.019008774077519774
17160,0.10197105258703232,0.0046661950764246285,0.8933627605438232
17161,0.9066530615091324,0.006951763236429542,0.0863951537758112
17162,0.8899917453527451,0.005143697024323046,0.10486455634236336
17163,0.2856502905488014,0.03783518960699439,0.676514521241188
17164,0.8525513410568237,0.0034544816880952567,0.14399419911205769
17165,0.9725583642721176,0.01829776307567954,0.009143820381723344
17166,0.9579482078552246,0.0011123957519885153,0.04093938507139683
17167,0.9761046320199966,0.0022993446327745914,0.021596049889922142
17168,0.38782692700624466,0.0022192129981704056,0.6099538654088974
17169,0.018686522264033556,0.0025730440684128553,0.9787404239177704
17170,0.8524706214666367,0.0012533849803730845,0.14627598971128464
17171,0.9220743626356125,0.049867186695337296,0.028058490250259638
17172,0.8971474319696426,0.006032212870195508,0.09682038053870201
17173,0.8301063925027847,0.004532114777248353,0.16536148078739643
17174,0.009673050721175969,0.005052088352385908,0.9852748811244965
17175,0.8953322619199753,0.006059169769287109,0.09860855340957642
17176,0.4207795560359955,0.012716961558908224,0.5665034502744675
17177,0.7976073622703552,0.04257571883499622,0.15981691516935825
17178,0.9249105453491211,0.04389372281730175,0.031195749528706074
17179,0.9044807553291321,0.006607314688153565,0.08891193941235542
17180,0.9728123545646667,0.011245877016335726,0.01594177563674748
17181,0.8288424015045166,0.010193992959102616,0.16096356138586998
17182,0.9554735869169235,0.0011030907917302102,0.043423338793218136
17183,0.16353757120668888,0.004394401505123824,0.8320680111646652
17184,0.9126542508602142,0.005672029685229063,0.08167371619492769
17185,0.9576626420021057,0.001826177045586519,0.04051119368523359
17186,0.9763776212930679,0.007033549947664142,0.016588827595114708
17187,0.9380564093589783,0.004372052120743319,0.057571529410779476
17188,0.9703554809093475,0.004618593695340678,0.025025917682796717
17189,0.9766521900892258,0.005273812072118744,0.01807400002144277
17190,0.9794890880584717,0.004601470718625933,0.015909427544102073
17191,0.9450525492429733,0.0028585429245140404,0.05208892934024334
17192,0.8344396650791168,0.03966089291498065,0.1258994210511446
17193,0.8170490264892578,0.007692986750043929,0.17525799944996834
17194,0.0367613616399467,0.0012472844537114725,0.9619913399219513
17195,0.3847014382481575,0.008918796549551189,0.6063797548413277
17196,0.9764403998851776,0.00196615670574829,0.021593416575342417
17197,0.9800251722335815,0.001678179352893494,0.018296646187081933
17198,0.1624391283839941,0.004562414542306215,0.8329984545707703
17199,0.14898382499814034,0.0034559674677439034,0.8475602269172668
17200,0.7537875920534134,0.0028749568155035377,0.24333742633461952
17201,0.9858308881521225,0.0017290151299675927,0.012440097983926535
17202,0.17290028557181358,0.0030339316581375897,0.824065774679184
17203,0.9759715795516968,0.0013393803674262017,0.02268903935328126
17204,0.9834645986557007,0.001725821930449456,0.014809582149609923
17205,0.9866654276847839,0.0009470351724303328,0.012387527152895927
17206,0.27266092225909233,0.004069748800247908,0.7232693135738373
17207,0.9430194646120071,0.04005354316905141,0.016926964046433568
17208,0.004403714061481878,0.0020009147774544545,0.9935953766107559
17209,0.9925491511821747,0.0009480091684963554,0.006502873206045479
17210,0.9104157239198685,0.003990577592048794,0.08559371996670961
17211,0.7048061192035675,0.007695343112573028,0.28749852627515793
17212,0.005565030733123422,0.0019721730204764754,0.9924628287553787
17213,0.955054521560669,0.0033311476290691644,0.04161429964005947
17214,0.8270845860242844,0.005245470150839537,0.16766995377838612
17215,0.20781052857637405,0.003528305096551776,0.7886611670255661
17216,0.1619399283081293,0.010216600028797984,0.8278434723615646
17217,0.9833870977163315,0.0007858058816054836,0.015827083378098905
17218,0.9748565405607224,0.0005410544399637729,0.024602396646514535
17219,0.8591329455375671,0.002525960560888052,0.13834108226001263
17220,0.9523021131753922,0.007362809497863054,0.04033507872372866
17221,0.9654059410095215,0.006973540526814759,0.02762053720653057
17222,0.9688422679901123,0.0026874721224885434,0.028470284305512905
17223,0.8921200037002563,0.005692689446732402,0.10218730568885803
17224,0.9544697105884552,0.007279288372956216,0.03825101023539901
17225,0.06281177420169115,0.002345233515370637,0.9348430037498474
17226,0.12071445491164923,0.008056669379584491,0.8712288439273834
17227,0.8084565103054047,0.002866049006115645,0.1886774394661188
17228,0.9401363879442215,0.003684008668642491,0.056179601699113846
17229,0.25511763244867325,0.008280264504719526,0.7366020977497101
17230,0.9745562672615051,0.003630065592005849,0.021813696715980768
17231,0.7048366367816925,0.00506103498628363,0.2901023328304291
17232,0.8041376918554306,0.001725239897496067,0.19413705356419086
17233,0.9853916019201279,0.0016678325191605836,0.012940591899678111
17234,0.9804899841547012,0.002010641008382663,0.0174993802793324
17235,0.9890947937965393,0.0026236436679027975,0.008281547750812024
17236,0.8758948147296906,0.011720638372935355,0.11238455399870872
17237,0.12857978977262974,0.012907962780445814,0.8585122376680374
17238,0.6190973594784737,0.017677281168289483,0.3632253520190716
17239,0.08643096126616001,0.00550341175403446,0.908065602183342
17240,0.9343250840902328,0.0013857548765372485,0.06428913958370686
17241,0.9665363281965256,0.02023957797791809,0.013224064372479916
17242,0.8827949613332748,0.0065584113472141325,0.11064662784337997
17243,0.13311569951474667,0.003245268570026383,0.8636390119791031
17244,0.8562874048948288,0.004215362714603543,0.13949724100530148
17245,0.01023997669108212,0.004834079212741926,0.9849259108304977
17246,0.026075528003275394,0.00743146997410804,0.9664929956197739
17247,0.8789795786142349,0.014177468372508883,0.10684296302497387
17248,0.9910745173692703,0.0013715035856876057,0.007553991163149476
17249,0.8457591235637665,0.0012463904422475025,0.15299449861049652
17250,0.9765942245721817,0.0009435777610633522,0.0224621903616935
17251,0.5903612747788429,0.07319889031350613,0.3364398367702961
17252,0.9223147183656693,0.0026328933308832347,0.07505240943282843
17253,0.18466555513441563,0.0015308414294850081,0.8138036131858826
17254,0.1055722888559103,0.007086787081789225,0.8873409479856491
17255,0.79463791847229,0.04276838339865208,0.16259370557963848
17256,0.7714096307754517,0.14595266245305538,0.08263768814504147
17257,0.8069408386945724,0.0053920012433081865,0.18766717240214348
17258,0.9793188571929932,0.002904978988226503,0.01777615398168564
17259,0.7747227400541306,0.02269880461972207,0.20257846266031265
17260,0.2534494139254093,0.418663565069437,0.32788701727986336
17261,0.7602718770503998,0.06198671576566994,0.17774139530956745
17262,0.9921127557754517,0.002371917275013402,0.005515315686352551
17263,0.9884215146303177,0.0023311875120270997,0.00924729893449694
17264,0.8920860588550568,0.004537646076641977,0.10337630473077297
17265,0.0016339236462954432,0.001022430689772591,0.9973436594009399
17266,0.7807824015617371,0.014573770808055997,0.20464381948113441
17267,0.9789449870586395,0.00020833482631132938,0.020846640458330512
17268,0.6852452605962753,0.005304994701873511,0.3094497546553612
17269,0.9643332362174988,0.0005269064349704422,0.03513987408950925
17270,0.9807823002338409,0.0003743070410564542,0.01884339260868728
17271,0.8815048635005951,0.03179344488307834,0.08670169860124588
17272,0.8844939917325974,0.0051475646323524415,0.11035844683647156
17273,0.004674802359659225,0.0013291712166392244,0.9939959943294525
17274,0.9845936000347137,0.0012100531021133065,0.014196320669725537
17275,0.018583445344120264,0.022070113802328706,0.9593464285135269
17276,0.6960822492837906,0.00262672636017669,0.3012910522520542
17277,0.9675636291503906,0.015578906750306487,0.01685749413445592
17278,0.983753576874733,0.0022084891970735043,0.014037935179658234
17279,0.9610548317432404,0.009624952275771648,0.029320191591978073
17280,0.3410261273384094,0.011375946458429098,0.6475979387760162
17281,0.813804879784584,0.002884109038859606,0.18331100791692734
17282,0.4157917648553848,0.14058396965265274,0.4436242803931236
17283,0.8419224619865417,0.10811778530478477,0.04995978903025389
17284,0.9847740083932877,0.0003761999978451058,0.01484976545907557
17285,0.9469270557165146,0.0009033134738274384,0.05216960608959198
17286,0.848033145070076,0.007067721686325967,0.1448991373181343
17287,0.0019273328507551923,0.0007735602121101692,0.997299075126648
17288,0.9906398504972458,0.0002827667849487625,0.009077387396246195
17289,0.9919822812080383,0.002278595886309631,0.005739119078498334
17290,0.9766794145107269,0.001703976646240335,0.021616623969748616
17291,0.7569360435009003,0.0027414415671955794,0.2403225190937519
17292,0.011838708305731416,0.0007155183411668986,0.9874458014965057
17293,0.9426162838935852,0.001500366284744814,0.05588334519416094
17294,0.0022394978150259703,0.0002661097314557992,0.9974944144487381
17295,0.5866430848836899,0.21992938220500946,0.19342753291130066
17296,0.9618188738822937,0.0025896919541992247,0.035591425839811563
17297,0.9769208133220673,0.0020182518783258274,0.021060918224975467
17298,0.9758148342370987,0.0014351797071867622,0.022749986965209246
17299,0.6650442555546761,0.005091327475383878,0.32986437529325485
17300,0.7789855003356934,0.06865791138261557,0.1523565724492073
17301,0.003705749608343467,0.00029669782088603824,0.9959974884986877
17302,0.7794491797685623,0.0032479560177307576,0.2173028439283371
17303,0.9450733363628387,0.0035226050240453333,0.051404057536274195
17304,0.7774755582213402,0.18935802206397057,0.03316643135622144
17305,0.9775639325380325,0.0022205790446605533,0.020215445663779974
17306,0.7790859490633011,0.0011701894545694813,0.2197438683360815
17307,0.8776615858078003,0.02116517466492951,0.10117323976010084
17308,0.9436947107315063,0.0033933949598576874,0.052911894395947456
17309,0.8688285648822784,0.06300378032028675,0.06816765572875738
17310,0.8175648301839828,0.011820991523563862,0.17061416059732437
17311,0.8241480439901352,0.004603099718224257,0.17124884948134422
17312,0.9812640398740768,0.0012824291334254667,0.017453532898798585
17313,0.7996246963739395,0.0128072549123317,0.1875680573284626
17314,0.015136329689994454,0.00031670037787989713,0.984546959400177
17315,0.9948577135801315,0.0001833540663938038,0.004958953766617924
17316,0.9956742823123932,0.0003508209229039494,0.003974901221226901
17317,0.9650882482528687,0.0016113498422782868,0.033300405368208885
17318,0.9515948295593262,0.0039549958892166615,0.04445017175748944
17319,0.6855339258909225,0.008979251841083169,0.3054868057370186
17320,0.985338032245636,0.007383992779068649,0.007277963566593826
17321,0.7580334395170212,0.004751704283989966,0.237214844673872
17322,0.01950681279413402,0.0012480790392146446,0.9792451113462448
17323,0.10615748632699251,0.006927786278538406,0.8869147300720215
17324,0.9594444632530212,0.031465051462873816,0.00909045513253659
17325,0.5465597882866859,0.020645710173994303,0.432794488966465
17326,0.06148191122338176,0.23432405479252338,0.704194039106369
17327,0.4429299011826515,0.010715965763665736,0.5463541522622108
17328,0.03742867102846503,0.7145965099334717,0.24797484651207924
17329,0.9714988172054291,0.0019741814176086336,0.026527004316449165
17330,0.10398983955383301,0.0038491770974360406,0.8921609967947006
17331,0.6638903766870499,0.009537505102343857,0.32657213509082794
17332,0.9703911393880844,0.011238066712394357,0.01837081415578723
17333,0.8751949220895767,0.01667949475813657,0.10812557861208916
17334,0.7618878781795502,0.1540577970445156,0.08405430801212788
17335,0.968671590089798,0.0009107167861657217,0.03041768539696932
17336,0.952067568898201,0.0009736131032695994,0.046958796214312315
17337,0.3028699532151222,0.05494179669767618,0.6421882435679436
17338,0.8273050338029861,0.011685296194627881,0.16100965812802315
17339,0.9811355024576187,0.0003031211454072036,0.018561355769634247
17340,0.895269975066185,0.005068812402896583,0.09966121055185795
17341,0.9912093579769135,0.0002135173253918765,0.008577162981964648
17342,0.9237053692340851,0.01154928607866168,0.06474536657333374
17343,0.11225752159953117,0.005164113943465054,0.8825783580541611
17344,0.039485772140324116,0.0032079096417874098,0.9573063105344772
17345,0.9818861484527588,0.003092541446676478,0.015021298080682755
17346,0.02694379910826683,0.005286999454256147,0.9677691906690598
17347,0.5665702447295189,0.045516183134168386,0.3879135698080063
17348,0.20766917616128922,0.007963060750626028,0.7843677550554276
17349,0.9363042563199997,0.012513758963905275,0.05118196411058307
17350,0.974538117647171,0.0011759923945646733,0.024285855935886502
17351,0.8078645467758179,0.03623145958408713,0.1559040192514658
17352,0.8857935518026352,0.011361569399014115,0.10284491069614887
17353,0.9657064378261566,0.004114404000574723,0.030179161811247468
17354,0.007816176046617329,0.00358461492578499,0.9885992258787155
17355,0.6657563298940659,0.011615344090387225,0.32262836396694183
17356,0.03345325496047735,0.0045648933737538755,0.961981862783432
17357,0.9174801707267761,0.0045732620055787265,0.07794657070189714
17358,0.05768134258687496,0.002997297764522955,0.939321368932724
17359,0.8831432014703751,0.00762390170712024,0.10923292301595211
17360,0.7158162444829941,0.040571481455117464,0.24361225217580795
17361,0.6005825996398926,0.015135668916627765,0.384281724691391
17362,0.032096636947244406,0.0024738812644500285,0.9654294848442078
17363,0.9454111307859421,0.02336978819221258,0.031219092197716236
17364,0.9510245621204376,0.004936147830449045,0.044039251282811165
17365,0.981955960392952,0.0020397086918819696,0.01600435539148748
17366,0.22495875880122185,0.01945838436949998,0.7555828541517258
17367,0.3822670541703701,0.010253666783683002,0.6074792668223381
17368,0.5099922269582748,0.01807291666045785,0.47193485498428345
17369,0.9675782769918442,0.010801424155943096,0.021620300132781267
17370,0.9593037515878677,0.013408959261141717,0.02728727413341403
17371,0.9785830527544022,0.0014440965023823082,0.01997284428216517
17372,0.6023838073015213,0.08496303018182516,0.31265315413475037
17373,0.6866962164640427,0.007823063409887254,0.3054806925356388
17374,0.9640519917011261,0.0022937598696444184,0.033654251135885715
17375,0.9825856387615204,0.00021309807561920024,0.01720127509906888
17376,0.960738942027092,0.003424625494517386,0.035836443305015564
17377,0.8717195987701416,0.01734274043701589,0.11093766987323761
17378,0.9503591358661652,0.0033276542089879513,0.04631321411579847
17379,0.827181875705719,0.019581125699914992,0.1532370150089264
17380,0.00885164987994358,0.00035109514647047035,0.9907972365617752
17381,0.008016255917027593,0.0005114707964821719,0.9914722740650177
17382,0.08438161201775074,0.08146095089614391,0.8341574668884277
17383,0.7634661793708801,0.010530743282288313,0.22600305825471878
17384,0.840676948428154,0.012168153538368642,0.14715488627552986
17385,0.835014820098877,0.1370495744049549,0.0279356031678617
17386,0.024847728898748755,0.022698660963214934,0.9524536430835724
17387,0.5592014938592911,0.006103313586208969,0.43469517678022385
17388,0.8830404728651047,0.0023846687690820545,0.11457489151507616
17389,0.9512511193752289,0.0038793214480392635,0.04486955516040325
17390,0.9695921242237091,0.0013247650349512696,0.02908311551436782
17391,0.9838224649429321,0.006168900174088776,0.010008627781644464
17392,0.07018517982214689,0.021694744238629937,0.9081200957298279
17393,0.9387684613466263,0.03259895741939545,0.028632582630962133
17394,0.935650646686554,0.0008138396005961113,0.06353551149368286
17395,0.7508970201015472,0.009673329652287066,0.23942964896559715
17396,0.49472420662641525,0.0020278256270103157,0.5032479465007782
17397,0.33013271540403366,0.02437289827503264,0.6454943865537643
17398,0.85789655148983,0.015818259329535067,0.12628518231213093
17399,0.19359751790761948,0.013449600781314075,0.7929528951644897
17400,0.714415431022644,0.06111714709550142,0.2244674488902092
17401,0.9621131718158722,0.0035148023162037134,0.03437202051281929
17402,0.9483124911785126,0.004534345760475844,0.04715317394584417
17403,0.9952058643102646,0.0003751746826310409,0.004419008153490722
17404,0.9533804804086685,0.0026140541885979474,0.044005454052239656
17405,0.9903888553380966,0.0005859539160155691,0.00902521051466465
17406,0.6986073851585388,0.017788126599043608,0.2836044616997242
17407,0.035890425089746714,0.06888649612665176,0.895223081111908
17408,0.46256306022405624,0.00970177713315934,0.5277351513504982
17409,0.1056277696043253,0.009094580309465528,0.8852776437997818
17410,0.950850784778595,0.013121003052219748,0.03602820774540305
17411,0.9803001880645752,0.008048060757573694,0.011651729233562946
17412,0.8526559472084045,0.0781773803755641,0.06916667614132166
17413,0.9897628128528595,0.003622254735091701,0.006614956888370216
17414,0.9939357489347458,0.0012184736406197771,0.004845755931455642
17415,0.9540799856185913,0.01984175038523972,0.026078250957652926
17416,0.0863765999674797,0.006794115935917944,0.906829297542572
17417,0.9073668271303177,0.062412903644144535,0.03022026689723134
17418,0.10797383822500706,0.002114655071636662,0.8899115025997162
17419,0.39077310264110565,0.05609052628278732,0.5531363934278488
17420,0.9347922950983047,0.0032984740973915905,0.06190922390669584
17421,0.8846456557512283,0.009671697043813765,0.10568264685571194
17422,0.11943914368748665,0.018435470294207335,0.8621254116296768
17423,0.9053862541913986,0.00707142916508019,0.08754230849444866
17424,0.6291512995958328,0.016126153990626335,0.3547225557267666
17425,0.9954299032688141,0.0006236876397451852,0.003946430224459618
17426,0.03688702033832669,0.016065235249698162,0.9470477253198624
17427,0.004842147347517312,0.0017490614554844797,0.9934087991714478
17428,0.9648474901914597,0.003018619754584506,0.03213387029245496
17429,0.9859558343887329,0.00013695633788302075,0.0139072296442464
17430,0.9743584841489792,0.0021802004048367962,0.023461319971829653
17431,0.9790057986974716,0.000428790706791915,0.02056543529033661
17432,0.9552793204784393,0.007020398275926709,0.037700267508625984
17433,0.9602036327123642,0.003945981385186315,0.03585041128098965
17434,0.7823959439992905,0.006244642834644765,0.211359404027462
17435,0.36573632434010506,0.04361719638109207,0.5906464532017708
17436,0.9236090630292892,0.0014515658913296647,0.07493934873491526
17437,0.0015613399737048894,0.0003244850959163159,0.998114138841629
17438,0.9858598709106445,0.0009855909665930085,0.013154520187526941
17439,0.9779465645551682,0.0017666499625192955,0.020286791026592255
17440,0.9749157130718231,0.0005701199188479222,0.024514184333384037
17441,0.9823319911956787,0.00034310353294131346,0.017324902350082994
17442,0.9593750089406967,0.007814085111021996,0.03281090082600713
17443,0.7520431876182556,0.0014370703866006806,0.2465197518467903
17444,0.9526205658912659,0.022639370756223798,0.0247400866355747
17445,0.7592398375272751,0.14827445149421692,0.09248573333024979
17446,0.9722354710102081,0.009045862359926105,0.0187186470720917
17447,0.15202614292502403,0.014791894936934114,0.8331819325685501
17448,0.09481616131961346,0.011087539489381015,0.8940963000059128
17449,0.9219978004693985,0.004648864734917879,0.07335331663489342
17450,0.28551261126995087,0.010989895323291421,0.7034975066781044
17451,0.9456610381603241,0.0016298693662974983,0.05270909797400236
17452,0.9585727900266647,0.011358397314324975,0.030068793334066868
17453,0.7250962257385254,0.029525546124204993,0.24537823349237442
17454,0.16817480698227882,0.028169521130621433,0.8036556988954544
17455,0.9822319149971008,0.006080165272578597,0.011687928228639066
17456,0.9401757121086121,0.004186537553323433,0.055637724697589874
17457,0.6133284196257591,0.19231864623725414,0.19435293972492218
17458,0.9769674092531204,0.003953610255848616,0.019078997895121574
17459,0.8817298263311386,0.00437756790779531,0.11389261111617088
17460,0.9236043840646744,0.027626520255580544,0.04876908892765641
17461,0.8453560620546341,0.030649047810584307,0.12399488966912031
17462,0.47991515696048737,0.021596099017187953,0.49848875403404236
17463,0.9772938638925552,0.001441866344976006,0.021264256443828344
17464,0.08102835714817047,0.0059129983419552445,0.9130586534738541
17465,0.957242488861084,0.006149584311060607,0.036607902962714434
17466,0.9837845712900162,0.004175560257863253,0.012039868161082268
17467,0.983672171831131,0.0018083319373545237,0.014519484480842948
17468,0.27671829983592033,0.006218066904693842,0.7170636355876923
17469,0.0860433392226696,0.059247077675536275,0.854709580540657
17470,0.5520138069987297,0.010114043485373259,0.43787215650081635
17471,0.15469004772603512,0.05778499320149422,0.7875249534845352
17472,0.5068870708346367,0.007796754711307585,0.485316164791584
17473,0.5397558361291885,0.020585666643455625,0.4396585151553154
17474,0.9916313588619232,0.0026123174757231027,0.0057563240407034755
17475,0.017367703141644597,0.002410165499895811,0.9802221357822418
17476,0.9137521684169769,0.0010022868373198435,0.08524556085467339
17477,0.9241567403078079,0.0043489167001098394,0.07149435859173536
17478,0.7881225794553757,0.02420999249443412,0.18766743317246437
17479,0.46029486507177353,0.2466419991105795,0.29306313395500183
17480,0.00675253156805411,0.000605231700319564,0.9926422089338303
17481,0.9516424685716629,0.0043385902245063335,0.044018941931426525
17482,0.9630364924669266,0.0009103551929001696,0.03605317184701562
17483,0.1996638011187315,0.017576168989762664,0.7827600389719009
17484,0.030166130512952805,0.01150305278133601,0.958330824971199
17485,0.7532606720924377,0.005100879003293812,0.2416384518146515
17486,0.9068553149700165,0.002004423840844538,0.09114025719463825
17487,0.9327247738838196,0.003433941339608282,0.06384126096963882
17488,0.001218527220771648,0.00015269983759935712,0.998628780245781
17489,0.9329508990049362,0.005538058467209339,0.06151103600859642
17490,0.984622448682785,0.0003234723371861037,0.015054075978696346
17491,0.7104748487472534,0.012733143055811524,0.2767920047044754
17492,0.004322371329180896,0.005808402376715094,0.989869236946106
17493,0.3322002924978733,0.004471958556678146,0.6633277535438538
17494,0.9020293205976486,0.007272945193108171,0.09069769643247128
17495,0.696484163403511,0.003251819114666432,0.30026401579380035
17496,0.3160105012357235,0.004493921180255711,0.6794955730438232
17497,0.43340810388326645,0.002929727255832404,0.5636621564626694
17498,0.9728479832410812,0.002744087018072605,0.02440793951973319
17499,0.015142352087423205,0.006243507436010987,0.9786141812801361
17500,0.9365630000829697,0.004598558647558093,0.05883841961622238
17501,0.541342593729496,0.004976301279384643,0.4536810964345932
17502,0.8846981823444366,0.006874128885101527,0.10842769872397184
17503,0.9207422584295273,0.004244880867190659,0.0750128673389554
17504,0.9842565506696701,0.0016189541202038527,0.014124492416158319
17505,0.9796918332576752,0.0016444328939542174,0.018663693917915225
17506,0.9891351163387299,0.0019153562025167048,0.00894955254625529
17507,0.18513904511928558,0.015076171257533133,0.7997848093509674
17508,0.9471247643232346,0.003810807451372966,0.04906440479680896
17509,0.04845799319446087,0.002305454632733017,0.949236586689949
17510,0.934502586722374,0.007263745472300798,0.058233694173395634
17511,0.9561649113893509,0.005480127583723515,0.03835494350641966
17512,0.9238796830177307,0.014567727805115283,0.061552586033940315
17513,0.9927161484956741,0.0005304008882376365,0.006753471796400845
17514,0.8964421600103378,0.056855734437704086,0.046702079474925995
17515,0.7532902657985687,0.010451084352098405,0.2362586371600628
17516,0.9505780190229416,0.03333388129249215,0.016088108532130718
17517,0.985398679971695,0.0013413078850135207,0.013260041596367955
17518,0.42038047313690186,0.008849142584949732,0.570770375430584
17519,0.8814578652381897,0.005633798195049167,0.11290836147964001
17520,0.8750669062137604,0.01668913778848946,0.10824396274983883
17521,0.16378898173570633,0.020271066576242447,0.8159399628639221
17522,0.42843935638666153,0.012610972858965397,0.5589496716856956
17523,0.9157057404518127,0.04932613763958216,0.034968126099556684
17524,0.5699800327420235,0.0034421859309077263,0.42657778412103653
17525,0.013626898406073451,0.002500933565897867,0.9838721603155136
17526,0.028366251848638058,0.004818801884539425,0.9668149650096893
17527,0.8632360398769379,0.004357878933660686,0.13240608386695385
17528,0.009484851500019431,0.00023348666582023725,0.9902816563844681
17529,0.9810962677001953,0.009606979321688414,0.009296756936237216
17530,0.0774214155972004,0.002766606106888503,0.9198119789361954
17531,0.9238354712724686,0.0029128346359357238,0.07325170934200287
17532,0.9354831725358963,0.006937563419342041,0.05757924448698759
17533,0.9169318079948425,0.008882510766852647,0.07418565358966589
17534,0.0043039401061832905,0.012415077944751829,0.9832810163497925
17535,0.6578196361660957,0.00541909335879609,0.3367612659931183
17536,0.8901249170303345,0.006924271117895842,0.10295080207288265
17537,0.9825023114681244,0.002605095643957611,0.014892588602378964
17538,0.012651822296902537,0.0019882317865267396,0.9853599220514297
17539,0.9838087260723114,0.0005226728462730534,0.015668628737330437
17540,0.015315267140977085,0.0011522953573148698,0.9835324138402939
17541,0.9707648754119873,0.0038582045235671103,0.02537691220641136
17542,0.6208412796258926,0.2672012560069561,0.11195741221308708
17543,0.898180216550827,0.05099409818649292,0.050825691781938076
17544,0.9787908643484116,0.0030579884187318385,0.018151118187233806
17545,0.18542406149208546,0.0025603688845876604,0.8120155781507492
17546,0.9785522669553757,0.0015445727476617321,0.019903182983398438
17547,0.36289145797491074,0.008148420718498528,0.6289601176977158
17548,0.9637374430894852,0.0030053367954678833,0.03325718315318227
17549,0.8919612318277359,0.02989322179928422,0.07814556732773781
17550,0.9549288898706436,0.00221548875560984,0.04285562504082918
17551,0.8971991837024689,0.009177254454698414,0.093623585999012
17552,0.3224749080836773,0.008755782735534012,0.6687693074345589
17553,0.9731433540582657,0.002694276481634006,0.024162392131984234
17554,0.9438030123710632,0.003563741862308234,0.052633252926170826
17555,0.002941824059234932,0.0013798640138702467,0.9956782907247543
17556,0.9823083281517029,0.0024342064862139523,0.015257472405210137
17557,0.9439880549907684,0.001451624950277619,0.054560327902436256
17558,0.08372787293046713,0.012046227231621742,0.9042258858680725
17559,0.8773513585329056,0.0301742828451097,0.09247436746954918
17560,0.7148419693112373,0.009935417445376515,0.2752225920557976
17561,0.9379239976406097,0.020280751399695873,0.041795226745307446
17562,0.03617274947464466,0.0019253045174991712,0.9619019329547882
17563,0.9882847368717194,0.0008429777990386356,0.010872298036701977
17564,0.7074748799204826,0.06387872993946075,0.22864636406302452
17565,0.9496952146291733,0.024544126819819212,0.025760706514120102
17566,0.9691672325134277,0.0025183428078889847,0.028314424213021994
17567,0.03225252265110612,0.014231367269530892,0.9535160809755325
17568,0.969584196805954,0.0031187096319627017,0.027297113556414843
17569,0.5465999394655228,0.004728886589873582,0.4486711621284485
17570,0.9738840907812119,0.00566983298631385,0.02044607582502067
17571,0.9252578914165497,0.007261146325618029,0.06748096644878387
17572,0.688160315155983,0.01040179340634495,0.3014379031956196
17573,0.9829137921333313,0.0002747028738667723,0.016811507288366556
17574,0.9618537127971649,0.0027947362104896456,0.03535155300050974
17575,0.8936516642570496,0.01115182798821479,0.09519650042057037
17576,0.7655046433210373,0.16847656294703484,0.06601879140362144
17577,0.7696568667888641,0.020487850764766335,0.20985524356365204
17578,0.14134738594293594,0.010379253886640072,0.8482733517885208
17579,0.9895105808973312,0.0011855982593260705,0.009303784696385264
17580,0.9714419841766357,0.0006257764653128106,0.027932288125157356
17581,0.07104836869984865,0.0018146477523259819,0.9271369874477386
17582,0.02650102972984314,0.0034846520284190774,0.9700143188238144
17583,0.0043072515982203186,0.0006483705001301132,0.9950443804264069
17584,0.7385688722133636,0.003674953943118453,0.25775616988539696
17585,0.9069922268390656,0.0037597290938720107,0.08924804721027613
17586,0.8215901255607605,0.0051071009947918355,0.1733027696609497
17587,0.9699106216430664,0.006610117387026548,0.023479260504245758
17588,0.005647397774737328,0.0011218001891393214,0.9932308197021484
17589,0.8776417076587677,0.017384307109750807,0.10497396346181631
17590,0.8473702371120453,0.010134865413419902,0.14249487034976482
17591,0.028593075927346945,0.01419913349673152,0.9572077840566635
17592,0.9809732139110565,0.0017915378411998972,0.017235263716429472
17593,0.9302951097488403,0.004190305655356497,0.06551457941532135
17594,0.3499429151415825,0.0039341364754363894,0.6461229547858238
17595,0.7376345545053482,0.0318467749748379,0.23051869496703148
17596,0.9558149129152298,0.008287990291137248,0.03589713154360652
17597,0.15794016048312187,0.0046955462312325835,0.8373643159866333
17598,0.9584834277629852,0.012093956349417567,0.02942261751741171
17599,0.9587820768356323,0.001036982583173085,0.04018096951767802
17600,0.7875486314296722,0.037905783392488956,0.1745455600321293
17601,0.9448574632406235,0.0030559307197108865,0.05208662198856473
17602,0.5949914157390594,0.06097310013137758,0.34403548389673233
17603,0.0965373171493411,0.033859231509268284,0.8696034550666809
17604,0.9494797885417938,0.0005970324200461619,0.049923161044716835
17605,0.7856812179088593,0.005221332656219602,0.20909743756055832
17606,0.989471510052681,0.0021503031020984054,0.008378220372833312
17607,0.9025013148784637,0.040572610683739185,0.056926069781184196
17608,0.9679904878139496,0.011917376716155559,0.02009212109260261
17609,0.9851160645484924,0.0017438503273297101,0.013140079332515597
17610,0.9863264858722687,0.00025874065249809064,0.01341477781534195
17611,0.9838656932115555,0.0015553673438262194,0.014578927075490355
17612,0.9595624804496765,0.0006874027094454505,0.03975010244175792
17613,0.8862934857606888,0.0048528730985708535,0.10885364003479481
17614,0.008211300184484571,0.0011963747383560985,0.9905923157930374
17615,0.9871912151575089,0.0008076379599515349,0.012001136783510447
17616,0.9874561578035355,0.0011801597283920273,0.011363660683855414
17617,0.9624490439891815,0.009976997971534729,0.027573938015848398
17618,0.9117539823055267,0.02752498583868146,0.0607210174202919
17619,0.9802016019821167,0.0018298080831300467,0.017968599451705813
17620,0.9040456563234329,0.007885571452789009,0.0880687814205885
17621,0.540506087243557,0.016649286495521665,0.44284461438655853
17622,0.03121901350095868,0.0074734106892719865,0.9613075703382492
17623,0.007546305132564157,0.012835896341130137,0.9796177893877029
17624,0.9733133763074875,0.003780203638598323,0.02290643099695444
17625,0.16730361804366112,0.007432579412125051,0.8252637982368469
17626,0.8533488512039185,0.0009882265876512975,0.1456629280000925
17627,0.5338652953505516,0.0025207024882547557,0.46361400187015533
17628,0.8770629018545151,0.001715389167657122,0.12122168578207493
17629,0.6433964967727661,0.01626384211704135,0.34033966436982155
17630,0.9303997904062271,0.009015637217089534,0.06058458145707846
17631,0.0018707560375332832,0.0004922059524687938,0.9976370185613632
17632,0.9601558744907379,0.005219262384343892,0.034624858759343624
17633,0.6978374421596527,0.017714386573061347,0.28444817662239075
17634,0.9593616127967834,0.00971990404650569,0.030918471980839968
17635,0.8324750661849976,0.003979208937380463,0.1635457444936037
17636,0.8561678230762482,0.10098100546747446,0.04285114863887429
17637,0.9882796555757523,0.0005949856931692921,0.01112535607535392
17638,0.9017480313777924,0.003425472415983677,0.09482652135193348
17639,0.8370791077613831,0.12505363672971725,0.03786722756922245
17640,0.9913830608129501,0.0004604139467119239,0.00815650972072035
17641,0.9200820922851562,0.005985164025332779,0.07393272966146469
17642,0.01751562557183206,0.002804032716085203,0.9796803146600723
17643,0.5451818779110909,0.3094600811600685,0.14535803720355034
17644,0.9090912789106369,0.008115159347653389,0.08279359340667725
17645,0.9106732457876205,0.011460841866210103,0.07786592096090317
17646,0.8923703581094742,0.011874540359713137,0.09575509279966354
17647,0.9105855375528336,0.0049299345701001585,0.08448454365134239
17648,0.9738765507936478,0.0012391934797051363,0.024884231155738235
17649,0.04446926433593035,0.0019680371624417603,0.9535626769065857
17650,0.9831512570381165,0.004838275257498026,0.012010480975732207
17651,0.5608061254024506,0.01513359067030251,0.42406027019023895
17652,0.9874842464923859,0.003375816100742668,0.009139916626736522
17653,0.988623782992363,0.003429196309298277,0.00794700242113322
17654,0.9834627509117126,0.0011773015867220238,0.015359921846538782
17655,0.9848464876413345,0.003600695199565962,0.011552858399227262
17656,0.3900151550769806,0.03710529860109091,0.5728795453906059
17657,0.9472087323665619,0.00704566651256755,0.04574561398476362
17658,0.7960223853588104,0.007015022216364741,0.19696258753538132
17659,0.19070525839924812,0.011948285507969558,0.7973464727401733
17660,0.9660020768642426,0.00144601910142228,0.0325519242323935
17661,0.7608003169298172,0.0018996908329427242,0.2372999954968691
17662,0.9744614958763123,0.00923578449874185,0.016302730422466993
17663,0.9704996347427368,0.0020424514077603817,0.02745794551447034
17664,0.029468559194356203,0.03277950454503298,0.9377519339323044
17665,0.9723504036664963,0.0075617252150550485,0.02008784911595285
17666,0.39167529717087746,0.017592380056157708,0.5907323062419891
17667,0.9337039291858673,0.003465650661382824,0.06283043697476387
17668,0.963102862238884,0.0032720838207751513,0.03362505394034088
17669,0.7623240053653717,0.05330737726762891,0.18436862714588642
17670,0.9261823892593384,0.04078068630769849,0.033036910463124514
17671,0.7815831750631332,0.0038536362699232996,0.21456322818994522
17672,0.971696138381958,0.0010918031475739554,0.02721206471323967
17673,0.7904754355549812,0.01091990782879293,0.1986046452075243
17674,0.6020074337720871,0.010110866161994636,0.38788169622421265
17675,0.808253601193428,0.008838716079480946,0.18290768936276436
17676,0.9868073612451553,0.0031272086198441684,0.01006546092685312
17677,0.7429540604352951,0.011432645667809993,0.24561332166194916
17678,0.9682363718748093,0.002317771693924442,0.029445862397551537
17679,0.4898584261536598,0.009356731665320694,0.5007848367094994
17680,0.6530723944306374,0.021545223193243146,0.3253823593258858
17681,0.9334554523229599,0.0057820999645628035,0.06076240073889494
17682,0.6109982207417488,0.010505784885026515,0.37849602848291397
17683,0.9702884405851364,0.002646215376444161,0.027065360452979803
17684,0.9719928950071335,0.0023466781713068485,0.02566042495891452
17685,0.6817462295293808,0.027610894292593002,0.2906428948044777
17686,0.9464228600263596,0.00521414855029434,0.04836300574243069
17687,0.4546578824520111,0.4474773034453392,0.09786481503397226
17688,0.8160642683506012,0.004058174876263365,0.17987754568457603
17689,0.9741931706666946,0.008667252375744283,0.01713959942571819
17690,0.839464470744133,0.0012378948304103687,0.15929766558110714
17691,0.9468688517808914,0.012195851770229638,0.04093532217666507
17692,0.05004248023033142,0.029710539150983095,0.9202469885349274
17693,0.9687000513076782,0.0012895698237116449,0.03001038357615471
17694,0.9605197161436081,0.0048183019971475005,0.03466195520013571
17695,0.9878095239400864,0.0007315132170333527,0.011458963737823069
17696,0.9709663540124893,0.0096416634041816,0.019391961628571153
17697,0.5978301465511322,0.005810681264847517,0.3963591530919075
17698,0.9453441202640533,0.004319321713410318,0.05033656023442745
17699,0.9672350436449051,0.005924075318034738,0.0268408611882478
17700,0.9038418382406235,0.002937906014267355,0.09322026371955872
17701,0.24718329682946205,0.057998000644147396,0.6948187202215195
17702,0.9339155852794647,0.002320736297406256,0.06376366969197989
17703,0.9802354723215103,0.002294534962857142,0.017470009857788682
17704,0.922662541270256,0.005460460146423429,0.07187699759379029
17705,0.9829561412334442,0.004516506451182067,0.01252737152390182
17706,0.011728283483535051,0.001306231046328321,0.9869654625654221
17707,0.3508768379688263,0.018933821003884077,0.6301893517374992
17708,0.29195210337638855,0.008558702131267637,0.6994891986250877
17709,0.9310364425182343,0.003832877380773425,0.0651306975632906
17710,0.6476371809840202,0.04986239317804575,0.3025004044175148
17711,0.003266273153712973,0.0005765248133684509,0.9961571991443634
17712,0.978748619556427,0.0015035711403470486,0.019747819053009152
17713,0.7976808995008469,0.01520374114625156,0.18711532652378082
17714,0.7650645971298218,0.0020759884791914374,0.23285942897200584
17715,0.9864669889211655,0.000675521710945759,0.012857506982982159
17716,0.6588987335562706,0.16383065283298492,0.17727058567106724
17717,0.9324317872524261,0.013881309307180345,0.05368691636249423
17718,0.9349894821643829,0.0005410836674855091,0.06446943897753954
17719,0.7542379349470139,0.00843308656476438,0.23732899129390717
17720,0.8894961327314377,0.007930921739898622,0.10257294401526451
17721,0.17587039805948734,0.003485991503112018,0.8206436336040497
17722,0.9718899875879288,0.005211333162151277,0.022898673778399825
17723,0.951897919178009,0.0023929742455948144,0.045709104277193546
17724,0.9722116887569427,0.006598352105356753,0.02118997322395444
17725,0.008830025035422295,0.0018577349255792797,0.9893122464418411
17726,0.9825535863637924,0.0003502938780002296,0.017096133204177022
17727,0.8881045132875443,0.06479827128350735,0.04709721403196454
17728,0.5458584949374199,0.03519749827682972,0.41894400119781494
17729,0.9568866789340973,0.013910124893300235,0.029203161597251892
17730,0.8618997931480408,0.03242272790521383,0.10567744821310043
17731,0.005053649249020964,0.002357930483412929,0.992588460445404
17732,0.9360168427228928,0.0060168992495164275,0.05796625092625618
17733,0.9787737280130386,0.0017031703901011497,0.019523106515407562
17734,0.004229210608173162,0.0005654105843859725,0.9952053725719452
17735,0.6945692822337151,0.014580642338842154,0.29085012152791023
17736,0.9713122546672821,0.011517247650772333,0.017170478822663426
17737,0.08380220551043749,0.010091202042531222,0.906106561422348
17738,0.0343659040518105,0.008197596878744662,0.9574364870786667
17739,0.012880036607384682,0.0029154177173040807,0.9842045456171036
17740,0.33644796907901764,0.3069993704557419,0.3565526679158211
17741,0.5480422079563141,0.02561044506728649,0.42634735256433487
17742,0.9580620974302292,0.0007597979420097545,0.041178122628480196
17743,0.966128408908844,0.00035571473199524917,0.033515880815684795
17744,0.9538816958665848,0.016803667414933443,0.029314658138900995
17745,0.8275167346000671,0.009160617250017822,0.16332265362143517
17746,0.2024599239230156,0.0029906878480687737,0.7945494204759598
17747,0.07300024200230837,0.0177329343277961,0.9092668145895004
17748,0.976916179060936,0.0018309084116481245,0.021252866834402084
17749,0.846451535820961,0.014111165422946215,0.13943729549646378
17750,0.92041876912117,0.025278419721871614,0.0543028274551034
17751,0.9958814680576324,0.00042665889486670494,0.0036918589612469077
17752,0.9735551178455353,0.0019354865071363747,0.024509398266673088
17753,0.1931312344968319,0.01220498711336404,0.7946637719869614
17754,0.9841132313013077,0.0007254787778947502,0.01516126492060721
17755,0.7685975581407547,0.0018099163135048002,0.22959250956773758
17756,0.008299458189867437,0.0007419514149660245,0.9909585565328598
17757,0.9512422382831573,0.002419808864942752,0.046337928622961044
17758,0.9840322434902191,0.0034016437421087176,0.012566095683723688
17759,0.39015019685029984,0.04296252876520157,0.5668872743844986
17760,0.14361421950161457,0.009349175379611552,0.847036600112915
17761,0.01844079256989062,0.06541774980723858,0.9161414504051208
17762,0.9653966575860977,0.0022215392091311514,0.032381800934672356
17763,0.701179102063179,0.0011958717950619757,0.297625046223402
17764,0.015172303188592196,0.0026646941842045635,0.9821630269289017
17765,0.02092456608079374,0.0029018140048719943,0.976173609495163
17766,0.9868691563606262,0.0008409077490796335,0.012289934558793902
17767,0.6477893218398094,0.09977073222398758,0.2524399496614933
17768,0.9858856350183487,0.0009131388214882463,0.013201239285990596
17769,0.04262271849438548,0.0008973396179499105,0.9564799517393112
17770,0.9626136273145676,0.0047258041449822485,0.03266057092696428
17771,0.9929873049259186,0.0020721181499538943,0.004940590122714639
17772,0.9621633440256119,0.0013324945539352484,0.036504185292869806
17773,0.8833318203687668,0.039403438568115234,0.0772647401317954
17774,0.9077577888965607,0.004342965432442725,0.087899224832654
17775,0.978388249874115,0.005173806159291416,0.016437940998002887
17776,0.37263480201363564,0.12333831377327442,0.5040268823504448
17777,0.946750819683075,0.004654876363929361,0.04859428107738495
17778,0.054792949464172125,0.009162129368633032,0.9360448867082596
17779,0.40857619047164917,0.01655792025849223,0.5748658999800682
17780,0.049194674007594585,0.016247534193098545,0.9345577657222748
17781,0.016846703132614493,0.005371673149056733,0.9777816832065582
17782,0.9626995772123337,0.008282095077447593,0.029018339700996876
17783,0.9312862157821655,0.018086718919221312,0.05062706023454666
17784,0.9347692579030991,0.00497035461012274,0.06026042252779007
17785,0.6573929861187935,0.0187196449842304,0.3238873705267906
17786,0.9356209933757782,0.001193194417282939,0.06318582873791456
17787,0.960936039686203,0.0032102398690767586,0.0358537258580327
17788,0.8614705801010132,0.10173266567289829,0.03679677564650774
17789,0.06477702967822552,0.004539889399893582,0.9306830763816833
17790,0.9755558371543884,0.0032540439278818667,0.02119009825401008
17791,0.011538011603988707,0.004080540442373604,0.9843814522027969
17792,0.8603672832250595,0.018146425252780318,0.12148628756403923
17793,0.9411022961139679,0.00830623641377315,0.05059149768203497
17794,0.8577523827552795,0.006178798619657755,0.13606882467865944
17795,0.8803433626890182,0.011094111541751772,0.10856253001838923
17796,0.984545573592186,0.0020395692554302514,0.013414828339591622
17797,0.14906510710716248,0.010103307664394379,0.8408315926790237
17798,0.9685450047254562,0.005295218375977129,0.026159787084907293
17799,0.9845191389322281,0.0009139461908489466,0.014566930243745446
17800,0.9797897636890411,0.0036677713214885443,0.016542478697374463
17801,0.14460292272269726,0.005948423990048468,0.8494486808776855
17802,0.9313673228025436,0.00813211384229362,0.06050056591629982
17803,0.5535663291811943,0.026369506027549505,0.42006414011120796
17804,0.9236826598644257,0.002704070881009102,0.07361327297985554
17805,0.9189462065696716,0.004738435382023454,0.07631534896790981
17806,0.9237426221370697,0.0018927770579466596,0.0743646202608943
17807,0.9681221693754196,0.007808313413988799,0.024069524370133877
17808,0.9909402281045914,0.0005741748900618404,0.008485560771077871
17809,0.6442549824714661,0.011080552940256894,0.34466443955898285
17810,0.8705821335315704,0.04846686287783086,0.08095097728073597
17811,0.9390516430139542,0.01362939435057342,0.047318979632109404
17812,0.9206932187080383,0.04648895689751953,0.032817819621413946
17813,0.9860757887363434,0.003460741776507348,0.010463479324243963
17814,0.9897278994321823,0.0033531160588609055,0.006918997270986438
17815,0.8425228446722031,0.005935591703746468,0.151541568338871
17816,0.4635925143957138,0.0025942484207917005,0.5338132306933403
17817,0.42442965880036354,0.008589074364863336,0.5669812709093094
17818,0.9315225929021835,0.02432637708261609,0.044150994159281254
17819,0.2350056990981102,0.005014637776184827,0.7599796652793884
17820,0.9760885387659073,0.006041201530024409,0.017870229901745915
17821,0.25672345235943794,0.00605756719596684,0.737218976020813
17822,0.024084978504106402,0.01272368588251993,0.9631913602352142
17823,0.8983135670423508,0.0014439690712606534,0.10024242848157883
17824,0.029174530413001776,0.0029911987658124417,0.9678342789411545
17825,0.9364821463823318,0.005576417548581958,0.057941438630223274
17826,0.7947677373886108,0.003220887912902981,0.20201139338314533
17827,0.9508139789104462,0.0061008736956864595,0.04308515461161733
17828,0.0984360184520483,0.0040002784808166325,0.8975636810064316
17829,0.6307791396975517,0.0417000986635685,0.32752077281475067
17830,0.06847788486629725,0.009418288362212479,0.9221038520336151
17831,0.914116159081459,0.0028398520371410996,0.08304398506879807
17832,0.17335031926631927,0.011921565514057875,0.8147281259298325
17833,0.9419270157814026,0.0015772900806041434,0.056495687924325466
17834,0.7560264468193054,0.00964513560757041,0.23432841151952744
17835,0.016454463824629784,0.002397567848674953,0.981147974729538
17836,0.014352134196087718,0.0018995070131495595,0.9837483763694763
17837,0.04380715126171708,0.0033246262464672327,0.9528682380914688
17838,0.9670282751321793,0.002559375570854172,0.0304123698733747
17839,0.9750163108110428,0.002122568112099543,0.02286110818386078
17840,0.9781011492013931,0.007684045820496976,0.01421479182317853
17841,0.5508085489273071,0.06605208944529295,0.38313937932252884
17842,0.9627496600151062,0.0034390990622341633,0.033811256755143404
17843,0.01311967009678483,0.0028101134521421045,0.9840701967477798
17844,0.9522794485092163,0.004690376343205571,0.04303019214421511
17845,0.9741071909666061,0.010979048791341484,0.014913727762177587
17846,0.9418478310108185,0.0012729667068924755,0.056879173032939434
17847,0.8042776882648468,0.004924988723360002,0.19079731404781342
17848,0.298270795494318,0.007913391455076635,0.6938158199191093
17849,0.7087891176342964,0.0006648226335528307,0.2905460484325886
17850,0.9918141067028046,0.0011206217022845522,0.0070652905269525945
17851,0.6745482012629509,0.014721882529556751,0.31072990968823433
17852,0.9864975363016129,0.0005311907298164442,0.012971286196261644
17853,0.5335062891244888,0.0015158002352109179,0.464977890253067
17854,0.9507248550653458,0.004128292755922303,0.04514685086905956
17855,0.13675917126238346,0.0034033092961180955,0.8598374873399734
17856,0.7042114436626434,0.002059946971712634,0.29372862353920937
17857,0.9695511758327484,0.002301612330484204,0.02814722340553999
17858,0.8982979208230972,0.005109966499730945,0.09659209847450256
17859,0.890036478638649,0.002906837093178183,0.10705669596791267
17860,0.9237202852964401,0.01531338191125542,0.06096632033586502
17861,0.028569199610501528,0.010644952184520662,0.960785835981369
17862,0.9204922616481781,0.00445839820895344,0.07504934445023537
17863,0.9507565945386887,0.0045664855861105025,0.0446769087575376
17864,0.9056842178106308,0.006614189478568733,0.08770156558603048
17865,0.38055770844221115,0.005734385747928172,0.6137079074978828
17866,0.9789277464151382,0.003156823106110096,0.017915398813784122
17867,0.9759115725755692,0.0011292073177173734,0.022959236055612564
17868,0.4825691059231758,0.19369577430188656,0.3237351179122925
17869,0.9898730516433716,0.001920160633744672,0.008206803468056023
17870,0.7049338221549988,0.006616105674766004,0.28845005482435226
17871,0.01115633815061301,0.0018922821182059124,0.9869513809680939
17872,0.8617693185806274,0.02976377820596099,0.10846691951155663
17873,0.9426229894161224,0.003255405514209997,0.054121618159115314
17874,0.32381897419691086,0.021734195528551936,0.6544468328356743
17875,0.1333572342991829,0.03328062407672405,0.8333621323108673
17876,0.9873163998126984,0.00019536847321433015,0.012488202890381217
17877,0.003376820299308747,0.0005366405748645775,0.9960865378379822
17878,0.17973707057535648,0.004720689728856087,0.8155422359704971
17879,0.9865504801273346,0.0013776140694972128,0.012071914155967534
17880,0.908740371465683,0.016472369199618697,0.07478726096451283
17881,0.36474209278821945,0.1412461269646883,0.4940118044614792
17882,0.7542344331741333,0.018356127431616187,0.2274094894528389
17883,0.9542720019817352,0.00038298224535537884,0.04534500511363149
17884,0.9280396848917007,0.003515967517159879,0.06844437029212713
17885,0.11374318599700928,0.005323314748238772,0.8809334635734558
17886,0.3881072327494621,0.02602773020043969,0.5858650356531143
17887,0.003920651157386601,0.0011681647156365216,0.9949111789464951
17888,0.9729634523391724,0.0003967600023315754,0.02663977025076747
17889,0.6550371795892715,0.024942043935880065,0.32002077996730804
17890,0.9934080243110657,0.0005765865207649767,0.006015381950419396
17891,0.015746850287541747,0.0031332539801951498,0.98111991584301
17892,0.7202925235033035,0.001993201585719362,0.2777142748236656
17893,0.9914024621248245,0.001329177015577443,0.007268341723829508
17894,0.8873213678598404,0.0567068038508296,0.05597179755568504
17895,0.06005660630762577,0.00249462274950929,0.9374487400054932
17896,0.940943568944931,0.0007335439950111322,0.05832289904356003
17897,0.9688731133937836,0.0027127073844894767,0.028414170257747173
17898,0.9964912980794907,0.00019883936693076976,0.003309828258352354
17899,0.5674588084220886,0.020244383485987782,0.412296824157238
17900,0.9859578907489777,0.0004598537998390384,0.013582251034677029
17901,0.775079533457756,0.02583756810054183,0.19908292591571808
17902,0.9770278483629227,0.0009152625716524199,0.022056862711906433
17903,0.9702725857496262,0.017166253179311752,0.012561158277094364
17904,0.9565426111221313,0.004658580088289455,0.03879882115870714
17905,0.9674321115016937,0.004324642941355705,0.028243246488273144
17906,0.9818603247404099,0.004701025318354368,0.013438646215945482
17907,0.7597493231296539,0.0023746803926769644,0.23787600547075272
17908,0.7614592015743256,0.02683458593674004,0.2117062322795391
17909,0.16195466555655003,0.005287135019898415,0.8327581733465195
17910,0.982530415058136,0.002378111210418865,0.015091443201527
17911,0.442326195538044,0.08133310731500387,0.4763406813144684
17912,0.6487073972821236,0.004219676717184484,0.347072958946228
17913,0.962602898478508,0.019973892369307578,0.0174231743440032
17914,0.7194902002811432,0.028521867119707167,0.25198793038725853
17915,0.9208544939756393,0.004117803648114204,0.07502769399434328
17916,0.9631436914205551,0.003666974080260843,0.033189323265105486
17917,0.009742021327838302,0.0018015714886132628,0.9884564131498337
17918,0.12586338073015213,0.0032755386491771787,0.8708610832691193
17919,0.9265354871749878,0.00364268955308944,0.06982183083891869
17920,0.02673384197987616,0.003456930280663073,0.9698092639446259
17921,0.20569779351353645,0.0029368246905505657,0.7913654148578644
17922,0.8285712450742722,0.13643252849578857,0.03499622968956828
17923,0.05287829041481018,0.016152382362633944,0.930969312787056
17924,0.9886952340602875,0.0007707513868808746,0.010534024564549327
17925,0.738060399889946,0.0027688054251484573,0.259170800447464
17926,0.5909619852900505,0.008689730195328593,0.4003482908010483
17927,0.7246021628379822,0.0019077043834840879,0.27349013090133667
17928,0.04031611932441592,0.03876549331471324,0.9209183752536774
17929,0.7305471301078796,0.01210020191501826,0.25735268741846085
17930,0.006551182712428272,0.009327370178652927,0.9841214716434479
17931,0.14755615033209324,0.27547851391136646,0.5769653469324112
17932,0.6532039269804955,0.10074269585311413,0.24605339765548706
17933,0.9535769671201706,0.004439504293259233,0.04198353923857212
17934,0.9043321311473846,0.014502745820209384,0.08116510789841413
17935,0.6103848516941071,0.003642589639639482,0.3859725818037987
17936,0.8836365640163422,0.0021293441532179713,0.11423406563699245
17937,0.8952148854732513,0.010033945261966437,0.09475118108093739
17938,0.08275485225021839,0.005934741406235844,0.9113104045391083
17939,0.9115813374519348,0.0016242601341218688,0.08679443784058094
17940,0.9381200820207596,0.04435921227559447,0.01752072712406516
17941,0.1909057255834341,0.08479271596297622,0.7243015766143799
17942,0.976205125451088,0.007183742243796587,0.01661114441230893
17943,0.9180939048528671,0.004806624376215041,0.07709948532283306
17944,0.9887396991252899,0.0006558257446158677,0.010604494367726147
17945,0.3347170874476433,0.01933879335410893,0.6459441184997559
17946,0.6819248050451279,0.0006139980250736699,0.31746119633316994
17947,0.0074447328224778175,0.0012595706139109097,0.991295725107193
17948,0.7579424530267715,0.0034292415366508067,0.23862831480801105
17949,0.8921317756175995,0.00069827518746024,0.10716993920505047
17950,0.9866443425416946,0.00029006748809479177,0.013065583072602749
17951,0.884479895234108,0.0035867108817910776,0.11193339712917805
17952,0.8857473433017731,0.006339412007946521,0.10791323892772198
17953,0.7049309760332108,0.008403447340242565,0.28666557371616364
17954,0.25157346203923225,0.01330826967023313,0.7351182699203491
17955,0.9829905480146408,0.0014935635263100266,0.015515859005972743
17956,0.7728866934776306,0.0024221938801929355,0.22469107434153557
17957,0.9221877902746201,0.024901299504563212,0.052910929545760155
17958,0.05578512977808714,0.0051446036086417735,0.9390702694654465
17959,0.8568705022335052,0.010672892211005092,0.1324566062539816
17960,0.7903988808393478,0.0013724558593821712,0.20822865329682827
17961,0.7288435399532318,0.0011957055394304916,0.26996075361967087
17962,0.034856703132390976,0.007433119113557041,0.9577102065086365
17963,0.9789057224988937,0.001034384869853966,0.020059922942891717
17964,0.44811226427555084,0.5189150497317314,0.032972705783322453
17965,0.9835549592971802,0.003209520800737664,0.013235517079010606
17966,0.9932089895009995,0.0004375552525743842,0.0063534623477607965
17967,0.9168313294649124,0.0008663206790515687,0.08230235986411572
17968,0.976011797785759,0.0005307338979037013,0.023457524133846164
17969,0.9549667537212372,0.001211460716149304,0.04382181353867054
17970,0.8274093270301819,0.0028302452410571277,0.1697604190558195
17971,0.2176363319158554,0.033706616377457976,0.7486570477485657
17972,0.8157592117786407,0.1380972433835268,0.04614352062344551
17973,0.9273693859577179,0.004331689851824194,0.06829892378300428
17974,0.9678714871406555,0.010916614322923124,0.021211896557360888
17975,0.006055320845916867,0.005776698817498982,0.9881679713726044
17976,0.9026322066783905,0.04001133190467954,0.05735646886751056
17977,0.020828448934480548,0.001723765439237468,0.9774478226900101
17978,0.6288010999560356,0.017393918707966805,0.3538050130009651
17979,0.006964668049477041,0.010733302624430507,0.9823020249605179
17980,0.20644508302211761,0.021877770079299808,0.771677166223526
17981,0.606576532125473,0.01596331165637821,0.37746012955904007
17982,0.9526441991329193,0.0009444458337384276,0.046411366551183164
17983,0.5760699957609177,0.029174238443374634,0.3947557657957077
17984,0.5622357353568077,0.025339566520415246,0.4124247059226036
17985,0.9729510843753815,0.0019292553988634609,0.025119645055383444
17986,0.21139482595026493,0.04792293347418308,0.7406822144985199
17987,0.9017699360847473,0.015683237928897142,0.08254681900143623
17988,0.9045356512069702,0.0018983043555635959,0.09356604982167482
17989,0.939951479434967,0.008028484997339547,0.05202001240104437
17990,0.9793167859315872,0.0014563341392204165,0.019226861419156194
17991,0.9354328513145447,0.010153804207220674,0.054413335863500834
17992,0.02499781525693834,0.002670879039214924,0.9723313003778458
17993,0.9719789922237396,0.014626352349296212,0.013394677313044667
17994,0.9083834588527679,0.002023732289671898,0.08959281351417303
17995,0.11708424985408783,0.00582644302630797,0.8770893067121506
17996,0.9542989730834961,0.013735150103457272,0.03196587413549423
17997,0.6248281672596931,0.007846257067285478,0.3673255816102028
17998,0.7882312387228012,0.009290682966820896,0.2024780921638012
17999,0.9636765122413635,0.0024529751390218735,0.03387053404003382
18000,0.043275521602481604,0.4679211229085922,0.48880334198474884
18001,0.9887534976005554,0.0058747774455696344,0.005371740844566375
18002,0.9824428856372833,0.0009209905765601434,0.016636130632832646
18003,0.0033482220314908773,0.001585767327924259,0.9950660318136215
18004,0.014251213753595948,0.0011452019680291414,0.9846035838127136
18005,0.4128575436770916,0.17072385735809803,0.416418619453907
18006,0.9743403345346451,0.014526951359584928,0.011132698506116867
18007,0.38193072751164436,0.1955728456377983,0.4224964492022991
18008,0.9804099202156067,0.0009304944978794083,0.01865959307178855
18009,0.004172825225396082,0.004453567380551249,0.9913736134767532
18010,0.48637745529413223,0.017796563217416406,0.49582597613334656
18011,0.19465752318501472,0.01893064985051751,0.7864118367433548
18012,0.05868804454803467,0.03131698537617922,0.9099949598312378
18013,0.9931309521198273,0.0009046871055033989,0.005964345880784094
18014,0.9228222966194153,0.005328240396920592,0.07184943370521069
18015,0.9729832410812378,0.003311791253509,0.023704999359324574
18016,0.9584678709506989,0.001989733282243833,0.03954243054613471
18017,0.8204084485769272,0.017297444166615605,0.16229407116770744
18018,0.28985052928328514,0.006072136457078159,0.7040773332118988
18019,0.40768706798553467,0.06779073923826218,0.5245222002267838
18020,0.6238991916179657,0.0031563107040710747,0.3729444816708565
18021,0.9803926050662994,0.003762460662983358,0.015844954643398523
18022,0.4152616262435913,0.0019256369268987328,0.5828127786517143
18023,0.43639660626649857,0.018278295639902353,0.5453251004219055
18024,0.9923574030399323,0.00015598287973261904,0.007486649788916111
18025,0.8738615214824677,0.016632041661068797,0.10950647294521332
18026,0.9496144652366638,0.0009359889663755894,0.04944954998791218
18027,0.9523509442806244,0.011616334464633837,0.0360326967202127
18028,0.9530483484268188,0.008964220760390162,0.03798743709921837
18029,0.844880610704422,0.008456726907752454,0.146662637591362
18030,0.3676917217671871,0.18629221245646477,0.4460160583257675
18031,0.5859295725822449,0.008826929260976613,0.40524347871541977
18032,0.6610741466283798,0.016102352179586887,0.32282350212335587
18033,0.532895103096962,0.005048981111031026,0.46205589920282364
18034,0.025434356182813644,0.004580382257699966,0.9699852615594864
18035,0.19867431558668613,0.0018147759255953133,0.7995109111070633
18036,0.9365656673908234,0.0045449007011484355,0.05888947378844023
18037,0.9844328910112381,0.0032502487301826477,0.012316843494772911
18038,0.8480617254972458,0.0007200884647318162,0.1512182131409645
18039,0.5611604154109955,0.0028696401859633625,0.43596991151571274
18040,0.30283209308981895,0.009504076675511897,0.6876638382673264
18041,0.9702619314193726,0.008015146013349295,0.021722924429923296
18042,0.3807477429509163,0.15149831026792526,0.46775393933057785
18043,0.9606872349977493,0.004584217385854572,0.03472856106236577
18044,0.4224451333284378,0.009540247032418847,0.5680145919322968
18045,0.6894591152667999,0.011573209660127759,0.2989676706492901
18046,0.08453210908919573,0.005877553136087954,0.9095903187990189
18047,0.15262403525412083,0.016947769792750478,0.8304281830787659
18048,0.780433401465416,0.002875837788451463,0.21669073402881622
18049,0.10158723685890436,0.0060025532729923725,0.8924102038145065
18050,0.8999102413654327,0.0005986914184177294,0.09949109330773354
18051,0.03146136784926057,0.013909519417211413,0.954629123210907
18052,0.22438375279307365,0.004082074272446334,0.7715341746807098
18053,0.9793303608894348,0.0009361928969155997,0.01973345736041665
18054,0.6872276663780212,0.014197254553437233,0.2985750883817673
18055,0.6087627708911896,0.008361751097254455,0.3828754648566246
18056,0.39422457665205,0.022620626958087087,0.5831547901034355
18057,0.7651227712631226,0.006304298236500472,0.22857293486595154
18058,0.8829315453767776,0.012402391759678721,0.10466606169939041
18059,0.3444877751171589,0.005532246024813503,0.6499799862504005
18060,0.7193527370691299,0.013997673522680998,0.2666495852172375
18061,0.9706359952688217,0.008756941533647478,0.020607052370905876
18062,0.9345285445451736,0.0030332946334965527,0.06243818532675505
18063,0.9847693592309952,0.0005834197982039768,0.014647244941443205
18064,0.43500809371471405,0.004703221435192972,0.5602886900305748
18065,0.8965800404548645,0.005845951789524406,0.09757398907095194
18066,0.911778911948204,0.002520817070035264,0.08570028096437454
18067,0.0266727888956666,0.013112465385347605,0.9602147340774536
18068,0.9689217507839203,0.006873986800201237,0.02420424693264067
18069,0.9639092534780502,0.007443350274115801,0.02864736644551158
18070,0.30098725110292435,0.0011606697516981512,0.6978520750999451
18071,0.7950522005558014,0.016769851674325764,0.18817794136703014
18072,0.1771533414721489,0.004628777562174946,0.8182178735733032
18073,0.3470870479941368,0.15133802965283394,0.5015749335289001
18074,0.8223944753408432,0.03532421449199319,0.1422812771052122
18075,0.4760219603776932,0.01717713149264455,0.5068009421229362
18076,0.7460313439369202,0.0027383918059058487,0.25123025104403496
18077,0.0370828565210104,0.0017849461000878364,0.9611321836709976
18078,0.0054835056071169674,0.0018857821560231969,0.9926307201385498
18079,0.701366513967514,0.006365712091792375,0.2922677546739578
18080,0.8471852689981461,0.011561307357624173,0.1412534099072218
18081,0.9247051924467087,0.011544407927431166,0.06375037040561438
18082,0.9918336868286133,0.0005568695014517289,0.007609473366755992
18083,0.9649677723646164,0.0013569985749199986,0.03367523569613695
18084,0.031045952579006553,0.013319576159119606,0.9556344598531723
18085,0.9914664030075073,0.002499601716408506,0.006034018588252366
18086,0.988920047879219,0.004202414711471647,0.006877572392113507
18087,0.007339334115386009,0.0009165134106297046,0.9917441606521606
18088,0.23745859414339066,0.20816681161522865,0.5543745830655098
18089,0.9424310922622681,0.0012698979844572023,0.05629898142069578
18090,0.04874227801337838,0.010593694227281958,0.940664067864418
18091,0.986462265253067,0.0005068644677521661,0.01303087710402906
18092,0.655651368200779,0.026978620793670416,0.317369993776083
18093,0.945710152387619,0.01033412164542824,0.043955737724900246
18094,0.055017344653606415,0.029621855821460485,0.9153607934713364
18095,0.9922631084918976,0.00045617075011250563,0.0072807573596946895
18096,0.09384210966527462,0.03674421436153352,0.8694136440753937
18097,0.8210934400558472,0.07026855926960707,0.10863796900957823
18098,0.5597825646400452,0.033427081536501646,0.4067903608083725
18099,0.9957595318555832,0.00018488681416783947,0.0040556083840783685
18100,0.7232449799776077,0.14162143599241972,0.13513358682394028
18101,0.8149250447750092,0.02852964960038662,0.15654529444873333
18102,0.9597584754228592,0.0007097356137819588,0.03953184047713876
18103,0.9589313119649887,0.0012882456794613972,0.03978041606023908
18104,0.9013803899288177,0.03152252687141299,0.06709705013781786
18105,0.9898962676525116,0.0019595967896748334,0.008144181570969522
18106,0.9409652650356293,0.046051616314798594,0.012983119231648743
18107,0.9319720417261124,0.0032630545319989324,0.064764897339046
18108,0.870440274477005,0.004563631140626967,0.12499610707163811
18109,0.42721498385071754,0.021948734996840358,0.5508363023400307
18110,0.0029989907052367926,0.0006057718710508198,0.9963952600955963
18111,0.7677583247423172,0.008355338941328228,0.22388636320829391
18112,0.0020855343609582633,0.00020646425036829896,0.9977080076932907
18113,0.002593514072941616,0.00056517991470173,0.9968412965536118
18114,0.9548768997192383,0.0024440644483547658,0.042679056990891695
18115,0.25400199741125107,0.007105161785148084,0.7388928532600403
18116,0.3902503177523613,0.0021122295584063977,0.6076374650001526
18117,0.9327457547187805,0.022645468008704484,0.0446088039316237
18118,0.7620784640312195,0.016593810636550188,0.22132770344614983
18119,0.9657157212495804,0.00022941465067560785,0.03405487257987261
18120,0.875582754611969,0.0032273639226332307,0.12118985876441002
18121,0.986678957939148,0.0005793819946120493,0.012741689919494092
18122,0.9322489202022552,0.0006774512221454643,0.06707362085580826
18123,0.6499873846769333,0.014779529068619013,0.33523308485746384
18124,0.4564032107591629,0.022150670643895864,0.5214461162686348
18125,0.33560747653245926,0.014071390964090824,0.6503211334347725
18126,0.9627419114112854,0.008321739034727216,0.02893636142835021
18127,0.9389951527118683,0.003953695937525481,0.05705114547163248
18128,0.9740979373455048,0.005404339521192014,0.020497718593105674
18129,0.4035656191408634,0.027181652607396245,0.569252721965313
18130,0.5802082344889641,0.04367628041654825,0.37611547484993935
18131,0.0717907315120101,0.010562554467469454,0.9176467210054398
18132,0.20073442347347736,0.005686588759999722,0.793579027056694
18133,0.9749825149774551,0.0031741754501126707,0.021843329071998596
18134,0.9632803946733475,0.000981092540314421,0.035738514736294746
18135,0.5656217038631439,0.058908937498927116,0.3754693455994129
18136,0.9656739979982376,0.0040083363419398665,0.030317666474729776
18137,0.9745428264141083,0.0006106299842940643,0.02484654006548226
18138,0.8990495949983597,0.0007959632785059512,0.10015445481985807
18139,0.10414103232324123,0.019153381348587573,0.8767055869102478
18140,0.985563799738884,0.0007214439538074657,0.013714766129851341
18141,0.001168665272416547,0.00015118858937057666,0.9986801445484161
18142,0.17781876400113106,0.0008279117828351445,0.8213533163070679
18143,0.9104510694742203,0.006223094242159277,0.08332581492140889
18144,0.05256378371268511,0.004866875824518502,0.9425693452358246
18145,0.0569923035800457,0.004243398201651871,0.9387643039226532
18146,0.9184217900037766,0.01043465913971886,0.07114358153194189
18147,0.7376355826854706,0.010694706172216684,0.251669704914093
18148,0.6969512775540352,0.005735882383305579,0.29731281846761703
18149,0.9537397772073746,0.0008530360355507582,0.04540721885859966
18150,0.08071536384522915,0.005133844679221511,0.9141508042812347
18151,0.9338586926460266,0.04775630449876189,0.018385014263913035
18152,0.9314632266759872,0.0006108046945882961,0.0679259691387415
18153,0.002230950747616589,0.000444146975496551,0.9973248839378357
18154,0.38678374886512756,0.1311432607471943,0.48207295686006546
18155,0.9611630439758301,0.0023780223564244807,0.03645893186330795
18156,0.0013304791791597381,0.0011716451699612662,0.9974978864192963
18157,0.9853352606296539,0.001565946644404903,0.01309877261519432
18158,0.31963132321834564,0.06927710911259055,0.6110915839672089
18159,0.9829283803701401,0.00044533024629345164,0.016626275377348065
18160,0.9621894955635071,0.005063616379629821,0.03274689149111509
18161,0.9612551331520081,0.0014439343503909186,0.03730092337355018
18162,0.01375647820532322,0.005944285891018808,0.9802992194890976
18163,0.06413490232080221,0.21056589856743813,0.7252991795539856
18164,0.9789027571678162,0.00021943242063571233,0.020877787144854665
18165,0.9828754216432571,0.0005399507863330655,0.01658463873900473
18166,0.628440722823143,0.04412063769996166,0.3274386636912823
18167,0.012818387243896723,0.0020454990735743195,0.9851361215114594
18168,0.02239530486986041,0.0071095568127930164,0.9704951345920563
18169,0.9560393840074539,0.0023672165989410132,0.041593392845243216
18170,0.02395674679428339,0.005318994168192148,0.9707242399454117
18171,0.05249067209661007,0.006681618251604959,0.9408277422189713
18172,0.9619216471910477,0.0009642369041102938,0.037114137317985296
18173,0.8118626326322556,0.13250392768532038,0.05563344433903694
18174,0.9420547634363174,0.005030272499425337,0.05291492119431496
18175,0.9683311879634857,0.0020633491803891957,0.029605503659695387
18176,0.945830836892128,0.004595595877617598,0.04957359749823809
18177,0.10620164684951305,0.018807773070875555,0.8749905973672867
18178,0.10253867134451866,0.004460194963030517,0.8930011689662933
18179,0.5233613923192024,0.04349363362416625,0.4331449754536152
18180,0.9774914681911469,0.0008025167335290462,0.021705998806282878
18181,0.6087911501526833,0.36942310258746147,0.021785774501040578
18182,0.812757208943367,0.01963149383664131,0.16761131212115288
18183,0.5363507121801376,0.08030605595558882,0.38334325700998306
18184,0.9733587801456451,0.012757461285218596,0.013883726438507438
18185,0.834709033370018,0.002345144981518388,0.1629458125680685
18186,0.767531231045723,0.008946532849222422,0.22352220863103867
18187,0.9370338171720505,0.0019846167269861326,0.0609815763309598
18188,0.9289346486330032,0.032740643247962,0.03832471650093794
18189,0.7280972748994827,0.010927489143796265,0.2609752155840397
18190,0.972562700510025,0.0013992369931656867,0.026038061128929257
18191,0.9521796405315399,0.0029042635578662157,0.04491610359400511
18192,0.6804876029491425,0.051176491659134626,0.26833590492606163
18193,0.9924163818359375,0.0013666695667780004,0.006216934008989483
18194,0.9104893356561661,0.022967472905293107,0.06654320936650038
18195,0.011341565346810967,0.0024426361778751016,0.9862158000469208
18196,0.2356395274400711,0.002215943211922422,0.7621445208787918
18197,0.9469002485275269,0.01427729008719325,0.038822462782263756
18198,0.9749142825603485,0.0020542506536003202,0.023031475953757763
18199,0.918637290596962,0.004831719503272325,0.07653098274022341
18200,0.8110224604606628,0.011224189191125333,0.17775335162878036
18201,0.7436569333076477,0.008330125361680984,0.24801293201744556
18202,0.9694825559854507,0.0077530123526230454,0.022764389868825674
18203,0.9837196320295334,0.0011401023512007669,0.015140283619984984
18204,0.6937024742364883,0.008105337852612138,0.29819219931960106
18205,0.7247589901089668,0.015364859020337462,0.25987617298960686
18206,0.5950324833393097,0.010772193316370249,0.3941953107714653
18207,0.0059356652782298625,0.001176871795905754,0.9928874671459198
18208,0.9747020304203033,0.006674269330687821,0.018623707350343466
18209,0.0036581813474185765,0.000631859315035399,0.9957099258899689
18210,0.9623408615589142,0.000954866292886436,0.03670427156612277
18211,0.9733936190605164,0.0025182091630995274,0.024088195525109768
18212,0.5021733790636063,0.07552058156579733,0.42230603098869324
18213,0.9840122163295746,0.002622086205519736,0.01336573576554656
18214,0.9756344705820084,0.009231179603375494,0.015134352492168546
18215,0.7852222770452499,0.01136504567693919,0.20341269671916962
18216,0.9280612766742706,0.007098515285179019,0.06484019942581654
18217,0.647006444633007,0.037045036908239126,0.3159485161304474
18218,0.9511779993772507,0.002621140331029892,0.046200860757380724
18219,0.13316163420677185,0.044044306268915534,0.8227940797805786
18220,0.9508348703384399,0.0032232149387709796,0.045941921416670084
18221,0.9878667742013931,0.0011827246053144336,0.010950492229312658
18222,0.9511101543903351,0.0012959027881151997,0.04759392514824867
18223,0.26283615827560425,0.007659568334929645,0.7295043170452118
18224,0.9214385449886322,0.006583301466889679,0.07197813410311937
18225,0.9873561561107635,0.0008577570697525516,0.011786089045926929
18226,0.9019048810005188,0.006178147974424064,0.09191701374948025
18227,0.8066031038761139,0.01414989389013499,0.1792470347136259
18228,0.9311096370220184,0.010005084564909339,0.05888526700437069
18229,0.9283266067504883,0.005780859966762364,0.0658925250172615
18230,0.8561862409114838,0.002386666485108435,0.1414270829409361
18231,0.983933225274086,0.0008355911268154159,0.015231194207444787
18232,0.954870730638504,0.01796285854652524,0.027166415937244892
18233,0.007074565801303834,0.00356326179462485,0.9893621802330017
18234,0.23853233084082603,0.012536043766885996,0.7489316016435623
18235,0.976845383644104,0.005816279619466513,0.017338358564302325
18236,0.8040195107460022,0.010841631796211004,0.18513885885477066
18237,0.8612904399633408,0.043072101660072803,0.09563745465129614
18238,0.9782415479421616,0.0032617686374578625,0.018496702425181866
18239,0.8561058938503265,0.02874989528208971,0.11514420062303543
18240,0.7453337758779526,0.002083130006212741,0.2525830790400505
18241,0.9785600751638412,0.0074473649729043245,0.01399257336743176
18242,0.9381279498338699,0.007593906600959599,0.054278116673231125
18243,0.8704037666320801,0.01667952910065651,0.11291665956377983
18244,0.9603891670703888,0.0017262288456549868,0.037884588818997145
18245,0.952484741806984,0.008116018085274845,0.039399211294949055
18246,0.9631423503160477,0.006001523288432509,0.03085612878203392
18247,0.0076572197140194476,0.0035659187706187367,0.9887768775224686
18248,0.9826358109712601,0.002890318530262448,0.014473846647888422
18249,0.9854767471551895,0.0094704381772317,0.005052835214883089
18250,0.984195202589035,0.002367879598750733,0.013436928391456604
18251,0.0019570575386751443,0.0003920892813766841,0.9976508468389511
18252,0.9830976724624634,0.005348444406990893,0.011553895310498774
18253,0.16730784066021442,0.0054126030299812555,0.827279582619667
18254,0.30053944885730743,0.014074287959374487,0.6853862553834915
18255,0.7247487306594849,0.02078836876899004,0.2544628866016865
18256,0.2690233178436756,0.007189227850176394,0.7237874418497086
18257,0.9690854698419571,0.00208002541330643,0.028834490571171045
18258,0.6257271319627762,0.02715112525038421,0.3471217378973961
18259,0.9042244851589203,0.00936290214303881,0.08641260676085949
18260,0.060918958857655525,0.001069116813596338,0.9380118995904922
18261,0.9728841334581375,0.0025959285558201373,0.024519910104572773
18262,0.7061221301555634,0.05275506712496281,0.2411227859556675
18263,0.3836131915450096,0.567262090742588,0.049124736338853836
18264,0.9358566105365753,0.007921916665509343,0.05622147675603628
18265,0.0246002827771008,0.013141538016498089,0.9622581601142883
18266,0.8481510728597641,0.0024571387621108443,0.14939178340137005
18267,0.9582730531692505,0.0104789431206882,0.031248006504029036
18268,0.9328258633613586,0.0015099430602276698,0.06566416565328836
18269,0.9514395743608475,0.0036424154532141984,0.044918025843799114
18270,0.9753681272268295,0.0019064501975663006,0.02272543916478753
18271,0.9349114447832108,0.0035383621871005744,0.061550190672278404
18272,0.8153065592050552,0.026979243382811546,0.15771418437361717
18273,0.9497020393610001,0.002793282939819619,0.04750469885766506
18274,0.8841669857501984,0.011258562910370529,0.10457446426153183
18275,0.8298610597848892,0.015831502620130777,0.15430744551122189
18276,0.15737572312355042,0.017093428294174373,0.8255308270454407
18277,0.9954176843166351,0.002153593464754522,0.002428747102385387
18278,0.6691559478640556,0.009978288551792502,0.32086581736803055
18279,0.9589254260063171,0.009951883810572326,0.031122708693146706
18280,0.4019041359424591,0.009498605853877962,0.5885972753167152
18281,0.00593210372608155,0.004093081399332732,0.9899748265743256
18282,0.8780850917100906,0.007671044790185988,0.11424386128783226
18283,0.7286677807569504,0.0074008365627378225,0.26393138989806175
18284,0.6928754299879074,0.050929329823702574,0.2561952508985996
18285,0.5773596540093422,0.21557528153061867,0.20706508308649063
18286,0.9739024192094803,0.0025280603440478444,0.023569524753838778
18287,0.9273077547550201,0.004394579271320254,0.0682976832613349
18288,0.7682759910821915,0.0054062940762378275,0.22631770744919777
18289,0.533914104104042,0.013524438720196486,0.4525614455342293
18290,0.9209483414888382,0.0037415027618408203,0.07531014643609524
18291,0.9668420255184174,0.0005845897176186554,0.032573380041867495
18292,0.9762113094329834,0.0007831204493413679,0.023005586583167315
18293,0.9354137629270554,0.003592969267629087,0.0609932579100132
18294,0.9762914329767227,0.0004228487305226736,0.023285703966394067
18295,0.9918481707572937,0.0014912279293639585,0.0066605678293854
18296,0.3431597277522087,0.01594186807051301,0.6408983990550041
18297,0.9197985380887985,0.007116597495041788,0.07308488432317972
18298,0.9632277935743332,0.008300202433019876,0.028471998870372772
18299,0.9289464056491852,0.00513765902724117,0.06591593474149704
18300,0.12717004492878914,0.020059665956068784,0.8527702987194061
18301,0.984842911362648,0.0008050887554418296,0.014352047350257635
18302,0.9799815863370895,0.0038712659443262964,0.01614714809693396
18303,0.9666603356599808,0.0013149700098438188,0.032024688087403774
18304,0.6960562467575073,0.024848099565133452,0.2790956534445286
18305,0.8938707262277603,0.05380706931464374,0.05232221074402332
18306,0.9776230901479721,0.0037083274219185114,0.018668580800294876
18307,0.9196615666151047,0.002454132802085951,0.07788428105413914
18308,0.6746065095067024,0.006814404798205942,0.3185790814459324
18309,0.8973519057035446,0.004638309823349118,0.09800977818667889
18310,0.9571467190980911,0.0039794862968847156,0.038873805198818445
18311,0.9673032611608505,0.0012946299102623016,0.03140211058780551
18312,0.0030395585927180946,0.0008036102444748394,0.9961568713188171
18313,0.8654079139232635,0.004382553277537227,0.13020950555801392
18314,0.436944380402565,0.0012936725688632578,0.5617619827389717
18315,0.9168173968791962,0.03441441711038351,0.048768180422484875
18316,0.9815874993801117,0.001188237227324862,0.01722429017536342
18317,0.038839932065457106,0.0026083714910782874,0.9585516899824142
18318,0.9168805032968521,0.0008803617674857378,0.08223917335271835
18319,0.9482384622097015,0.002954512427095324,0.048807024490088224
18320,0.7709558010101318,0.011979796458035707,0.21706436201930046
18321,0.9650216847658157,0.002801343216560781,0.03217694815248251
18322,0.9873527437448502,0.0024846497835824266,0.010162616381421685
18323,0.546776108443737,0.18548305053263903,0.2677408307790756
18324,0.9461713135242462,0.0015430953062605113,0.052285569719970226
18325,0.01419982430525124,0.0016217219235841185,0.9841784238815308
18326,0.9652531892061234,0.003384767333045602,0.03136206278577447
18327,0.9607798010110855,0.005119426175951958,0.034100794699043036
18328,0.9620998799800873,0.01842247461900115,0.01947765750810504
18329,0.9233181923627853,0.0010097611884702928,0.0756720406934619
18330,0.6091730520129204,0.000732135828002356,0.3900948166847229
18331,0.9307283759117126,0.04222347401082516,0.027048151707276702
18332,0.9608461260795593,0.012097566272132099,0.027056292165070772
18333,0.9556992053985596,0.001975793653400615,0.042325012385845184
18334,0.9237445890903473,0.03557879198342562,0.04067659843713045
18335,0.888287827372551,0.029138620710000396,0.08257352747023106
18336,0.9620974808931351,0.0020653732426580973,0.0358371208421886
18337,0.9483028948307037,0.004679475154262036,0.04701766837388277
18338,0.019027370726689696,0.011257062258664519,0.9697155952453613
18339,0.7139555960893631,0.034995317459106445,0.25104907527565956
18340,0.9727974534034729,0.0028512635617516935,0.024351284373551607
18341,0.7736726850271225,0.00938876112923026,0.2169385701417923
18342,0.35557667911052704,0.028791364980861545,0.6156319305300713
18343,0.03958144411444664,0.06561786774545908,0.894800677895546
18344,0.950714036822319,0.013380319345742464,0.03590564941987395
18345,0.6325442418456078,0.010433366638608277,0.35702234134078026
18346,0.9594690799713135,0.0026287831424269825,0.03790212981402874
18347,0.15467245131731033,0.00385112693766132,0.8414763808250427
18348,0.3450748957693577,0.002183590579079464,0.6527415215969086
18349,0.8450390696525574,0.008194052847102284,0.14676688984036446
18350,0.8644550144672394,0.012308255885727704,0.1232367567718029
18351,0.9933980703353882,0.0006367352543747984,0.005965177493635565
18352,0.6856147050857544,0.03734882059507072,0.27703648060560226
18353,0.8554677516222,0.000763577081670519,0.14376865699887276
18354,0.09953875839710236,0.008763421443291008,0.8916977941989899
18355,0.9223561435937881,0.01096337428316474,0.06668049935251474
18356,0.9561763554811478,0.0006526861434394959,0.04317094199359417
18357,0.1101267309859395,0.33046724274754524,0.5594060346484184
18358,0.07323920540511608,0.007636817288585007,0.919123962521553
18359,0.024711951380595565,0.011963868397288024,0.9633242040872574
18360,0.990004152059555,0.003184198052622378,0.0068116727052256465
18361,0.952351301908493,0.0032036232005339116,0.04444505786523223
18362,0.004157456802204251,0.002363369771046564,0.9934791922569275
18363,0.021356429904699326,0.012973976321518421,0.965669572353363
18364,0.637559324502945,0.06281225197017193,0.29962845891714096
18365,0.9808185249567032,0.0008678137382958084,0.018313632579520345
18366,0.9753953367471695,0.010353014222346246,0.014251678716391325
18367,0.13887807726860046,0.5871029049158096,0.2740190029144287
18368,0.26787032186985016,0.0116799371317029,0.7204497307538986
18369,0.1797582358121872,0.00951332866679877,0.8107284009456635
18370,0.9878257811069489,0.00048549122220720164,0.011688725790008903
18371,0.017975397175177932,0.004114892450161278,0.977909728884697
18372,0.0830346355214715,0.09937086515128613,0.8175944983959198
18373,0.8714158236980438,0.006397865246981382,0.12218628264963627
18374,0.987797811627388,0.000402776466216892,0.011799401137977839
18375,0.5234973430633545,0.004489416896831244,0.4720132350921631
18376,0.9530961811542511,0.001599241528310813,0.04530456941574812
18377,0.8366095125675201,0.07869762554764748,0.08469288237392902
18378,0.6868085712194443,0.010689015034586191,0.3025024048984051
18379,0.8917887210845947,0.0011763337533921003,0.1070349421352148
18380,0.9712780565023422,0.0017567342438269407,0.026965216267853975
18381,0.19519410282373428,0.002146154351066798,0.80265973508358
18382,0.6707620099186897,0.06516580423340201,0.2640721909701824
18383,0.9635265171527863,0.005800120998173952,0.030673334375023842
18384,0.8811818808317184,0.011153688421472907,0.10766441747546196
18385,0.6139358133077621,0.014353379840031266,0.37171081453561783
18386,0.39568401873111725,0.008455109957139939,0.5958608537912369
18387,0.5378912165760994,0.08368754759430885,0.37842123955488205
18388,0.7302101105451584,0.03455751948058605,0.2352323681116104
18389,0.9817812591791153,0.004089831199962646,0.014128920622169971
18390,0.9523249268531799,0.00045934636727906764,0.047215734608471394
18391,0.7544435262680054,0.013250347576104105,0.2323061302304268
18392,0.7138233780860901,0.013709713937714696,0.27246692031621933
18393,0.6666915267705917,0.009369515755679458,0.3239389434456825
18394,0.901178851723671,0.004996931704226881,0.09382423292845488
18395,0.9774075001478195,0.005418663553427905,0.01717385114170611
18396,0.5756152644753456,0.003179131163051352,0.42120561003685
18397,0.9847932159900665,0.0025989207497332245,0.01260790997184813
18398,0.026324165984988213,0.00613626727135852,0.9675395637750626
18399,0.9848610460758209,0.0002475183464412112,0.01489143818616867
18400,0.8570625334978104,0.009412504557985812,0.1335249561816454
18401,0.6308356896042824,0.00709127145819366,0.36207307130098343
18402,0.9558181464672089,0.0024267990957014263,0.04175505554303527
18403,0.9823531359434128,0.0006705677806166932,0.01697630831040442
18404,0.7674545645713806,0.0033765060361474752,0.22916894033551216
18405,0.009179920540191233,0.004473958921153098,0.9863461554050446
18406,0.0032835734309628606,0.0010542840755078942,0.995662122964859
18407,0.9561018943786621,0.00038100508390925825,0.04351710807532072
18408,0.9951179772615433,0.00017220041718246648,0.004709834989625961
18409,0.001544187412946485,0.00020997772662667558,0.9982458055019379
18410,0.7029966413974762,0.01595851290039718,0.2810448482632637
18411,0.019336351891979575,0.0020236912823747844,0.9786399602890015
18412,0.004606493341270834,0.00038035132092772983,0.9950131326913834
18413,0.9245620965957642,0.0038802756171207875,0.07155766524374485
18414,0.8828103095293045,0.014298092923127115,0.10289163514971733
18415,0.7660405933856964,0.06625842489302158,0.1677010003477335
18416,0.6241208612918854,0.014978173654526472,0.36090097203850746
18417,0.8298216611146927,0.10846743360161781,0.0617109090089798
18418,0.48670849949121475,0.005849957815371454,0.5074415281414986
18419,0.02920644381083548,0.009246991947293282,0.9615465849637985
18420,0.0083828866481781,0.0012140754115534946,0.9904030710458755
18421,0.7197561711072922,0.033164459047839046,0.24707934819161892
18422,0.8298927396535873,0.00873639213386923,0.1613708734512329
18423,0.9686954021453857,0.007628483115695417,0.023676090175285935
18424,0.8889658004045486,0.00366173725342378,0.1073724739253521
18425,0.9912111759185791,0.0005400875270424876,0.008248754777014256
18426,0.8874190747737885,0.00678423116914928,0.1057966910302639
18427,0.008050666190683842,0.0011645209015114233,0.9907848387956619
18428,0.9535968005657196,0.0018672072037588805,0.04453600663691759
18429,0.5822249948978424,0.006699038902297616,0.4110759496688843
18430,0.7446830421686172,0.05102641228586435,0.20429054647684097
18431,0.887152835726738,0.0035914696927648038,0.10925567429512739
18432,0.8480792194604874,0.0074923691572621465,0.144428426399827
18433,0.16933419555425644,0.002926291461335495,0.8277394771575928
18434,0.9688727706670761,0.0034503103815950453,0.02767691621556878
18435,0.7276249378919601,0.0027072636876255274,0.269667811691761
18436,0.887039989233017,0.08096641022711992,0.03199356934055686
18437,0.9292035549879074,0.005765954323578626,0.06503050401806831
18438,0.9559742510318756,0.004120748839341104,0.03990495437756181
18439,0.04878020938485861,0.01120086491573602,0.9400189071893692
18440,0.41473371535539627,0.05671108327805996,0.5285551771521568
18441,0.9027628600597382,0.026257818681187928,0.07097934558987617
18442,0.4198869988322258,0.011665863217785954,0.5684471651911736
18443,0.9692941308021545,0.0023800218186806887,0.028325815685093403
18444,0.9145487546920776,0.004605864611221477,0.0808453569188714
18445,0.3844596669077873,0.038747915998101234,0.5767924413084984
18446,0.43286946415901184,0.005560987978242338,0.5615695416927338
18447,0.9482602030038834,0.0035959726374130696,0.04814380593597889
18448,0.011059027165174484,0.000487179851916153,0.9884537905454636
18449,0.02533790562301874,0.004067433183081448,0.9705946892499924
18450,0.08863647747784853,0.03765202313661575,0.8737114667892456
18451,0.9200074821710587,0.008183110156096518,0.0718093877658248
18452,0.9111130088567734,0.05292939022183418,0.03595762373879552
18453,0.6585885435342789,0.016366372350603342,0.325045108795166
18454,0.9615820795297623,0.0014092543206061237,0.037008680403232574
18455,0.04459042847156525,0.0024242459621746093,0.9529853165149689
18456,0.06728056073188782,0.0038270042277872562,0.9288924336433411
18457,0.8443489223718643,0.004535761079750955,0.1511152908205986
18458,0.6795867085456848,0.008627290721051395,0.3117860294878483
18459,0.01195316156372428,0.006055692210793495,0.9819911420345306
18460,0.6980962157249451,0.005853273614775389,0.2960504814982414
18461,0.8706535249948502,0.016007636673748493,0.11333884298801422
18462,0.20037827640771866,0.007488768547773361,0.7921329438686371
18463,0.9913054704666138,0.0012151784758316353,0.007479381165467203
18464,0.9594228714704514,0.003373816143721342,0.03720333334058523
18465,0.07580283377319574,0.5684355646371841,0.355761606246233
18466,0.44265584647655487,0.011593888979405165,0.545750267803669
18467,0.3059251010417938,0.44058389589190483,0.25349098816514015
18468,0.9734974801540375,0.0034140156349167228,0.023088486399501562
18469,0.8725920170545578,0.002014955214690417,0.12539302743971348
18470,0.977011188864708,0.0003395639250811655,0.022649260936304927
18471,0.8461252599954605,0.014255187707021832,0.13961954042315483
18472,0.9823480844497681,0.00535277760354802,0.012299153255298734
18473,0.9719537794589996,0.002980314427986741,0.025065915193408728
18474,0.9046370685100555,0.024220725463237613,0.07114222925156355
18475,0.9587962776422501,0.0010496074391994625,0.04015409620478749
18476,0.005707374308258295,0.0013662629789905623,0.9929263591766357
18477,0.9793559312820435,0.00025156418996630237,0.020392507081851363
18478,0.15282967127859592,0.006044036126695573,0.8411263078451157
18479,0.9863036721944809,0.0004555283594527282,0.013240805128589272
18480,0.9849142879247665,0.0023239824076881632,0.012761741527356207
18481,0.9681429713964462,0.004759468312840909,0.027097534388303757
18482,0.7686063349246979,0.09232299402356148,0.13907068222761154
18483,0.9663451462984085,0.00501466344576329,0.028640188742429018
18484,0.028726894408464432,0.0038984614075161517,0.9673746675252914
18485,0.7044651657342911,0.02857081708498299,0.26696403324604034
18486,0.017632671631872654,0.001991383731365204,0.9803759455680847
18487,0.3049643412232399,0.04237034544348717,0.6526652872562408
18488,0.891859620809555,0.00664353888714686,0.10149686876684427
18489,0.13648905605077744,0.02226727269589901,0.8412436693906784
18490,0.8795009404420853,0.0028311104397289455,0.11766793951392174
18491,0.7991877794265747,0.023245694814249873,0.1775665171444416
18492,0.964009627699852,0.0022679453250020742,0.033722460735589266
18493,0.9384786784648895,0.0173967209411785,0.044124580919742584
18494,0.48513270914554596,0.02983539062552154,0.4850319176912308
18495,0.9915206432342529,0.002297036800882779,0.0061823445139452815
18496,0.37815363705158234,0.16215329430997372,0.4596930518746376
18497,0.48645690828561783,0.0495631555095315,0.46397994458675385
18498,0.0053392460104078054,0.00921470276080072,0.985446035861969
18499,0.958721473813057,0.004826066782698035,0.036452434957027435
18500,0.13828834146261215,0.0011252832191530615,0.8605863451957703
18501,0.755446657538414,0.020711617777124047,0.22384173795580864
18502,0.9823382496833801,0.0010435369840706699,0.016618197550997138
18503,0.604954406619072,0.005723269685404375,0.38932231441140175
18504,0.9831523895263672,0.0006949673916096799,0.01615263125859201
18505,0.9389563500881195,0.0011251260875724256,0.05991852842271328
18506,0.5972046554088593,0.026981562841683626,0.3758137747645378
18507,0.9785008281469345,0.0034467403311282396,0.018052445026114583
18508,0.5691152215003967,0.022588998777791858,0.40829579532146454
18509,0.6682085171341896,0.00587942311540246,0.32591206580400467
18510,0.89517742395401,0.016094801132567227,0.08872776478528976
18511,0.9107300341129303,0.01872496260330081,0.07054498791694641
18512,0.9871682077646255,0.0019974292372353375,0.010834352229721844
18513,0.4292195066809654,0.003867780731525272,0.5669127404689789
18514,0.6904684156179428,0.002046742069069296,0.30748485401272774
18515,0.9126410931348801,0.0006254480322240852,0.08673341386020184
18516,0.9170786291360855,0.008495354792103171,0.0744260037317872
18517,0.9793845266103745,0.000671348738251254,0.019944129278883338
18518,0.9584172517061234,0.02087986469268799,0.020702905720099807
18519,0.800784170627594,0.0009711785678518936,0.1982446350157261
18520,0.011406229808926582,0.0016118128842208534,0.9869819283485413
18521,0.9894058853387833,0.0035030849976465106,0.00709100509993732
18522,0.9941381961107254,0.0007776056736474857,0.005084183416329324
18523,0.763415515422821,0.03196737659163773,0.20461709797382355
18524,0.9030869454145432,0.006399724690709263,0.09051334299147129
18525,0.9242047369480133,0.025152059737592936,0.050643203780055046
18526,0.26827385276556015,0.007628063845913857,0.7240980714559555
18527,0.9796217381954193,0.0016460920160170645,0.018732220865786076
18528,0.9218125343322754,0.008661982952617109,0.06952549424022436
18529,0.7611202150583267,0.14936828054487705,0.08951147459447384
18530,0.9697309732437134,0.0036132520181126893,0.02665576431900263
18531,0.02746577514335513,0.005070816609077156,0.9674634039402008
18532,0.047817591577768326,0.0007509901042794809,0.9514314383268356
18533,0.02524084458127618,0.0055661985534243286,0.9691929519176483
18534,0.005511834693606943,0.0016767012712080032,0.9928114861249924
18535,0.007921311305835843,0.0008628624054836109,0.9912158250808716
18536,0.47140857577323914,0.0054396194173023105,0.5231518000364304
18537,0.9765224009752274,0.004830917081562802,0.018646679585799575
18538,0.27028409391641617,0.014972236007452011,0.7147436589002609
18539,0.13142921961843967,0.010506477672606707,0.8580642938613892
18540,0.9424384832382202,0.035076710395514965,0.0224848089274019
18541,0.7542991638183594,0.006679890502709895,0.2390209436416626
18542,0.9394615441560745,0.005580718308920041,0.05495774559676647
18543,0.988341897726059,0.0011752288264688104,0.010482887621037662
18544,0.3997580520808697,0.016427318565547466,0.5838146209716797
18545,0.8357851952314377,0.12809699401259422,0.036117801908403635
18546,0.9718073159456253,0.013035362586379051,0.01515730726532638
18547,0.990969717502594,0.000586665395530872,0.008443652768619359
18548,0.9137755036354065,0.006194920279085636,0.08002959098666906
18549,0.8137028515338898,0.007327617262490094,0.17896948009729385
18550,0.28078465163707733,0.013499314314685762,0.7057160288095474
18551,0.007855172618292272,0.0006041581509634852,0.9915406703948975
18552,0.8881454169750214,0.00423807225888595,0.10761652514338493
18553,0.9011730849742889,0.006517035013530403,0.09230988379567862
18554,0.9854257255792618,0.00033931607322301716,0.014235001057386398
18555,0.011712621431797743,0.002732262888457626,0.9855551421642303
18556,0.024302820209413767,0.048316126223653555,0.9273810386657715
18557,0.8619706481695175,0.004285771225113422,0.13374357856810093
18558,0.8123312443494797,0.0017897816287586465,0.18587898835539818
18559,0.951056107878685,0.0024114964180625975,0.04653237294405699
18560,0.759540319442749,0.004572415491566062,0.23588728159666061
18561,0.696108989417553,0.012065029819495976,0.2918259836733341
18562,0.9212647825479507,0.01679190923459828,0.0619433019310236
18563,0.9125324189662933,0.006606034119613469,0.08086156286299229
18564,0.9622467309236526,0.020508214831352234,0.0172450328245759
18565,0.7834328562021255,0.04760596668347716,0.16896115243434906
18566,0.3872835114598274,0.3146721124649048,0.2980443499982357
18567,0.2760666720569134,0.04076967900618911,0.6831636428833008
18568,0.9459480345249176,0.003941540024243295,0.05011045513674617
18569,0.7412297427654266,0.021380118327215314,0.23739011958241463
18570,0.9350526630878448,0.00586486974498257,0.059082464314997196
18571,0.02261823881417513,0.0039340563816949725,0.9734476804733276
18572,0.9594135731458664,0.006155750364996493,0.03443066589534283
18573,0.8372655808925629,0.01648047473281622,0.14625396579504013
18574,0.9677608758211136,0.0007022588833933696,0.0315368352457881
18575,0.36224252730607986,0.20857499353587627,0.4291824772953987
18576,0.9050067514181137,0.010773849440738559,0.08421940915286541
18577,0.6122856140136719,0.0885528540238738,0.29916153103113174
18578,0.006834517233073711,0.0027184168866369873,0.9904470443725586
18579,0.943577453494072,0.0067540163290686905,0.04966851230710745
18580,0.22877611592411995,0.020817556651309133,0.7504063248634338
18581,0.9604194015264511,0.0017027427966240793,0.03787785395979881
18582,0.9544337689876556,0.010839703376404941,0.03472650400362909
18583,0.9415876567363739,0.004306463524699211,0.05410584807395935
18584,0.34493473544716835,0.007021585595794022,0.6480436623096466
18585,0.9806233048439026,0.0021140955795999616,0.017262579407542944
18586,0.953039675951004,0.004621022380888462,0.04233929608017206
18587,0.18004481308162212,0.0015961284225340933,0.8183590769767761
18588,0.9933950453996658,0.0001876351689134026,0.006417272437829524
18589,0.9390075653791428,0.002778673660941422,0.05821377970278263
18590,0.7023756876587868,0.2318560965359211,0.0657682279124856
18591,0.8743639886379242,0.007012885645963252,0.11862310953438282
18592,0.0372198848053813,0.006133291404694319,0.9566468298435211
18593,0.012904978240840137,0.006043207889888436,0.9810518324375153
18594,0.981704443693161,0.002338245278224349,0.015957300551235676
18595,0.945773720741272,0.0029659465071745217,0.051260328851640224
18596,0.9667691439390182,0.0014318088797153905,0.03179903235286474
18597,0.07388275768607855,0.0056014823203440756,0.9205157905817032
18598,0.7773397713899612,0.04775331821292639,0.1749068796634674
18599,0.9857802540063858,0.003069018537644297,0.011150771286338568
18600,0.33907204680144787,0.002592635137261823,0.6583353132009506
18601,0.9971255511045456,0.0004041851425427012,0.0024702591181267053
18602,0.49642056226730347,0.015181413618847728,0.4883980080485344
18603,0.5666506811976433,0.004854653379879892,0.4284946396946907
18604,0.9687037020921707,0.0039497140678577125,0.027346566319465637
18605,0.5879597961902618,0.011885484331287444,0.4001547172665596
18606,0.6820892915129662,0.24439441598951817,0.07351632043719292
18607,0.9719320237636566,0.00153004311141558,0.026537927566096187
18608,0.9319183081388474,0.0070769276935607195,0.061004738323390484
18609,0.7991642653942108,0.015959601383656263,0.18487614020705223
18610,0.446298711001873,0.0015153526328504086,0.552185907959938
18611,0.8620267957448959,0.01017608743859455,0.1277971100062132
18612,0.3188757561147213,0.0020230833906680346,0.6791011542081833
18613,0.012258519884198904,0.0014679770538350567,0.9862734824419022
18614,0.09266675263643265,0.027420477010309696,0.8799127489328384
18615,0.9177832752466202,0.03372623911127448,0.04849048750475049
18616,0.18681547604501247,0.006449241365771741,0.8067352622747421
18617,0.0051300026243552566,0.0009787428934942,0.993891254067421
18618,0.3524704724550247,0.01299288624431938,0.6345366388559341
18619,0.9749884456396103,0.009705461212433875,0.01530607882887125
18620,0.5461519658565521,0.003645487711764872,0.4502025470137596
18621,0.8271984755992889,0.010548023041337729,0.16225348226726055
18622,0.37807708978652954,0.01527811196865514,0.6066448092460632
18623,0.02626763191074133,0.002535772044211626,0.9711965918540955
18624,0.8527829051017761,0.009378207265399396,0.13783888891339302
18625,0.9205318689346313,0.0029750236426480114,0.07649310491979122
18626,0.9742572456598282,0.0029593901126645505,0.022783379768952727
18627,0.6284291371703148,0.002196365181589499,0.36937449872493744
18628,0.9064466506242752,0.06579506024718285,0.027758285403251648
18629,0.12315216101706028,0.03120901994407177,0.8456388264894485
18630,0.4026173949241638,0.022405030205845833,0.5749775692820549
18631,0.9768803417682648,0.0006006857511238195,0.022518979851156473
18632,0.9757296591997147,0.004819706198759377,0.01945064729079604
18633,0.9903758466243744,0.004005853697890416,0.005618307564873248
18634,0.9800469875335693,0.004983799153706059,0.014969196519814432
18635,0.8008273392915726,0.023255071369931102,0.1759175881743431
18636,0.9807965010404587,0.00020584589765348937,0.018997653387486935
18637,0.9759871065616608,0.00034770714773912914,0.02366519859060645
18638,0.22175800800323486,0.019729870604351163,0.75851209461689
18639,0.2231753207743168,0.0026349120889790356,0.774189755320549
18640,0.1051034526899457,0.029218855313956738,0.865677684545517
18641,0.903327077627182,0.008863511844538152,0.08780941367149353
18642,0.9935592114925385,0.0007708025586907752,0.0056699845008552074
18643,0.4086533561348915,0.1646964568644762,0.42665019631385803
18644,0.02249517571181059,0.004413731454405934,0.9730911105871201
18645,0.9731394350528717,0.002758576156338677,0.024101961869746447
18646,0.5901794955134392,0.009851195383816957,0.39996930956840515
18647,0.9507531970739365,0.005000519624445587,0.044246298260986805
18648,0.982066810131073,0.0007841470942366868,0.01714907167479396
18649,0.1751321330666542,0.027388663263991475,0.7974791973829269
18650,0.9462555944919586,0.007830320042558014,0.045914081390947104
18651,0.9666701853275299,0.0015776528452988714,0.031752170994877815
18652,0.002709882741328329,0.0008294186991406605,0.9964606910943985
18653,0.7285117506980896,0.06764640286564827,0.20384187996387482
18654,0.9188074469566345,0.0031194335606414825,0.07807311788201332
18655,0.40372373163700104,0.014132193056866527,0.5821440890431404
18656,0.9109084755182266,0.02091504563577473,0.06817647255957127
18657,0.9879050254821777,0.0005842617465532385,0.011510700918734074
18658,0.4635683000087738,0.0015994005952961743,0.5348323062062263
18659,0.9857034087181091,0.0007855680451029912,0.013511021155864
18660,0.9659672975540161,0.002534322440624237,0.03149838373064995
18661,0.9381788074970245,0.04088542703539133,0.020935754291713238
18662,0.9267840385437012,0.00255680171540007,0.07065915875136852
18663,0.22686060145497322,0.04932420328259468,0.7238151729106903
18664,0.018084228038787842,0.0028130600112490356,0.9791027158498764
18665,0.5340125188231468,0.044178412295877934,0.4218090549111366
18666,0.9818381816148758,0.0009301978425355628,0.017231594771146774
18667,0.9631845206022263,0.009163977694697678,0.027651503682136536
18668,0.8467415124177933,0.00228831495041959,0.15097014419734478
18669,0.9237906783819199,0.0064272520248778164,0.06978208292275667
18670,0.9215851575136185,0.005187891598325223,0.07322695199400187
18671,0.9769877046346664,0.00043516541336430237,0.022577107418328524
18672,0.8626387119293213,0.0028768466727342457,0.1344844549894333
18673,0.42907682061195374,0.003711356082931161,0.56721181422472
18674,0.9807406365871429,0.0024964273325167596,0.016762948245741427
18675,0.9049697816371918,0.0027322799433022738,0.0922979386523366
18676,0.9515804648399353,0.005783360742498189,0.0426361495628953
18677,0.9514212012290955,0.00902153953211382,0.03955726604908705
18678,0.5911312848329544,0.007732644153293222,0.4011360816657543
18679,0.9926684945821762,0.00021687862499675248,0.0071146105183288455
18680,0.974172830581665,0.0023978643293958157,0.02342932461760938
18681,0.9624463021755219,0.018204769119620323,0.019348963163793087
18682,0.9034227281808853,0.0769507996737957,0.019626467721536756
18683,0.8157147616147995,0.0057340001803822815,0.17855123057961464
18684,0.9685278087854385,0.006979732133913785,0.024492415133863688
18685,0.5402891114354134,0.006777291826438159,0.4529336094856262
18686,0.9787295609712601,0.004107493092305958,0.017162966774776578
18687,0.7790800333023071,0.00683716987259686,0.21408281475305557
18688,0.0042486502206884325,0.0006389024056261405,0.9951124489307404
18689,0.9478921890258789,0.0030267240945249796,0.04908106755465269
18690,0.7674867212772369,0.06060818862169981,0.17190508171916008
18691,0.37420104816555977,0.05519113317131996,0.5706078112125397
18692,0.9262885302305222,0.0034305747249163687,0.07028087647631764
18693,0.12513977102935314,0.038154644425958395,0.8367055803537369
18694,0.21591636538505554,0.018909916514530778,0.7651737183332443
18695,0.8942482322454453,0.007487800321541727,0.09826396405696869
18696,0.9786099046468735,0.0037050401442684233,0.01768502313643694
18697,0.45916495472192764,0.0019216204527765512,0.5389134287834167
18698,0.8369670063257217,0.0888604624196887,0.07417252566665411
18699,0.9536057412624359,0.005705291812773794,0.0406890083104372
18700,0.25832897052168846,0.04139775410294533,0.7002732455730438
18701,0.4488818272948265,0.030368418898433447,0.5207497775554657
18702,0.9695868790149689,0.014963110792450607,0.015450032660737634
18703,0.7841567248106003,0.05276376707479358,0.1630794946104288
18704,0.9039965718984604,0.0070851745549589396,0.08891827799379826
18705,0.8050391227006912,0.04744290933012962,0.1475179698318243
18706,0.9386705458164215,0.0026953695341944695,0.058634097687900066
18707,0.9296984076499939,0.007794237579219043,0.06250735092908144
18708,0.620724231004715,0.006159265234600753,0.37311649695038795
18709,0.8283840268850327,0.02141272893641144,0.15020323731005192
18710,0.9834281355142593,0.0008326196839334443,0.015739225316792727
18711,0.9567752182483673,0.0016097223560791463,0.041615044698119164
18712,0.015982443932443857,0.006967959285248071,0.9770495593547821
18713,0.9085915684700012,0.004908539995085448,0.08649988286197186
18714,0.2270287536084652,0.011838570702821016,0.7611326426267624
18715,0.9331059604883194,0.0039023146382533014,0.0629917299374938
18716,0.9806382209062576,0.00282649090513587,0.01653532008640468
18717,0.49207328259944916,0.007419576169922948,0.500507153570652
18718,0.9785145819187164,0.002827495613018982,0.018657925073057413
18719,0.6791267991065979,0.008664866909384727,0.3122083693742752
18720,0.9773070961236954,0.0002741971766226925,0.022418714594095945
18721,0.9044647216796875,0.0004824171119253151,0.09505286999046803
18722,0.5516974180936813,0.004202877404168248,0.44409970939159393
18723,0.02235693484544754,0.01886354386806488,0.9587795287370682
18724,0.935785710811615,0.004947895708028227,0.05926638375967741
18725,0.7541588693857193,0.00917239033151418,0.23666873574256897
18726,0.9875262230634689,0.00026497287399251945,0.012208791449666023
18727,0.827973797917366,0.012390951393172145,0.1596352607011795
18728,0.9931195080280304,0.0007888377731433138,0.006091629038564861
18729,0.9815681129693985,0.003994217375293374,0.014437687350437045
18730,0.9361439049243927,0.0010392043768661097,0.06281688716262579
18731,0.9627732932567596,0.0008941901614889503,0.036332547664642334
18732,0.8696229159832001,0.0043474293779581785,0.1260296544060111
18733,0.21797490492463112,0.008526487974449992,0.7734985947608948
18734,0.9323846250772476,0.013020297861658037,0.05459510535001755
18735,0.7987794578075409,0.058010825887322426,0.14320969581604004
18736,0.983791708946228,0.0005819117504870519,0.015626413747668266
18737,0.9680962413549423,0.005412537488155067,0.026491244789212942
18738,0.7927976548671722,0.008982341969385743,0.19821998476982117
18739,0.33875975757837296,0.016393295372836292,0.6448469236493111
18740,0.7346058487892151,0.0016991123266052455,0.26369499787688255
18741,0.8269854784011841,0.009696873370558023,0.16331766173243523
18742,0.03459447715431452,0.006156116840429604,0.959249421954155
18743,0.9331348240375519,0.0005890043976251036,0.06627616984769702
18744,0.6421930119395256,0.02657379279844463,0.3312331847846508
18745,0.09413696452975273,0.023497064830735326,0.8823659718036652
18746,0.8922378867864609,0.008646830916404724,0.09911526460200548
18747,0.7346424013376236,0.024125718511641026,0.24123188853263855
18748,0.9756096601486206,0.008355701342225075,0.016034654108807445
18749,0.8046155869960785,0.016715526289772242,0.17866887524724007
18750,0.20445933938026428,0.005968920420855284,0.7895717471837997
18751,0.9640990495681763,0.01764251198619604,0.01825844799168408
18752,0.9626248478889465,0.002792880404740572,0.03458228940144181
18753,0.9748526364564896,0.002485321369022131,0.022662036353722215
18754,0.4478931725025177,0.15667438507080078,0.3954324424266815
18755,0.7941859662532806,0.011566503904759884,0.19424752332270145
18756,0.062490012496709824,0.005714775819797069,0.931795209646225
18757,0.995876207947731,0.00014761247621208895,0.003976177715230733
18758,0.8724319040775299,0.0008156990734278224,0.1267523691058159
18759,0.0036040539271198213,0.00022279789845924824,0.996173158288002
18760,0.9805199354887009,0.0009584914878359996,0.018521568039432168
18761,0.30982542037963867,0.016655200393870473,0.6735193654894829
18762,0.5258217081427574,0.15025115199387074,0.3239271342754364
18763,0.9079164862632751,0.0067617493332363665,0.08532174676656723
18764,0.3833318427205086,0.0025066749658435583,0.614161491394043
18765,0.7026158571243286,0.014149883878417313,0.28323427215218544
18766,0.9019774496555328,0.003520754078635946,0.0945017822086811
18767,0.9731061458587646,0.0029255625559017062,0.023968295194208622
18768,0.8352712392807007,0.005369018646888435,0.15935972519218922
18769,0.07166375126689672,0.02366558788344264,0.9046706855297089
18770,0.5939822196960449,0.002065719454549253,0.40395206212997437
18771,0.03708087932318449,0.0010001333866966888,0.9619190096855164
18772,0.9576596766710281,0.0015807842428330332,0.040759566240012646
18773,0.9261467605829239,0.0240758266299963,0.04977740999311209
18774,0.19189640134572983,0.048531318083405495,0.7595722824335098
18775,0.9548889696598053,0.0023174125963123515,0.042793625965714455
18776,0.9881844967603683,0.0019100673380307853,0.009905467624776065
18777,0.802541047334671,0.01333376090042293,0.18412518873810768
18778,0.9434664249420166,0.038706189894583076,0.017827407689765096
18779,0.9616481810808182,0.002673262555617839,0.035678583197295666
18780,0.23234625533223152,0.01774881745222956,0.7499049305915833
18781,0.9182188957929611,0.010843763127923012,0.07093735598027706
18782,0.5355829894542694,0.001984496397199109,0.46243250370025635
18783,0.7578474432229996,0.04034108901396394,0.20181146264076233
18784,0.8183387964963913,0.008151176269166172,0.17351002991199493
18785,0.9823413491249084,0.007131918100640178,0.0105267483741045
18786,0.5537770017981529,0.011593687580898404,0.43462932109832764
18787,0.883439302444458,0.05249876622110605,0.06406193785369396
18788,0.981683075428009,0.008518808754161,0.009798131533898413
18789,0.9137256741523743,0.03557015024125576,0.050704166293144226
18790,0.952484741806984,0.00041576032890588976,0.047099484130740166
18791,0.9734876900911331,0.007038293988443911,0.01947399810887873
18792,0.8669489175081253,0.011757989996112883,0.12129308469593525
18793,0.941362276673317,0.007957322639413178,0.050680417101830244
18794,0.9619985371828079,0.004331941134296358,0.03366949316114187
18795,0.9797515869140625,0.0033477047691121697,0.016900696326047182
18796,0.9889817088842392,0.0021095457341289148,0.008908708929084241
18797,0.9903533160686493,0.0007052718647173606,0.008941376814618707
18798,0.3746683746576309,0.03514026151970029,0.5901913419365883
18799,0.08521583490073681,0.00273131369613111,0.9120528846979141
18800,0.5680971890687943,0.15586849115788937,0.2760343439877033
18801,0.9787481725215912,0.0014740917831659317,0.01977771776728332
18802,0.9850602895021439,0.0011474994389573112,0.013792204903438687
18803,0.9309876710176468,0.0037932205596007407,0.06521914433687925
18804,0.9878484010696411,0.0012458544952096418,0.010905712028034031
18805,0.3504367023706436,0.005842254846356809,0.6437210440635681
18806,0.9689652770757675,0.0044363839842844754,0.02659832313656807
18807,0.08366100955754519,0.005559928831644356,0.9107790887355804
18808,0.9581787586212158,0.003313332505058497,0.038507903926074505
18809,0.9484307616949081,0.0012538802220660727,0.05031533818691969
18810,0.9642529040575027,0.0031259205716196448,0.032621188554912806
18811,0.005942752002738416,0.0007689800622756593,0.9932882934808731
18812,0.9706681072711945,0.0007722870504949242,0.028559633065015078
18813,0.8734045028686523,0.006748542538844049,0.11984699033200741
18814,0.8017912954092026,0.10549735650420189,0.09271134436130524
18815,0.8968627154827118,0.0033051156206056476,0.09983216039836407
18816,0.8107919096946716,0.008114291937090456,0.18109380453824997
18817,0.9962942600250244,0.0005392182720243,0.0031665289716329426
18818,0.9864493906497955,0.001684723814832978,0.01186586613766849
18819,0.9828124493360519,0.00028153090534033254,0.016906034667044878
18820,0.9671610593795776,0.002667009801371023,0.03017191542312503
18821,0.8881471455097198,0.011040624929592013,0.10081222280859947
18822,0.9203188568353653,0.0017252845282200724,0.07795587461441755
18823,0.9147581905126572,0.00301957709598355,0.08222219906747341
18824,0.9264615774154663,0.03062637709081173,0.04291204735636711
18825,0.9818945229053497,0.012108239927329123,0.005997232568915933
18826,0.9937252104282379,0.00048604550102027133,0.005788750830106437
18827,0.9719918966293335,0.0037467929942067713,0.02426132676191628
18828,0.9804286807775497,0.00046249238585005514,0.0191088339779526
18829,0.057197606191039085,0.014026139630004764,0.9287762492895126
18830,0.9657578021287918,0.0031516660383204,0.031090539414435625
18831,0.9768967926502228,0.00265406456310302,0.020449131727218628
18832,0.00784741120878607,0.005808689049445093,0.9863439053297043
18833,0.13087743893265724,0.019386193249374628,0.8497363328933716
18834,0.9727520942687988,0.0007992277678567916,0.026448692427948117
18835,0.23843642324209213,0.003116456588031724,0.7584471255540848
18836,0.003849155764328316,0.0012618598993867636,0.9948889762163162
18837,0.8648062199354172,0.01221068378072232,0.12298310175538063
18838,0.9263081103563309,0.004870552395004779,0.06882133800536394
18839,0.990594670176506,0.0008999620476970449,0.008505361969582736
18840,0.9808002412319183,0.0008769012565608136,0.01832287129946053
18841,0.746872067451477,0.00762359332293272,0.24550432711839676
18842,0.14335373416543007,0.013361249933950603,0.8432850539684296
18843,0.6249940246343613,0.03243405953980982,0.3425719179213047
18844,0.48175086826086044,0.02571232570335269,0.4925367906689644
18845,0.9746685922145844,0.006007557502016425,0.019323810236528516
18846,0.22685694694519043,0.026297101750969887,0.746845930814743
18847,0.9921615421772003,0.00043261241444270127,0.00740586721803993
18848,0.9757176488637924,0.0018123083136742935,0.022470059571787715
18849,0.9350913912057877,0.00597751623718068,0.05893110344186425
18850,0.11654922552406788,0.01811024104245007,0.865340530872345
18851,0.9561058431863785,0.004394426359795034,0.0394997326657176
18852,0.6714592650532722,0.008741694269701838,0.3197990395128727
18853,0.9627994149923325,0.007501121028326452,0.029699493665248156
18854,0.9178912192583084,0.02453883457928896,0.057569943368434906
18855,0.08571464754641056,0.08815007377415895,0.8261352628469467
18856,0.8896891176700592,0.00125774962361902,0.1090531162917614
18857,0.9954108446836472,0.00019231561964261346,0.004396844713483006
18858,0.7384165674448013,0.012005089316517115,0.2495783492922783
18859,0.14424932561814785,0.013142453972250223,0.842608243227005
18860,0.9233998209238052,0.0040157531620934606,0.0725844232365489
18861,0.9875055849552155,0.002918824669905007,0.009575597126968205
18862,0.004775895504280925,0.0016709792835172266,0.9935531318187714
18863,0.9813884347677231,0.0004225260599923786,0.018189058173447847
18864,0.10784847289323807,0.0015477731067221612,0.8906037658452988
18865,0.9014387726783752,0.004020745807792991,0.09454045817255974
18866,0.8792498707771301,0.007414892432279885,0.11333520151674747
18867,0.8652227073907852,0.053903164342045784,0.08087412267923355
18868,0.8445773124694824,0.04970368347130716,0.10571902245283127
18869,0.2703518681228161,0.019086271757259965,0.7105618566274643
18870,0.84745654463768,0.031127629335969687,0.12141581811010838
18871,0.8460775166749954,0.0019484594085952267,0.1519740168005228
18872,0.8703073859214783,0.004093079187441617,0.12559951655566692
18873,0.8518844991922379,0.010712913994211704,0.1374025996774435
18874,0.9454378187656403,0.01158619939815253,0.04297595750540495
18875,0.9234547466039658,0.00560260791098699,0.07094264030456543
18876,0.7909477949142456,0.12882524728775024,0.08022696152329445
18877,0.9719932079315186,0.0017396562616340816,0.026267166482284665
18878,0.9742907136678696,0.0011915765790035948,0.024517688434571028
18879,0.9752170890569687,0.0020033969485666603,0.02277951268479228
18880,0.08232088666409254,0.008482056437060237,0.9091970473527908
18881,0.008631675969809294,0.003350991290062666,0.9880173355340958
18882,0.1160010825842619,0.0027630252297967672,0.881235882639885
18883,0.9689135551452637,0.004470827407203615,0.02661558985710144
18884,0.0033627930097281933,0.002045494067715481,0.9945917278528214
18885,0.14293390326201916,0.04415958421304822,0.8129065185785294
18886,0.920872151851654,0.0013649615575559437,0.07776287570595741
18887,0.9179741740226746,0.005384790536481887,0.07664106134325266
18888,0.9553993195295334,0.02078518271446228,0.023815514519810677
18889,0.8923563361167908,0.0672719283029437,0.04037173883989453
18890,0.9773509502410889,0.008631253032945096,0.014017792884260416
18891,0.9695171862840652,0.004832385166082531,0.025650434661656618
18892,0.01644498109817505,0.002101947262417525,0.9814530462026596
18893,0.9454878568649292,0.0010919325286522508,0.0534201948903501
18894,0.8068016022443771,0.0015852382930461317,0.1916131880134344
18895,0.0042397803626954556,0.004628329683328047,0.9911318868398666
18896,0.9688608199357986,0.0038745624478906393,0.027264583623036742
18897,0.8445625156164169,0.006988781620748341,0.14844870194792747
18898,0.4373406879603863,0.031765281688421965,0.5308940187096596
18899,0.07689946005120873,0.005138061416801065,0.9179624617099762
18900,0.6235246285796165,0.31147902086377144,0.06499631237238646
18901,0.5953846946358681,0.007537973928265274,0.3970773369073868
18902,0.8625563979148865,0.004403416125569493,0.13304019160568714
18903,0.8794712871313095,0.0038029272109270096,0.11672580987215042
18904,0.9424851387739182,0.001979871711228043,0.0555350286886096
18905,0.9822236150503159,0.0025637390499468893,0.015212645288556814
18906,0.9646379947662354,0.011032009846530855,0.024330005515366793
18907,0.9903670400381088,0.0010876697342609987,0.008545330492779613
18908,0.7602102905511856,0.05557560548186302,0.18421410396695137
18909,0.9783853143453598,0.0019946987158618867,0.01962000341154635
18910,0.07936445577070117,0.0018389382894383743,0.9187966287136078
18911,0.9390623420476913,0.0039043088327161968,0.057033369317650795
18912,0.7161895036697388,0.0009739665838424116,0.28283652290701866
18913,0.31031449139118195,0.007371622370555997,0.6823138818144798
18914,0.3442182056605816,0.005218848411459476,0.6505629569292068
18915,0.9182019829750061,0.057057904079556465,0.024740140419453382
18916,0.9235302060842514,0.002403149555902928,0.07406666595488787
18917,0.004202216281555593,0.00037723640343756415,0.9954205751419067
18918,0.18986203148961067,0.00834615423809737,0.8017918169498444
18919,0.6870882213115692,0.0014478311932180077,0.31146398559212685
18920,0.17466825991868973,0.0915869870223105,0.7337447553873062
18921,0.42670994997024536,0.02894754195585847,0.5443425253033638
18922,0.8789296746253967,0.0055911222589202225,0.11547918245196342
18923,0.14994455873966217,0.009608494001440704,0.8404469639062881
18924,0.10214141942560673,0.010583674884401262,0.8872749209403992
18925,0.7234152853488922,0.025050723925232887,0.25153397023677826
18926,0.36342745274305344,0.015767167322337627,0.6208053827285767
18927,0.8493372201919556,0.0050610791658982635,0.14560170285403728
18928,0.7504992187023163,0.004108812543563545,0.24539197236299515
18929,0.8508995771408081,0.023668923880904913,0.1254314724355936
18930,0.9696149230003357,0.023354563396424055,0.007030515582300723
18931,0.946220338344574,0.0023814902524463832,0.05139817390590906
18932,0.9878038763999939,0.0019672509952215478,0.010228873463347554
18933,0.03690159786492586,0.01449218241032213,0.9486062377691269
18934,0.9796834886074066,0.00023442463316314388,0.020082069328054786
18935,0.9219957888126373,0.05092147411778569,0.027082762215286493
18936,0.017644265899434686,0.0033378322841599584,0.9790178686380386
18937,0.928678572177887,0.0004594992715283297,0.0708619225770235
18938,0.6399851739406586,0.10066504962742329,0.2593497633934021
18939,0.9037997126579285,0.009638918098062277,0.08656137902289629
18940,0.9682176560163498,0.0030360340024344623,0.028746324591338634
18941,0.28780319541692734,0.005682217131834477,0.7065145820379257
18942,0.7367531359195709,0.0037049501261208206,0.25954191014170647
18943,0.16659080423414707,0.002691896152100526,0.8307172954082489
18944,0.007397831883281469,0.007991913822479546,0.9846102446317673
18945,0.14920627512037754,0.007363591401372105,0.8434301018714905
18946,0.46083325147628784,0.008573366678319871,0.5305933803319931
18947,0.9646249264478683,0.002890394680434838,0.03248468413949013
18948,0.8562247306108475,0.0020320144249126315,0.1417432837188244
18949,0.9239929616451263,0.004295659251511097,0.07171136420220137
18950,0.35980792716145515,0.08020633552223444,0.5599857419729233
18951,0.9359747022390366,0.00654504430713132,0.05748026166111231
18952,0.9342151880264282,0.002619686012621969,0.06316510681062937
18953,0.8276434242725372,0.09572642296552658,0.07663013972342014
18954,0.6990818679332733,0.23662547394633293,0.06429262645542622
18955,0.9892538487911224,0.0016490811394760385,0.009097089059650898
18956,0.9746697694063187,0.00042747594488901086,0.024902756791561842
18957,0.8793202638626099,0.001896835892694071,0.1187828965485096
18958,0.4362928345799446,0.014919093577191234,0.5487880855798721
18959,0.9704411178827286,0.002056964411167428,0.027501923497766256
18960,0.8695552498102188,0.08477961830794811,0.045665111392736435
18961,0.9720238894224167,0.020247785141691566,0.007728336262516677
18962,0.6941328793764114,0.004423927748575807,0.3014432154595852
18963,0.003771506540942937,0.004192128020804375,0.992036372423172
18964,0.6366242840886116,0.010077692102640867,0.35329801589250565
18965,0.8841586410999298,0.01094077352900058,0.10490055195987225
18966,0.04624412814155221,0.006414367991965264,0.9473415017127991
18967,0.7711921334266663,0.00971694104373455,0.21909094601869583
18968,0.5345345064997673,0.11187807843089104,0.35358743742108345
18969,0.016969838878139853,0.006117566779721528,0.9769126027822495
18970,0.9596993029117584,0.012915371684357524,0.02738532703369856
18971,0.10889448411762714,0.006243109179195017,0.884862408041954
18972,0.8674038499593735,0.006830301426816732,0.12576584331691265
18973,0.11740524880588055,0.033330879639834166,0.8492638915777206
18974,0.9789035618305206,0.0006714601986459456,0.020424947375431657
18975,0.918601468205452,0.003275026800110936,0.07812349870800972
18976,0.9537593424320221,0.006257025641389191,0.03998363111168146
18977,0.9879189878702164,0.0001323613632848719,0.011948656872846186
18978,0.8770835250616074,0.0015812268247827888,0.12133524566888809
18979,0.09177850745618343,0.004222404590109363,0.9039990901947021
18980,0.3313513472676277,0.022751055425032973,0.6458976045250893
18981,0.9536008834838867,0.0029336801380850375,0.043465400114655495
18982,0.9584698528051376,0.0005053067943663336,0.04102484695613384
18983,0.9252910912036896,0.004881238826783374,0.06982765719294548
18984,0.8854182064533234,0.002557360741775483,0.11202440410852432
18985,0.01894159661605954,0.0015558371524093673,0.9795025736093521
18986,0.6624336913228035,0.013709321385249496,0.32385699823498726
18987,0.9889550507068634,0.0003580649117793655,0.010686876252293587
18988,0.925067201256752,0.0013851571566192433,0.0735476128757
18989,0.8694934546947479,0.015185432159341872,0.11532116495072842
18990,0.7583898603916168,0.12215730361640453,0.11945284344255924
18991,0.888628751039505,0.005918028822634369,0.10545322671532631
18992,0.9330472648143768,0.00391301594208926,0.06303971540182829
18993,0.07621473167091608,0.020159864565357566,0.9036254286766052
18994,0.9865347295999527,0.0018454357486916706,0.011619834927842021
18995,0.9718181788921356,0.0012397247337503359,0.026942110154777765
18996,0.9672402590513229,0.002741433650953695,0.03001830168068409
18997,0.9795644283294678,0.001601873169420287,0.01883370545692742
18998,0.9703384190797806,0.0017668228829279542,0.027894774451851845
18999,0.4697128012776375,0.04900464415550232,0.4812825322151184
19000,0.9629195928573608,0.0019066152744926512,0.03517380030825734
19001,0.9921543449163437,0.0008822472300380468,0.00696340185822919
19002,0.007904876838438213,0.0003842760852421634,0.9917108416557312
19003,0.008511481923051178,0.003261095058405772,0.988227441906929
19004,0.954974353313446,0.004662156454287469,0.0403634998947382
19005,0.6451650410890579,0.0015573189739370719,0.35327763110399246
19006,0.02173548541031778,0.008249897218775004,0.9700146019458771
19007,0.9642510861158371,0.0016043042414821684,0.03414464136585593
19008,0.794716477394104,0.003340554831083864,0.20194294303655624
19009,0.9784993082284927,0.00044686383625958115,0.021053835982456803
19010,0.9662332087755203,0.008435990661382675,0.025330785661935806
19011,0.6553010866045952,0.08327277190983295,0.2614261321723461
19012,0.6762073487043381,0.01057375071104616,0.3132189251482487
19013,0.8192658871412277,0.004142452002270147,0.17659164778888226
19014,0.8686093837022781,0.0012999976170249283,0.1300906017422676
19015,0.9539698511362076,0.0022893239511176944,0.04374084901064634
19016,0.975483313202858,0.001589555511600338,0.022927116602659225
19017,0.689546138048172,0.13855893909931183,0.17189491912722588
19018,0.0009948943625204265,0.0003171535499859601,0.9986879825592041
19019,0.9727362096309662,0.0014519357064273208,0.025811862666159868
19020,0.7951425909996033,0.0012365483125904575,0.20362084731459618
19021,0.9523723423480988,0.0030407581361941993,0.0445869043469429
19022,0.8828723281621933,0.007771556498482823,0.1093561239540577
19023,0.0883075911551714,0.016606069868430495,0.895086333155632
19024,0.8759090155363083,0.006210886233020574,0.11788010224699974
19025,0.028265177737921476,0.0033487670589238405,0.9683860689401627
19026,0.8593768179416656,0.018932722741737962,0.12169046513736248
19027,0.8861383646726608,0.04337286064401269,0.07048876211047173
19028,0.6444265618920326,0.009921920602209866,0.3456515148282051
19029,0.24282050877809525,0.024906900944188237,0.7322725504636765
19030,0.9690770655870438,0.0008963280779425986,0.030026603024452925
19031,0.74610236287117,0.00813488702988252,0.24576275795698166
19032,0.9705173224210739,0.0037577767216134816,0.025724926264956594
19033,0.9521065056324005,0.0032520817185286433,0.04464142303913832
19034,0.9858383387327194,0.004235605854773894,0.009926089434884489
19035,0.7968147993087769,0.009411773935426027,0.1937734093517065
19036,0.9874840527772903,0.0009161829511867836,0.011599761550314724
19037,0.021016394020989537,0.013479267479851842,0.9655043482780457
19038,0.03979975450783968,0.015261642634868622,0.9449386149644852
19039,0.04109160928055644,0.003183428751071915,0.9557249695062637
19040,0.97870172560215,0.0068952785804867744,0.01440298487432301
19041,0.3428237661719322,0.005384374409914017,0.6517918705940247
19042,0.9553831070661545,0.0018735152552835643,0.04274341370910406
19043,0.8958163112401962,0.028119222726672888,0.07606447208672762
19044,0.9936291426420212,0.00018961214846058283,0.006181277858559042
19045,0.6734080612659454,0.0048678076709620655,0.3217241168022156
19046,0.9721774011850357,0.004471654770895839,0.02335095009766519
19047,0.8942301869392395,0.0013551458396250382,0.10441468562930822
19048,0.7663187086582184,0.0033119190484285355,0.23036934062838554
19049,0.019428859697654843,0.0021509893995244056,0.9784201383590698
19050,0.9346400648355484,0.003135137667413801,0.06222481094300747
19051,0.011071059969253838,0.019432853674516082,0.9694960862398148
19052,0.3929407224059105,0.012835027184337378,0.5942242294549942
19053,0.5444031730294228,0.0887888316065073,0.366808008402586
19054,0.9939682930707932,0.0013863984058843926,0.00464534288039431
19055,0.9935324788093567,0.0001602398097020341,0.006307286559604108
19056,0.921755850315094,0.0006371198760461994,0.07760701514780521
19057,0.9898214638233185,0.0008481534459860995,0.009330379660241306
19058,0.8356453478336334,0.0089777244720608,0.1553769651800394
19059,0.9282029867172241,0.006998101423960179,0.06479888316243887
19060,0.9687212258577347,0.014723470201715827,0.016555316047742963
19061,0.9950346499681473,0.0011633272224571556,0.003802037361310795
19062,0.8933096826076508,0.017106839222833514,0.08958347328007221
19063,0.4856910854578018,0.22156422398984432,0.2927446849644184
19064,0.40186139941215515,0.03855436109006405,0.5595842525362968
19065,0.9193019717931747,0.0062286953325383365,0.07446931581944227
19066,0.9892253428697586,0.0008719808756723069,0.009902704856358469
19067,0.36166784167289734,0.038018710794858634,0.6003134474158287
19068,0.9894912838935852,0.003282828809460625,0.007225894427392632
19069,0.6704028695821762,0.12832264881581068,0.20127450302243233
19070,0.9443290084600449,0.006084005581215024,0.049587000627070665
19071,0.591304786503315,0.04688126174733043,0.3618139550089836
19072,0.9264214634895325,0.0058019295684061944,0.06777661386877298
19073,0.8117246329784393,0.0006470161315519363,0.1876283623278141
19074,0.9272735416889191,0.0034657602664083242,0.06926069501787424
19075,0.9282050728797913,0.006271357764489949,0.06552359368652105
19076,0.9711099714040756,0.00239423883613199,0.026495785219594836
19077,0.8390956073999405,0.0031944526126608253,0.15770994499325752
19078,0.0027770389860961586,0.001004181118332781,0.9962187707424164
19079,0.8893979787826538,0.0021965517953503877,0.10840547271072865
19080,0.9267476797103882,0.003077840694459155,0.07017449010163546
19081,0.3799126520752907,0.057511033955961466,0.5625763162970543
19082,0.5272972881793976,0.355061586946249,0.11764108948409557
19083,0.9297333657741547,0.0019990323635283858,0.06826760526746511
19084,0.9651468843221664,0.0032228187774308026,0.03163027856498957
19085,0.18020277470350266,0.011529257055372,0.8082679808139801
19086,0.9897219687700272,0.0005646263489325065,0.009713422856293619
19087,0.022091832477599382,0.002148012281395495,0.9757601469755173
19088,0.989293560385704,0.0018020124116446823,0.00890442868694663
19089,0.6382152736186981,0.0030807655421085656,0.35870397463440895
19090,0.936098575592041,0.0010816485446412116,0.06281978078186512
19091,0.9863336533308029,0.0008271096230600961,0.012839221861213446
19092,0.9594034850597382,0.0018296431371709332,0.03876690240576863
19093,0.9319771379232407,0.005401216563768685,0.06262166798114777
19094,0.9827868640422821,0.0007693898514844477,0.01644371380098164
19095,0.5909308716654778,0.004802244482561946,0.404266893863678
19096,0.9672848731279373,0.004678193392464891,0.02803693851456046
19097,0.9945923835039139,0.00044666432586382143,0.004960967518854886
19098,0.19136035814881325,0.041540684178471565,0.7670989632606506
19099,0.9444155693054199,0.005714878003345802,0.04986951872706413
19100,0.9805706590414047,0.0007079172428348102,0.018721432192251086
19101,0.9039145261049271,0.0440594800747931,0.05202601384371519
19102,0.0038552386104129255,0.0007069334533298388,0.9954378455877304
19103,0.9812466949224472,0.001749498856952414,0.017003810266032815
19104,0.2977762185037136,0.006652509269770235,0.6955712884664536
19105,0.10369011387228966,0.01416263054125011,0.8821472823619843
19106,0.9701011031866074,0.00040506002551410347,0.02949381247162819
19107,0.9452076405286789,0.001221720754983835,0.05357066169381142
19108,0.9121021777391434,0.011855322169139981,0.07604250777512789
19109,0.986609473824501,0.006112499802839011,0.007278005708940327
19110,0.8543301820755005,0.0016216570875258185,0.1440481897443533
19111,0.9448888301849365,0.001668758071900811,0.05344241252169013
19112,0.8224204778671265,0.02216796833090484,0.15541157498955727
19113,0.4456254169344902,0.011447545024566352,0.5429270416498184
19114,0.9817869812250137,0.0023112331400625408,0.015901780454441905
19115,0.964361235499382,0.0037813013477716595,0.031857472844421864
19116,0.01741883927024901,0.0031824902980588377,0.9793986529111862
19117,0.9951527863740921,0.00046995967932161875,0.004377260338515043
19118,0.492678739130497,0.017360109137371182,0.489961139857769
19119,0.01893109828233719,0.0013926574174547568,0.9796762615442276
19120,0.8287333399057388,0.0006337399827316403,0.17063291929662228
19121,0.9751044511795044,0.0020391309808474034,0.02285642735660076
19122,0.0704528670758009,0.008068760333117098,0.9214783906936646
19123,0.7215941399335861,0.004451670742128044,0.2739541791379452
19124,0.07601214479655027,0.017558997962623835,0.906428873538971
19125,0.9093027710914612,0.0008130339338094927,0.08988421782851219
19126,0.9492075443267822,0.01217773521784693,0.03861469076946378
19127,0.022327911108732224,0.011128022451885045,0.966544046998024
19128,0.05176846403628588,0.003482755913864821,0.9447488039731979
19129,0.89972323179245,0.08005236368626356,0.020224372390657663
19130,0.8558024168014526,0.004628093389328569,0.13956947810947895
19131,0.9599888771772385,0.0048267816891893744,0.03518432332202792
19132,0.07788686733692884,0.09741059225052595,0.8247025609016418
19133,0.9733533412218094,0.00037038916707388125,0.026276257121935487
19134,0.002068872272502631,0.00028970453786314465,0.9976414144039154
19135,0.9747909903526306,0.001971635007066652,0.023237368557602167
19136,0.7410645186901093,0.013821109430864453,0.24511439725756645
19137,0.9585999399423599,0.008244089665822685,0.03315596468746662
19138,0.09735327959060669,0.0016845944774104282,0.9009621292352676
19139,0.008286637137643993,0.003418092441279441,0.9882952719926834
19140,0.970356747508049,0.005979398381896317,0.023663862142711878
19141,0.990519180893898,0.003911239677108824,0.005569564236793667
19142,0.8688076734542847,0.034136136062443256,0.09705622307956219
19143,0.9077903926372528,0.005779410945251584,0.08643021807074547
19144,0.575446330010891,0.14421883411705494,0.28033483773469925
19145,0.10124283656477928,0.006435584917198867,0.8923215568065643
19146,0.9882048219442368,0.00324832322075963,0.00854685460217297
19147,0.9055596143007278,0.006006982468534261,0.08843337651342154
19148,0.9481437653303146,0.015185095369815826,0.03667115280404687
19149,0.006792870699428022,0.00037805774627486244,0.9928290694952011
19150,0.4634355455636978,0.00267516789608635,0.5338892564177513
19151,0.9474595487117767,0.001071449718438089,0.05146896792575717
19152,0.9680615365505219,0.007853509276174009,0.024084944278001785
19153,0.8837283402681351,0.0002574172285676468,0.11601423472166061
19154,0.7598894238471985,0.037003308767452836,0.20310726761817932
19155,0.8804108798503876,0.005136906052939594,0.11445222608745098
19156,0.9657361805438995,0.004765304445754737,0.0294984916690737
19157,0.9571767598390579,0.002932426694314927,0.03989078337326646
19158,0.9853454679250717,0.0013238360697869211,0.013330697547644377
19159,0.9913933724164963,0.004356145393103361,0.004250456637237221
19160,0.025443417485803366,0.006411178386770189,0.9681454300880432
19161,0.7502185255289078,0.009973830077797174,0.2398076429963112
19162,0.9531483203172684,0.00397418555803597,0.04287748970091343
19163,0.9433470815420151,0.0065165755222551525,0.05013636313378811
19164,0.9651284217834473,0.0030292949522845447,0.031842317432165146
19165,0.8764108270406723,0.0027043078443966806,0.12088487111032009
19166,0.9828951060771942,0.001260993827600032,0.015843865927308798
19167,0.9818810969591141,0.003211864997865632,0.014906993601471186
19168,0.9194441139698029,0.0012366221053525805,0.07931924052536488
19169,0.49276357144117355,0.03719671117141843,0.4700397178530693
19170,0.9461905211210251,0.001063852570950985,0.05274565331637859
19171,0.9925055056810379,0.0004614823774318211,0.007033025904092938
19172,0.9342404752969742,0.013315838994458318,0.05244370270520449
19173,0.9522944092750549,0.0035111495526507497,0.0441944464109838
19174,0.44037818163633347,0.009826950263231993,0.5497948601841927
19175,0.6414930000901222,0.007443056092597544,0.35106395930051804
19176,0.8701874613761902,0.01053619768936187,0.11927633173763752
19177,0.9789811223745346,0.009738461580127478,0.011280407547019422
19178,0.8860797584056854,0.007281314057763666,0.10663893818855286
19179,0.6463093981146812,0.006638089078478515,0.3470524996519089
19180,0.9468076825141907,0.008803573087789118,0.04438873007893562
19181,0.4943254888057709,0.006511455227155238,0.49916303157806396
19182,0.8665784448385239,0.006505729106720537,0.12691581808030605
19183,0.9535272866487503,0.003596336144255474,0.04287639120593667
19184,0.5936452075839043,0.01762104989029467,0.38873373717069626
19185,0.9404038190841675,0.0021765382698504254,0.057419643737375736
19186,0.9908087998628616,0.000778186964453198,0.008413038565777242
19187,0.020268423948436975,0.0031868294172454625,0.9765447229146957
19188,0.7534108608961105,0.007651174091733992,0.23893796652555466
19189,0.9812314212322235,0.0019902650092262775,0.0167783226352185
19190,0.013447880512103438,0.0018691548029892147,0.9846829473972321
19191,0.7431676089763641,0.001956666208570823,0.2548757344484329
19192,0.34222521632909775,0.011347154388204217,0.6464276239275932
19193,0.8829996883869171,0.0013818226943840273,0.11561846267431974
19194,0.700426459312439,0.0015577684680465609,0.2980157434940338
19195,0.9816915541887283,0.003961418988183141,0.01434705383144319
19196,0.019069603644311428,0.017500558402389288,0.9634298235177994
19197,0.05173380160704255,0.0028064500947948545,0.9454597532749176
19198,0.9086043685674667,0.005669941834639758,0.08572572562843561
19199,0.20210310071706772,0.009825283312238753,0.7880716323852539
19200,0.003465111833065748,0.00045079571282258257,0.9960840940475464
19201,0.15720313414931297,0.6944230124354362,0.14837386459112167
19202,0.014576771412976086,0.007104857766535133,0.9783183336257935
19203,0.9773161858320236,0.002821892558131367,0.01986194238997996
19204,0.7714896649122238,0.051030782982707024,0.1774795614182949
19205,0.9498858451843262,0.003532547678332776,0.04658161336556077
19206,0.5373837575316429,0.0025836150743998587,0.4600326344370842
19207,0.7446510791778564,0.13022633828222752,0.12512259744107723
19208,0.9839520156383514,0.0001656982258282369,0.015882298117503524
19209,0.0028648541774600744,0.0003541164333000779,0.9967810362577438
19210,0.9270137697458267,0.0017921948892762884,0.07119401451200247
19211,0.8232338428497314,0.0005542528379010037,0.1762118861079216
19212,0.9084465503692627,0.007589908200316131,0.0839635394513607
19213,0.3532887473702431,0.009727616445161402,0.6369836404919624
19214,0.9890194684267044,0.0005841516176587902,0.01039641140960157
19215,0.9692534357309341,0.0031315214291680604,0.02761505963280797
19216,0.017705338541418314,0.017460298375226557,0.9648343622684479
19217,0.9576094895601273,0.00759590178495273,0.03479463281109929
19218,0.9502094835042953,0.0123242256231606,0.037466289941221476
19219,0.6597419753670692,0.018589207204058766,0.3216688185930252
19220,0.46823759377002716,0.028608266729861498,0.5031541585922241
19221,0.9405825287103653,0.003935812448617071,0.055481662042438984
19222,0.7229121327400208,0.030797241255640984,0.2462906278669834
19223,0.9882424920797348,0.000376007410523016,0.011381449061445892
19224,0.9307071715593338,0.01399759529158473,0.05529524851590395
19225,0.14295784756541252,0.05871514044702053,0.7983269989490509
19226,0.9951926916837692,0.0005561714606301393,0.004251087550073862
19227,0.8214395195245743,0.012363060610368848,0.16619740054011345
19228,0.368245892226696,0.1399060469120741,0.49184807389974594
19229,0.02670592162758112,0.0023487152357120067,0.9709453582763672
19230,0.9692921042442322,0.000636815297184512,0.030071070417761803
19231,0.10381496511399746,0.013199215987697244,0.8829858005046844
19232,0.48571982234716415,0.0027955342666245997,0.5114846527576447
19233,0.9192071110010147,0.01159199618268758,0.06920089852064848
19234,0.2234555147588253,0.0037160348147153854,0.7728284448385239
19235,0.9958513677120209,0.0003270110646553803,0.003821628517471254
19236,0.7728363573551178,0.0016177831857930869,0.2255458775907755
19237,0.012154503143392503,0.009107328136451542,0.9787381887435913
19238,0.9503509551286697,0.0029000479262322187,0.04674897436052561
19239,0.01316845789551735,0.0013487281539710239,0.9854828119277954
19240,0.9843883216381073,0.0019649045425467193,0.013646765844896436
19241,0.030310181435197592,0.004197847098112106,0.9654920101165771
19242,0.059066261164844036,0.0016161458770511672,0.9393175840377808
19243,0.031008281745016575,0.005080987350083888,0.9639107435941696
19244,0.32168223708868027,0.01153290388174355,0.6667848527431488
19245,0.9565780758857727,0.014486114494502544,0.02893581660464406
19246,0.9620982557535172,0.0005316038514138199,0.037370172794908285
19247,0.9077974706888199,0.006724183651385829,0.08547836635261774
19248,0.9487726986408234,0.0026511969626881182,0.048576103523373604
19249,0.8832733929157257,0.005546605039853603,0.111180005595088
19250,0.9795197695493698,0.004820350441150367,0.015659876633435488
19251,0.9422027766704559,0.0008412450697505847,0.05695600062608719
19252,0.5793887376785278,0.1082346816547215,0.31237658113241196
19253,0.9312666207551956,0.007680641836486757,0.06105273310095072
19254,0.4765081852674484,0.05142908124253154,0.47206272929906845
19255,0.8917815983295441,0.006965167704038322,0.10125322639942169
19256,0.9379599839448929,0.03924711421132088,0.02279291907325387
19257,0.42813975363969803,0.003447456343565136,0.5684127733111382
19258,0.9635014533996582,0.004598122264724225,0.03190042357891798
19259,0.8198112547397614,0.01882223621942103,0.1613665111362934
19260,0.6712019294500351,0.0023284979397431016,0.3264695815742016
19261,0.9681660979986191,0.0017135572124971077,0.03012035693973303
19262,0.9473904520273209,0.009096349647734314,0.04351320909336209
19263,0.9896431714296341,0.0019319507118780166,0.008424900937825441
19264,0.2257031500339508,0.012750758323818445,0.7615460753440857
19265,0.870689183473587,0.01161403045989573,0.11769677698612213
19266,0.9653765112161636,0.0016865375655470416,0.032936951611191034
19267,0.32379133254289627,0.004077959340065718,0.6721306890249252
19268,0.4087284803390503,0.004176563175860792,0.5870949476957321
19269,0.918443575501442,0.00307999734650366,0.07847644947469234
19270,0.8283563852310181,0.013497991021722555,0.1581456307321787
19271,0.9668369889259338,0.0010966425397782587,0.03206639317795634
19272,0.9436501264572144,0.0032939523516688496,0.05305593088269234
19273,0.16711537167429924,0.009992677601985633,0.8228919506072998
19274,0.7325619757175446,0.03910951176658273,0.22832852974534035
19275,0.499985933303833,0.005826205073390156,0.4941878467798233
19276,0.9670425951480865,0.018530419940361753,0.0144270199816674
19277,0.8884902894496918,0.007268690562341362,0.10424100607633591
19278,0.10638138838112354,0.0030738675268366933,0.8905447423458099
19279,0.6591217741370201,0.04832952516153455,0.29254869744181633
19280,0.7116478532552719,0.23649317026138306,0.05185901001095772
19281,0.33569689095020294,0.004379577178042382,0.6599235162138939
19282,0.8256578296422958,0.00325629860162735,0.17108586616814137
19283,0.3777767941355705,0.0038103392580524087,0.6184128746390343
19284,0.953734964132309,0.0019677980744745582,0.04429722856730223
19285,0.956773579120636,0.0004258107510395348,0.042800591327250004
19286,0.9768362194299698,0.003332866443088278,0.019830935169011354
19287,0.7374105900526047,0.07818680349737406,0.18440262787044048
19288,0.014644207432866096,0.0008739501136005856,0.9844818413257599
19289,0.9523196071386337,0.024756124010309577,0.022924314253032207
19290,0.9895787835121155,0.00047073702444322407,0.009950477164238691
19291,0.9824898391962051,0.0018472524534445256,0.015662884805351496
19292,0.036672004498541355,0.005207772832363844,0.9581202119588852
19293,0.9591758698225021,0.010337829648051411,0.03048632200807333
19294,0.926883801817894,0.009149997611530125,0.06396619323641062
19295,0.9640312939882278,0.0006925219495315105,0.035276176407933235
19296,0.898501992225647,0.00499228952685371,0.09650571830570698
19297,0.7917428314685822,0.0030454109655693173,0.20521174743771553
19298,0.0029962885892018676,0.0004488956583372783,0.9965548366308212
19299,0.9184683114290237,0.005537642922718078,0.07599405664950609
19300,0.8901017606258392,0.004558493790682405,0.10533975437283516
19301,0.4688737094402313,0.041418337263166904,0.48970796167850494
19302,0.9728525429964066,0.0015825208683963865,0.025564919225871563
19303,0.9371772855520248,0.0008607010167906992,0.061961994506418705
19304,0.9873912781476974,0.0007000997720751911,0.011908644810318947
19305,0.7325610518455505,0.010755771188996732,0.25668318197131157
19306,0.9903415888547897,0.0017787328106351197,0.007879695273004472
19307,0.9814889430999756,0.0044840609771199524,0.014026996679604053
19308,0.05651371506974101,0.008254532876890153,0.9352317452430725
19309,0.9191042929887772,0.033724986016750336,0.04717073170468211
19310,0.9878699630498886,0.0019359818834345788,0.010194068192504346
19311,0.15614848397672176,0.032882221043109894,0.8109692931175232
19312,0.9793035238981247,0.001974133076146245,0.018722335109487176
19313,0.011592599330469966,0.003470622672466561,0.9849367886781693
19314,0.9445232301950455,0.04818231659010053,0.007294435752555728
19315,0.6845610663294792,0.0084600216941908,0.3069789260625839
19316,0.9251479208469391,0.003766806243220344,0.07108525699004531
19317,0.6581650078296661,0.009302161750383675,0.3325328379869461
19318,0.07696442492306232,0.00574347359361127,0.9172921180725098
19319,0.4021732062101364,0.002358955651288852,0.5954678133130074
19320,0.01320412359200418,0.001850885193562135,0.9849449694156647
19321,0.9869118630886078,0.006283244176302105,0.006804902455769479
19322,0.8503773808479309,0.06090263184159994,0.0887199779972434
19323,0.9936029762029648,0.0010023190043284558,0.005394672974944115
19324,0.1378598641604185,0.04620620422065258,0.8159339129924774
19325,0.9670547544956207,0.0007792880860506557,0.03216596832498908
19326,0.9716250151395798,0.0021554203412961215,0.02621954306960106
19327,0.3266198895871639,0.017816192470490932,0.6555639207363129
19328,0.4971027225255966,0.0023352631542366,0.5005620047450066
19329,0.5117910876870155,0.06276005040854216,0.42544886097311974
19330,0.238626167178154,0.0013441011833492666,0.760029748082161
19331,0.9684765785932541,0.0021244502859190106,0.029398956336081028
19332,0.8739550560712814,0.000643480489088688,0.12540148571133614
19333,0.7669502049684525,0.00540826003998518,0.2276415228843689
19334,0.9900713562965393,0.003877140989061445,0.006051516276784241
19335,0.08269280754029751,0.020923415780998766,0.8963837921619415
19336,0.9331085085868835,0.0059157307841815054,0.06097570713609457
19337,0.7246971428394318,0.010916802333667874,0.26438605040311813
19338,0.9019130617380142,0.00707710871938616,0.09100985340774059
19339,0.8264864683151245,0.004100652644410729,0.1694128643721342
19340,0.9790252149105072,0.001900760893477127,0.01907401205971837
19341,0.9439306259155273,0.006650418043136597,0.04941897466778755
19342,0.9721760898828506,0.0005996426261845045,0.02722427388653159
19343,0.8664468824863434,0.0026928101433441043,0.1308603435754776
19344,0.8715794682502747,0.005645067198202014,0.12277545407414436
19345,0.5486483722925186,0.06429674616083503,0.3870548754930496
19346,0.9649828523397446,0.0037527411186601967,0.031264425721019506
19347,0.9383269995450974,0.041326218750327826,0.02034680242650211
19348,0.8904455304145813,0.009275562362745404,0.10027889534831047
19349,0.835694208741188,0.00556627637706697,0.15873952209949493
19350,0.9704910069704056,0.004088331828825176,0.025420668302103877
19351,0.015961352037265897,0.001462719083065167,0.9825759381055832
19352,0.9742286056280136,0.0029214416281320155,0.022849962580949068
19353,0.8185669630765915,0.005741752509493381,0.1756912972778082
19354,0.9229145050048828,0.0036193421110510826,0.07346612494438887
19355,0.3066662773489952,0.032444173470139503,0.6608895435929298
19356,0.27443066984415054,0.02121782093308866,0.7043515294790268
19357,0.8075787127017975,0.030455078464001417,0.1619662083685398
19358,0.9280042946338654,0.0046357098035514355,0.06735997088253498
19359,0.8382719904184341,0.008302498259581625,0.15342552587389946
19360,0.9818392246961594,0.000952958595007658,0.01720784604549408
19361,0.994514524936676,0.0006316217477433383,0.004853836086113006
19362,0.1825757399201393,0.016411553311627358,0.8010126948356628
19363,0.42714961618185043,0.004202247131615877,0.5686481222510338
19364,0.9599080830812454,0.0009264268810511567,0.03916548192501068
19365,0.9204432219266891,0.006822003226261586,0.07273478619754314
19366,0.9410934299230576,0.002199558017309755,0.05670699384063482
19367,0.8947841823101044,0.006704885920044035,0.09851094614714384
19368,0.30044373124837875,0.01133247371762991,0.6882237941026688
19369,0.7681642323732376,0.005860080826096237,0.2259756550192833
19370,0.9245185554027557,0.014045650721527636,0.06143580749630928
19371,0.5045593231916428,0.002111368899932131,0.4933293014764786
19372,0.9897781163454056,0.0023623456654604524,0.007859534583985806
19373,0.31242239847779274,0.007868919521570206,0.679708682000637
19374,0.8757792711257935,0.004293306614272296,0.11992742866277695
19375,0.9875917285680771,0.0012536728318082169,0.011154606123454869
19376,0.014980726642534137,0.0024002434802241623,0.982619047164917
19377,0.8081274032592773,0.010542191565036774,0.181330393999815
19378,0.9365522563457489,0.03557554050348699,0.027872194768860936
19379,0.6291911229491234,0.0051803396781906486,0.36562853679060936
19380,0.23032717034220695,0.002073742318316363,0.7675990760326385
19381,0.8914496600627899,0.009831225033849478,0.09871912933886051
19382,0.8041704446077347,0.004245285061188042,0.1915842778980732
19383,0.013428367441520095,0.008391498122364283,0.9781801104545593
19384,0.914766401052475,0.003883340279571712,0.08135028928518295
19385,0.9444045573472977,0.002222672163043171,0.05337274540215731
19386,0.15927178226411343,0.11482559237629175,0.7259026318788528
19387,0.8457202911376953,0.12874465435743332,0.025535024469718337
19388,0.08111002575606108,0.022201661253347993,0.8966883271932602
19389,0.9000140279531479,0.0027022248541470617,0.09728372097015381
19390,0.9043990969657898,0.006882049376145005,0.08871885947883129
19391,0.01919373357668519,0.0022728815965820104,0.9785333871841431
19392,0.06777067948132753,0.00994198489934206,0.9222873598337173
19393,0.9486261457204819,0.029053975827991962,0.022319907555356622
19394,0.9746417999267578,0.016927307879086584,0.00843086268287152
19395,0.993616595864296,0.0004293020065233577,0.005954097840003669
19396,0.9440552890300751,0.00048644887283444405,0.055458251386880875
19397,0.9103858321905136,0.0025679209211375564,0.08704626653343439
19398,0.872143030166626,0.014371343771927059,0.11348560266196728
19399,0.17929116636514664,0.03730072733014822,0.7834081053733826
19400,0.972174346446991,0.0006596130260732025,0.027166047133505344
19401,0.1621432527899742,0.009106649784371257,0.8287500888109207
19402,0.9758359342813492,0.0010345024929847568,0.023129582405090332
19403,0.8231807053089142,0.12970788963139057,0.04711140040308237
19404,0.7182053327560425,0.010723106330260634,0.27107154950499535
19405,0.5914499685168266,0.02337829419411719,0.3851717561483383
19406,0.9711758196353912,0.0034184997784905136,0.0254056837875396
19407,0.013017903082072735,0.002220720663899556,0.9847613722085953
19408,0.2551683858036995,0.013504932634532452,0.7313266843557358
19409,0.5717556700110435,0.013957967166788876,0.414286345243454
19410,0.9866823852062225,0.00015085994164110161,0.013166736345738173
19411,0.9823777079582214,0.0015275034384103492,0.016094782622531056
19412,0.7684159278869629,0.12911166343837976,0.10247240960597992
19413,0.001585849968250841,0.00031962608045432717,0.9980945438146591
19414,0.003351873776409775,0.0007567294087493792,0.9958914369344711
19415,0.05078685702756047,0.10320520773530006,0.8460079282522202
19416,0.9967510253190994,0.000984867467195727,0.0022641175019089133
19417,0.785325676202774,0.0752882594242692,0.13938606344163418
19418,0.08237414341419935,0.0015753674961160868,0.9160504937171936
19419,0.9723660945892334,0.0015549585950793698,0.02607895852997899
19420,0.0038189610932022333,0.0007223229840747081,0.9954587072134018
19421,0.8644870966672897,0.030478595523163676,0.10503433831036091
19422,0.9741257578134537,0.003595760790631175,0.02227850630879402
19423,0.25247449055314064,0.0030881889106240124,0.7444373220205307
19424,0.18462493270635605,0.006051622098311782,0.8093234151601791
19425,0.9658848196268082,0.000612623269262258,0.0335025554522872
19426,0.9662089496850967,0.0007020686971372925,0.03308896813541651
19427,0.6248545870184898,0.012432457180693746,0.36271295323967934
19428,0.9905135631561279,0.0007177732259151526,0.00876865431200713
19429,0.9463136941194534,0.0018774589261738583,0.05180882662534714
19430,0.514965645968914,0.03547555115073919,0.4495588093996048
19431,0.8930213302373886,0.015395885915495455,0.09158279933035374
19432,0.9810609668493271,0.0015542239707428962,0.017384793609380722
19433,0.06292989291250706,0.06457297503948212,0.8724971562623978
19434,0.9664009362459183,0.0035742790205404162,0.030024781357496977
19435,0.02895427541807294,0.0013794002443319187,0.9696663171052933
19436,0.02059760387055576,0.002064882777631283,0.9773374795913696
19437,0.6869993954896927,0.10952243488281965,0.20347817800939083
19438,0.98888099193573,0.001961458256118931,0.009157544001936913
19439,0.9385943710803986,0.0004671410351875238,0.060938507318496704
19440,0.7650031596422195,0.1163895484060049,0.11860729940235615
19441,0.8105714470148087,0.004654538468457758,0.18477399833500385
19442,0.6573429927229881,0.014837489230558276,0.3278195224702358
19443,0.1057072039693594,0.010208728141151369,0.8840840458869934
19444,0.876287654042244,0.012433280819095671,0.11127907037734985
19445,0.9870003908872604,0.0007670999475521967,0.012232499662786722
19446,0.9744783788919449,0.0023298452142626047,0.023191791027784348
19447,0.2863115221261978,0.08484597504138947,0.6288425177335739
19448,0.9658665359020233,0.0009721304813865572,0.03316130954772234
19449,0.6834887489676476,0.02435379638336599,0.29215747117996216
19450,0.9837583303451538,0.0026637185364961624,0.013577939476817846
19451,0.01635672547854483,0.0016162948886631057,0.9820269793272018
19452,0.9831736087799072,0.00048268763021042105,0.0163436810253188
19453,0.905536875128746,0.004154684895183891,0.09030844178050756
19454,0.746598944067955,0.003847178420983255,0.2495538480579853
19455,0.8090741187334061,0.009722259943373501,0.1812035758048296
19456,0.7196668237447739,0.05104868207126856,0.22928448766469955
19457,0.6190186738967896,0.01225906447507441,0.36872226744890213
19458,0.5324278920888901,0.02318747015669942,0.4443846270442009
19459,0.6097922325134277,0.006342465407215059,0.3838653191924095
19460,0.8155817836523056,0.07384003605693579,0.11057817004621029
19461,0.9378895163536072,0.005909596919082105,0.05620088707655668
19462,0.874636173248291,0.002045517088845372,0.12331828847527504
19463,0.9783484488725662,0.0007440800327458419,0.020907470490783453
19464,0.9835811853408813,0.004262597183696926,0.012156229000538588
19465,0.8211151659488678,0.09591961652040482,0.08296522591263056
19466,0.7674820423126221,0.026737693697214127,0.2057802490890026
19467,0.8891113251447678,0.021435918286442757,0.08945277240127325
19468,0.8499098569154739,0.07468937151134014,0.07540078926831484
19469,0.6736239194869995,0.0011489929602248594,0.3252271041274071
19470,0.9537159204483032,0.0005794645549030975,0.04570466326549649
19471,0.974856436252594,0.0007830606264178641,0.02436049608513713
19472,0.8919375985860825,0.07158698793500662,0.036475395783782005
19473,0.18861868977546692,0.010278508882038295,0.8011027872562408
19474,0.9543688744306564,0.0007617779483553022,0.04486936703324318
19475,0.01955098402686417,0.003027351282071322,0.9774216860532761
19476,0.9661016911268234,0.01623385411221534,0.017664440209046006
19477,0.9912953674793243,0.0004502346710069105,0.008254416403360665
19478,0.9836941957473755,0.00470958324149251,0.011596218915656209
19479,0.08395306766033173,0.01779411220923066,0.8982528448104858
19480,0.21461161226034164,0.012332391226664186,0.7730559855699539
19481,0.9331915378570557,0.0030945157050155103,0.06371396593749523
19482,0.9879513829946518,0.0014441710518440232,0.010604447452351451
19483,0.9165621250867844,0.00825998093932867,0.07517790049314499
19484,0.9187859892845154,0.004166980739682913,0.07704703789204359
19485,0.7989592999219894,0.1605867575854063,0.04045396437868476
19486,0.7971252501010895,0.01475792983546853,0.18811681121587753
19487,0.9770070612430573,0.0035595392109826207,0.019433392910286784
19488,0.9186871200799942,0.0026798862672876567,0.07863300293684006
19489,0.9815923869609833,0.0009626396058592945,0.017444954719394445
19490,0.8775475025177002,0.007420848589390516,0.11503165401518345
19491,0.9553169012069702,0.0025411068345420063,0.042141986545175314
19492,0.832440659403801,0.05780463293194771,0.10975471325218678
19493,0.5808482766151428,0.005187598755583167,0.4139641188085079
19494,0.10614640451967716,0.0014241353492252529,0.8924294114112854
19495,0.6377603113651276,0.00919227150734514,0.3530474081635475
19496,0.8860868513584137,0.006357962323818356,0.10755517520010471
19497,0.6503020748496056,0.023796867579221725,0.3259010389447212
19498,0.148699089884758,0.0061153185670264065,0.8451855778694153
19499,0.7703741490840912,0.0091443503042683,0.2204814963042736
19500,0.9865664690732956,0.001413060279446654,0.012020475114695728
19501,0.07824304327368736,0.013568424852564931,0.9081885367631912
19502,0.04318508366122842,0.013853832613676786,0.9429610520601273
19503,0.9778365343809128,0.009361402655486017,0.012802043231204152
19504,0.9585647135972977,0.0038475665787700564,0.03758773719891906
19505,0.17627570033073425,0.048553732223808765,0.7751705646514893
19506,0.976614773273468,0.003992942569311708,0.019392293877899647
19507,0.08819915540516376,0.006233150139451027,0.9055677056312561
19508,0.9557554572820663,0.0035805180086754262,0.04066402418538928
19509,0.8800183832645416,0.06812513060867786,0.051856471225619316
19510,0.8421460092067719,0.01379347627516836,0.1440605241805315
19511,0.02443930902518332,0.19887498021125793,0.7766857296228409
19512,0.5167953595519066,0.3904481306672096,0.09275649301707745
19513,0.8402429223060608,0.008674041368067265,0.15108301490545273
19514,0.9823325872421265,0.0002619657025206834,0.01740543858613819
19515,0.3415946327149868,0.008054562727920711,0.65035080909729
19516,0.7668907344341278,0.014266606653109193,0.21884266659617424
19517,0.9831831902265549,0.003409087294130586,0.013407730497419834
19518,0.9186092019081116,0.0021523166506085545,0.07923847157508135
19519,0.835598811507225,0.06478668376803398,0.09961449820548296
19520,0.9661473482847214,0.003848523978376761,0.030004135333001614
19521,0.922188326716423,0.009616451803594828,0.06819524895399809
19522,0.9549587070941925,0.0030338799115270376,0.0420074500143528
19523,0.008544105687178671,0.0009921030432451516,0.9904637932777405
19524,0.8901435285806656,0.030079558258876204,0.07977690640836954
19525,0.8914969712495804,0.0177573524415493,0.09074566047638655
19526,0.9654077738523483,0.0005045760262873955,0.03408763837069273
19527,0.8955503702163696,0.05962427984923124,0.04482534900307655
19528,0.9192722290754318,0.023895082296803594,0.05683267815038562
19529,0.45815810561180115,0.0010614492784952745,0.5407804548740387
19530,0.8629806041717529,0.028326405212283134,0.10869296733289957
19531,0.9039184898138046,0.012310384539887309,0.08377112448215485
19532,0.5159482508897781,0.015834414982236922,0.46821731328964233
19533,0.9601587355136871,0.024814206641167402,0.015027061337605119
19534,0.7286311388015747,0.0029331952682696283,0.26843567192554474
19535,0.024582743644714355,0.0034791245707310736,0.9719381630420685
19536,0.0504679586738348,0.0028237539809197187,0.9467083066701889
19537,0.0014078121312195435,0.00149799334758427,0.9970941990613937
19538,0.8993814140558243,0.0037201101949904114,0.09689849521964788
19539,0.5046050548553467,0.06212048605084419,0.4332744777202606
19540,0.0018598634342197329,0.0004016167586087249,0.9977384954690933
19541,0.004723578313132748,0.0010275951499352232,0.994248777627945
19542,0.9844221919775009,0.0010780931916087866,0.01449969201348722
19543,0.888665646314621,0.0074279854306951165,0.10390640236437321
19544,0.907336562871933,0.0019518554618116468,0.09071158245205879
19545,0.009008646127767861,0.0015810264740139246,0.9894103407859802
19546,0.8492073267698288,0.0010032048594439402,0.14978947211056948
19547,0.9535883814096451,0.008498910756316036,0.03791270311921835
19548,0.23694394156336784,0.023741482524201274,0.7393146008253098
19549,0.9852323830127716,0.00102666110615246,0.013740918133407831
19550,0.896560862660408,0.000629048328846693,0.10281009878963232
19551,0.5952770784497261,0.0345694029238075,0.3701535277068615
19552,0.05937970709055662,0.007258600322529674,0.9333617240190506
19553,0.27634091302752495,0.013381811906583607,0.710277259349823
19554,0.9591967165470123,0.0016218267264775932,0.039181450847536325
19555,0.9931005239486694,0.0004895308811683208,0.006409951776731759
19556,0.5768247097730637,0.13370256312191486,0.28947270661592484
19557,0.9742576032876968,0.002339425394893624,0.023402935592457652
19558,0.8598650246858597,0.044614283833652735,0.09552070405334234
19559,0.3196757584810257,0.0029501786921173334,0.677374079823494
19560,0.9736699014902115,0.013593692681752145,0.012736409087665379
19561,0.07535811979323626,0.0011065348153351806,0.9235353469848633
19562,0.682810440659523,0.024779618717730045,0.2924099490046501
19563,0.9692847728729248,0.0011986357276327908,0.029516620561480522
19564,0.9534876644611359,0.0032606797758489847,0.043251633644104004
19565,0.002117452386301011,0.000556328239326831,0.9973261952400208
19566,0.5279049575328827,0.15982939675450325,0.31226563081145287
19567,0.006399921257980168,0.006533582170959562,0.9870664924383163
19568,0.9833699762821198,0.0016493456932948902,0.014980701031163335
19569,0.9835253953933716,0.0012280174705665559,0.015246563125401735
19570,0.9914710074663162,0.005317210627254099,0.0032117492519319057
19571,0.930149108171463,0.001976840867428109,0.0678740767762065
19572,0.8531869500875473,0.03510789340361953,0.11170514207333326
19573,0.9109507352113724,0.008149212342686951,0.08090005349367857
19574,0.969006672501564,0.002902521868236363,0.028090790379792452
19575,0.7903649806976318,0.005871340224985033,0.2037636674940586
19576,0.8920280337333679,0.00847799691837281,0.0994939710944891
19577,0.9440958648920059,0.004156346840318292,0.05174776539206505
19578,0.9842633903026581,0.006161061581224203,0.009575544390827417
19579,0.9862330853939056,0.0013848882081219926,0.012382029904983938
19580,0.9524110406637192,0.002994641166878864,0.04459430277347565
19581,0.9325855225324631,0.0060025186685379595,0.061411954928189516
19582,0.5404234230518341,0.015096110058948398,0.44448046386241913
19583,0.002682521298993379,0.0006499380324385129,0.9966675341129303
19584,0.8332301527261734,0.04670050274580717,0.12006931751966476
19585,0.9370986670255661,0.011198121181223541,0.051703205332159996
19586,0.05233231978490949,0.0641245637089014,0.8835431039333344
19587,0.6235833019018173,0.0020339652692200616,0.37438273429870605
19588,0.9589317291975021,0.007233710610307753,0.03383456775918603
19589,0.9520584493875504,0.0026201988803222775,0.04532132297754288
19590,0.9689877480268478,0.0031862919277045876,0.027825932018458843
19591,0.6702783033251762,0.019821875961497426,0.30989983305335045
19592,0.9837929904460907,0.002465118101099506,0.013741878792643547
19593,0.9747267216444016,0.0015386348677566275,0.02373464684933424
19594,0.9164213091135025,0.06682781269773841,0.016750877257436514
19595,0.12221126724034548,0.004174233763478696,0.8736145496368408
19596,0.9476703405380249,0.0031340401619672775,0.04919563326984644
19597,0.9236544668674469,0.004363721003755927,0.07198180817067623
19598,0.06561742164194584,0.009900342993205413,0.9244822412729263
19599,0.9694890081882477,0.013119285460561514,0.017391697969287634
19600,0.003292289562523365,0.0018697384948609397,0.9948379546403885
19601,0.951861172914505,0.004237569810356945,0.04390124278143048
19602,0.9391854852437973,0.012910632067359984,0.04790388187393546
19603,0.06975909136235714,0.007993541774339974,0.9222473651170731
19604,0.09297068417072296,0.017642491264268756,0.889386847615242
19605,0.7865757346153259,0.017324794549494982,0.19609946012496948
19606,0.7818714827299118,0.1608202401548624,0.05730826873332262
19607,0.9461410939693451,0.02160346880555153,0.03225539391860366
19608,0.4143286794424057,0.011710282997228205,0.5739610344171524
19609,0.7991147935390472,0.00774763582739979,0.19313755072653294
19610,0.9854270368814468,0.001306898207985796,0.013266059220768511
19611,0.9755169600248337,0.0013951011133030988,0.023087956476956606
19612,0.9552392661571503,0.0037334412918426096,0.041027314029634
19613,0.5618712678551674,0.028334558242931962,0.4097941666841507
19614,0.9798251092433929,0.0023366010282188654,0.01783829857595265
19615,0.21638420969247818,0.021099030040204525,0.7625167816877365
19616,0.21166537329554558,0.02384475851431489,0.7644898593425751
19617,0.9229206740856171,0.001987121839192696,0.07509221229702234
19618,0.8363804668188095,0.013080371427349746,0.15053918212652206
19619,0.9805114567279816,0.006821352522820234,0.012667172588407993
19620,0.6345637664198875,0.004757078771945089,0.36067915335297585
19621,0.7246806621551514,0.00542897469131276,0.2698903474956751
19622,0.9911494702100754,0.00040871271630749106,0.008441841579042375
19623,0.9779923260211945,0.0019514515588525683,0.020056254928931594
19624,0.9907884150743484,0.004798583686351776,0.004413029528222978
19625,0.017429779865778983,0.004069897317094728,0.9785003364086151
19626,0.894728496670723,0.0006183997320476919,0.1046531293541193
19627,0.9485285878181458,0.0060549729387275875,0.04541644733399153
19628,0.16243058815598488,0.0032959541131276637,0.8342734575271606
19629,0.974445104598999,0.00487005096510984,0.020684868562966585
19630,0.4166291728615761,0.008957057492807508,0.5744137763977051
19631,0.9710575938224792,0.006299314089119434,0.02264309674501419
19632,0.33320122212171555,0.0027202213532291353,0.6640785932540894
19633,0.9895388036966324,0.0008827803249005228,0.009578423341736197
19634,0.10421723313629627,0.0011507234303280711,0.8946320563554764
19635,0.9052207767963409,0.0018800891994033009,0.09289915300905704
19636,0.9624593555927277,0.005440539272967726,0.03210013033822179
19637,0.9355029165744781,0.03005894087255001,0.0344381439499557
19638,0.9137276113033295,0.0018197170284111053,0.08445264678448439
19639,0.9351704120635986,0.00168967989156954,0.06313990894705057
19640,0.11127912811934948,0.019027587957680225,0.8696932792663574
19641,0.9845612198114395,0.001039138514897786,0.014399634674191475
19642,0.21589966118335724,0.05049869092181325,0.7336016446352005
19643,0.06287951022386551,0.0027627071540337056,0.934357762336731
19644,0.8991701155900955,0.008479587035253644,0.09235027804970741
19645,0.9609117805957794,0.01948388572782278,0.019604301312938333
19646,0.8487318754196167,0.007801240077242255,0.14346688240766525
19647,0.49542947113513947,0.038103173952549696,0.46646735817193985
19648,0.9447192847728729,0.0016862057673279196,0.05359450355172157
19649,0.8009071946144104,0.0029284534393809736,0.19616433419287205
19650,0.9260259568691254,0.0041790183749981225,0.06979500968009233
19651,0.9118821024894714,0.04931389493867755,0.038804011419415474
19652,0.7300960123538971,0.024733336176723242,0.24517064541578293
19653,0.9751622676849365,0.014638198306784034,0.0101995695149526
19654,0.6568374559283257,0.0068556530168280005,0.3363068923354149
19655,0.9710225313901901,0.006918639526702464,0.022058815695345402
19656,0.9853568822145462,0.0005719899891118985,0.014071129728108644
19657,0.02414708025753498,0.00985159067204222,0.9660013318061829
19658,0.45781252533197403,0.02178827626630664,0.5203992202877998
19659,0.952073335647583,0.0008471776382066309,0.04707945138216019
19660,0.6004701927304268,0.040484543424099684,0.35904524475336075
19661,0.9846717864274979,0.002237751934444532,0.013090430991724133
19662,0.9265689849853516,0.0012844414013670757,0.07214658427983522
19663,0.9417100250720978,0.002770509570837021,0.05551942950114608
19664,0.8523071110248566,0.009816468285862356,0.13787639513611794
19665,0.8031021803617477,0.03215970890596509,0.16473810374736786
19666,0.6153676807880402,0.003316793648991734,0.38131553679704666
19667,0.8038992434740067,0.08907194621860981,0.10702880471944809
19668,0.08250465523451567,0.010055046295747161,0.9074402749538422
19669,0.9759988486766815,0.0025498879549559206,0.02145123085938394
19670,0.8734546154737473,0.0006769253886886872,0.12586849182844162
19671,0.10681651998311281,0.0014282158808782697,0.8917552679777145
19672,0.6648341119289398,0.009232890733983368,0.325933001935482
19673,0.91426020860672,0.0028796345577575266,0.08286013919860125
19674,0.988826185464859,0.002952677459688857,0.008221174357458949
19675,0.06388381123542786,0.006135209114290774,0.929980993270874
19676,0.5212061554193497,0.006397776305675507,0.4723960682749748
19677,0.9927105009555817,0.0018401446141069755,0.005449399526696652
19678,0.059286277275532484,0.018258408410474658,0.9224553406238556
19679,0.005483953165821731,0.0007969131911522709,0.9937191605567932
19680,0.029716681223362684,0.014013259904459119,0.9562700688838959
19681,0.87810218334198,0.002011194737860933,0.11988661251962185
19682,0.9774711281061172,0.0018636284221429378,0.02066522720269859
19683,0.002928899077232927,0.0011079638497903943,0.9959631413221359
19684,0.8612012714147568,0.012564234668388963,0.1262345016002655
19685,0.9720367342233658,0.0018475085380487144,0.026115714106708765
19686,0.2952830567955971,0.012823942117393017,0.691892996430397
19687,0.9713200777769089,0.001651774495257996,0.027028134558349848
19688,0.00902401504572481,0.0036869673058390617,0.9872890412807465
19689,0.6165828332304955,0.15091815032064915,0.23249900341033936
19690,0.9888511747121811,0.0027485046011861414,0.008400320308282971
19691,0.9663686603307724,0.0047573361080139875,0.0288740168325603
19692,0.3732091300189495,0.006200043892022222,0.620590828359127
19693,0.4575873240828514,0.07250661961734295,0.4699060618877411
19694,0.9964402318000793,0.0013449018879327923,0.0022148987918626517
19695,0.9701772630214691,0.007609663938637823,0.022213056916370988
19696,0.8772694021463394,0.006380716571584344,0.11634986568242311
19697,0.9420665055513382,0.0081839271588251,0.049749549478292465
19698,0.9008907675743103,0.005374101630877703,0.09373510163277388
19699,0.572387233376503,0.035525931511074305,0.39208681508898735
19700,0.9772898256778717,0.0008941551495809108,0.021816031076014042
19701,0.4391437694430351,0.008250757295172662,0.5526054576039314
19702,0.9730221033096313,0.0034739041584543884,0.0235040127299726
19703,0.47022323310375214,0.01949909736867994,0.5102776437997818
19704,0.9612989723682404,0.002434381312923506,0.03626664914190769
19705,0.984728217124939,0.005541456397622824,0.009730329969897866
19706,0.8583295345306396,0.0074074303265661,0.13426301814615726
19707,0.9719588309526443,0.0033326486009173095,0.02470853039994836
19708,0.44109509885311127,0.16637046076357365,0.39253443479537964
19709,0.8861783146858215,0.01016133395023644,0.1036603283137083
19710,0.971333920955658,0.007341146207181737,0.021324944915249944
19711,0.42165131866931915,0.0021684163657482713,0.5761802792549133
19712,0.37962641566991806,0.008377474849112332,0.6119961068034172
19713,0.9526696503162384,0.0015047355263959616,0.04582562856376171
19714,0.8098712265491486,0.16005859896540642,0.030070186126977205
19715,0.8743619322776794,0.007629227242432535,0.11800885759294033
19716,0.8180346488952637,0.06712114159017801,0.11484421137720346
19717,0.017546666553243995,0.0023832212027627975,0.9800701141357422
19718,0.9751698672771454,0.0008334122831001878,0.023996687959879637
19719,0.025257841683924198,0.005290337605401874,0.969451829791069
19720,0.9132429212331772,0.0009077391368919052,0.08584934566169977
19721,0.15820406191051006,0.06098193675279617,0.780813992023468
19722,0.9030216783285141,0.06410508044064045,0.03287324542179704
19723,0.3552776090800762,0.5987295210361481,0.0459928740747273
19724,0.9879125356674194,0.0006215698267624248,0.011465884977951646
19725,0.3212899714708328,0.0060625148471444845,0.6726474910974503
19726,0.9724697917699814,0.003953398088924587,0.023576792096719146
19727,0.621504619717598,0.014199777622707188,0.3642955869436264
19728,0.21674751676619053,0.03489819634705782,0.7483542859554291
19729,0.976590946316719,0.007209897506982088,0.01619914034381509
19730,0.9846507906913757,0.0010835212015081197,0.014265683013945818
19731,0.031308727571740746,0.02059512585401535,0.9480961561203003
19732,0.12535290233790874,0.21159581560641527,0.6630512848496437
19733,0.9473728388547897,0.003437117440626025,0.049190061166882515
19734,0.9611845463514328,0.017859932500869036,0.020955525571480393
19735,0.968118205666542,0.0008413893301622011,0.03104043146595359
19736,0.018535513430833817,0.003013406676473096,0.9784510731697083
19737,0.9750054776668549,0.0006968049856368452,0.024297708878293633
19738,0.8403218388557434,0.007442031055688858,0.152236120775342
19739,0.08259501215070486,0.002384020248427987,0.9150209575891495
19740,0.9379922598600388,0.002837032632669434,0.0591706819832325
19741,0.9947849363088608,0.0004948635614709929,0.004720212367828935
19742,0.9601776301860809,0.0003063077419938054,0.03951602289453149
19743,0.9739999771118164,0.009868739871308208,0.016131278011016548
19744,0.18776899948716164,0.00924259255407378,0.8029883950948715
19745,0.946727380156517,0.02051177970133722,0.032760826870799065
19746,0.7661007940769196,0.00879490829538554,0.22510430961847305
19747,0.9712705612182617,0.014481046120636165,0.014248374849557877
19748,0.9688356816768646,0.004435964161530137,0.02672833576798439
19749,0.18027424067258835,0.06944839097559452,0.7502773702144623
19750,0.3840731680393219,0.21601544693112373,0.39991138130426407
19751,0.39594531804323196,0.005952307605184615,0.5981023460626602
19752,0.941287100315094,0.002944003324955702,0.055768854916095734
19753,0.8279293030500412,0.05998673103749752,0.11208395473659039
19754,0.21934407018125057,0.022960555972531438,0.7576954066753387
19755,0.9321485459804535,0.005186429480090737,0.0626650471240282
19756,0.7225145027041435,0.012926794355735183,0.26455867663025856
19757,0.980300635099411,0.003693494654726237,0.016005863435566425
19758,0.23614798858761787,0.0066926822764799,0.7571593225002289
19759,0.9859499931335449,0.002123867714544758,0.011926181381568313
19760,0.07581906020641327,0.01206394366454333,0.9121170043945312
19761,0.9886250495910645,0.0004084033389517572,0.0109665566124022
19762,0.9929700791835785,0.0017393756861565635,0.005290518165566027
19763,0.8264483064413071,0.0053217767854221165,0.16822986491024494
19764,0.9520738869905472,0.0036702518118545413,0.04425584012642503
19765,0.08884258009493351,0.010658819111995399,0.9004985988140106
19766,0.014344431227073073,0.0012369682372082025,0.9844186007976532
19767,0.03143676300533116,0.0007703691517235711,0.967792883515358
19768,0.979225292801857,0.0017562670982442796,0.01901843911036849
19769,0.9558746665716171,0.0011555244564078748,0.042969792149960995
19770,0.8847654163837433,0.016425403766334057,0.09880920127034187
19771,0.879991888999939,0.029523216653615236,0.09048489108681679
19772,0.5283650308847427,0.034709427040070295,0.4369255602359772
19773,0.991937980055809,0.0007118292924133129,0.007350187515839934
19774,0.4908106401562691,0.027408196590840816,0.48178117722272873
19775,0.46776969730854034,0.18503904342651367,0.3471912704408169
19776,0.9487903267145157,0.005588537605945021,0.04562114831060171
19777,0.9120318442583084,0.0012171849666628987,0.08675096184015274
19778,0.9180885255336761,0.0030064428283367306,0.07890505343675613
19779,0.7349045276641846,0.06669994024559855,0.19839554652571678
19780,0.18504219874739647,0.008509289589710534,0.8064485192298889
19781,0.9728333353996277,0.010798976989462972,0.0163677129894495
19782,0.4487789124250412,0.03350665478501469,0.5177144333720207
19783,0.9894079715013504,0.0004149141605012119,0.010177094314713031
19784,0.24914808943867683,0.02733912505209446,0.7235127687454224
19785,0.9053274691104889,0.010848105419427156,0.08382443152368069
19786,0.8751631677150726,0.0808457713574171,0.0439910301938653
19787,0.9327697455883026,0.004103978455532342,0.06312627717852592
19788,0.698133111000061,0.04436894983518869,0.25749797746539116
19789,0.9808020740747452,0.0022551953879883513,0.01694273902103305
19790,0.9817401170730591,0.0017845768670667894,0.01647529611364007
19791,0.9629482179880142,0.0022361562150763348,0.034815608989447355
19792,0.9727002382278442,0.0005919505420024507,0.026707783807069063
19793,0.8942694216966629,0.007038562907837331,0.0986920278519392
19794,0.9235831946134567,0.004888605093583465,0.07152821961790323
19795,0.009345042053610086,0.0013422599877230823,0.9893126934766769
19796,0.03173010749742389,0.002930778980953619,0.9653390944004059
19797,0.06131162215024233,0.002227270364528522,0.9364611208438873
19798,0.9135953485965729,0.0020572224748320878,0.08434739988297224
19799,0.8819529712200165,0.004137907410040498,0.11390913836658001
19800,0.008836644818075001,0.0037546595267485827,0.9874087274074554
19801,0.9357797205448151,0.0032519656233489513,0.060968306846916676
19802,0.9753077477216721,0.013427590020000935,0.01126464654225856
19803,0.6592757105827332,0.0038613573706243187,0.3368629440665245
19804,0.8863091170787811,0.003961143229389563,0.10972973145544529
19805,0.9763051569461823,0.0007044288358883932,0.0229903815779835
19806,0.2861120104789734,0.0028683621785603464,0.7110196501016617
19807,0.9639854431152344,0.0043035721755586565,0.031710983254015446
19808,0.980983555316925,0.0003907008722308092,0.018625749042257667
19809,0.3760967329144478,0.028625423554331064,0.59527787566185
19810,0.9465368688106537,0.003924875054508448,0.049538263119757175
19811,0.008511610561981797,0.0003592399079934694,0.991129145026207
19812,0.973424568772316,0.006296087289229035,0.020279375603422523
19813,0.9562402367591858,0.0013374738628044724,0.042422282975167036
19814,0.7635540068149567,0.005836377444211394,0.23060964792966843
19815,0.9586217105388641,0.003965991898439825,0.03741229837760329
19816,0.9284232556819916,0.002142560770153068,0.06943420320749283
19817,0.7927075624465942,0.005874156660865992,0.20141826570034027
19818,0.005702070775441825,0.0014177932607708499,0.9928801208734512
19819,0.8686670362949371,0.0015893389354459941,0.12974360398948193
19820,0.9243110418319702,0.0035476982302498072,0.0721412692219019
19821,0.9832815825939178,0.0003233510615245905,0.016395061509683728
19822,0.9790786951780319,0.004013316734926775,0.01690798345953226
19823,0.9592861086130142,0.0030199152533896267,0.03769397549331188
19824,0.009525360888801515,0.0015273402095772326,0.9889473021030426
19825,0.7312156111001968,0.005421925045084208,0.26336244866251945
19826,0.4239406958222389,0.029425547691062093,0.5466337576508522
19827,0.101447569206357,0.13828680664300919,0.7602655962109566
19828,0.8975144624710083,0.002756856119958684,0.09972864203155041
19829,0.984533816576004,0.006746691302396357,0.008719491423107684
19830,0.8970715254545212,0.0014213211106834933,0.10150713659822941
19831,0.9512263089418411,0.011358301620930433,0.03741540480405092
19832,0.12053476180881262,0.28379518538713455,0.5956700667738914
19833,0.9704616367816925,0.0005380330039770342,0.029000333044677973
19834,0.9765784740447998,0.0015149787504924461,0.02190652582794428
19835,0.8442797213792801,0.014384381705895066,0.14133586920797825
19836,0.5354096218943596,0.0097018395899795,0.4548885226249695
19837,0.9831432402133942,0.011076287715695798,0.005780462990514934
19838,0.3222438357770443,0.003514558309689164,0.6742416024208069
19839,0.9305867254734039,0.004166734172031283,0.06524654105305672
19840,0.9590436816215515,0.00036230064324627165,0.04059401759877801
19841,0.11715584434568882,0.0020746493828482926,0.8807694911956787
19842,0.43119214475154877,0.2813589982688427,0.28744885697960854
19843,0.9474646598100662,0.00334970690892078,0.0491856224834919
19844,0.008421147475019097,0.0025295928498962894,0.9890492558479309
19845,0.8948000818490982,0.030353198293596506,0.07484672032296658
19846,0.02608676441013813,0.0060334986774250865,0.9678796976804733
19847,0.10999694839119911,0.005025680118706077,0.8849773705005646
19848,0.01545508042909205,0.0047189752222038805,0.9798259288072586
19849,0.9327903836965561,0.0015063553728396073,0.06570326816290617
19850,0.0338984252884984,0.010821957723237574,0.955279603600502
19851,0.9917105734348297,0.0016120934596983716,0.006677351542748511
19852,0.9847145825624466,0.0021722796955145895,0.013113104039803147
19853,0.9065744131803513,0.003260098397731781,0.09016546327620745
19854,0.06382386106997728,0.0024744377296883613,0.933701679110527
19855,0.6558821648359299,0.007369851227849722,0.33674798905849457
19856,0.986409142613411,0.002658440702361986,0.010932391625829041
19857,0.8205772340297699,0.10819789487868547,0.07122486643493176
19858,0.9954235553741455,0.0010077698098029941,0.0035686526098288596
19859,0.9832804501056671,0.002236387867014855,0.01448313519358635
19860,0.98745496571064,0.0006445336694014259,0.011900498298928142
19861,0.6434809938073158,0.03626764612272382,0.32025136798620224
19862,0.731163427233696,0.006394883617758751,0.26244165748357773
19863,0.011051921173930168,0.0037675776111427695,0.9851804822683334
19864,0.11016911827027798,0.008053561788983643,0.8817773312330246
19865,0.7783121466636658,0.011038016062229872,0.21064982935786247
19866,0.6878966987133026,0.02028446295298636,0.2918188348412514
19867,0.5035913959145546,0.024990165373310447,0.47141841799020767
19868,0.9352764189243317,0.01552822149824351,0.049195334780961275
19869,0.89067143201828,0.0012170676272944547,0.10811146348714828
19870,0.9841350317001343,0.0032697899732738733,0.01259521208703518
19871,0.8847187012434006,0.0020473236218094826,0.11323397979140282
19872,0.45579881221055984,0.04123310465365648,0.5029680728912354
19873,0.38324765488505363,0.01090821553952992,0.6058441326022148
19874,0.6800890862941742,0.019435825059190392,0.3004750721156597
19875,0.9254964292049408,0.004417133401148021,0.07008644659072161
19876,0.9534682333469391,0.005003101279726252,0.04152867151424289
19877,0.007428866112604737,0.003549836139427498,0.9890213161706924
19878,0.9873005896806717,0.000661795333144255,0.012037625070661306
19879,0.972028523683548,0.0021625714580295607,0.025808899896219373
19880,0.325051948428154,0.005695983301848173,0.6692520678043365
19881,0.959728479385376,0.002882532775402069,0.03738897806033492
19882,0.9759736210107803,0.0010158749646507204,0.02301048138178885
19883,0.9891437143087387,0.0011728639801731333,0.009683398646302521
19884,0.9503622800111771,0.0030436803644988686,0.04659404791891575
19885,0.27442802116274834,0.5911626294255257,0.134409349411726
19886,0.9014009237289429,0.01575033157132566,0.08284870721399784
19887,0.114690151065588,0.00800517131574452,0.8773047029972076
19888,0.9778801947832108,0.0006413648661691695,0.021478433161973953
19889,0.8340144604444504,0.004140914184972644,0.16184461675584316
19890,0.9654122740030289,0.0020979951950721443,0.03248969744890928
19891,0.9682883322238922,0.0022158914944157004,0.02949577197432518
19892,0.030967747326940298,0.0060107954777777195,0.9630214273929596
19893,0.43459276109933853,0.014745873166248202,0.5506613776087761
19894,0.9499600678682327,0.0027786582650151104,0.047261251136660576
19895,0.6821977347135544,0.0073791188187897205,0.3104231469333172
19896,0.8458222150802612,0.0011176539992447942,0.1530601354315877
19897,0.9186693578958511,0.00648708816152066,0.07484354358166456
19898,0.9612750560045242,0.0010821685573318973,0.03764280956238508
19899,0.9518140107393265,0.0036789820005651563,0.04450703039765358
19900,0.34195488318800926,0.007691273174714297,0.6503538563847542
19901,0.3904072046279907,0.006139435106888413,0.6034533530473709
19902,0.0018080402805935591,0.0004974190451321192,0.9976945370435715
19903,0.969627857208252,0.001844315935159102,0.02852784376591444
19904,0.056424700655043125,0.0018648369295988232,0.9417104572057724
19905,0.7169020175933838,0.0031120498024392873,0.2799859270453453
19906,0.9668879508972168,0.0012504000624176115,0.03186163958162069
19907,0.5202293917536736,0.026165623916313052,0.4536049962043762
19908,0.9206048250198364,0.005192751239519566,0.0742024090141058
19909,0.0368907037191093,0.005464665649924427,0.9576446563005447
19910,0.008396537625230849,0.0010864182477234863,0.9905170500278473
19911,0.9694435149431229,0.009474202641285956,0.021082279970869422
19912,0.6136339157819748,0.06378702353686094,0.3225790560245514
19913,0.4041610509157181,0.026562050450593233,0.5692769065499306
19914,0.017417957074940205,0.014424958499148488,0.9681570678949356
19915,0.16161134466528893,0.010974251665174961,0.827414408326149
19916,0.012029232224449515,0.0014068426680751145,0.9865639507770538
19917,0.7730443477630615,0.005314380046911538,0.22164129838347435
19918,0.7458434849977493,0.004225120763294399,0.24993140622973442
19919,0.8892328292131424,0.005258040589978918,0.10550913400948048
19920,0.8743107169866562,0.05104036373086274,0.07464894279837608
19921,0.8303277641534805,0.07483736984431744,0.09483484458178282
19922,0.07696541585028172,0.00938692776253447,0.9136476367712021
19923,0.760530024766922,0.0020160124549875036,0.23745395243167877
19924,0.26454539597034454,0.012428665475454181,0.7230259627103806
19925,0.8863508552312851,0.005782315973192453,0.10786683484911919
19926,0.9779756963253021,0.0033397190272808075,0.018684578128159046
19927,0.4706011414527893,0.01571456016972661,0.5136842951178551
19928,0.9234316796064377,0.010906598530709743,0.0656617246568203
19929,0.8721175193786621,0.012123748776502907,0.11575873289257288
19930,0.9122068136930466,0.01312746899202466,0.07466569729149342
19931,0.9751768261194229,0.004858766682446003,0.019964402308687568
19932,0.26367731019854546,0.16323773749172688,0.5730849578976631
19933,0.9111696034669876,0.00043672273750416934,0.08839368727058172
19934,0.9346665740013123,0.004868006508331746,0.060465398244559765
19935,0.9369678348302841,0.004011871991679072,0.05902027990669012
19936,0.6672801002860069,0.00454050995176658,0.32817938923835754
19937,0.15747786313295364,0.0450433436781168,0.7974788248538971
19938,0.34025711566209793,0.006393094547092915,0.6533497422933578
19939,0.0036920966813340783,0.007327941217226908,0.9889799654483795
19940,0.7384213358163834,0.006438604323193431,0.25514001585543156
19941,0.006415447685867548,0.0011104446530225687,0.9924740791320801
19942,0.9019489586353302,0.015283759916201234,0.08276728074997663
19943,0.9470310062170029,0.017116397386416793,0.03585257986560464
19944,0.9488304555416107,0.0357938245870173,0.01537569286301732
19945,0.9084392637014389,0.005344047269318253,0.0862166890874505
19946,0.5114994123578072,0.14421425032196566,0.34428633749485016
19947,0.9749705940485001,0.005561096011660993,0.019468280021101236
19948,0.7515840828418732,0.009394044056534767,0.2390218861401081
19949,0.19231976568698883,0.009919554577209055,0.7977606654167175
19950,0.9830031245946884,0.0005612460372503847,0.01643563504330814
19951,0.6900827884674072,0.009952598833478987,0.29996462911367416
19952,0.9894892126321793,0.00048333768063457683,0.010027411044575274
19953,0.987279862165451,0.00040268229349749163,0.012317477958276868
19954,0.5086741894483566,0.16475567687302828,0.32657013088464737
19955,0.9311327934265137,0.001465115463361144,0.0674020815640688
19956,0.01971170725300908,0.0037702317349612713,0.9765180498361588
19957,0.9585492610931396,0.014955447753891349,0.02649530372582376
19958,0.605620987713337,0.012023513671010733,0.3823554962873459
19959,0.7321693152189255,0.019058401230722666,0.2487722560763359
19960,0.9004113674163818,0.006311604520305991,0.09327703341841698
19961,0.8693539798259735,0.0011562806030269712,0.1294897384941578
19962,0.12535648792982101,0.03804006893187761,0.8366034477949142
19963,0.05349892470985651,0.003644194337539375,0.9428568780422211
19964,0.9734332263469696,0.0014109981711953878,0.02515578572638333
19965,0.4721004292368889,0.00930823088856414,0.5185913592576981
19966,0.06362585909664631,0.007867616484872997,0.928506538271904
19967,0.8791970014572144,0.018815069110132754,0.1019879262894392
19968,0.2787249758839607,0.009498587634880096,0.711776465177536
19969,0.04267809493467212,0.007996767526492476,0.9493251442909241
19970,0.8988276124000549,0.015727849677205086,0.08544449508190155
19971,0.9290492832660675,0.0576751078478992,0.013275615405291319
19972,0.714967280626297,0.003540115023497492,0.28149259090423584
19973,0.07678800262510777,0.0287556448020041,0.8944563269615173
19974,0.01880285912193358,0.011310878209769726,0.9698862731456757
19975,0.9753924012184143,0.0032350007895729505,0.021372593706473708
19976,0.905255988240242,0.006518574082292616,0.08822545874863863
19977,0.508708156645298,0.0024851802445482463,0.4888066500425339
19978,0.9428397119045258,0.0038983288686722517,0.053261978551745415
19979,0.07238391973078251,0.0015200375419226475,0.92609603703022
19980,0.0033454058575443923,0.000580880900088232,0.9960737079381943
19981,0.9764452427625656,0.0009227962509612553,0.022631962783634663
19982,0.5128538608551025,0.027522006537765265,0.45962412655353546
19983,0.8934746980667114,0.0012577835805132054,0.10526751540601254
19984,0.972276970744133,0.012405428919009864,0.015317583573050797
19985,0.9712971299886703,0.00420540533377789,0.024497476872056723
19986,0.9764138013124466,0.0017380563367623836,0.021848125383257866
19987,0.9910820126533508,0.00028691111219814047,0.008631102507933974
19988,0.057922087609767914,0.005506588233401999,0.936571329832077
19989,0.2808583714067936,0.6736639067530632,0.04547775909304619
19990,0.967434287071228,0.003851584915537387,0.02871414227411151
19991,0.9833423495292664,0.0006686166525469162,0.015989036532118917
19992,0.7563242614269257,0.01443626725813374,0.22923946753144264
19993,0.9247048199176788,0.0037246019346639514,0.07157058734446764
19994,0.05887625040486455,0.002042633423116058,0.9390810877084732
19995,0.9519311785697937,0.002224226336693391,0.04584460612386465
19996,0.8511634320020676,0.005814767966512591,0.14302179589867592
19997,0.9804974943399429,0.00035504178595147096,0.01914743985980749
19998,0.9935131072998047,0.000417051534896018,0.006069816357921809
19999,0.832675114274025,0.030440765898674726,0.13688412122428417
20000,0.9683967679738998,0.012339997221715748,0.01926323468796909
20001,0.8612318336963654,0.022548932349309325,0.11621924955397844
20002,0.9931782335042953,0.0020500621394603513,0.004771724401507527
20003,0.980890229344368,0.0002908489914261736,0.01881890743970871
20004,0.9161726236343384,0.004148531937971711,0.0796787990257144
20005,0.04664870724081993,0.0017138557159341872,0.9516374617815018
20006,0.15567827597260475,0.002222142880782485,0.8420996069908142
20007,0.5797173157334328,0.03809294197708368,0.3821897357702255
20008,0.46470528095960617,0.026407071156427264,0.5088876187801361
20009,0.34977995604276657,0.003485747438389808,0.6467343047261238
20010,0.9825433790683746,0.001434506819350645,0.016022114316001534
20011,0.05390491709113121,0.2782992236316204,0.6677958816289902
20012,0.5434414818882942,0.014731426956132054,0.44182710349559784
20013,0.9942122846841812,0.0006202975637279451,0.005167408206034452
20014,0.3246336616575718,0.01951071247458458,0.6558556258678436
20015,0.12759320065379143,0.03821673197671771,0.8341900408267975
20016,0.9507606327533722,0.0012686703848885372,0.04797068424522877
20017,0.9443143457174301,0.01586989499628544,0.03981574717909098
20018,0.16933573782444,0.004647160298191011,0.8260171115398407
20019,0.9280205518007278,0.013999546179547906,0.05797986499965191
20020,0.0205125636421144,0.0026072412438225,0.9768801629543304
20021,0.006513514323160052,0.0026545335276750848,0.9908319264650345
20022,0.014560370240360498,0.0015623638464603573,0.9838772863149643
20023,0.942087933421135,0.0033816862560342997,0.05453038075938821
20024,0.3065301589667797,0.013442939962260425,0.6800268888473511
20025,0.9444588422775269,0.0030369081941898912,0.052504297345876694
20026,0.4600760266184807,0.002403870254056528,0.5375201180577278
20027,0.5476764366030693,0.020501336082816124,0.4318222552537918
20028,0.8353559225797653,0.0008757247487665154,0.1637683566659689
20029,0.35979150235652924,0.0049040617304854095,0.6353044286370277
20030,0.9076124727725983,0.0031486022053286433,0.08923892490565777
20031,0.07189997471868992,0.08979139709845185,0.838308647274971
20032,0.09638104401528835,0.007932042994070798,0.89568692445755
20033,0.9914577752351761,0.0004018035742774373,0.008140412159264088
20034,0.8634394258260727,0.005880638840608299,0.1306799314916134
20035,0.9761213213205338,0.00046817996917525306,0.02341048326343298
20036,0.2935381904244423,0.018381133442744613,0.688080683350563
20037,0.7174371480941772,0.045627966057509184,0.23693488910794258
20038,0.9734850972890854,0.006949497968889773,0.019565409049391747
20039,0.03512618876993656,0.0018808958411682397,0.962992936372757
20040,0.08879358135163784,0.016489032073877752,0.8947173804044724
20041,0.1821486297994852,0.044570738449692726,0.7732806354761124
20042,0.8177865594625473,0.08146111387759447,0.10075234342366457
20043,0.051930037792772055,0.03265404584817588,0.9154159426689148
20044,0.5947732478380203,0.032605639193207026,0.3726210668683052
20045,0.39486992359161377,0.0014157884288579226,0.603714257478714
20046,0.024485664907842875,0.0015316477802116424,0.9739827066659927
20047,0.10310873109847307,0.0013229358883108944,0.8955683559179306
20048,0.8584232181310654,0.006332248565740883,0.13524454459547997
20049,0.9268357902765274,0.012911102618090808,0.060253106988966465
20050,0.9532176554203033,0.002093284478178248,0.04468904808163643
20051,0.978635847568512,0.001389479890349321,0.019974672701209784
20052,0.041696627624332905,0.003270866989623755,0.9550325274467468
20053,0.5746837854385376,0.11500259768217802,0.3103136159479618
20054,0.885028749704361,0.006931572686880827,0.10803967900574207
20055,0.5783276781439781,0.0024320827214978635,0.41924022883176804
20056,0.14055409841239452,0.006222950818482786,0.8532229512929916
20057,0.9440097212791443,0.0014811319415457547,0.05450911354273558
20058,0.9870578348636627,0.0006258591456571594,0.012316305539570749
20059,0.9658485502004623,0.009491953300312161,0.024659512098878622
20060,0.9386938959360123,0.0006284002884058282,0.0606777248904109
20061,0.9895412176847458,0.0003734849196916912,0.010085280053317547
20062,0.9578152894973755,0.021010156837292016,0.021174554247409105
20063,0.049815273843705654,0.0018672526930458844,0.9483174830675125
20064,0.9038314670324326,0.0014875586639391258,0.09468098543584347
20065,0.0007921664509922266,0.00017417377603123896,0.9990336894989014
20066,0.0012625164381461218,0.0001469728049414698,0.9985904842615128
20067,0.3166496567428112,0.007026289007626474,0.6763240694999695
20068,0.9198279827833176,0.005455199454445392,0.07471681665629148
20069,0.7271624058485031,0.007520819432102144,0.26531675085425377
20070,0.9839701503515244,0.0028753039077855647,0.01315452775452286
20071,0.06019609281793237,0.14757393347099423,0.7922299653291702
20072,0.017248551594093442,0.00505652284482494,0.9776949286460876
20073,0.9772528111934662,0.0007068889826769009,0.022040299605578184
20074,0.9095317721366882,0.019400045042857528,0.07106819469481707
20075,0.31565864756703377,0.04243759298697114,0.6419037505984306
20076,0.7324489057064056,0.003024000849109143,0.264527078717947
20077,0.4183325991034508,0.05236336030066013,0.529304027557373
20078,0.42452147603034973,0.018884967546910048,0.5565935522317886
20079,0.014963231282308698,0.027525831013917923,0.9575109928846359
20080,0.6569862142205238,0.2546915113925934,0.08832227345556021
20081,0.3547413498163223,0.00844133977079764,0.6368173360824585
20082,0.07825877610594034,0.004295012331567705,0.9174461960792542
20083,0.909938856959343,0.0018742289394140244,0.08818687032908201
20084,0.707304947078228,0.00219071886385791,0.2905043251812458
20085,0.8992791324853897,0.005137859785463661,0.09558300022035837
20086,0.020179389975965023,0.0026132662896998227,0.9772073328495026
20087,0.9317958652973175,0.002315200719749555,0.06588895618915558
20088,0.9682966321706772,0.0025712770875543356,0.029132057446986437
20089,0.23921525850892067,0.02034984203055501,0.7404349148273468
20090,0.5880872756242752,0.030236583668738604,0.38167617470026016
20091,0.12415076047182083,0.006437445990741253,0.8694117963314056
20092,0.9603487253189087,0.003190841031027958,0.03646044805645943
20093,0.9836368262767792,0.00424288579961285,0.01212028053123504
20094,0.8811676353216171,0.001967605872778222,0.11686472594738007
20095,0.9871198385953903,0.0006090998213039711,0.012271066894754767
20096,0.9833407551050186,0.005295899580232799,0.011363367550075054
20097,0.88442762196064,0.08223573956638575,0.03333665896207094
20098,0.9764751493930817,0.002629473543493077,0.02089536702260375
20099,0.959112673997879,0.012551842373795807,0.02833547443151474
20100,0.9902527183294296,0.0004428150368767092,0.0093044318491593
20101,0.20822994783520699,0.00723585463128984,0.7845342010259628
20102,0.9807717502117157,0.0008326266834046692,0.01839561341330409
20103,0.21572544053196907,0.012482999125495553,0.77179154753685
20104,0.0029650566866621375,0.0003524824423948303,0.9966824799776077
20105,0.758696898818016,0.20428131334483624,0.03702178131788969
20106,0.9528643786907196,0.02999803051352501,0.017137585440650582
20107,0.9429357796907425,0.001217049968545325,0.05584718054160476
20108,0.5396129488945007,0.003727235773112625,0.45665983110666275
20109,0.9785649180412292,0.001445402333047241,0.019989706808701158
20110,0.9511456340551376,0.010066168324556202,0.03878819989040494
20111,0.9513488113880157,0.003935686778277159,0.044715520925819874
20112,0.017222238471731544,0.0071908419486135244,0.9755869209766388
20113,0.9520273804664612,0.003639601549366489,0.044332992285490036
20114,0.8959603607654572,0.009493343764916062,0.09454629477113485
20115,0.04112373711541295,0.7383034825325012,0.22057278640568256
20116,0.9481834471225739,0.0018462194420862943,0.04997031018137932
20117,0.8160759955644608,0.15928812138736248,0.02463588723912835
20118,0.6775873005390167,0.004453503468539566,0.31795918568968773
20119,0.020060751121491194,0.0035202393191866577,0.9764190167188644
20120,0.9827363044023514,0.0018346832366660237,0.015428986866027117
20121,0.7169163227081299,0.012225205660797656,0.2708584778010845
20122,0.0405776584520936,0.06431831698864698,0.8951040208339691
20123,0.971271812915802,0.0014665324561065063,0.027261664159595966
20124,0.6793823093175888,0.020308643812313676,0.30030904337763786
20125,0.8433018028736115,0.040238949470221996,0.11645923927426338
20126,0.992858499288559,0.0017176333494717255,0.005423858994618058
20127,0.00257898640120402,0.0008089135590125807,0.9966121166944504
20128,0.8858434557914734,0.0016150771771208383,0.11254143342375755
20129,0.9031015485525131,0.0014641635061707348,0.09543423820286989
20130,0.10638504847884178,0.02805411908775568,0.8655608147382736
20131,0.9909954816102982,0.000749055077903904,0.008255471242591739
20132,0.9776783436536789,0.0004238256187818479,0.02189784566871822
20133,0.7791745364665985,0.12193222157657146,0.09889321867376566
20134,0.35783977061510086,0.002839471970219165,0.6393207460641861
20135,0.01398511789739132,0.003044281736947596,0.9829706102609634
20136,0.158090278506279,0.43252497911453247,0.40938472375273705
20137,0.025423582876101136,0.0005547530236071907,0.9740216881036758
20138,0.8366069346666336,0.011620355537161231,0.15177270025014877
20139,0.09934329800307751,0.002847216441296041,0.8978094458580017
20140,0.9773485660552979,0.0070160334289539605,0.015635411720722914
20141,0.7045707702636719,0.006791656953282654,0.28863758966326714
20142,0.012657774612307549,0.0024572620895924047,0.9848849475383759
20143,0.9937988817691803,0.001247750231414102,0.00495337467873469
20144,0.9562275111675262,0.01188461109995842,0.03188786772079766
20145,0.9742169827222824,0.0063727972155902535,0.019410217413678765
20146,0.7328185886144638,0.004447350627742708,0.2627340853214264
20147,0.9483159482479095,0.006893520650919527,0.04479050915688276
20148,0.2047255840152502,0.04555452987551689,0.749719887971878
20149,0.8004865348339081,0.01258142408914864,0.18693201802670956
20150,0.5313775092363358,0.0044338832958601415,0.4641886278986931
20151,0.28211505711078644,0.007526027504354715,0.7103589028120041
20152,0.15208182111382484,0.08401638269424438,0.7639017999172211
20153,0.4979201778769493,0.26447363570332527,0.23760617524385452
20154,0.9514894187450409,0.01926477230153978,0.0292457970790565
20155,0.005371491191908717,0.0008227132930187508,0.9938058406114578
20156,0.9464882165193558,0.01121009825146757,0.04230167344212532
20157,0.007101457682438195,0.0016515546885784715,0.9912469983100891
20158,0.912730798125267,0.01176512602251023,0.07550403475761414
20159,0.9801555126905441,0.0016349429643014446,0.018209547270089388
20160,0.3668202646076679,0.017248686403036118,0.6159310713410378
20161,0.010669023729860783,0.001043144497089088,0.9882878065109253
20162,0.7216111570596695,0.03965357691049576,0.23873527348041534
20163,0.9821639060974121,0.0005289180298859719,0.017307169968262315
20164,0.9679557979106903,0.0022335075482260436,0.029810719192028046
20165,0.9544315338134766,0.0007761827000649646,0.044792262837290764
20166,0.9664797633886337,0.011095388559624553,0.022424849681556225
20167,0.05036139255389571,0.005810027185361832,0.9438285827636719
20168,0.017554421443492174,0.0019775242544710636,0.9804680645465851
20169,0.19828577525913715,0.029610265279188752,0.772103950381279
20170,0.513008289039135,0.061286216136068106,0.4257055073976517
20171,0.09410088043659925,0.008305421157274395,0.897593691945076
20172,0.7242621630430222,0.001497109595220536,0.27424072101712227
20173,0.8466424345970154,0.056363589596003294,0.09699399769306183
20174,0.8963145911693573,0.00504011899465695,0.09864532388746738
20175,0.9958316683769226,0.00033256014648941346,0.003835775190964341
20176,0.8546450734138489,0.05636075581423938,0.08899416029453278
20177,0.5264671519398689,0.017487448640167713,0.45604538917541504
20178,0.9636990278959274,0.0009183117945212871,0.035382641945034266
20179,0.9377886801958084,0.0397918620146811,0.022419456159695983
20180,0.16940690577030182,0.01082965440582484,0.8197634518146515
20181,0.022383747156709433,0.010385301487985998,0.967230960726738
20182,0.3313238136470318,0.03439856367185712,0.6342775970697403
20183,0.8370705842971802,0.007312182686291635,0.15561723336577415
20184,0.9612473547458649,0.000995483627775684,0.03775716386735439
20185,0.9871170520782471,0.000727406884834636,0.01215557404793799
20186,0.8376092463731766,0.00546381832100451,0.15692691318690777
20187,0.45238692685961723,0.013308137655258179,0.5343049690127373
20188,0.9435305148363113,0.0009391791827511042,0.055530303157866
20189,0.9830432236194611,0.0006732996116625145,0.016283439937978983
20190,0.9030665308237076,0.003778392099775374,0.09315505437552929
20191,0.586554579436779,0.0012181695783510804,0.41222723573446274
20192,0.954733818769455,0.012202095822431147,0.03306410927325487
20193,0.9716726839542389,0.004827179538551718,0.023500137263908982
20194,0.8113202005624771,0.002173106389818713,0.18650666065514088
20195,0.9642801135778427,0.004534378414973617,0.03118549846112728
20196,0.9554823040962219,0.0036513661325443536,0.040866315364837646
20197,0.17537788301706314,0.6203272566199303,0.20429488644003868
20198,0.04800698161125183,0.01767158939037472,0.934321403503418
20199,0.971692368388176,0.0003986808151239529,0.027908967807888985
20200,0.8023045063018799,0.005459363455884159,0.19223614037036896
20201,0.8272847682237625,0.025999076198786497,0.1467161551117897
20202,0.9474406838417053,0.0036879924300592393,0.04887133091688156
20203,0.3347034715116024,0.011643951176665723,0.6536525636911392
20204,0.8345907926559448,0.023622597102075815,0.1417865864932537
20205,0.9726408869028091,0.0023603022564202547,0.024998812470585108
20206,0.008242441108450294,0.0026136070082429796,0.9891439378261566
20207,0.9207154214382172,0.019174170680344105,0.0601104274392128
20208,0.9409209787845612,0.006005228322464973,0.053073788061738014
20209,0.02878637844696641,0.02302904985845089,0.9481845796108246
20210,0.9167357534170151,0.021555985091254115,0.061708252876996994
20211,0.9619988650083542,0.0038127382867969573,0.03418839257210493
20212,0.022997886640951037,0.011845380300655961,0.9651567488908768
20213,0.9647297859191895,0.008431563037447631,0.026838663034141064
20214,0.700446605682373,0.022186356130987406,0.2773670554161072
20215,0.9538184404373169,0.013899735757149756,0.032281842082738876
20216,0.9459673315286636,0.018797051394358277,0.03523561730980873
20217,0.8097742050886154,0.04175459034740925,0.14847117103636265
20218,0.45789749175310135,0.04778467211872339,0.49431781470775604
20219,0.9705944061279297,0.0030204121285350993,0.026385159697383642
20220,0.9771188795566559,0.005701011163182557,0.017180096241645515
20221,0.9792536497116089,0.0007549097426817752,0.01999143068678677
20222,0.4174066334962845,0.0027537993737496436,0.5798395648598671
20223,0.2460227645933628,0.3867192976176739,0.3672579303383827
20224,0.957797959446907,0.0009124708958552219,0.04128957632929087
20225,0.032395928632467985,0.01314206188544631,0.954462006688118
20226,0.9380187541246414,0.011382823227904737,0.05059843044728041
20227,0.2241639606654644,0.004758324823342264,0.7710777223110199
20228,0.9810059666633606,0.0005297273528412916,0.018464337335899472
20229,0.7792278975248337,0.03177142282947898,0.1890006996691227
20230,0.1160359364002943,0.02343783527612686,0.8605262339115143
20231,0.9936086237430573,0.0011412155290599912,0.005250163667369634
20232,0.9507262706756592,0.0008043144844123162,0.04846942191943526
20233,0.9667786359786987,0.0024449259362882003,0.030776454135775566
20234,0.9299444556236267,0.004447460814844817,0.06560808513313532
20235,0.5582465156912804,0.05937693454325199,0.3823765516281128
20236,0.675692044198513,0.030939894262701273,0.29336804896593094
20237,0.9508707523345947,0.005215743149165064,0.04391349386423826
20238,0.9688314348459244,0.017014065524563193,0.014154516626149416
20239,0.005358261463698,0.0009340362739749253,0.9937077015638351
20240,0.9378122389316559,0.0073982938774861395,0.05478946026414633
20241,0.9853129386901855,0.0010168793669436127,0.013670184882357717
20242,0.011545065324753523,0.0018374354112893343,0.9866175204515457
20243,0.6655370593070984,0.020552672096528113,0.31391026079654694
20244,0.01774336607195437,0.004321848158724606,0.9779348075389862
20245,0.7957780808210373,0.00364523523603566,0.20057670399546623
20246,0.6545867100358009,0.047158628702163696,0.29825466871261597
20247,0.8248801827430725,0.03484257450327277,0.14027726463973522
20248,0.06236508768051863,0.011644448910374194,0.9259904325008392
20249,0.7835353463888168,0.0063268913072533906,0.2101377584040165
20250,0.91328264772892,0.016054830164648592,0.0706625347957015
20251,0.16849856823682785,0.0028171640005894005,0.8286843001842499
20252,0.9781191796064377,0.004429080057889223,0.017451764550060034
20253,0.9593200534582138,0.00959271437022835,0.03108724532648921
20254,0.8743116408586502,0.010600840556435287,0.11508751101791859
20255,0.9456477761268616,0.006803785916417837,0.04754842724651098
20256,0.9656525701284409,0.0021617647144012153,0.03218567278236151
20257,0.7094423025846481,0.01851317670661956,0.2720445245504379
20258,0.9435757398605347,0.005407443328294903,0.051016805693507195
20259,0.783473014831543,0.002145520324120298,0.21438143402338028
20260,0.9917970895767212,0.0009624593440094031,0.00724047003313899
20261,0.39130306988954544,0.008631315315142274,0.6000656262040138
20262,0.9549474269151688,0.006080524995923042,0.03897203132510185
20263,0.14776952005922794,0.0048967478214763105,0.8473337292671204
20264,0.9921849220991135,0.001994749647565186,0.00582035246770829
20265,0.9935600608587265,0.0008220412055379711,0.005617887829430401
20266,0.7521491795778275,0.0011943765566684306,0.24665643647313118
20267,0.003013422421645373,0.0005159235224709846,0.9964706152677536
20268,0.3358277454972267,0.011687119025737047,0.652485117316246
20269,0.2416520155966282,0.008391653886064887,0.7499563544988632
20270,0.05921841599047184,0.00967638858128339,0.9311051815748215
20271,0.05323440534994006,0.05197911593131721,0.8947864919900894
20272,0.8909941464662552,0.005647031997796148,0.1033588070422411
20273,0.9227645546197891,0.011694540153257549,0.0655409200116992
20274,0.9823804795742035,0.006239537266083062,0.011379975476302207
20275,0.7521971613168716,0.001254100789083168,0.24654874205589294
20276,0.8988875150680542,0.0008605820476077497,0.10025191400200129
20277,0.9874594211578369,0.00033465046726632863,0.01220593205653131
20278,0.741857498884201,0.02318349271081388,0.23495899513363838
20279,0.984650731086731,0.0022611002204939723,0.013088131789118052
20280,0.22648511454463005,0.26486610248684883,0.5086487829685211
20281,0.887082889676094,0.019592360127717257,0.09332473017275333
20282,0.9193271100521088,0.015469229081645608,0.06520367506891489
20283,0.857021689414978,0.04774943855591118,0.09522886108607054
20284,0.25005441904067993,0.01837411103770137,0.7315714806318283
20285,0.8377968221902847,0.015510431258007884,0.14669274352490902
20286,0.6479964107275009,0.010052149358671159,0.3419514521956444
20287,0.9910033941268921,0.0007497797851101495,0.008246814482845366
20288,0.9652862250804901,0.0005191914533497766,0.03419458353891969
20289,0.9700997918844223,0.01341546280309558,0.016484767431393266
20290,0.9901610016822815,0.004854416067246348,0.004984580096788704
20291,0.029988379683345556,0.006452393776271492,0.9635591953992844
20292,0.637221671640873,0.013565854402258992,0.34921247884631157
20293,0.634658046066761,0.009537640260532498,0.35580431669950485
20294,0.6279477328062057,0.0841577397659421,0.287894532084465
20295,0.7102353572845459,0.009708079742267728,0.28005654737353325
20296,0.01360695343464613,0.0010877608292503282,0.9853053092956543
20297,0.9918248057365417,0.0024607356172055006,0.005714406550396234
20298,0.9659134745597839,0.0005657958463416435,0.03352073673158884
20299,0.006304275710135698,0.007297787582501769,0.986397922039032
20300,0.4196319580078125,0.006226353929378092,0.5741416737437248
20301,0.7451787739992142,0.051356219220906496,0.20346501469612122
20302,0.6393661573529243,0.01168046600650996,0.34895338118076324
20303,0.03965926542878151,0.03194624383468181,0.9283944964408875
20304,0.11896694358438253,0.0016020762850530446,0.8794309496879578
20305,0.8489827364683151,0.03027647500857711,0.12074077688157558
20306,0.024746332550421357,0.012954839505255222,0.9622988551855087
20307,0.8305279165506363,0.023090981412678957,0.14638108760118484
20308,0.5643948838114738,0.005491949676070362,0.43011314421892166
20309,0.9822165817022324,0.0008857810316840187,0.016897598281502724
20310,0.9927838891744614,0.0005201778185437433,0.006695893418509513
20311,0.918540894985199,0.018373152473941445,0.06308594811707735
20312,0.007387018180452287,0.00407860879204236,0.9885343760251999
20313,0.919225424528122,0.013924309867434204,0.06685023475438356
20314,0.11564996466040611,0.021577776642516255,0.8627722710371017
20315,0.9746030122041702,0.001712510216748342,0.02368447743356228
20316,0.931246429681778,0.047419579699635506,0.021334016928449273
20317,0.9759544134140015,0.0031114453449845314,0.020934126805514097
20318,0.5714365988969803,0.008181362529285252,0.420382022857666
20319,0.7962060421705246,0.007793492404744029,0.19600048288702965
20320,0.0016957184270722792,0.0008501372503815219,0.9974541813135147
20321,0.9775163680315018,0.0010037373140221462,0.021479866933077574
20322,0.8865157514810562,0.052297157468274236,0.061187103390693665
20323,0.9700260311365128,0.0005981862705084495,0.02937576873227954
20324,0.8251297473907471,0.014854499255307019,0.1600157395005226
20325,0.9916812479496002,0.0003773053249460645,0.007941461284644902
20326,0.9433676153421402,0.006676700722891837,0.04995568469166756
20327,0.8922189921140671,0.003603317280067131,0.10417772829532623
20328,0.9845027178525925,0.0015998513699742034,0.013897436205297709
20329,0.10558342933654785,0.09876532945781946,0.7956512421369553
20330,0.49023275077342987,0.15242423862218857,0.35734303295612335
20331,0.9786821007728577,0.0017396417388226837,0.01957825175486505
20332,0.013728388817980886,0.002594629127997905,0.9836769998073578
20333,0.6230665072798729,0.020598050905391574,0.35633546486496925
20334,0.016914304113015532,0.0013174508058000356,0.9817682653665543
20335,0.011005673091858625,0.0020730577234644443,0.9869212955236435
20336,0.963464081287384,0.0027253156586084515,0.03381061740219593
20337,0.8826910704374313,0.009688568999990821,0.10762038268148899
20338,0.41081224754452705,0.016408716910518706,0.5727790370583534
20339,0.9535792618989944,0.0014901052200002596,0.04493065644055605
20340,0.9532482177019119,0.006775637157261372,0.03997614746913314
20341,0.9638840556144714,0.0020091795886401087,0.03410679008811712
20342,0.6342058777809143,0.010424657142721117,0.3553694486618042
20343,0.01235902332700789,0.002136604016413912,0.9855043739080429
20344,0.771972119808197,0.013220624532550573,0.21480726823210716
20345,0.17922338284552097,0.012894849642179906,0.8078818023204803
20346,0.7258743941783905,0.2539295218884945,0.020196097437292337
20347,0.9528124928474426,0.0012833246582886204,0.04590421076864004
20348,0.9542703777551651,0.02347360271960497,0.022256010677665472
20349,0.7603913098573685,0.010349145159125328,0.22925953939557076
20350,0.9551369249820709,0.0035673774546012282,0.04129570862278342
20351,0.41740401834249496,0.10774494893848896,0.4748510345816612
20352,0.4750860556960106,0.027409744216129184,0.49750416725873947
20353,0.9470878690481186,0.01475635718088597,0.03815577179193497
20354,0.6328068226575851,0.022001597099006176,0.345191590487957
20355,0.1260080635547638,0.003350040060468018,0.8706418871879578
20356,0.2040165215730667,0.006171436281874776,0.7898120731115341
20357,0.8960904181003571,0.010614077793434262,0.09329547919332981
20358,0.9475782066583633,0.0010399947641417384,0.0513817984610796
20359,0.8976863026618958,0.00307470589177683,0.09923897869884968
20360,0.6670562773942947,0.011253689648583531,0.32169002667069435
20361,0.14228050597012043,0.009090987732633948,0.8486285358667374
20362,0.9928468763828278,0.0004326393245719373,0.006720506411511451
20363,0.9896991550922394,0.0005048065213486552,0.009796030819416046
20364,0.972769170999527,0.002008958123042248,0.025221878197044134
20365,0.5351522341370583,0.01745955622754991,0.4473882243037224
20366,0.026261220453307033,0.002898375183576718,0.9708404093980789
20367,0.05969082750380039,0.0021726851409766823,0.9381365031003952
20368,0.9496115744113922,0.01592692849226296,0.03446149593219161
20369,0.48707708716392517,0.09653934556990862,0.4163835719227791
20370,0.911428764462471,0.007040157390292734,0.08153110276907682
20371,0.789832204580307,0.0011377354967407882,0.20903007686138153
20372,0.1813709642738104,0.08699781447649002,0.7316312342882156
20373,0.1134345754981041,0.10001807287335396,0.7865473479032516
20374,0.34827278554439545,0.4796530529856682,0.17207415588200092
20375,0.5975243076682091,0.01395473990123719,0.3885209634900093
20376,0.978839561343193,0.0015061397280078381,0.019654322182759643
20377,0.9823696911334991,0.0008409957226831466,0.016789309214800596
20378,0.9828112870454788,0.0011145791941089556,0.01607412495650351
20379,0.9889066070318222,0.001237900840351358,0.009855457348749042
20380,0.8732306361198425,0.031383304856717587,0.09538604132831097
20381,0.016049320111051202,0.0037395868566818535,0.980211079120636
20382,0.4627400115132332,0.09899885021150112,0.43826114758849144
20383,0.8484855592250824,0.02542129927314818,0.12609311565756798
20384,0.9646158069372177,0.0011970430641667917,0.034187151584774256
20385,0.25390782952308655,0.0027446853928267956,0.7433474808931351
20386,0.005425324809039012,0.00335142994299531,0.9912232607603073
20387,0.743396520614624,0.094429568387568,0.1621739137917757
20388,0.9897626489400864,0.0012927374555147253,0.00894462934229523
20389,0.13870522007346153,0.00414604542311281,0.8571487069129944
20390,0.9791858345270157,0.0006163431535242125,0.020197810605168343
20391,0.988696739077568,0.0004375329735921696,0.010865737101994455
20392,0.9850158095359802,0.0017022725369315594,0.01328193792141974
20393,0.9201281666755676,0.0009970042374334298,0.07887483481317759
20394,0.9782455712556839,0.0008063518907874823,0.020948094315826893
20395,0.5839715003967285,0.01133751799352467,0.4046909771859646
20396,0.9926126897335052,0.0015909125504549593,0.005796380341053009
20397,0.47619354724884033,0.4794575981795788,0.04434885270893574
20398,0.8370625674724579,0.00788855308201164,0.15504887700080872
20399,0.019088264787569642,0.001062206574715674,0.9798495024442673
20400,0.02551169483922422,0.0035609471378847957,0.9709273427724838
20401,0.1113308216445148,0.033187099266797304,0.8554820716381073
20402,0.6224221736192703,0.0062019810429774225,0.37137584388256073
20403,0.9080704599618912,0.017908938229084015,0.07402056828141212
20404,0.8040979951620102,0.009475809056311846,0.1864261757582426
20405,0.9557645320892334,0.0028058581228833646,0.04142961325123906
20406,0.9574586153030396,0.019872643752023578,0.022668775636702776
20407,0.9824622124433517,0.00025356145124533214,0.01728421193547547
20408,0.004450112406630069,0.0027002936985809356,0.9928496181964874
20409,0.9670968949794769,0.00039810971429687925,0.03250500396825373
20410,0.09429271426051855,0.002069778536679223,0.9036374986171722
20411,0.9328656196594238,0.00382970753707923,0.0633046580478549
20412,0.9725649952888489,0.005884799262275919,0.02155018551275134
20413,0.03278489178046584,0.006728514679707587,0.9604865908622742
20414,0.5600409060716629,0.0025482081691734493,0.4374108836054802
20415,0.7917813509702682,0.022638558642938733,0.1855800673365593
20416,0.6127981916069984,0.007890865905210376,0.3793109320104122
20417,0.8801595270633698,0.01127438637195155,0.10856606252491474
20418,0.9871971607208252,0.0003397049040358979,0.012463155901059508
20419,0.8521095663309097,0.10728329606354237,0.0406071525067091
20420,0.9312434196472168,0.0021795040229335427,0.06657709367573261
20421,0.9782714247703552,0.0019025204965146258,0.019826072035357356
20422,0.7175121009349823,0.016371319768950343,0.26611657068133354
20423,0.9393436014652252,0.0017886712303152308,0.05886771436780691
20424,0.14867408946156502,0.012147678877227008,0.8391782343387604
20425,0.5124307051301003,0.05312865413725376,0.43444063887000084
20426,0.9605366140604019,0.002668917935807258,0.03679448505863547
20427,0.02683435706421733,0.0021727578714489937,0.9709929078817368
20428,0.9174204617738724,0.015375191112980247,0.06720433849841356
20429,0.9545271545648575,0.007798471953719854,0.03767435718327761
20430,0.954574316740036,0.004372364550363272,0.0410533407703042
20431,0.9622843861579895,0.0007924259916762821,0.036923200357705355
20432,0.9782709926366806,0.0011983850272372365,0.02053062804043293
20433,0.016391683369874954,0.0014156590477796271,0.982192650437355
20434,0.9232402443885803,0.014474237337708473,0.06228550896048546
20435,0.9926885664463043,0.0011902300757355988,0.006121217389591038
20436,0.9718221127986908,0.007651628082385287,0.020526264794170856
20437,0.3562046252191067,0.049620906822383404,0.5941744744777679
20438,0.30898359417915344,0.04018085403367877,0.6508355587720871
20439,0.8509207516908646,0.02410622197203338,0.12497302703559399
20440,0.677840530872345,0.01662376383319497,0.3055356964468956
20441,0.8500531166791916,0.0030054617673158646,0.14694143272936344
20442,0.24789972975850105,0.03560709394514561,0.7164931893348694
20443,0.02323384489864111,0.002233348830486648,0.974532812833786
20444,0.3778088055551052,0.00942692335229367,0.6127642765641212
20445,0.9333753287792206,0.003667732991743833,0.06295694690197706
20446,0.03588132606819272,0.0008254099520854652,0.9632933139801025
20447,0.9900596886873245,0.0003589848474803148,0.009581319289281964
20448,0.6282304674386978,0.006785803590901196,0.3649837374687195
20449,0.4059027284383774,0.020969544537365437,0.5731277540326118
20450,0.9129967093467712,0.006787967751733959,0.08021533396095037
20451,0.8640097081661224,0.008654500590637326,0.127335786819458
20452,0.7952640056610107,0.0047748739598318934,0.19996109791100025
20453,0.8260636031627655,0.005406696174759418,0.16852973587810993
20454,0.9933678358793259,0.0008846170530887321,0.005747556104324758
20455,0.7500303089618683,0.007566242595203221,0.24240347370505333
20456,0.004553602135274559,0.001493524425313808,0.9939528703689575
20457,0.9421667158603668,0.005484320688992739,0.052348953671753407
20458,0.46500659734010696,0.00404161517508328,0.5309518054127693
20459,0.9705871194601059,0.001153061974036973,0.028259828686714172
20460,0.944184422492981,0.0005376921435527038,0.055277932435274124
20461,0.9774564206600189,0.00226127085625194,0.020282276906073093
20462,0.5821250304579735,0.0011176359257660806,0.41675735265016556
20463,0.8901868313550949,0.00846119038760662,0.10135196521878242
20464,0.9836185425519943,0.0005074012660770677,0.015874034725129604
20465,0.2734062038362026,0.008930534473620355,0.7176632881164551
20466,0.4782485142350197,0.013750850455835462,0.5080006197094917
20467,0.9238534569740295,0.003964063536841422,0.07218249794095755
20468,0.9904876947402954,0.002110142682795413,0.007402141462080181
20469,0.9390859454870224,0.0027330113807693124,0.05818103440105915
20470,0.959642767906189,0.02274554339237511,0.017611677292734385
20471,0.002676356118172407,0.00030378785595530644,0.9970198273658752
20472,0.9604987353086472,0.0033319079666398466,0.03616936272010207
20473,0.013613406452350318,0.0013456486631184816,0.985040932893753
20474,0.5261867642402649,0.01300461357459426,0.4608086422085762
20475,0.8495151102542877,0.007593372312840074,0.14289152435958385
20476,0.6724186018109322,0.012961165979504585,0.3146202340722084
20477,0.9026119858026505,0.0013820859312545508,0.09600591752678156
20478,0.17175107821822166,0.0010977949859807268,0.8271511495113373
20479,0.056504495441913605,0.04127031774260104,0.9022251814603806
20480,0.8479248583316803,0.09206390986219049,0.06001124996691942
20481,0.5444583743810654,0.03509501623921096,0.42044660821557045
20482,0.9698496460914612,0.0039772309246473014,0.026173143181949854
20483,0.9489386528730392,0.0018556845607236028,0.0492056617513299
20484,0.980447918176651,0.0009748539741849527,0.018577217357233167
20485,0.891061082482338,0.0032017600315157324,0.10573718883097172
20486,0.988324448466301,0.00021755271700385492,0.01145800412632525
20487,0.9670413136482239,0.0022161582310218364,0.03074253536760807
20488,0.1689020600169897,0.03063878184184432,0.800459161400795
20489,0.6170290932059288,0.017925812280736864,0.36504510790109634
20490,0.9743236750364304,0.010400569648481905,0.01527577405795455
20491,0.982398197054863,0.0007345568665186875,0.01686726650223136
20492,0.8568801581859589,0.017980965436436236,0.12513887509703636
20493,0.015848777489736676,0.002571478864410892,0.9815797358751297
20494,0.7962336242198944,0.005700320878531784,0.19806604087352753
20495,0.9704138487577438,0.004118907731026411,0.025467230938374996
20496,0.9239004105329514,0.013868190348148346,0.06223142705857754
20497,0.7050503641366959,0.012522798147983849,0.2824268192052841
20498,0.23319946229457855,0.004360504855867475,0.7624400407075882
20499,0.05002021277323365,0.0056344790500588715,0.9443453103303909
20500,0.4590342715382576,0.0012985726934857666,0.539667159318924
20501,0.6047756895422935,0.018289506435394287,0.37693481147289276
20502,0.9562360942363739,0.02391493902541697,0.019848973024636507
20503,0.5114440768957138,0.003618787508457899,0.4849371388554573
20504,0.9844794720411301,0.0015792790800333023,0.01394124561920762
20505,0.8830342143774033,0.008624714420875534,0.10834107175469398
20506,0.9924673289060593,0.0010956672776956111,0.0064369929023087025
20507,0.011616441886872053,0.009307689324487,0.9790758639574051
20508,0.8921203762292862,0.008601256180554628,0.09927836712449789
20509,0.9467744380235672,0.008464352344162762,0.04476120974868536
20510,0.629396378993988,0.00890548073220998,0.36169814318418503
20511,0.9916231036186218,0.0012117132864659652,0.007165177201386541
20512,0.6551182344555855,0.009443762595765293,0.33543798699975014
20513,0.947695255279541,0.009424889518413693,0.04287984874099493
20514,0.9848164319992065,0.00047609637840650976,0.014707463327795267
20515,0.9806867092847824,0.0010981156301568262,0.018215165939182043
20516,0.9503350257873535,0.0009955234127119184,0.048669492825865746
20517,0.005316005670465529,0.00415728596271947,0.9905266910791397
20518,0.0636358866468072,0.00628825684543699,0.9300758540630341
20519,0.9620044678449631,0.02004138007760048,0.017954156268388033
20520,0.8532218933105469,0.003996925370302051,0.1427811924368143
20521,0.08505265787243843,0.0036823150876443833,0.911265030503273
20522,0.885826587677002,0.028210013173520565,0.08596341405063868
20523,0.9761956930160522,0.0013941993383923545,0.022410127334296703
20524,0.5640031024813652,0.008893878199160099,0.4271030128002167
20525,0.9415726959705353,0.0031184586114250124,0.05530884489417076
20526,0.9894972443580627,0.0012484250910347328,0.009254356962628663
20527,0.7988983988761902,0.003892541106324643,0.19720907509326935
20528,0.08701619878411293,0.004376873897854239,0.9086069464683533
20529,0.9266214072704315,0.0027626982773654163,0.0706158708781004
20530,0.80692358314991,0.002828110125847161,0.19024826772511005
20531,0.9801190495491028,0.011210468830540776,0.008670480106957257
20532,0.9367737472057343,0.001726009460981004,0.06150027457624674
20533,0.9454073905944824,0.0046591179561801255,0.04993346054106951
20534,0.25995737686753273,0.006133264279924333,0.7339093685150146
20535,0.8451322317123413,0.036301329266279936,0.11856643483042717
20536,0.8132721334695816,0.16420858167111874,0.022519300458952785
20537,0.9251845479011536,0.004491805448196828,0.07032366096973419
20538,0.001869964020443149,0.000723919874872081,0.9974060952663422
20539,0.7892080992460251,0.009122504037804902,0.20166941173374653
20540,0.010831738822162151,0.004163950448855758,0.985004335641861
20541,0.8923047780990601,0.06308427825570107,0.044610931538045406
20542,0.9152813106775284,0.003655846288893372,0.08106283470988274
20543,0.006948545458726585,0.0005125648385728709,0.9925388842821121
20544,0.02023189328610897,0.007093297375831753,0.9726748168468475
20545,0.9924672693014145,0.0019138379575451836,0.005618914437945932
20546,0.969623327255249,0.0014196358242770657,0.02895705634728074
20547,0.9711817651987076,0.0019357274431968108,0.026882481761276722
20548,0.973547950387001,0.009025972685776651,0.01742610870860517
20549,0.11061606369912624,0.019898427184671164,0.8694855123758316
20550,0.8742660582065582,0.0022251564369071275,0.12350880727171898
20551,0.014168259920552373,0.00025614380137994885,0.9855755865573883
20552,0.08615335170179605,0.002841297769919038,0.9110053479671478
20553,0.9104882925748825,0.041028163861483335,0.04848356219008565
20554,0.09985379502177238,0.003318746021250263,0.896827444434166
20555,0.11044543609023094,0.0201360157225281,0.8694185465574265
20556,0.9500422328710556,0.005715934152249247,0.04424181906506419
20557,0.9732088297605515,0.0009037482959683985,0.025887440657243133
20558,0.9461755156517029,0.0029163974104449153,0.05090806819498539
20559,0.6717851608991623,0.00880066235549748,0.3194141834974289
20560,0.9737199544906616,0.01075296668568626,0.015527079114690423
20561,0.9853696376085281,0.0010657235252438113,0.013564625405706465
20562,0.03650283580645919,0.08329165261238813,0.880205512046814
20563,0.9392301589250565,0.0033645976800471544,0.05740526411682367
20564,0.11136857978999615,0.1475496105849743,0.7410818338394165
20565,0.9096461534500122,0.01357881014700979,0.07677505630999804
20566,0.6383536383509636,0.009162224479950964,0.352484118193388
20567,0.9588535577058792,0.013587208115495741,0.027559256879612803
20568,0.9578821808099747,0.018915167776867747,0.023202687269076705
20569,0.9728516936302185,0.0017798955377656966,0.025368410628288984
20570,0.9629858881235123,0.0021237583132460713,0.034890349954366684
20571,0.9793407469987869,0.005014195456169546,0.015645068371668458
20572,0.5091043189167976,0.0011629868822637945,0.48973269015550613
20573,0.6221861317753792,0.018487992696464062,0.3593258671462536
20574,0.2887275256216526,0.007685412419959903,0.70358707010746
20575,0.8907142281532288,0.029116647085174918,0.0801691384986043
20576,0.9480107873678207,0.0020808727422263473,0.04990838281810284
20577,0.8633098751306534,0.007258581928908825,0.12943154014647007
20578,0.895916759967804,0.0561266653239727,0.04795658774673939
20579,0.9692373424768448,0.001841182413045317,0.02892151940613985
20580,0.9539446979761124,0.003146663133520633,0.0429086503572762
20581,0.19532515481114388,0.0064197113388217986,0.798255130648613
20582,0.9096587300300598,0.015799225540831685,0.07454202696681023
20583,0.04817444924265146,0.003976042731665075,0.9478494673967361
20584,0.9741035848855972,0.0031885806238278747,0.02270783972926438
20585,0.008642770582810044,0.0016493664879817516,0.9897079020738602
20586,0.9823131263256073,0.00213641302252654,0.015550459269434214
20587,0.17307517305016518,0.02751034963876009,0.7994144707918167
20588,0.8561486452817917,0.029685573186725378,0.11416577361524105
20589,0.5825217515230179,0.002454852103255689,0.4150233864784241
20590,0.9868692308664322,0.00039044932782417163,0.01274031971115619
20591,0.7206972986459732,0.048115188255906105,0.2311874981969595
20592,0.9171064347028732,0.054257896495983005,0.028635676950216293
20593,0.9821998775005341,0.004672401526477188,0.01312769204378128
20594,0.9324392080307007,0.003638746275100857,0.06392207741737366
20595,0.4644704759120941,0.0039849308668635786,0.5315445885062218
20596,0.04535906529054046,0.009422995382919908,0.9452179968357086
20597,0.9617133438587189,0.002063143183477223,0.03622351447120309
20598,0.8998008072376251,0.01927097188308835,0.08092821575701237
20599,0.9038235694169998,0.002778760332148522,0.09339767135679722
20600,0.9588140994310379,0.0006535663560498506,0.04053231421858072
20601,0.9467137157917023,0.007734344224445522,0.04555194452404976
20602,0.9658710062503815,0.0024657307367306203,0.0316632897593081
20603,0.3256148099899292,0.008171020541340113,0.6662141680717468
20604,0.9382925629615784,0.0050710662035271525,0.05663639027625322
20605,0.24369032680988312,0.011060339747928083,0.745249330997467
20606,0.9427527338266373,0.022596164140850306,0.03465112019330263
20607,0.9332233369350433,0.002016309037571773,0.06476033851504326
20608,0.1366866547614336,0.0010709336929721758,0.8622424006462097
20609,0.9904016852378845,0.000731279062165413,0.008866993011906743
20610,0.9557605236768723,0.0024123675539158285,0.041827107314020395
20611,0.7401656061410904,0.034538163570687175,0.2252962440252304
20612,0.8185071796178818,0.0010297550907125697,0.18046306632459164
20613,0.9770735800266266,0.008014693856239319,0.014911706559360027
20614,0.9845559746026993,0.00023650633920624387,0.015207542106509209
20615,0.9272198230028152,0.01139145833440125,0.061388720758259296
20616,0.00696211465401575,0.0007944983299239539,0.9922433942556381
20617,0.025800942443311214,0.003882361197611317,0.97031669318676
20618,0.9444668292999268,0.004386390210129321,0.051146778743714094
20619,0.26207931339740753,0.007557523436844349,0.7303631752729416
20620,0.6353662759065628,0.23311041668057442,0.131523285061121
20621,0.9541373997926712,0.0008496278896927834,0.04501296114176512
20622,0.8774444162845612,0.0015282970707630739,0.12102729268372059
20623,0.9812435805797577,0.007264238432981074,0.011492189951241016
20624,0.447253230959177,0.46347329765558243,0.08927347417920828
20625,0.39628421515226364,0.008492131833918393,0.5952236577868462
20626,0.0073230351554229856,0.0037346757599152625,0.9889422804117203
20627,0.9708524197340012,0.017063236329704523,0.012084337184205651
20628,0.019575076643377542,0.03730074316263199,0.9431241601705551
20629,0.9318017661571503,0.005611264961771667,0.06258696503937244
20630,0.9470537602901459,0.003086169483140111,0.049860043451189995
20631,0.13794445805251598,0.007921565440483391,0.8541339784860611
20632,0.9589807242155075,0.0031991444702725857,0.03782013524323702
20633,0.20258749648928642,0.009694245411083102,0.7877182513475418
20634,0.9779362231492996,0.0018304594559594989,0.02023333334363997
20635,0.7095932066440582,0.005750449025072157,0.2846563458442688
20636,0.36409882083535194,0.01707717962563038,0.6188239976763725
20637,0.22419042140245438,0.007465508650057018,0.7683440744876862
20638,0.6607097685337067,0.06709117256104946,0.27219904586672783
20639,0.9341959208250046,0.02452655602246523,0.04127749381586909
20640,0.9666843414306641,0.0014290306280599907,0.03188664047047496
20641,0.9855936914682388,0.0009452472149860114,0.013461024966090918
20642,0.012453698203898966,0.0016696953971404582,0.9858766049146652
20643,0.9447315335273743,0.0010863116040127352,0.054182132706046104
20644,0.836737185716629,0.0037335871311370283,0.15952922217547894
20645,0.026939095463603735,0.011449247831478715,0.9616116583347321
20646,0.0774752413854003,0.03637059452012181,0.8861541748046875
20647,0.8285193592309952,0.006478547409642488,0.16500208340585232
20648,0.9946270436048508,0.0018299279181519523,0.0035430030548013747
20649,0.0735981510952115,0.003873454057611525,0.9225283712148666
20650,0.9761565178632736,0.0015735767519799992,0.022269881796091795
20651,0.4747442901134491,0.1036145705729723,0.42164114117622375
20652,0.46968498080968857,0.004139268712606281,0.5261757373809814
20653,0.0024714832252357155,0.0004961964586982504,0.9970323294401169
20654,0.9457371234893799,0.004751637694425881,0.04951124172657728
20655,0.0013939732452854514,0.00017174753702420276,0.99843430519104
20656,0.7460202872753143,0.03487966861575842,0.21910006180405617
20657,0.8393818736076355,0.012587069999426603,0.14803106896579266
20658,0.951892301440239,0.001239858116605319,0.04686786234378815
20659,0.9895849227905273,0.0018137663864763454,0.00860130914952606
20660,0.27762608602643013,0.08178361225873232,0.6405902951955795
20661,0.9308798909187317,0.01259072299581021,0.056529395282268524
20662,0.9080774337053299,0.000986185492365621,0.09093641117215157
20663,0.9272719621658325,0.001053007275913842,0.07167501002550125
20664,0.9757861196994781,0.010123878717422485,0.014090013923123479
20665,0.5711969211697578,0.01658991794101894,0.41221317648887634
20666,0.9763090908527374,0.001641744252992794,0.022049197694286704
20667,0.9527008533477783,0.003948881261749193,0.043350248131901026
20668,0.9810480177402496,0.0010485048842383549,0.017903468804433942
20669,0.057904841378331184,0.002976982737891376,0.9391181617975235
20670,0.9571321457624435,0.019285087357275188,0.023582781432196498
20671,0.7712892442941666,0.002119290380505845,0.22659146413207054
20672,0.9734838753938675,0.005727138894144446,0.020788989029824734
20673,0.9310647547245026,0.025582693750038743,0.043352529406547546
20674,0.9884728938341141,0.001125825299823191,0.01040126965381205
20675,0.9196788966655731,0.003804457315709442,0.076516667380929
20676,0.9520499855279922,0.01230608788318932,0.035643926821649075
20677,0.9754732251167297,0.002113724054652266,0.022413054713979363
20678,0.8568774461746216,0.08650745451450348,0.05661511095240712
20679,0.8450967669487,0.02293902449309826,0.13196422159671783
20680,0.0019827380019705743,0.0011552405048860237,0.9968620240688324
20681,0.9906153678894043,0.0010601210815366358,0.00832451693713665
20682,0.8421179205179214,0.009159955312497914,0.14872211776673794
20683,0.9416044503450394,0.005381223396398127,0.053014340810477734
20684,0.7234724462032318,0.008425947511568666,0.2681015767157078
20685,0.9756882637739182,0.002099593257298693,0.02221214072778821
20686,0.5482346266508102,0.2620288208127022,0.18973655253648758
20687,0.8171246498823166,0.007983844785485417,0.1748915258795023
20688,0.6474890932440758,0.052006267476826906,0.3005046285688877
20689,0.9822444766759872,0.000618306701653637,0.01713723363354802
20690,0.4546733871102333,0.007105342345312238,0.5382212698459625
20691,0.6763281673192978,0.010481116594746709,0.3131907135248184
20692,0.9887489825487137,0.0014119077532086521,0.009839122067205608
20693,0.9831392019987106,0.005714322731364518,0.011146473814733326
20694,0.09653601609170437,0.011159266461618245,0.8923047482967377
20695,0.9912529289722443,0.001688832780928351,0.007058257411699742
20696,0.9820459634065628,0.0009782070701476187,0.016975819948129356
20697,0.7049285173416138,0.004053687967825681,0.2910177633166313
20698,0.968685194849968,0.00527461851015687,0.026040207594633102
20699,0.027253458742052317,0.0008746914245421067,0.971871867775917
20700,0.7412518858909607,0.018518033204600215,0.24023007228970528
20701,0.9316596239805222,0.00248349248431623,0.06585690286010504
20702,0.661348283290863,0.001113277074182406,0.3375384360551834
20703,0.8076463788747787,0.17241567559540272,0.01993793505243957
20704,0.9705352187156677,0.014604653464630246,0.014860115479677916
20705,0.8483033031225204,0.00717986305244267,0.1445168387144804
20706,0.6937260627746582,0.017091667279601097,0.28918225318193436
20707,0.3117472343146801,0.048281071707606316,0.6399716883897781
20708,0.9737241268157959,0.0047297668643295765,0.02154611423611641
20709,0.6566475629806519,0.00913997774478048,0.3342124819755554
20710,0.6440232843160629,0.007078377471771091,0.34889834746718407
20711,0.9922167062759399,0.0007122243841877207,0.007071051863022149
20712,0.9691249430179596,0.0016826303435664158,0.029192444868385792
20713,0.5732640624046326,0.0064951934036798775,0.42024073004722595
20714,0.012687068432569504,0.0021144745987839997,0.9851984679698944
20715,0.9642341136932373,0.002700019394978881,0.03306586109101772
20716,0.9740137159824371,0.006036164704710245,0.01995014911517501
20717,0.01663689105771482,0.005164618254639208,0.9781984984874725
20718,0.8546286523342133,0.060342916287481785,0.08502845466136932
20719,0.784578874707222,0.004626819863915443,0.21079429984092712
20720,0.2838595137000084,0.02779822191223502,0.688342273235321
20721,0.29321109503507614,0.021405854960903525,0.6853830590844154
20722,0.556790292263031,0.042852399405092,0.40035732835531235
20723,0.08896654564887285,0.011284810956567526,0.8997486382722855
20724,0.9734452366828918,0.003104757226537913,0.02345001045614481
20725,0.9394905418157578,0.0016041968920035288,0.058905232697725296
20726,0.8516964912414551,0.0817817049100995,0.06652180198580027
20727,0.01377373212017119,0.005628366605378687,0.9805978983640671
20728,0.6606690585613251,0.11833163723349571,0.2209993414580822
20729,0.9616387784481049,0.013707558624446392,0.024653634522110224
20730,0.9702645987272263,0.001903923213831149,0.027831443585455418
20731,0.2007342092692852,0.04084507189691067,0.7584207504987717
20732,0.9183350056409836,0.02280973386950791,0.058855277486145496
20733,0.6613234207034111,0.11477596871554852,0.22390060499310493
20734,0.07118071522563696,0.005500617786310613,0.9233186990022659
20735,0.15297040902078152,0.0033995425328612328,0.8436300456523895
20736,0.2607988305389881,0.005361650779377669,0.7338394820690155
20737,0.9382341057062149,0.0036221572081558406,0.058143713511526585
20738,0.9908852577209473,0.0005407025892054662,0.00857403816189617
20739,0.960395947098732,0.0027611918339971453,0.03684286354109645
20740,0.1358851157128811,0.013983583310618997,0.8501313030719757
20741,0.9433024376630783,0.008137348107993603,0.048560220282524824
20742,0.14556404761970043,0.01501013373490423,0.839425802230835
20743,0.9714397490024567,0.015882194275036454,0.012678055558353662
20744,0.611380822956562,0.013154549989849329,0.37546462565660477
20745,0.6851224452257156,0.007035498507320881,0.30784207955002785
20746,0.9755764305591583,0.0006370612391037866,0.023786485195159912
20747,0.9524182230234146,0.010047792922705412,0.03753394400700927
20748,0.9734059423208237,0.0039902396383695304,0.02260382892563939
20749,0.012001701397821307,0.002200294125941582,0.9857980161905289
20750,0.8653870820999146,0.0054848165600560606,0.1291281059384346
20751,0.08935439214110374,0.0042161536403000355,0.9064294695854187
20752,0.5112635865807533,0.00499183963984251,0.4837445542216301
20753,0.2150772660970688,0.008121069753542542,0.7768016457557678
20754,0.3663623183965683,0.10157466493546963,0.5320630297064781
20755,0.94064761698246,0.003367517958395183,0.05598482768982649
20756,0.9909273982048035,0.0010246833917335607,0.008047908428125083
20757,0.9682057797908783,0.003749266150407493,0.028044978622347116
20758,0.024803656619042158,0.003347376361489296,0.9718489646911621
20759,0.9352768212556839,0.011360945762135088,0.053362260572612286
20760,0.8720899969339371,0.00621402298565954,0.12169595062732697
20761,0.06285371724516153,0.009911665576510131,0.9272345900535583
20762,0.9004233032464981,0.005937149282544851,0.09363951534032822
20763,0.8989182263612747,0.004308108007535338,0.09677368029952049
20764,0.889566496014595,0.002474000648362562,0.10795949585735798
20765,0.5443814322352409,0.012621783534996212,0.4429967775940895
20766,0.4654684215784073,0.004184467485174537,0.5303471237421036
20767,0.872793972492218,0.07460594829171896,0.0526000508107245
20768,0.9855972826480865,0.0002318736987945158,0.014170836191624403
20769,0.9677272140979767,0.0018605864897836,0.03041217615827918
20770,0.6236849576234818,0.0013226934388512745,0.37499234452843666
20771,0.08294665347784758,0.015739258495159447,0.9013141095638275
20772,0.9728279709815979,0.007180152810178697,0.019991854205727577
20773,0.8075752407312393,0.05206509167328477,0.14035968855023384
20774,0.9842333048582077,0.0011254421842750162,0.014641266549006104
20775,0.9766487777233124,0.0014593864834751002,0.02189183607697487
20776,0.3125454746186733,0.0017576522950548679,0.6856968551874161
20777,0.45518940687179565,0.1357403239235282,0.4090702421963215
20778,0.9611580222845078,0.0028657301154453307,0.03597625903785229
20779,0.02138613141141832,0.006476408336311579,0.9721374660730362
20780,0.8020673990249634,0.018872742308303714,0.17905986495316029
20781,0.7950516492128372,0.0851155910640955,0.11983273923397064
20782,0.8408355712890625,0.026525324443355203,0.13263907469809055
20783,0.2286471165716648,0.02840631501749158,0.7429465502500534
20784,0.7134506106376648,0.024784467881545424,0.26176492869853973
20785,0.524244599044323,0.013236711034551263,0.46251869946718216
20786,0.981924906373024,0.00826870440505445,0.009806424379348755
20787,0.9824981391429901,0.0032096669310703874,0.01429218240082264
20788,0.9378415197134018,0.008482976234517992,0.05367547366768122
20789,0.7917867600917816,0.07681009452790022,0.1314031258225441
20790,0.9622227400541306,0.013048278400674462,0.0247290029656142
20791,0.021837021224200726,0.0061236071633175015,0.9720393866300583
20792,0.9442422837018967,0.003312543121865019,0.0524451625533402
20793,0.958837702870369,0.02128318464383483,0.019879111321642995
20794,0.9606173783540726,0.0017334457661490887,0.03764917328953743
20795,0.90743188560009,0.03785183234140277,0.05471627227962017
20796,0.2627789005637169,0.00319600963848643,0.7340250909328461
20797,0.020946000469848514,0.011619705182965845,0.9674342721700668
20798,0.9512908607721329,0.015350454254075885,0.03335869172587991
20799,0.8494242131710052,0.009078855742700398,0.14149692095816135
20800,0.9176576137542725,0.05236196704208851,0.029980430379509926
20801,0.9382581859827042,0.03280398505739868,0.02893785061314702
20802,0.9157411307096481,0.0018461311410646886,0.08241274394094944
20803,0.9707451462745667,0.0030450538033619523,0.02620976697653532
20804,0.9163396507501602,0.005718074855394661,0.0779422614723444
20805,0.8627627938985825,0.019806069089099765,0.11743115074932575
20806,0.869873970746994,0.007531039591412991,0.12259496655315161
20807,0.18342332541942596,0.016861644573509693,0.7997150123119354
20808,0.9772229939699173,0.0003171812313667033,0.022459843195974827
20809,0.011374988011084497,0.002619581326143816,0.986005425453186
20810,0.9848577082157135,0.0012667476112255827,0.013875511474907398
20811,0.9557091146707535,0.010237621027044952,0.03405324276536703
20812,0.8637972474098206,0.0025228048907592893,0.1336799617856741
20813,0.982436016201973,0.0007826791406841949,0.016781329875811934
20814,0.9638021290302277,0.003975342020567041,0.032222536858171225
20815,0.9902644008398056,0.0003994797261839267,0.009336091461591423
20816,0.8999022841453552,0.0051204225746914744,0.09497729130089283
20817,0.9940737336874008,0.0002707399362407159,0.0056555127375759184
20818,0.8521760851144791,0.0019204258715035394,0.14590346068143845
20819,0.9801032245159149,0.008439045865088701,0.011457723565399647
20820,0.7957897037267685,0.012351240264251828,0.19185907766222954
20821,0.12928077951073647,0.010513282613828778,0.8602059483528137
20822,0.9267435818910599,0.005791920091724023,0.06746447924524546
20823,0.010350516065955162,0.0019429210224188864,0.9877065569162369
20824,0.9915856271982193,0.0011620782897807658,0.0072523069102317095
20825,0.9251261204481125,0.0035636121756397188,0.07131028082221746
20826,0.229528047144413,0.0019189685408491641,0.7685530036687851
20827,0.294929563999176,0.12573825009167194,0.5793321952223778
20828,0.7532369196414948,0.004912214993964881,0.2418508417904377
20829,0.010521619697101414,0.0014467871806118637,0.9880316108465195
20830,0.9400393515825272,0.0012057743733748794,0.058754864148795605
20831,0.9877719134092331,0.0006390674352587666,0.011588974972255528
20832,0.0343425665050745,0.007906231097877026,0.9577512145042419
20833,0.7808677107095718,0.008306527510285378,0.2108257357031107
20834,0.5763828232884407,0.002259309432702139,0.4213578552007675
20835,0.979930117726326,0.008449656306765974,0.011620252043940127
20836,0.46506214141845703,0.07126634567975998,0.4636714905500412
20837,0.8866491317749023,0.005841858452185988,0.10750899650156498
20838,0.44045528769493103,0.10069497488439083,0.4588497504591942
20839,0.9937518388032913,0.0017459240334574133,0.0045022512204013765
20840,0.9518575221300125,0.012548466678708792,0.03559399954974651
20841,0.08063367940485477,0.031061447458341718,0.8883048743009567
20842,0.032800807151943445,0.004860055458266288,0.9623391479253769
20843,0.9139557033777237,0.01732931542210281,0.0687149753794074
20844,0.952346608042717,0.020220177248120308,0.027433191891759634
20845,0.08786485902965069,0.010647804592736065,0.9014873653650284
20846,0.7727305293083191,0.01517246663570404,0.21209697797894478
20847,0.8850197494029999,0.009290251939091831,0.1056899931281805
20848,0.9483601152896881,0.012701188330538571,0.03893869370222092
20849,0.804315522313118,0.000630036105576437,0.19505445286631584
20850,0.9255447834730148,0.0029089539602864534,0.07154625467956066
20851,0.9547585248947144,0.0015736429922981188,0.04366784542798996
20852,0.9438033401966095,0.006171729590278119,0.05002490431070328
20853,0.386208675801754,0.008292780257761478,0.6054985597729683
20854,0.9941794127225876,0.00011037809872505022,0.00571019237395376
20855,0.7861681133508682,0.02264490188099444,0.19118699431419373
20856,0.958542063832283,0.02644682163372636,0.015011107781901956
20857,0.9770203679800034,0.006193468114361167,0.016786144813522696
20858,0.18234727531671524,0.01687090960331261,0.8007818162441254
20859,0.8501295745372772,0.005898509291000664,0.14397193305194378
20860,0.5737670212984085,0.024382981471717358,0.40185000747442245
20861,0.163730900734663,0.0027571207901928574,0.8335119634866714
20862,0.7759526073932648,0.16986669972538948,0.0541806947439909
20863,0.5516583323478699,0.021324163186363876,0.4270175099372864
20864,0.6888893023133278,0.06007825396955013,0.25103241577744484
20865,0.7261588871479034,0.007994932006113231,0.2658461891114712
20866,0.9227731823921204,0.011728523182682693,0.06549830827862024
20867,0.8627694845199585,0.03315289760939777,0.10407759062945843
20868,0.3412011042237282,0.004786693956702948,0.6540121957659721
20869,0.6572260633111,0.015492501202970743,0.3272814266383648
20870,0.5482888519763947,0.10842163907364011,0.34328949451446533
20871,0.02566841640509665,0.00221536512253806,0.972116231918335
20872,0.3756666034460068,0.00918798625934869,0.6151453927159309
20873,0.9089359790086746,0.0013464016956277192,0.08971758838742971
20874,0.8142794668674469,0.0059935812605544925,0.17972693964838982
20875,0.7438227236270905,0.016027938341721892,0.24014931917190552
20876,0.9592300206422806,0.0023883437388576567,0.03838164731860161
20877,0.9283002316951752,0.006250091595575213,0.06544969696551561
20878,0.9912617057561874,0.0007963243842823431,0.007941918796859682
20879,0.3117385543882847,0.029815337853506207,0.6584461033344269
20880,0.8357469737529755,0.0077893550042063,0.15646368637681007
20881,0.9120401740074158,0.004493988701142371,0.08346583601087332
20882,0.9811155200004578,0.0018826068844646215,0.017001891508698463
20883,0.0684795705601573,0.008512546308338642,0.9230079054832458
20884,0.985471099615097,0.003054649889236316,0.011474234401248395
20885,0.9667238891124725,0.0010273872612742707,0.032248738687485456
20886,0.92796990275383,0.0189416934736073,0.05308841913938522
20887,0.9658989161252975,0.0028519370534922928,0.03124914737418294
20888,0.9430498629808426,0.0054996955441311,0.051450418308377266
20889,0.28525226563215256,0.0011589028144953772,0.7135888487100601
20890,0.9748886823654175,0.0012602871574927121,0.023851061007007957
20891,0.9906056821346283,0.00021359517450036947,0.009180729743093252
20892,0.05481929797679186,0.0037475218414328992,0.9414331763982773
20893,0.6426982209086418,0.01369279995560646,0.34360894933342934
20894,0.9360482096672058,0.015125921694561839,0.048825877252966166
20895,0.29644256830215454,0.36410626396536827,0.3394511640071869
20896,0.9609487354755402,0.003293449175544083,0.03575781174004078
20897,0.9223101884126663,0.0028990597056690603,0.07479077391326427
20898,0.8579771220684052,0.00835950009059161,0.13366339728236198
20899,0.9858865141868591,0.000727738042769488,0.013385763624683022
20900,0.9882916808128357,0.001305002937442623,0.010403329273685813
20901,0.9841560870409012,0.0011552564974408597,0.014688629191368818
20902,0.6850686892867088,0.005669680132996291,0.30926164239645004
20903,0.0675748037174344,0.0036852077464573085,0.9287399798631668
20904,0.620219312608242,0.010825207573361695,0.36895547434687614
20905,0.9533175230026245,0.019539848784916103,0.027142672799527645
20906,0.9955254793167114,0.00024499113351339474,0.0042294966988265514
20907,0.002939749334473163,0.0017367011751048267,0.99532350897789
20908,0.26215870305895805,0.09207619726657867,0.6457650810480118
20909,0.8794131577014923,0.002563859598012641,0.11802301369607449
20910,0.8208761215209961,0.000960089273576159,0.17816380225121975
20911,0.02522208751179278,0.0029997905949130654,0.9717780947685242
20912,0.6393921971321106,0.007644546334631741,0.35296326130628586
20913,0.6349781230092049,0.010190884466283023,0.3548309653997421
20914,0.9772177785634995,0.0025045782094821334,0.02027761982753873
20915,0.012132341973483562,0.001146720205724705,0.9867209494113922
20916,0.5168300122022629,0.030677656177431345,0.452492356300354
20917,0.9120065271854401,0.036933775059878826,0.051059700548648834
20918,0.9744018167257309,0.008939639432355762,0.016658534528687596
20919,0.8896465301513672,0.0026105628348886967,0.1077429074794054
20920,0.9634808450937271,0.002746970043517649,0.033772163558751345
20921,0.8854015618562698,0.006408494897186756,0.10818990878760815
20922,0.17011012136936188,0.6981322169303894,0.1317576766014099
20923,0.9923614710569382,0.0005547598011617083,0.0070837539387866855
20924,0.8719445616006851,0.0030501490691676736,0.12500527687370777
20925,0.812129482626915,0.03788192896172404,0.14998857863247395
20926,0.7133381068706512,0.016027011442929506,0.27063486725091934
20927,0.34928523004055023,0.05328201036900282,0.5974327549338341
20928,0.9931270331144333,0.003577966970624402,0.0032950190943665802
20929,0.0013891589624108747,0.0008577026237617247,0.9977531433105469
20930,0.8251077979803085,0.008346726186573505,0.16654549166560173
20931,0.2696864530444145,0.011193926678970456,0.7191196382045746
20932,0.741637647151947,0.010025302064605057,0.248337060213089
20933,0.968029648065567,0.0031492731504840776,0.02882105391472578
20934,0.9668964743614197,0.0008616673439973965,0.03224187670275569
20935,0.9505943208932877,0.0010868556128116325,0.04831877863034606
20936,0.9657500088214874,0.0027774955524364486,0.03147248178720474
20937,0.6212480366230011,0.029219972901046276,0.34953200072050095
20938,0.9553634524345398,0.0032285480992868543,0.04140803124755621
20939,0.9003713428974152,0.013553234282881021,0.08607540838420391
20940,0.9768754094839096,0.002575528953457251,0.020549024688079953
20941,0.9826476126909256,0.007218190818093717,0.010134198237210512
20942,0.9593737572431564,0.0068983216769993305,0.03372793737798929
20943,0.8137873560190201,0.08528107311576605,0.10093160718679428
20944,0.6248549297451973,0.00673607544740662,0.3684089854359627
20945,0.988343670964241,0.0006914991026860662,0.010964843211695552
20946,0.3659514710307121,0.027769236359745264,0.6062792912125587
20947,0.0011040721728932112,0.00021296726481523365,0.998682975769043
20948,0.8043206185102463,0.016925237607210875,0.17875414341688156
20949,0.10046857967972755,0.0029229518258944154,0.8966084867715836
20950,0.9657124578952789,0.0027412883064243942,0.031546211801469326
20951,0.8204780071973801,0.01198778476100415,0.16753420047461987
20952,0.7908494025468826,0.0023173388617578894,0.20683323964476585
20953,0.9392634332180023,0.01011386833852157,0.050622666254639626
20954,0.977372020483017,0.004016454302472994,0.018611495150253177
20955,0.9896492063999176,0.001094282910344191,0.009256500867195427
20956,0.8383731991052628,0.01969841797836125,0.14192837476730347
20957,0.0061914363177493215,0.0011192195088369772,0.9926893562078476
20958,0.8388271778821945,0.10139353014528751,0.05977928824722767
20959,0.8919076323509216,0.005897671566344798,0.10219470225274563
20960,0.9859572201967239,0.00016341428090527188,0.013879351317882538
20961,0.946871891617775,0.0042531666404102,0.04887489229440689
20962,0.9152031093835831,0.004274326842278242,0.08052254654467106
20963,0.029941006563603878,0.003024859935976565,0.967034101486206
20964,0.9138986617326736,0.015023429645225406,0.07107791118323803
20965,0.9725937247276306,0.0030961782904341817,0.02431014832109213
20966,0.9650332629680634,0.011413205065764487,0.023553536972030997
20967,0.9884336739778519,0.0006445012477342971,0.010921826702542603
20968,0.726851299405098,0.005020450276788324,0.26812825724482536
20969,0.9839600920677185,0.0005837890566908754,0.01545615796931088
20970,0.9743829071521759,0.015494967577978969,0.010122110019437969
20971,0.04485991457477212,0.036890337243676186,0.9182497560977936
20972,0.9771160930395126,0.0028190029406687245,0.020064874086529016
20973,0.9719451069831848,0.007532539020758122,0.020522353006526828
20974,0.9674035757780075,0.016455650329589844,0.016140758292749524
20975,0.569771409034729,0.02249587024562061,0.4077327325940132
20976,0.9432348012924194,0.0086831858207006,0.048082041554152966
20977,0.8331823498010635,0.009981142240576446,0.15683652088046074
20978,0.9603184163570404,0.009778068691957742,0.029903512448072433
20979,0.7327947318553925,0.009400199225638062,0.25780506432056427
20980,0.7117380797863007,0.043754779268056154,0.24450714513659477
20981,0.96147421002388,0.004145561950281262,0.03438024315983057
20982,0.47484228760004044,0.023024963214993477,0.5021327659487724
20983,0.09777776803821325,0.0027755303599406034,0.8994466960430145
20984,0.9871833473443985,0.0005166240953258239,0.012299999012611806
20985,0.9552754163742065,0.022972185164690018,0.021752427332103252
20986,0.6196662932634354,0.02963880426250398,0.3506949059665203
20987,0.665947899222374,0.1487097330391407,0.18534237891435623
20988,0.2973160445690155,0.0017582386208232492,0.7009257152676582
20989,0.9433570355176926,0.0027878433174919337,0.05385510437190533
20990,0.12292643915861845,0.011224443675018847,0.8658491224050522
20991,0.9785605520009995,0.002683608792722225,0.018755847588181496
20992,0.8599617183208466,0.016424569068476558,0.12361368909478188
20993,0.9119493216276169,0.005646854871883988,0.082403807900846
20994,0.08498209808021784,0.004158101917710155,0.9108598083257675
20995,0.20076017826795578,0.006766161415725946,0.7924736589193344
20996,0.9239419549703598,0.0018236403702758253,0.07423440087586641
20997,0.9847031831741333,0.004932164796628058,0.010364620597101748
20998,0.04325916012749076,0.0034665527928154916,0.9532742947340012
20999,0.28876862674951553,0.006899290950968862,0.70433209836483
21000,0.9920419454574585,0.002074875315884128,0.005883163947146386
21001,0.9424765110015869,0.004055828612763435,0.0534676443785429
21002,0.8777983039617538,0.005479504412505776,0.11672219727188349
21003,0.32661353424191475,0.004305643844418228,0.6690808013081551
21004,0.9562479555606842,0.006259733519982547,0.03749230271205306
21005,0.9611772298812866,0.0024558712320867926,0.03636688832193613
21006,0.9905650615692139,0.002583103021606803,0.006851815385743976
21007,0.9792822599411011,0.0021682172955479473,0.018549523316323757
21008,0.16160058230161667,0.0065541627700440586,0.8318452537059784
21009,0.3131536580622196,0.014132453827187419,0.6727138832211494
21010,0.01875546365045011,0.0010178852317039855,0.9802266508340836
21011,0.9777185767889023,0.0010953868186334148,0.021186030935496092
21012,0.37106915563344955,0.009014786512125283,0.619916059076786
21013,0.9854691922664642,0.0010763490790850483,0.013454427244141698
21014,0.8310432583093643,0.008481480064801872,0.16047528013586998
21015,0.7967621982097626,0.003755678713787347,0.19948210939764977
21016,0.9379749000072479,0.0027027710166294128,0.059322308748960495
21017,0.981787770986557,0.0010883598661166616,0.017123849829658866
21018,0.9584682732820511,0.008364377892576158,0.03316735615953803
21019,0.9638490378856659,0.0017395746690453961,0.03441138379275799
21020,0.9296023696660995,0.002605351386591792,0.06779227405786514
21021,0.9910047799348831,0.0007884689912316389,0.00820674595888704
21022,0.02184286992996931,0.006049911346053705,0.9721072018146515
21023,0.38907501846551895,0.005726297851651907,0.6051986813545227
21024,0.9582023173570633,0.0024683609372004867,0.03932931553572416
21025,0.9826295077800751,0.00204938932438381,0.015321142738685012
21026,0.9966230541467667,0.000545339826203417,0.0028316362877376378
21027,0.9234604984521866,0.003351732244482264,0.07318777311593294
21028,0.2557656615972519,0.03547323006205261,0.7087611258029938
21029,0.9586514532566071,0.0005269529938232154,0.0408215937204659
21030,0.1402999348938465,0.010437106131576002,0.8492629528045654
21031,0.801560565829277,0.01397379778791219,0.18446562066674232
21032,0.9713554382324219,0.0020519768877420574,0.02659259643405676
21033,0.9050291776657104,0.0033714136225171387,0.09159939084202051
21034,0.9850284308195114,0.0009507251379545778,0.014020829228684306
21035,0.8713991641998291,0.029138897079974413,0.09946195036172867
21036,0.9570409059524536,0.0005854563933098689,0.04237361066043377
21037,0.8322993665933609,0.005702529160771519,0.1619980912655592
21038,0.9344362020492554,0.004560922679957002,0.06100287847220898
21039,0.7968847006559372,0.07208566879853606,0.13102962356060743
21040,0.8193856775760651,0.01990640675649047,0.160707900300622
21041,0.9014311134815216,0.005205039866268635,0.09336382150650024
21042,0.9390368759632111,0.0006132408962002955,0.060349912382662296
21043,0.9815335869789124,0.006026549672242254,0.012439843965694308
21044,0.0024615656002424657,0.0015799757820786908,0.9959584325551987
21045,0.9110742211341858,0.0003811778260569554,0.08854462206363678
21046,0.9788256585597992,0.006614473182708025,0.0145598235540092
21047,0.6516278013586998,0.010774817550554872,0.3375973626971245
21048,0.9775022566318512,0.005926081968937069,0.016571647953242064
21049,0.05091702053323388,0.03464114759117365,0.9144418239593506
21050,0.09214607998728752,0.002593956683995202,0.9052599966526031
21051,0.9608421623706818,0.011344161350280046,0.02781367441639304
21052,0.4209243804216385,0.2890993691980839,0.28997625410556793
21053,0.9435717463493347,0.008298547239974141,0.04812970291823149
21054,0.17175137996673584,0.006918842962477356,0.8213297575712204
21055,0.9670330882072449,0.014278058661147952,0.018688860349357128
21056,0.9400726109743118,0.002380724297836423,0.05754668638110161
21057,0.9773487895727158,0.0029368270188570023,0.019714374095201492
21058,0.916926845908165,0.014027712924871594,0.06904541794210672
21059,0.9769468009471893,0.001784431777196005,0.021268783835694194
21060,0.3794068992137909,0.032994616543874145,0.5875984877347946
21061,0.3384295031428337,0.003673653642181307,0.6578968465328217
21062,0.9957702606916428,0.0006670979710179381,0.0035626261378638446
21063,0.8566029667854309,0.0021256104519125074,0.14127141796052456
21064,0.9796138107776642,0.00505337119102478,0.015332798939198256
21065,0.7926737070083618,0.002120058750733733,0.20520622469484806
21066,0.9429150223731995,0.0008598982531111687,0.056225056760013103
21067,0.01572299120016396,0.2825721250846982,0.7017048746347427
21068,0.11324574425816536,0.005226486187893897,0.8815277516841888
21069,0.9376795440912247,0.0026718754379544407,0.05964854173362255
21070,0.965205118060112,0.0008086395464488305,0.033986263908445835
21071,0.96335868537426,0.009704174241051078,0.02693715412169695
21072,0.04001771006733179,0.020243996870703995,0.9397383034229279
21073,0.9209795445203781,0.002464431745465845,0.07655601343140006
21074,0.9479260891675949,0.004073942429386079,0.04799999063834548
21075,0.8211220502853394,0.00275376379431691,0.1761241927742958
21076,0.09532858803868294,0.014417228288948536,0.8902541995048523
21077,0.003793540585320443,0.0007920044226921163,0.9954144656658173
21078,0.9907703995704651,0.0002160011135856621,0.009013604954816401
21079,0.11406979709863663,0.04782077157869935,0.8381094038486481
21080,0.04010774241760373,0.009643060038797557,0.9502492249011993
21081,0.9697054773569107,0.0022154886974021792,0.02807900821790099
21082,0.9748077243566513,0.000566364800761221,0.024625897174701095
21083,0.5962437093257904,0.0030038299737498164,0.4007524624466896
21084,0.36735592782497406,0.058395405765622854,0.5742486491799355
21085,0.978019967675209,0.00028566454056999646,0.02169439010322094
21086,0.9342813491821289,0.003904219774994999,0.06181444972753525
21087,0.9259550422430038,0.005477246886584908,0.06856769882142544
21088,0.7456441223621368,0.02031135419383645,0.2340445276349783
21089,0.9117513447999954,0.03586059855297208,0.052388078533113
21090,0.003191805793903768,0.0004584486196108628,0.9963497370481491
21091,0.9752625375986099,0.0027589501987677068,0.021978532429784536
21092,0.9843044281005859,0.0048971534706652164,0.010798410861752927
21093,0.991142988204956,0.000707207051164005,0.008149796864017844
21094,0.9861484616994858,0.0016886933153728023,0.012162873987108469
21095,0.9785630851984024,0.002243919559987262,0.01919298281427473
21096,0.9706910848617554,0.005489862873218954,0.023819053079932928
21097,0.9443120211362839,0.0032309172675013542,0.05245706532150507
21098,0.9830949753522873,0.005963322066236287,0.010941742453724146
21099,0.9740720689296722,0.0005260873549559619,0.025401867926120758
21100,0.5278158262372017,0.0010406814544694498,0.4711434915661812
21101,0.9906367361545563,0.0021746169368270785,0.007188661256805062
21102,0.9631436616182327,0.0032894737960305065,0.03356687584891915
21103,0.021552878199145198,0.0028157321212347597,0.9756313860416412
21104,0.9148912280797958,0.002838655171217397,0.08227011933922768
21105,0.6482489928603172,0.031255864771083,0.3204951584339142
21106,0.9432386755943298,0.0011620279256021604,0.0555992778390646
21107,0.989975318312645,0.0009036788978846744,0.00912095746025443
21108,0.4619060084223747,0.03815244510769844,0.4999415650963783
21109,0.9689346700906754,0.0012484541584854014,0.029816870111972094
21110,0.026481274981051683,0.0065163555555045605,0.9670023918151855
21111,0.0016468318790430203,0.0002742283249972388,0.998078927397728
21112,0.9572575390338898,0.020493857096880674,0.022248571971431375
21113,0.959974005818367,0.0009684123506303877,0.039057585410773754
21114,0.9738369882106781,0.0021626383531838655,0.02400040440261364
21115,0.01889407797716558,0.002402918878942728,0.9787029772996902
21116,0.08724989090114832,0.006081173662096262,0.9066689163446426
21117,0.9747246503829956,0.002045059925876558,0.023230331484228373
21118,0.7601044476032257,0.0072950959438458085,0.23260045424103737
21119,0.8559005856513977,0.011763540329411626,0.13233589939773083
21120,0.6158279180526733,0.2746497169137001,0.10952235944569111
21121,0.9551360309123993,0.004395298659801483,0.04046866297721863
21122,0.8541365414857864,0.041342596523463726,0.10452084429562092
21123,0.9702781587839127,0.006314577301964164,0.023407289758324623
21124,0.9369295388460159,0.009704241179861128,0.053366237320005894
21125,0.9905600547790527,0.0008046587099670433,0.00863526959437877
21126,0.6863507181406021,0.004083403910044581,0.30956587940454483
21127,0.9651288092136383,0.002448018902214244,0.032423182390630245
21128,0.03728585550561547,0.020668804761953652,0.9420453459024429
21129,0.6953485310077667,0.005768692877609283,0.29888278618454933
21130,0.9629705846309662,0.004063236177898943,0.03296620724722743
21131,0.9727498143911362,0.006668655201792717,0.02058153599500656
21132,0.04434339189901948,0.0015924547478789464,0.9540641456842422
21133,0.2598983682692051,0.039267766289412975,0.7008338570594788
21134,0.241338849067688,0.5830664932727814,0.1755946446210146
21135,0.046466000378131866,0.0007974523905431852,0.9527365118265152
21136,0.8538189232349396,0.011861554929055274,0.1343194842338562
21137,0.8088161051273346,0.0024807510199025273,0.18870314955711365
21138,0.9105127602815628,0.0014234461123123765,0.08806379325687885
21139,0.95555679500103,0.00381382173509337,0.04062936594709754
21140,0.8505843132734299,0.00583742605522275,0.1435782704502344
21141,0.9766568839550018,0.0029808736871927977,0.020362267503514886
21142,0.8704833686351776,0.00535338802728802,0.12416324019432068
21143,0.9780670702457428,0.0031197065545711666,0.01881322404369712
21144,0.5778544992208481,0.01305171218700707,0.40909380465745926
21145,0.03459873562678695,0.0028362252633087337,0.9625650197267532
21146,0.9762793183326721,0.0077782126609236,0.015942450845614076
21147,0.7232260406017303,0.04211779567413032,0.2346561662852764
21148,0.8691086918115616,0.005125042225699872,0.12576627545058727
21149,0.7067374289035797,0.0011456023203209043,0.2921169400215149
21150,0.9895403236150742,0.005207606824114919,0.005252092669252306
21151,0.7398353666067123,0.027136905817314982,0.23302773013710976
21152,0.5180443823337555,0.0027434758958406746,0.4792121425271034
21153,0.9897454679012299,0.0014013957261340693,0.00885315437335521
21154,0.5784067586064339,0.04358353093266487,0.37800971418619156
21155,0.2708521708846092,0.012308509089052677,0.7168393731117249
21156,0.9309150725603104,0.0030534023826476187,0.06603149604052305
21157,0.9146635234355927,0.048548207618296146,0.03678828710690141
21158,0.7167186737060547,0.005831746966578066,0.2774495780467987
21159,0.022216906305402517,0.008173921261914074,0.9696091562509537
21160,0.07244440726935863,0.002755686378804967,0.9247999340295792
21161,0.9656625390052795,0.0030956924601923674,0.031241785269230604
21162,0.9630730897188187,0.01607833383604884,0.020848605316132307
21163,0.9767319709062576,0.0013345689803827554,0.021933463169261813
21164,0.8962137699127197,0.0090096770436503,0.0947765726596117
21165,0.001704714319203049,0.0005929162070970051,0.9977023899555206
21166,0.9853222668170929,0.0030926813778933138,0.011585049098357558
21167,0.8068714737892151,0.002527337914216332,0.19060121290385723
21168,0.9911591559648514,0.0005487768139573745,0.00829203287139535
21169,0.1980898231267929,0.32822318002581596,0.473687008023262
21170,0.016885295044630766,0.0010880050394916907,0.982026681303978
21171,0.7484868764877319,0.01900922041386366,0.23250391334295273
21172,0.8958287835121155,0.01749878330156207,0.08667243923991919
21173,0.03177380561828613,0.002370617468841374,0.9658555686473846
21174,0.9869550317525864,0.004121150181163102,0.008923826739192009
21175,0.48946987837553024,0.0039754661556798965,0.5065546780824661
21176,0.8645863384008408,0.00661923480220139,0.12879442889243364
21177,0.15259192138910294,0.008194908266887069,0.83921317756176
21178,0.9540174305438995,0.0028252382471691817,0.04315733024850488
21179,0.2877711392939091,0.03006812953390181,0.6821606978774071
21180,0.9887507259845734,0.0036079134442843497,0.007641354692168534
21181,0.01149723248090595,0.001324133641901426,0.9871786534786224
21182,0.8846479207277298,0.04260193323716521,0.07275014277547598
21183,0.961459755897522,0.0019962836668128148,0.03654397139325738
21184,0.9921406209468842,0.0012393402867019176,0.0066200519795529544
21185,0.9815980643033981,0.0003365353695699014,0.018065399955958128
21186,0.8468350470066071,0.00991253973916173,0.1432524397969246
21187,0.8594863265752792,0.003990909171989188,0.13652277179062366
21188,0.8698158860206604,0.07188398763537407,0.05830012075603008
21189,0.029245030833408237,0.006777802074793726,0.9639771580696106
21190,0.34581585600972176,0.12439644709229469,0.5297877192497253
21191,0.9746670871973038,0.0008218406874220818,0.024511032737791538
21192,0.3408983536064625,0.0036527086049318314,0.6554489582777023
21193,0.9624342024326324,0.009753117570653558,0.027812651358544827
21194,0.7197022140026093,0.016139168059453368,0.26415862143039703
21195,0.8658921718597412,0.09380759578198195,0.04030024399980903
21196,0.9854275584220886,0.0021318664657883346,0.01244053477421403
21197,0.012956618913449347,0.0031540755298919976,0.9838892966508865
21198,0.9855387508869171,0.0010715418175095692,0.013389657018706203
21199,0.12954756058752537,0.007331857632379979,0.8631206005811691
21200,0.021478529553860426,0.00208937402931042,0.9764321148395538
21201,0.9692780524492264,0.006611171804252081,0.024110759142786264
21202,0.22132517024874687,0.02519791596569121,0.7534769177436829
21203,0.9803515523672104,0.0023108113964553922,0.017337627010419965
21204,0.9904667139053345,0.0003910770647053141,0.009142201161012053
21205,0.7626664340496063,0.1859709657728672,0.05136260390281677
21206,0.9389407634735107,0.003058275644434616,0.05800095247104764
21207,0.04357241839170456,0.005452567711472511,0.9509750306606293
21208,0.7862613052129745,0.06635535042732954,0.147383326664567
21209,0.27599264308810234,0.02888336405158043,0.6951239854097366
21210,0.9788362681865692,0.0005188495124457404,0.020644856616854668
21211,0.9786042869091034,0.0028671774634858593,0.018528511514887214
21212,0.023353584110736847,0.0020592387591023,0.9745871722698212
21213,0.9852564334869385,0.0004380005339044146,0.014305605785921216
21214,0.4294019341468811,0.0012638617772608995,0.5693342089653015
21215,0.6769417226314545,0.03239174606278539,0.2906665466725826
21216,0.9889873266220093,0.00028648008446907625,0.010726196458563209
21217,0.9789167940616608,0.002761431853286922,0.01832175231538713
21218,0.020836360286921263,0.0009219098501489498,0.9782417565584183
21219,0.9867431968450546,0.002201862953370437,0.011054930626414716
21220,0.9847006499767303,0.0008584708921262063,0.01444090437144041
21221,0.9469174444675446,0.0009022267040563747,0.05218034889549017
21222,0.14403659291565418,0.0050429783295840025,0.8509204238653183
21223,0.9638431370258331,0.0020839726057602093,0.034072897862643
21224,0.4792839214205742,0.002334909455385059,0.5183811634778976
21225,0.9747387319803238,0.0026550697803031653,0.022606194484978914
21226,0.9738389998674393,0.002841739566065371,0.023319276049733162
21227,0.8958755135536194,0.006069044058676809,0.0980554148554802
21228,0.9743650704622269,0.0005832702372572385,0.025051701348274946
21229,0.9638511538505554,0.002987712185131386,0.03316115424968302
21230,0.9057750403881073,0.0067939478904008865,0.08743104338645935
21231,0.9652908146381378,0.002405194827588275,0.03230399498715997
21232,0.5923882499337196,0.009271688060835004,0.39834003895521164
21233,0.15975203551352024,0.01843059528619051,0.8218173831701279
21234,0.6415686383843422,0.3341791443526745,0.024252194445580244
21235,0.018750285729765892,0.0030970101070124656,0.9781526774168015
21236,0.9285742789506912,0.0023854082683101296,0.0690403189510107
21237,0.49060074239969254,0.0029518112423829734,0.5064474493265152
21238,0.9733719527721405,0.005547280656173825,0.02108073513954878
21239,0.9534003287553787,0.007245770539157093,0.03935390757396817
21240,0.8641558438539505,0.025874042650684714,0.10997005924582481
21241,0.7893267869949341,0.013324570842087269,0.19734863191843033
21242,0.6664198935031891,0.019386960892006755,0.31419315189123154
21243,0.5206352770328522,0.010929074138402939,0.4684356451034546
21244,0.4857942461967468,0.025257338536903262,0.48894840478897095
21245,0.7774411737918854,0.12543411366641521,0.09712470322847366
21246,0.8794383257627487,0.009198313928209245,0.1113633569329977
21247,0.9662708044052124,0.008651196956634521,0.025078012607991695
21248,0.9206287562847137,0.0013790931989206001,0.07799210771918297
21249,0.0024398255918640643,0.000276031485554995,0.9972841143608093
21250,0.9178190678358078,0.005677675508195534,0.07650325074791908
21251,0.2191799320280552,0.25911441817879677,0.5217056348919868
21252,0.9332588016986847,0.01095089188311249,0.055790286511182785
21253,0.0553816556930542,0.005466711241751909,0.9391516298055649
21254,0.9881402850151062,0.0012820190968341194,0.010577675537206233
21255,0.9706888496875763,0.002069407142698765,0.027241745963692665
21256,0.9888976663351059,0.001663922070292756,0.009438432636670768
21257,0.9882581532001495,0.0019749356724787503,0.009766921866685152
21258,0.505099318921566,0.010781441698782146,0.4841192364692688
21259,0.9693494290113449,0.010892475838772953,0.019758090609684587
21260,0.9386844784021378,0.005334553658030927,0.055980964563786983
21261,0.23818725906312466,0.6957537680864334,0.06605899892747402
21262,0.8983977735042572,0.02613080758601427,0.07547142170369625
21263,0.002078204182907939,0.00043500867468537763,0.9974867552518845
21264,0.22539258748292923,0.07035062462091446,0.7042568102478981
21265,0.3543101064860821,0.03819246683269739,0.6074974313378334
21266,0.9905181676149368,0.0013714700326090679,0.00811034464277327
21267,0.08637552335858345,0.015181906521320343,0.8984425663948059
21268,0.9839183390140533,0.0024175080470740795,0.013664160389453173
21269,0.6263925135135651,0.03218933520838618,0.34141813963651657
21270,0.06336610484868288,0.04722491349093616,0.8894089907407761
21271,0.9155975133180618,0.002979799435706809,0.08142268471419811
21272,0.1406904924660921,0.001367295699310489,0.857942208647728
21273,0.09962581191211939,0.012923335307277739,0.8874508589506149
21274,0.6597131490707397,0.05476581119000912,0.2855210527777672
21275,0.9882690906524658,0.003135936101898551,0.008594981743954122
21276,0.2001702655106783,0.010223666671663523,0.7896060645580292
21277,0.976714476943016,0.0016339496796717867,0.021651540882885456
21278,0.9080489873886108,0.06031437497586012,0.03163664834573865
21279,0.0656990623101592,0.007139514200389385,0.9271613955497742
21280,0.9732093811035156,0.012847673380747437,0.013942952500656247
21281,0.7479226291179657,0.012787655927240849,0.23928971216082573
21282,0.984067901968956,0.0018567883234936744,0.014075301587581635
21283,0.9898480623960495,0.0009487801580689847,0.00920316914562136
21284,0.008565181051380932,0.004502485040575266,0.9869323223829269
21285,0.9854940325021744,0.0010975680488627404,0.013408404774963856
21286,0.9305123090744019,0.02709786221385002,0.04238983057439327
21287,0.9941444545984268,0.0003336134395794943,0.005521932966075838
21288,0.8153960108757019,0.004071889619808644,0.18053212016820908
21289,0.9762623012065887,0.0012409557675709948,0.02249671146273613
21290,0.016687216004356742,0.00128039121045731,0.982032373547554
21291,0.0164654734544456,0.02297566831111908,0.9605588465929031
21292,0.5788356065750122,0.2542429566383362,0.16692142374813557
21293,0.006801870884373784,0.0026439582579769194,0.9905541390180588
21294,0.9707925170660019,0.012316282605752349,0.01689120288938284
21295,0.8939755111932755,0.005880364216864109,0.10014412365853786
21296,0.03212554007768631,0.009287353663239628,0.9585871249437332
21297,0.47968771308660507,0.05296124517917633,0.4673510417342186
21298,0.38152747601270676,0.01503926538862288,0.6034332513809204
21299,0.7934010028839111,0.015974839217960835,0.1906241662800312
21300,0.9376706331968307,0.004696634074207395,0.05763270705938339
21301,0.007003233535215259,0.0014175118849379942,0.9915792644023895
21302,0.7810461223125458,0.036013743141666055,0.18294011801481247
21303,0.0816803127527237,0.008576521300710738,0.9097431749105453
21304,0.7624986469745636,0.020396608160808682,0.2171047404408455
21305,0.990624189376831,0.0020640346338041127,0.007311729830689728
21306,0.7360424399375916,0.005422159738373011,0.25853539630770683
21307,0.8503507673740387,0.04770240327343345,0.1019468167796731
21308,0.020322685362771153,0.0025632010656408966,0.9771141111850739
21309,0.6472456753253937,0.005157958890777081,0.34759634733200073
21310,0.759770080447197,0.00884649995714426,0.23138341307640076
21311,0.9727324694395065,0.002788030600640923,0.024479495361447334
21312,0.3183203376829624,0.005746317910961807,0.6759333610534668
21313,0.8305618762969971,0.10441464558243752,0.06502344459295273
21314,0.9267491102218628,0.032537729712203145,0.040713122114539146
21315,0.06828999612480402,0.53534235060215,0.3963676542043686
21316,0.7718087732791901,0.021443954203277826,0.2067472767084837
21317,0.9781874567270279,0.000989673200820107,0.020822850754484534
21318,0.9145969748497009,0.006542023445945233,0.07886101398617029
21319,0.9493824392557144,0.0030914992094039917,0.04752605129033327
21320,0.07993925735354424,0.008258592628408223,0.9118021428585052
21321,0.9771984815597534,0.00034578298436827026,0.022455749101936817
21322,0.679216668009758,0.048966575879603624,0.27181676030158997
21323,0.9557145982980728,0.006416536343749613,0.03786887228488922
21324,0.03153550298884511,0.003668506455142051,0.9647959917783737
21325,0.9885198026895523,0.0005989264973322861,0.010881271329708397
21326,0.9734889268875122,0.002450916188536212,0.0240601166151464
21327,0.9197824746370316,0.0016442172200186178,0.07857329770922661
21328,0.9648043066263199,0.003584793652407825,0.03161088237538934
21329,0.8497331291437149,0.003343133779708296,0.1469237469136715
21330,0.9861589521169662,0.002333056414499879,0.011508014402352273
21331,0.8795564919710159,0.004220995819196105,0.11622253246605396
21332,0.959675207734108,0.0030912738875485957,0.03723350586369634
21333,0.8896789848804474,0.006685732980258763,0.10363526828587055
21334,0.9229448437690735,0.0014624218456447124,0.07559272088110447
21335,0.9756292402744293,0.0018874085799325258,0.02248332486487925
21336,0.96348837018013,0.0012222600635141134,0.03528939140960574
21337,0.22277655079960823,0.12672559265047312,0.6504978388547897
21338,0.5258115381002426,0.1330446694046259,0.34114379063248634
21339,0.12679619528353214,0.01812314661219716,0.8550806492567062
21340,0.9706109762191772,0.0022777434933232144,0.0271112616173923
21341,0.6077899783849716,0.05667737079784274,0.33553263917565346
21342,0.733369916677475,0.019776191096752882,0.24685385450720787
21343,0.9540909081697464,0.0014234631671570241,0.044485628604888916
21344,0.024033834459260106,0.0018863545992644504,0.9740798026323318
21345,0.8750274181365967,0.0054770304705016315,0.11949552781879902
21346,0.4763960614800453,0.006602792418561876,0.5170011520385742
21347,0.3762277439236641,0.054589310195297,0.569182962179184
21348,0.25831692293286324,0.006376843783073127,0.7353062331676483
21349,0.00911374541465193,0.0016155095072463155,0.9892707616090775
21350,0.9549733251333237,0.000760773807996884,0.04426588071510196
21351,0.11920793540775776,0.0024029540945775807,0.8783890902996063
21352,0.5345586389303207,0.01480381574947387,0.450637549161911
21353,0.987409770488739,0.002161326992791146,0.010428924695588648
21354,0.3093489818274975,0.008805023040622473,0.6818459928035736
21355,0.9871070981025696,0.0004775219495058991,0.012415339821018279
21356,0.429002583026886,0.019860483473166823,0.5511369332671165
21357,0.9725594520568848,0.009174821199849248,0.018265728605911136
21358,0.843452975153923,0.005031370383221656,0.1515156514942646
21359,0.003132187674054876,0.0005762497239629738,0.9962915480136871
21360,0.2475263848900795,0.0067408058093860745,0.7457328140735626
21361,0.008521127165295184,0.001244571409188211,0.990234300494194
21362,0.01534122764132917,0.011296182870864868,0.9733625948429108
21363,0.9906212389469147,0.002949339017504826,0.006429448490962386
21364,0.039718220476061106,0.0039885572623461485,0.9562932550907135
21365,0.01997447363100946,0.0023564149159938097,0.9776691049337387
21366,0.5212977007031441,0.016396753257140517,0.46230556815862656
21367,0.9491516053676605,0.005917337897699326,0.044931069016456604
21368,0.25031570717692375,0.016091747907921672,0.7335925251245499
21369,0.932756707072258,0.0016705516900401562,0.0655727619305253
21370,0.9867399036884308,0.0007791921889293008,0.012480915058404207
21371,0.37975025177001953,0.01909809955395758,0.6011516079306602
21372,0.7328788340091705,0.00916605128441006,0.257955115288496
21373,0.9466550201177597,0.003010780783370137,0.05033418536186218
21374,0.9954197555780411,0.0005631585663650185,0.004017116443719715
21375,0.8701730221509933,0.015427199890837073,0.11439979635179043
21376,0.5965799391269684,0.04273653053678572,0.36068352311849594
21377,0.6871318593621254,0.03945517214015126,0.2734129764139652
21378,0.8342829942703247,0.013436063658446074,0.15228093415498734
21379,0.9950196743011475,0.00023968895584403072,0.004740639764349908
21380,0.7627838104963303,0.01549333892762661,0.22172285243868828
21381,0.8880812674760818,0.015894085867330432,0.0960246454924345
21382,0.9630417376756668,0.008615116588771343,0.02834313176572323
21383,0.8792302161455154,0.03537359135225415,0.08539617899805307
21384,0.9280306100845337,0.013926670071668923,0.058042761869728565
21385,0.8930892646312714,0.004400234203785658,0.10251048300415277
21386,0.5860146954655647,0.03416560497134924,0.37981966882944107
21387,0.9286742061376572,0.004741549782920629,0.06658425275236368
21388,0.9568528383970261,0.0032218965352512896,0.03992524929344654
21389,0.7158507108688354,0.0016484993393532932,0.2825007773935795
21390,0.6751355230808258,0.014486087718978524,0.31037838384509087
21391,0.9262038022279739,0.009054527152329683,0.06474164221435785
21392,0.9112662374973297,0.002612197247799486,0.08612153865396976
21393,0.766411542892456,0.00188051417353563,0.23170796781778336
21394,0.13642776012420654,0.005579044402111322,0.8579932004213333
21395,0.96180459856987,0.01142237801104784,0.026773033197969198
21396,0.7965074479579926,0.15774914994835854,0.045743413269519806
21397,0.8538814783096313,0.0041764662601053715,0.14194204285740852
21398,0.8573962301015854,0.03341919369995594,0.10918457992374897
21399,0.9414794594049454,0.03250870481133461,0.026011792942881584
21400,0.9183941632509232,0.0070451925857923925,0.07456067577004433
21401,0.16110430285334587,0.007821353210601956,0.8310743272304535
21402,0.9344495087862015,0.0034343676234129816,0.06211608648300171
21403,0.9629222899675369,0.007745605893433094,0.029332101810723543
21404,0.972515732049942,0.002679433353478089,0.024804850108921528
21405,0.979161947965622,0.003499752900097519,0.01733829570002854
21406,0.9729840308427811,0.002361418475629762,0.024654566310346127
21407,0.03047889517620206,0.00278460921254009,0.9667364656925201
21408,0.14966045040637255,0.003779263875912875,0.8465602844953537
21409,0.34717701748013496,0.0019596579077187926,0.6508633121848106
21410,0.9809162616729736,0.005966005759546533,0.013117722701281309
21411,0.00979419588111341,0.012310083373449743,0.9778957068920135
21412,0.0887529170140624,0.012273437692783773,0.8989736288785934
21413,0.9922261089086533,0.0020553248177748173,0.00571857433533296
21414,0.8768049776554108,0.0022779757564421743,0.12091701477766037
21415,0.981625884771347,0.0009103113115997985,0.01746380189433694
21416,0.989505261182785,0.0008727060630917549,0.009622014476917684
21417,0.9330566674470901,0.0007785691050230525,0.06616478972136974
21418,0.9412603229284286,0.0029775709845125675,0.05576211353763938
21419,0.6578596085309982,0.03161398647353053,0.31052639335393906
21420,0.9736408293247223,0.0033268561237491667,0.023032312281429768
21421,0.815560832619667,0.003320404823170975,0.18111875467002392
21422,0.9603962153196335,0.00317394090234302,0.0364298396743834
21423,0.8814735561609268,0.006668270449154079,0.11185815930366516
21424,0.8533216714859009,0.0918623274192214,0.05481597874313593
21425,0.12671133782714605,0.05068407254293561,0.8226045966148376
21426,0.06278693117201328,0.1837147045880556,0.7534983903169632
21427,0.9511962085962296,0.00401592900743708,0.044787864200770855
21428,0.983198419213295,0.005513645999599248,0.011287939036265016
21429,0.9812216460704803,0.0015583212807541713,0.01722003356553614
21430,0.13776579685509205,0.0021033074881415814,0.8601309210062027
21431,0.9434458613395691,0.010734672890976071,0.04581945529207587
21432,0.015198348788544536,0.0025458181626163423,0.982255831360817
21433,0.9274637699127197,0.011370898282621056,0.06116529367864132
21434,0.7985862344503403,0.01900214934721589,0.18241163901984692
21435,0.595698356628418,0.012859524693340063,0.3914421275258064
21436,0.2985657788813114,0.004947164328768849,0.6964870542287827
21437,0.9838477820158005,0.001369064106256701,0.014783150749281049
21438,0.4586517885327339,0.012154303956776857,0.5291939228773117
21439,0.07183477468788624,0.015409633750095963,0.9127555638551712
21440,0.9841740876436234,0.0009816163073992357,0.014844324439764023
21441,0.00427421648055315,0.0004135654780839104,0.9953121840953827
21442,0.8866701275110245,0.018929638667032123,0.09440022800117731
21443,0.9596727788448334,0.001549968175822869,0.038777272682636976
21444,0.8877196609973907,0.005928429600317031,0.10635187570005655
21445,0.8800897300243378,0.0056213061907328665,0.11428898200392723
21446,0.85409314930439,0.006077209545765072,0.13982965797185898
21447,0.8464551568031311,0.0023233363754116,0.15122154727578163
21448,0.20301023498177528,0.01870967377908528,0.7782800793647766
21449,0.9617302566766739,0.003014169429661706,0.03525556018576026
21450,0.9010555297136307,0.026250675320625305,0.0726937958970666
21451,0.9683340787887573,0.0011866372806252912,0.030479319393634796
21452,0.943094328045845,0.004120655619772151,0.05278501007705927
21453,0.006346000998746604,0.001732306627673097,0.9919216930866241
21454,0.3325222060084343,0.0014653121907031164,0.6660124734044075
21455,0.5186291038990021,0.0028318753466010094,0.47853904217481613
21456,0.7942465394735336,0.03510898887179792,0.1706444602459669
21457,0.9680020213127136,0.013997135567478836,0.0180008711759001
21458,0.8611239194869995,0.08844348881393671,0.05043258611112833
21459,0.948821023106575,0.008683069376274943,0.042495915200561285
21460,0.957606628537178,0.002829404518706724,0.03956399252638221
21461,0.9863755106925964,0.0008002158865565434,0.012824282515794039
21462,0.9679938703775406,0.021595911355689168,0.010410201852209866
21463,0.7212651520967484,0.0679163821041584,0.21081848070025444
21464,0.9181486070156097,0.010616718675009906,0.07123466208577156
21465,0.9228448271751404,0.007175386534072459,0.06997977569699287
21466,0.0703733554109931,0.004948465735651553,0.9246781766414642
21467,0.7594840824604034,0.023915584664791822,0.21660033985972404
21468,0.3182661756873131,0.010964100365526974,0.6707697436213493
21469,0.9444554299116135,0.00229516375111416,0.05324940709397197
21470,0.6003332138061523,0.006935241166502237,0.39273154735565186
21471,0.993202731013298,0.0003743973975360859,0.00642284017521888
21472,0.1636536382138729,0.007365045428741723,0.8289813250303268
21473,0.0012635483872145414,0.00022464916401077062,0.9985118061304092
21474,0.8998055309057236,0.017733697546646,0.08246077317744493
21475,0.5055415704846382,0.15830275230109692,0.3361557051539421
21476,0.41087646782398224,0.0058858226402662694,0.5832377076148987
21477,0.8609679937362671,0.03206091816537082,0.10697109997272491
21478,0.7841991782188416,0.010832757572643459,0.20496806129813194
21479,0.8020703196525574,0.006081004394218326,0.19184868410229683
21480,0.9349199086427689,0.004682881146436557,0.06039717188104987
21481,0.8832802474498749,0.00941861217143014,0.107301140204072
21482,0.7417646646499634,0.07518433500081301,0.18305102549493313
21483,0.9327664226293564,0.0015075764385983348,0.06572600081562996
21484,0.983602836728096,0.0017086027946788818,0.014688567724078894
21485,0.9362901598215103,0.03929005470126867,0.024419801076874137
21486,0.9768049418926239,0.002211771556176245,0.020983322523534298
21487,0.3492089994251728,0.011581920320168138,0.6392090767621994
21488,0.946466252207756,0.01899748924188316,0.03453627275303006
21489,0.7214286774396896,0.028540603816509247,0.2500307485461235
21490,0.43408674001693726,0.07725886255502701,0.4886544197797775
21491,0.9805900752544403,0.0021349224261939526,0.01727500860579312
21492,0.9746315032243729,0.0033688609255477786,0.02199963666498661
21493,0.6823076158761978,0.012498701107688248,0.3051937110722065
21494,0.027205219492316246,0.010011024423874915,0.9627837389707565
21495,0.6526480168104172,0.017703251913189888,0.3296487331390381
21496,0.9356626123189926,0.030448319390416145,0.03388902125880122
21497,0.9829061627388,0.0005127759941387922,0.016581093426793814
21498,0.9150097668170929,0.004853151505813003,0.0801370507106185
21499,0.9593790173530579,0.0003269523149356246,0.040294060949236155
21500,0.7014080733060837,0.01841031457297504,0.2801816165447235
21501,0.9752086848020554,0.002048644906608388,0.022742650471627712
21502,0.9582157284021378,0.004004214075393975,0.03778003575280309
21503,0.49432922899723053,0.11020188499242067,0.3954688757658005
21504,0.081309849396348,0.014172572642564774,0.9045175760984421
21505,0.015216231346130371,0.016912302118726075,0.9678714573383331
21506,0.9714315384626389,0.000408746964239981,0.028159721288830042
21507,0.9361101984977722,0.0031225523562170565,0.06076722964644432
21508,0.9802233427762985,0.0013129198487149552,0.01846371521241963
21509,0.9929175525903702,0.0002134065616701264,0.006869044271297753
21510,0.4275204539299011,0.03814976196736097,0.5343297570943832
21511,0.023987020598724484,0.0037789022899232805,0.9722340553998947
21512,0.696403756737709,0.007765740621834993,0.29583047702908516
21513,0.9716495275497437,0.0017757950263330713,0.02657466451637447
21514,0.954393744468689,0.0022353460226440802,0.04337089974433184
21515,0.8912118077278137,0.004765601304825395,0.104022566229105
21516,0.013022523140534759,0.002560937835369259,0.9844165295362473
21517,0.9097060561180115,0.011783620226196945,0.07851031795144081
21518,0.7976132184267044,0.008626640599686652,0.19376017153263092
21519,0.9837484210729599,0.00045209797099232674,0.015799467219039798
21520,0.9389437139034271,0.002349081332795322,0.058707220479846
21521,0.9802786707878113,0.003468410432105884,0.016252923291176558
21522,0.6022634506225586,0.10648862505331635,0.2912479303777218
21523,0.2666846103966236,0.014190541347488761,0.7191248461604118
21524,0.8854026645421982,0.09466312825679779,0.0199341990519315
21525,0.515683151781559,0.014581689611077309,0.46973516792058945
21526,0.7517309039831161,0.0007217116944957525,0.24754737317562103
21527,0.9887932389974594,0.0005372173254727386,0.010669529438018799
21528,0.9774889945983887,0.0009208853516611271,0.021590122021734715
21529,0.004661730868974701,0.0016563877579756081,0.9936819076538086
21530,0.036828042939305305,0.009613888571038842,0.9535580724477768
21531,0.6940864026546478,0.07358196564018726,0.23233160004019737
21532,0.951609879732132,0.016098094172775745,0.0322920405305922
21533,0.9779289662837982,0.0014550723426509649,0.020615974674001336
21534,0.9260281473398209,0.0059981991071254015,0.06797365378588438
21535,0.48266202956438065,0.0026214218523819,0.5147165358066559
21536,0.3808841034770012,0.19272782653570175,0.42638808488845825
21537,0.5774972811341286,0.006050452357158065,0.4164522662758827
21538,0.9564489722251892,0.02994192752521485,0.013609107467345893
21539,0.9648820161819458,0.0024527941131964326,0.03266518656164408
21540,0.9544098675251007,0.002688192093046382,0.04290194343775511
21541,0.9898796826601028,0.0015284981054719537,0.008591827470809221
21542,0.9774610549211502,0.0018976660212501884,0.02064131200313568
21543,0.9004858732223511,0.0723634585738182,0.027150681242346764
21544,0.015482827788218856,0.0025786180049180984,0.9819385260343552
21545,0.946211040019989,0.0037195240729488432,0.05006943456828594
21546,0.9307008385658264,0.004648783826269209,0.06465035956352949
21547,0.6698766723275185,0.2709369361400604,0.059186394326388836
21548,0.9310690462589264,0.005417774140369147,0.06351317930966616
21549,0.08170503005385399,0.002646994689712301,0.915647953748703
21550,0.9625159800052643,0.02359887957572937,0.013885160675272346
21551,0.6200573667883873,0.23860796727240086,0.141334667801857
21552,0.9737440198659897,0.00026757594605442137,0.02598843048326671
21553,0.020648919977247715,0.01865603169426322,0.9606950134038925
21554,0.019140246557071805,0.0032194250670727342,0.9776403307914734
21555,0.8805143982172012,0.0364957544952631,0.08298983657732606
21556,0.7809359580278397,0.006625998939853162,0.21243802085518837
21557,0.004800825525308028,0.000602685639023548,0.994596466422081
21558,0.016141070635057986,0.001447052476578392,0.9824119061231613
21559,0.9294511824846268,0.007566079322714359,0.06298277154564857
21560,0.9637799263000488,0.018464699969626963,0.017755387350916862
21561,0.014806528808549047,0.003300077165476978,0.9818933755159378
21562,0.5402192547917366,0.018113169353455305,0.4416675791144371
21563,0.9002771526575089,0.004899424646282569,0.09482341073453426
21564,0.9246754199266434,0.004367610352346674,0.07095692958682775
21565,0.9646737575531006,0.005834526149556041,0.029491701629012823
21566,0.8343801349401474,0.008843508607242256,0.15677633695304394
21567,0.8839236497879028,0.0007332374952966347,0.11534311808645725
21568,0.9724259972572327,0.0009736296051414683,0.02660035900771618
21569,0.9719354510307312,0.02192462468519807,0.006139945529866964
21570,0.936207577586174,0.012979057908523828,0.050813369918614626
21571,0.8661073744297028,0.023089086404070258,0.1108035258948803
21572,0.06159147899597883,0.0029334547580219805,0.9354750961065292
21573,0.003248928231187165,0.0003385830204933882,0.9964124858379364
21574,0.7246848046779633,0.008552146144211292,0.2667630538344383
21575,0.9785780161619186,0.001097983360523358,0.02032397477887571
21576,0.9691224992275238,0.0032573878415860236,0.027620130218565464
21577,0.9864132702350616,0.002935159864136949,0.01065156958065927
21578,0.9470163434743881,0.003621289099100977,0.04936238471418619
21579,0.24762850999832153,0.06105901766568422,0.6913124769926071
21580,0.9676595330238342,0.001886401150841266,0.030454021180048585
21581,0.927052840590477,0.0005533217299671378,0.0723938001319766
21582,0.6104791462421417,0.0306770671159029,0.3588438034057617
21583,0.7338288724422455,0.02336996397934854,0.24280117824673653
21584,0.005591524706687778,0.0014312403945950791,0.9929772317409515
21585,0.9347815364599228,0.002915015065809712,0.062303449027240276
21586,0.14247863739728928,0.007802773034200072,0.8497186154127121
21587,0.5715812295675278,0.26412130519747734,0.16429750435054302
21588,0.37460897862911224,0.15727593936026096,0.46811508387327194
21589,0.7403548285365105,0.003321560303447768,0.2563236430287361
21590,0.0553415147587657,0.003816843993263319,0.9408416748046875
21591,0.9805790781974792,0.0005053095301263966,0.018915604567155242
21592,0.9750020354986191,0.00462122997851111,0.020376713946461678
21593,0.8422384858131409,0.005289798602461815,0.15247171930968761
21594,0.48591287434101105,0.45998239144682884,0.05410473234951496
21595,0.8503295183181763,0.005223366490099579,0.1444471161812544
21596,0.8875153213739395,0.06466435920447111,0.047820319421589375
21597,0.9667264372110367,0.003025112207978964,0.03024847572669387
21598,0.6126430407166481,0.01997711812146008,0.3673798441886902
21599,0.262417808175087,0.2905449755489826,0.4470372200012207
21600,0.5593648999929428,0.004766321100760251,0.4358687847852707
21601,0.8531531393527985,0.0006192950022523291,0.1462275516241789
21602,0.4708082154393196,0.0035932298051193357,0.525598555803299
21603,0.9267993718385696,0.0103670823154971,0.06283353175967932
21604,0.9402376562356949,0.010462363832630217,0.049299953039735556
21605,0.9639644175767899,0.004315811500418931,0.03171974187716842
21606,0.9693749099969864,0.012981946812942624,0.017643142491579056
21607,0.6092230901122093,0.000776824846980162,0.3900000751018524
21608,0.8913770020008087,0.0017881706880871207,0.10683483444154263
21609,0.8406426757574081,0.009132028848398477,0.15022529661655426
21610,0.9779630750417709,0.009625420381780714,0.01241147960536182
21611,0.9556878060102463,0.0027602954069152474,0.04155187634751201
21612,0.953920915722847,0.01941890176385641,0.026660189498215914
21613,0.008071123505942523,0.003416234132600948,0.9885126501321793
21614,0.6758661419153214,0.002321101463166997,0.3218127563595772
21615,0.9863454848527908,0.0015427685575559735,0.012111735064536333
21616,0.9189283102750778,0.046682790853083134,0.03438890911638737
21617,0.6071915104985237,0.014461092883720994,0.3783474266529083
21618,0.9299007505178452,0.004222184332320467,0.06587706133723259
21619,0.8730699270963669,0.010079667321406305,0.11685038730502129
21620,0.9852614551782608,0.0005140356079209596,0.014224485959857702
21621,0.03964700549840927,0.0031879657472018152,0.9571649879217148
21622,0.9735238701105118,0.0018423866931698285,0.024633755907416344
21623,0.44365305453538895,0.014080735738389194,0.5422661826014519
21624,0.9963080286979675,0.0001359789075650042,0.003555979346856475
21625,0.9311460256576538,0.0027836636581923813,0.06607035361230373
21626,0.7660103142261505,0.012218684423714876,0.2217710092663765
21627,0.9869075566530228,0.0014726312292623334,0.011619811062701046
21628,0.03029268281534314,0.003266855259425938,0.9664404690265656
21629,0.9811840057373047,0.0014700192550662905,0.01734594418667257
21630,0.9083746075630188,0.06580319069325924,0.0258222003467381
21631,0.047717477194964886,0.0041151572950184345,0.9481673836708069
21632,0.009538851561956108,0.022295980248600245,0.9681651592254639
21633,0.8352183401584625,0.05643895408138633,0.10834269784390926
21634,0.33627820760011673,0.0026843396481126547,0.6610374674201012
21635,0.9501827955245972,0.018495714757591486,0.03132150135934353
21636,0.9816009253263474,0.0007353137189056724,0.017663756851106882
21637,0.6717890352010727,0.012580683338455856,0.3156302869319916
21638,0.8401828706264496,0.02240893617272377,0.1374081876128912
21639,0.8899087607860565,0.014123371569439769,0.09596788324415684
21640,0.9881138950586319,0.004593176010530442,0.007292935741133988
21641,0.0321720433421433,0.027248451486229897,0.9405795335769653
21642,0.9427114725112915,0.001468769129132852,0.05581976007670164
21643,0.04911254905164242,0.053186135832220316,0.8977013230323792
21644,0.5747510567307472,0.008577667060308158,0.4166712462902069
21645,0.03543528448790312,0.0018227673281216994,0.962741956114769
21646,0.7491148263216019,0.06562805222347379,0.18525711074471474
21647,0.9188591688871384,0.00210039755620528,0.07904042396694422
21648,0.38337016478180885,0.017078732838854194,0.5995511040091515
21649,0.8005669414997101,0.004996887349989265,0.19443616271018982
21650,0.7400213778018951,0.012762108934111893,0.24721650034189224
21651,0.22272398695349693,0.008107063360512257,0.7691689282655716
21652,0.3374454081058502,0.005214286415139213,0.6573402732610703
21653,0.548306867480278,0.01983620412647724,0.4318569153547287
21654,0.024029747117310762,0.0040209374856203794,0.9719493091106415
21655,0.8899038732051849,0.01194716221652925,0.09814897552132607
21656,0.9805365949869156,0.0006244646210689098,0.01883896254003048
21657,0.7389111220836639,0.037846822291612625,0.22324206866323948
21658,0.9323564171791077,0.026666187681257725,0.040977366268634796
21659,0.9455146044492722,0.012829564337152988,0.04165581986308098
21660,0.8947262614965439,0.01806372473947704,0.08720999769866467
21661,0.8147403299808502,0.015132567030377686,0.17012708261609077
21662,0.013280904851853848,0.0014958569663576782,0.9852232187986374
21663,0.9247367531061172,0.0016246197483269498,0.07363859470933676
21664,0.9802204519510269,0.00017867596034193411,0.019600856583565474
21665,0.9312079101800919,0.0024737190979067236,0.06631842069327831
21666,0.9192576855421066,0.0031045193900354207,0.07763782143592834
21667,0.01957920310087502,0.03956384025514126,0.9408569931983948
21668,0.9737565964460373,0.0013181560934754089,0.024925224483013153
21669,0.03208104195073247,0.003992033569375053,0.9639269560575485
21670,0.8395823240280151,0.04866078542545438,0.11175687983632088
21671,0.0740595506504178,0.009585487423464656,0.9163549691438675
21672,0.9324366599321365,0.007388995843939483,0.0601743720471859
21673,0.9519844055175781,0.01158637460321188,0.0364292177837342
21674,0.9813810586929321,0.009058441151864827,0.009560468140989542
21675,0.9510046541690826,0.005540769663639367,0.043454588390886784
21676,0.711395762860775,0.0073634866857901216,0.28124072402715683
21677,0.9827553927898407,0.0019511662248987705,0.015293450327590108
21678,0.9653209894895554,0.0035722695756703615,0.031106765381991863
21679,0.7526223361492157,0.05142451589927077,0.1959531381726265
21680,0.8859206885099411,0.014812072739005089,0.09926729463040829
21681,0.008483799174427986,0.0007928199484013021,0.9907234013080597
21682,0.8826120495796204,0.07882607635110617,0.03856185311451554
21683,0.991606205701828,0.0009490020020166412,0.0074447887018322945
21684,0.9405095726251602,0.0006116316144471057,0.058878795243799686
21685,0.994114950299263,0.0004915817553410307,0.005393462837673724
21686,0.7957470566034317,0.00771033251658082,0.1965426318347454
21687,0.9526108950376511,0.002558703999966383,0.04483041539788246
21688,0.945626512169838,0.004861158842686564,0.04951237328350544
21689,0.978833019733429,0.004164070123806596,0.017002920852974057
21690,0.902628093957901,0.02409984148107469,0.07327205128967762
21691,0.2847473807632923,0.009115527151152492,0.706137090921402
21692,0.8852611780166626,0.0035139257670380175,0.11122493632137775
21693,0.9182969778776169,0.0087050620932132,0.07299794256687164
21694,0.019902772270143032,0.002715474140131846,0.9773817509412766
21695,0.9536935240030289,0.008064058565651067,0.038242410868406296
21696,0.9543236792087555,0.008781164651736617,0.036895143799483776
21697,0.7317799776792526,0.004739134747069329,0.26348087564110756
21698,0.971126914024353,0.000809888842923101,0.028063196456059813
21699,0.9765470772981644,0.0031665101123508066,0.02028641104698181
21700,0.975856214761734,0.0009735261701280251,0.02317028003744781
21701,0.816997766494751,0.009318492433521897,0.17368372157216072
21702,0.8023902177810669,0.002608903916552663,0.1950008776038885
21703,0.5240560099482536,0.07859304547309875,0.3973509334027767
21704,0.08218785934150219,0.004179402254521847,0.9136327505111694
21705,0.10626619448885322,0.014001808827742934,0.8797320127487183
21706,0.979645311832428,0.0008515265362802893,0.019503155956044793
21707,0.9842923581600189,0.001525811676401645,0.01418183441273868
21708,0.3619578331708908,0.008124493528157473,0.629917673766613
21709,0.967996209859848,0.0017686277715256438,0.03023517783731222
21710,0.8709167987108231,0.003403091919608414,0.12568014115095139
21711,0.04984533414244652,0.07236590329557657,0.8777887523174286
21712,0.9648338407278061,0.008122463274048641,0.027043702080845833
21713,0.9870975762605667,0.0008469380263704807,0.012055507162585855
21714,0.9924244284629822,0.0008039793101488613,0.006771585554815829
21715,0.8409043997526169,0.005831905000377446,0.15326368063688278
21716,0.675775021314621,0.05012622382491827,0.274098739027977
21717,0.1400500051677227,0.01137474097777158,0.8485752642154694
21718,0.9669070541858673,0.012325562071055174,0.02076739422045648
21719,0.09097869880497456,0.004762009892147034,0.9042592793703079
21720,0.9297487884759903,0.004924545530229807,0.06532668508589268
21721,0.9647585153579712,0.0006834848536527716,0.03455799724906683
21722,0.6330578625202179,0.007332768640480936,0.35960936546325684
21723,0.284512460231781,0.31562671810388565,0.39986082166433334
21724,0.989907294511795,0.0021285278198774904,0.00796420022379607
21725,0.9609953612089157,0.014998796628788114,0.02400584239512682
21726,0.41502096503973007,0.3491680212318897,0.2358110323548317
21727,0.9722964018583298,0.0021226893295533955,0.025580873247236013
21728,0.8695868849754333,0.0015787823067512363,0.128834318369627
21729,0.010218828218057752,0.0008486264414386824,0.9889325499534607
21730,0.8192979693412781,0.004534238949418068,0.17616776935756207
21731,0.9848163276910782,0.0003166592068737373,0.014867024961858988
21732,0.9860555678606033,0.0010700442071538419,0.012874361127614975
21733,0.9396328032016754,0.023749501211568713,0.03661767765879631
21734,0.014392613898962736,0.0031471246911678463,0.9824602156877518
21735,0.21502270177006721,0.011933648958802223,0.773043617606163
21736,0.6906411498785019,0.03355425037443638,0.2758046016097069
21737,0.9362419694662094,0.004777925700182095,0.05898008309304714
21738,0.9907142966985703,0.0016622803814243525,0.007623394369147718
21739,0.9590612351894379,0.002571635995991528,0.038367141503840685
21740,0.1583134476095438,0.0045200374443084,0.8371664732694626
21741,0.935302272439003,0.002951860660687089,0.061745855025947094
21742,0.8291969150304794,0.026301445439457893,0.14450165629386902
21743,0.861288920044899,0.010020889923907816,0.1286901868879795
21744,0.9892483055591583,0.005859533906914294,0.004892167169600725
21745,0.26826287247240543,0.02390193729661405,0.7078351825475693
21746,0.8760695159435272,0.020394378807395697,0.1035361010581255
21747,0.9147485792636871,0.011451341561041772,0.0738000525161624
21748,0.9719218313694,0.015485325595363975,0.012592812185175717
21749,0.9490565210580826,0.003585828875657171,0.04735762719064951
21750,0.9769360572099686,0.0021231466671451926,0.02094080252572894
21751,0.3573676124215126,0.0020256898424122483,0.6406066790223122
21752,0.7844430208206177,0.14074709080159664,0.0748098948970437
21753,0.9622720330953598,0.0014830273285042495,0.036244957242161036
21754,0.926690086722374,0.0010966656263917685,0.07221323531121016
21755,0.9801173806190491,0.0015229572309181094,0.018359684385359287
21756,0.005440684122731909,0.00046235376794356853,0.994096964597702
21757,0.09519809484481812,0.02279972331598401,0.8820021897554398
21758,0.923303872346878,0.0018652422295417637,0.07483089901506901
21759,0.9261363595724106,0.01656504301354289,0.05729858577251434
21760,0.021398562705144286,0.002460989315295592,0.9761404544115067
21761,0.8168640583753586,0.03864638786762953,0.14448954351246357
21762,0.8078649789094925,0.007571794791147113,0.18456320837140083
21763,0.8550427258014679,0.01985134367714636,0.12510593235492706
21764,0.1325313188135624,0.002555911196395755,0.864912748336792
21765,0.916023924946785,0.0046013896353542805,0.07937470357865095
21766,0.5763503611087799,0.003819583624135703,0.4198300763964653
21767,0.6684773936867714,0.023083804175257683,0.30843882262706757
21768,0.7265559583902359,0.1580793298780918,0.11536471173167229
21769,0.9732981473207474,0.0005210984163568355,0.026180713437497616
21770,0.9615415781736374,0.0003841335419565439,0.038074282463639975
21771,0.9664498567581177,0.0015804140857653692,0.03196974052116275
21772,0.130649171769619,0.0018962223111884668,0.8674546182155609
21773,0.755227655172348,0.023002152796834707,0.22177018225193024
21774,0.9875200092792511,0.0023636902624275535,0.01011629868298769
21775,0.7628601044416428,0.00514104455942288,0.23199887573719025
21776,0.9190033674240112,0.03735171724110842,0.04364493861794472
21777,0.98959681391716,0.0021205744560575113,0.008282611495815217
21778,0.9766481965780258,0.00020476941062952392,0.0231470400467515
21779,0.013589601032435894,0.0005917947491980158,0.98581862449646
21780,0.989314004778862,0.0011108321632491425,0.00957519409712404
21781,0.8725907951593399,0.005084653501398861,0.12232454307377338
21782,0.9761340916156769,0.0028684281860478222,0.020997487707063556
21783,0.944556787610054,0.0023865012626629323,0.05305668991059065
21784,0.993227556347847,0.00016692244025762193,0.006605560891330242
21785,0.4344804584980011,0.2518320716917515,0.313687477260828
21786,0.8975144624710083,0.0016245800943579525,0.10086094029247761
21787,0.11671449616551399,0.01140420779120177,0.8718813061714172
21788,0.965170606970787,0.012866267934441566,0.021963096223771572
21789,0.9016215652227402,0.005165923037566245,0.09321251139044762
21790,0.6850026845932007,0.02955327508971095,0.2854440324008465
21791,0.9801895469427109,0.002714363334234804,0.01709607243537903
21792,0.005882363358978182,0.0015312260220525786,0.9925864338874817
21793,0.6256700232625008,0.06113770650699735,0.3131922595202923
21794,0.9584177285432816,0.001209696987643838,0.040372541174292564
21795,0.9657578766345978,0.001769252005033195,0.03247284656390548
21796,0.8248108923435211,0.006501231226138771,0.1686878837645054
21797,0.9717103093862534,0.01566005079075694,0.012629619566723704
21798,0.9637862741947174,0.0022662366973236203,0.033947518561035395
21799,0.7912320196628571,0.0011106899619335309,0.20765728875994682
21800,0.9717266410589218,0.0063319518230855465,0.021941417828202248
21801,0.2930043824017048,0.00434190034866333,0.7026537135243416
21802,0.017752339132130146,0.0014126361202215776,0.980835035443306
21803,0.2861632853746414,0.0035434782330412418,0.710293248295784
21804,0.9291412532329559,0.006280110508669168,0.06457864493131638
21805,0.002544252492953092,0.003388526209164411,0.9940671920776367
21806,0.961075946688652,0.0005646032841468696,0.0383594729937613
21807,0.8835443556308746,0.00430760788731277,0.11214805394411087
21808,0.0725875236093998,0.03351562493480742,0.8938968628644943
21809,0.9814940243959427,0.0009419050911674276,0.01756409602239728
21810,0.9808443933725357,0.0007675743472645991,0.018388016615062952
21811,0.8250765353441238,0.03471927624195814,0.14020416885614395
21812,0.8629127442836761,0.010371556971222162,0.12671573273837566
21813,0.9014953374862671,0.011334965704008937,0.0871696975082159
21814,0.8669814020395279,0.0010442273269291036,0.13197436183691025
21815,0.6780450940132141,0.0020877372880931944,0.31986718624830246
21816,0.8518619984388351,0.008698632125742733,0.13943940587341785
21817,0.9002314805984497,0.006659536506049335,0.0931089948862791
21818,0.9452474117279053,0.0049067537183873355,0.049845848232507706
21819,0.9890316128730774,0.0005671627513947897,0.01040121994446963
21820,0.0169573740568012,0.0023356941528618336,0.9807069301605225
21821,0.011310801841318607,0.006994591298280284,0.9816946238279343
21822,0.9366864711046219,0.005295000853948295,0.058018521405756474
21823,0.9624551236629486,0.0037440221349243075,0.03380084130913019
21824,0.6326132640242577,0.0011556051613297313,0.36623111367225647
21825,0.1913015954196453,0.027786837425082922,0.7809115350246429
21826,0.9708152264356613,0.0017713882261887193,0.0274134106002748
21827,0.8444163501262665,0.005916996859014034,0.1496666520833969
21828,0.9765976965427399,0.005213033116888255,0.01818926353007555
21829,0.9624987095594406,0.0018736231286311522,0.03562766266986728
21830,0.8344937264919281,0.009124021278694272,0.1563822403550148
21831,0.5639512836933136,0.020805342588573694,0.41524336114525795
21832,0.8469490259885788,0.11666332557797432,0.03638765029609203
21833,0.07345141749829054,0.006492646760307252,0.920055940747261
21834,0.8834901601076126,0.0045039927354082465,0.11200582981109619
21835,0.9871584922075272,0.0003910818923031911,0.012450404115952551
21836,0.9668473899364471,0.0009554042044328526,0.0321972006931901
21837,0.9800429344177246,0.0017732013366185129,0.018183875596150756
21838,0.9656424820423126,0.010380466817878187,0.02397705940529704
21839,0.8157776892185211,0.02077788906171918,0.16344445012509823
21840,0.9825407266616821,0.00045137481356505305,0.01700791041366756
21841,0.06254776753485203,0.009118316695094109,0.9283338785171509
21842,0.5688854455947876,0.13056163489818573,0.3005529120564461
21843,0.9313940107822418,0.004920771112665534,0.06368523929268122
21844,0.013465098571032286,0.0009564065549056977,0.9855785071849823
21845,0.9393287599086761,0.0015126177822821774,0.05915861390531063
21846,0.5330062881112099,0.07888207212090492,0.3881116434931755
21847,0.857760101556778,0.00479346961947158,0.1374464426189661
21848,0.9721741527318954,0.013881008024327457,0.013944823760539293
21849,0.005531722912564874,0.0019925524102291092,0.992475688457489
21850,0.9369975179433823,0.002172051550587639,0.06083042919635773
21851,0.2518351599574089,0.006867213465739042,0.7412976324558258
21852,0.9341897815465927,0.007567656226456165,0.058242558501660824
21853,0.07737847976386547,0.0022628529695793986,0.9203586727380753
21854,0.9927757978439331,0.0005165469847270288,0.006707683438435197
21855,0.06292771641165018,0.0022678484383504838,0.9348044246435165
21856,0.8885310888290405,0.006199894705787301,0.10526900924742222
21857,0.24851029366254807,0.010745907668024302,0.7407438158988953
21858,0.006949353264644742,0.0011314901785226539,0.99191914498806
21859,0.9823426604270935,0.004286748968297616,0.013370582833886147
21860,0.020840486278757453,0.00478741672122851,0.974372148513794
21861,0.954021543264389,0.001928955112816766,0.044049497693777084
21862,0.8576240688562393,0.004883229441475123,0.13749269023537636
21863,0.8370575606822968,0.007169421296566725,0.15577301941812038
21864,0.0013718578848056495,0.0005615266636596061,0.9980666488409042
21865,0.39614733681082726,0.0031356323161162436,0.6007170230150223
21866,0.9502026289701462,0.020883325953036547,0.028914022259414196
21867,0.4948412999510765,0.006715541472658515,0.4984431639313698
21868,0.9803445488214493,0.002510547827114351,0.017144907964393497
21869,0.015328566543757915,0.0028101812640670687,0.9818612337112427
21870,0.8620849847793579,0.0066926593426615,0.13122236169874668
21871,0.8973794430494308,0.007686993107199669,0.0949335778132081
21872,0.9767238050699234,0.00038227251934586093,0.022893912624567747
21873,0.9637410193681717,0.00192546883772593,0.03433350194245577
21874,0.9885615110397339,0.0014062881527934223,0.010032205143943429
21875,0.3621343523263931,0.024001891491934657,0.6138637661933899
21876,0.9798517227172852,0.007420010166242719,0.012728230096399784
21877,0.9012616872787476,0.004194319655653089,0.09454399161040783
21878,0.9701656401157379,0.016817540861666203,0.0130168532487005
21879,0.8312496989965439,0.004452810622751713,0.1642974615097046
21880,0.8707900494337082,0.007285906816832721,0.12192408554255962
21881,0.9566458612680435,0.012925768503919244,0.030428373720496893
21882,0.016852805158123374,0.0065322093141730875,0.9766149818897247
21883,0.955099418759346,0.0038936957134865224,0.04100688640028238
21884,0.15576964616775513,0.007933740504086018,0.8362966179847717
21885,0.04070871276780963,0.0011823282984551042,0.9581089466810226
21886,0.9757803082466125,0.0022559960489161313,0.021963709499686956
21887,0.9549706429243088,0.004346417059423402,0.040682919789105654
21888,0.9834098815917969,0.001598400471266359,0.014991729287430644
21889,0.9901821464300156,0.0009913794201565906,0.008826475474052131
21890,0.9879891723394394,0.0006037876883056015,0.011407018639147282
21891,0.9911829382181168,0.0004525056647253223,0.008364559267647564
21892,0.9819107353687286,0.001836746116168797,0.016252536792308092
21893,0.7283853441476822,0.004888158058747649,0.2667265050113201
21894,0.9084471613168716,0.01213679846841842,0.07941603008657694
21895,0.9683109223842621,0.0022855076531413943,0.02940357429906726
21896,0.6428389847278595,0.014896652428433299,0.3422643765807152
21897,0.07251298520714045,0.24807024374604225,0.6794167757034302
21898,0.8910137712955475,0.0007610511675011367,0.10822517238557339
21899,0.9879872053861618,0.0010455132069182582,0.01096731738653034
21900,0.016092761303298175,0.0012405834277160466,0.9826666414737701
21901,0.9679774641990662,0.004609331983374432,0.027413206174969673
21902,0.9427531212568283,0.01559370243921876,0.041653165593743324
21903,0.9170900881290436,0.021317414240911603,0.06159250717610121
21904,0.023966370150446892,0.0024928318453021348,0.9735407680273056
21905,0.20360499434173107,0.0037821083096787333,0.7926128953695297
21906,0.35351701080799103,0.043166681192815304,0.6033163070678711
21907,0.12195201590657234,0.0025906238879542798,0.8754573464393616
21908,0.9202663004398346,0.006767869112081826,0.07296580076217651
21909,0.6813517361879349,0.023543014656752348,0.2951052635908127
21910,0.004900075786281377,0.0014576756075257435,0.993642270565033
21911,0.2692229375243187,0.08017372572794557,0.6506033539772034
21912,0.9903105944395065,0.0006838681583758444,0.009005519677884877
21913,0.9717777073383331,0.0032745792996138334,0.02494771545752883
21914,0.8692118674516678,0.05534282140433788,0.0754452794790268
21915,0.814154788851738,0.10722980834543705,0.07861540466547012
21916,0.07139001321047544,0.003995530714746565,0.9246144592761993
21917,0.12841219082474709,0.10179325565695763,0.7697945535182953
21918,0.9880803525447845,0.00025587616619304754,0.011663759360089898
21919,0.8996842503547668,0.004714043578132987,0.09560172446072102
21920,0.33542225509881973,0.02357586519792676,0.6410018801689148
21921,0.9122561663389206,0.013158187502995133,0.07458563148975372
21922,0.7587336301803589,0.04118707636371255,0.2000793069601059
21923,0.9433161616325378,0.002954302675789222,0.053729561157524586
21924,0.6383159756660461,0.008573531988076866,0.3531104661524296
21925,0.19410620257258415,0.007191893178969622,0.7987019121646881
21926,0.9648659527301788,0.01717240270227194,0.017961631529033184
21927,0.9734020680189133,0.00283080484950915,0.023767083883285522
21928,0.9915056526660919,0.0021868297189939767,0.006307535688392818
21929,0.9509552419185638,0.010770117514766753,0.03827464487403631
21930,0.8692554980516434,0.00485813821433112,0.1258863303810358
21931,0.9582322984933853,0.0038474490866065025,0.03792022215202451
21932,0.25992414727807045,0.007486887858249247,0.7325889468193054
21933,0.8933993279933929,0.017265893984586,0.08933478314429522
21934,0.5050782263278961,0.017441292060539126,0.4774804934859276
21935,0.8501433581113815,0.004107873188331723,0.1457487754523754
21936,0.023453783243894577,0.004983874678146094,0.9715623706579208
21937,0.5516285002231598,0.0028560037608258426,0.4455154910683632
21938,0.19616441801190376,0.002326278801774606,0.8015092760324478
21939,0.9623958021402359,0.01696088328026235,0.020643297815695405
21940,0.9829975366592407,0.0004885334528808016,0.016513943672180176
21941,0.414231538772583,0.09593132603913546,0.4898371398448944
21942,0.05205621337518096,0.01653314963914454,0.9314106553792953
21943,0.9491854012012482,0.0033688779803924263,0.04744573403149843
21944,0.9009180665016174,0.020839498611167073,0.07824243046343327
21945,0.8648025244474411,0.003956972097512335,0.13124051690101624
21946,0.0021295823680702597,0.0002110930290655233,0.9976593255996704
21947,0.016226707957684994,0.015954274218529463,0.967819020152092
21948,0.9283177405595779,0.0038982691476121545,0.06778398156166077
21949,0.9287361651659012,0.001310981358983554,0.06995282787829638
21950,0.9587208777666092,0.004890174837782979,0.03638896252959967
21951,0.8925316333770752,0.036035731667652726,0.07143264729529619
21952,0.1113727055490017,0.03772345487959683,0.8509038388729095
21953,0.7356986403465271,0.07669361308217049,0.18760772794485092
21954,0.895402729511261,0.04874523403123021,0.055852048099040985
21955,0.9936064183712006,0.0030595387797802687,0.0033340157533530146
21956,0.028233090415596962,0.006624212022870779,0.9651427119970322
21957,0.9863538444042206,0.0018475839169695973,0.01179857354145497
21958,0.6412629634141922,0.06097794068045914,0.2977590747177601
21959,0.26162921264767647,0.004330534138716757,0.7340402454137802
21960,0.015442997217178345,0.005782132153399289,0.978774830698967
21961,0.933894619345665,0.006106313434429467,0.05999908596277237
21962,0.9437407404184341,0.0024961041199276224,0.053763183765113354
21963,0.9716882258653641,0.002643245388753712,0.025668528396636248
21964,0.6108639165759087,0.0053820941830053926,0.3837540075182915
21965,0.9726648777723312,0.0012362091802060604,0.026098917238414288
21966,0.0016090818244265392,0.0004298349922464695,0.9979611039161682
21967,0.3477580398321152,0.0066337185562588274,0.6456082686781883
21968,0.8415585458278656,0.008281717309728265,0.15015974827110767
21969,0.638344794511795,0.012977117556147277,0.348678108304739
21970,0.9764469712972641,0.0003089372366957832,0.02324409829452634
21971,0.9814195334911346,0.0016257398528978229,0.01695475517772138
21972,0.915961965918541,0.002829281467711553,0.08120876224711537
21973,0.5978530570864677,0.20076283067464828,0.20138411596417427
21974,0.9909237176179886,0.0006372328280122019,0.008439075667411089
21975,0.9337647259235382,0.0026912243920378387,0.06354403775185347
21976,0.09035685379058123,0.013452621642500162,0.8961904793977737
21977,0.9882633239030838,0.0003135619845124893,0.011423141695559025
21978,0.7453068494796753,0.08383652567863464,0.1708566453307867
21979,0.01807364053092897,0.002901953092077747,0.9790244251489639
21980,0.9869205802679062,0.0025594047910999507,0.010520010022446513
21981,0.8823062032461166,0.005225581757258624,0.11246821656823158
21982,0.9059305787086487,0.004291138495318592,0.08977831527590752
21983,0.07244419679045677,0.024404417956247926,0.9031514078378677
21984,0.9509408622980118,0.00305420535732992,0.04600495798513293
21985,0.7643418908119202,0.0682999724522233,0.1673581302165985
21986,0.3824040964245796,0.003284917096607387,0.6143110021948814
21987,0.04328862624242902,0.004353202064521611,0.9523581713438034
21988,0.8820007145404816,0.004441323399078101,0.11355793662369251
21989,0.020657451823353767,0.0022257245145738125,0.9771168231964111
21990,0.03571133897639811,0.005823666229844093,0.9584649950265884
21991,0.9870157390832901,0.002213258485426195,0.01077101519331336
21992,0.9417986869812012,0.04073221702128649,0.017469101818278432
21993,0.8631661683320999,0.005032019689679146,0.13180178962647915
21994,0.32810185477137566,0.5857239812612534,0.08617416117340326
21995,0.9543025195598602,0.0020875644695479423,0.04360994836315513
21996,0.7555282413959503,0.22686154395341873,0.017610198818147182
21997,0.9818351417779922,0.002776541601633653,0.01538831158541143
21998,0.4457448273897171,0.40308140963315964,0.1511737797409296
21999,0.11214855872094631,0.0022538492048624903,0.8855975866317749
22000,0.14212001860141754,0.013161491369828582,0.8447185009717941
22001,0.9705437123775482,0.0016541907098144293,0.027802097145467997
22002,0.9574046432971954,0.004882242297753692,0.03771308297291398
22003,0.9697641432285309,0.013075925875455141,0.017159926937893033
22004,0.9812842160463333,0.0017725440411595628,0.016943243565037847
22005,0.12376784719526768,0.0048928086762316525,0.8713393360376358
22006,0.6874767243862152,0.012492203386500478,0.30003105849027634
22007,0.8427703529596329,0.010031564394012094,0.14719807356595993
22008,0.9678083956241608,0.00428698118776083,0.027904640417546034
22009,0.00824455259134993,0.0006228761776583269,0.9911325871944427
22010,0.3992627412080765,0.008634261204861104,0.5921030193567276
22011,0.8800790160894394,0.008397804806008935,0.11152318120002747
22012,0.8979521989822388,0.0013896207674406469,0.10065815784037113
22013,0.9773248583078384,0.004574438149575144,0.018100713146850467
22014,0.6734137609601021,0.003762616601306945,0.322823628783226
22015,0.5617021769285202,0.059811392799019814,0.37848642840981483
22016,0.09057247824966908,0.030455389758571982,0.8789721131324768
22017,0.5073397904634476,0.01632149936631322,0.4763387143611908
22018,0.8736725300550461,0.002437402174109593,0.12389006838202477
22019,0.9881469905376434,0.0032224479655269533,0.008630579512100667
22020,0.9768379032611847,0.0063531226478517056,0.01680898736231029
22021,0.9691435843706131,0.0014291828556451946,0.029427265282720327
22022,0.9742613136768341,0.0027113002724945545,0.02302739303559065
22023,0.9832611829042435,0.0005059685390733648,0.01623285165987909
22024,0.9640032052993774,0.00195523897127714,0.03404155559837818
22025,0.604762502014637,0.013639086158946157,0.3815983980894089
22026,0.008804933866485953,0.0009995331492973492,0.9901955425739288
22027,0.7945132553577423,0.025977060198783875,0.17950970865786076
22028,0.9298569709062576,0.025701165199279785,0.0444418634288013
22029,0.987917885184288,0.0014734208743902855,0.01060865679755807
22030,0.9002476334571838,0.007202953682281077,0.0925494097173214
22031,0.9838589280843735,0.0005508152607944794,0.015590233029797673
22032,0.9535339623689651,0.004664657782996073,0.04180135345086455
22033,0.9521420001983643,0.026516679907217622,0.021341291954740882
22034,0.9621108621358871,0.000607993446465116,0.03728114999830723
22035,0.9620965272188187,0.0019871163822244853,0.03591635636985302
22036,0.9203674346208572,0.004353494965471327,0.07527906727045774
22037,0.7870221883058548,0.009696291293948889,0.20328153297305107
22038,0.9858786165714264,0.003638425114331767,0.010482958285138011
22039,0.814315065741539,0.04042839398607612,0.14525655657052994
22040,0.026540749706327915,0.005555624491535127,0.9679036438465118
22041,0.9834601879119873,0.0011272128322161734,0.015412623528391123
22042,0.608151875436306,0.03543882514350116,0.35640929266810417
22043,0.5866451859474182,0.018024629447609186,0.39533017575740814
22044,0.9857124239206314,0.0005028263403801247,0.013784790877252817
22045,0.9630971848964691,0.0025456696457695216,0.03435714775696397
22046,0.9912506937980652,0.0012568175588967279,0.007492501405067742
22047,0.8482278734445572,0.015215141698718071,0.13655700534582138
22048,0.9812426716089249,0.00037505994987441227,0.01838231971487403
22049,0.9699227064847946,0.0027331850142218173,0.027344126254320145
22050,0.9651259034872055,0.0009842766012297943,0.033889830112457275
22051,0.27406833320856094,0.00998046773020178,0.715951219201088
22052,0.8365041613578796,0.026785943657159805,0.1367098819464445
22053,0.9570220857858658,0.0028633488982450217,0.040114554576575756
22054,0.4235236272215843,0.018791520968079567,0.5576848313212395
22055,0.8006578832864761,0.011826539295725524,0.18751562014222145
22056,0.09480483271181583,0.05774067994207144,0.8474544733762741
22057,0.0680034039542079,0.1960628777742386,0.7359337210655212
22058,0.8622887432575226,0.017798030574340373,0.11991324089467525
22059,0.9680794328451157,0.0006629011695622467,0.03125767828896642
22060,0.9733380377292633,0.0010380121966591105,0.0256239240989089
22061,0.04749721148982644,0.00911724369507283,0.9433855563402176
22062,0.5911329537630081,0.007974392385222018,0.40089263021945953
22063,0.9860563576221466,0.0014999849227024242,0.01244364376179874
22064,0.9159981906414032,0.003965649288147688,0.08003613911569118
22065,0.9193542003631592,0.0033792112371884286,0.07726659253239632
22066,0.025390730006620288,0.0028110024286434054,0.9717982411384583
22067,0.7529151141643524,0.026649657636880875,0.22043521329760551
22068,0.9117823541164398,0.002752238229732029,0.08546540886163712
22069,0.9619004279375076,0.002275169739732519,0.03582439012825489
22070,0.8412607312202454,0.004168002691585571,0.15457126311957836
22071,0.04181830072775483,0.013034036383032799,0.9451476782560349
22072,0.06174398772418499,0.007737813808489591,0.9305181801319122
22073,0.9619358330965042,0.001194246651721187,0.036869924515485764
22074,0.8403423726558685,0.037939675617963076,0.12171795219182968
22075,0.961953192949295,0.0026047479768749326,0.03544203145429492
22076,0.5694042220711708,0.002293284807819873,0.42830249667167664
22077,0.9384807199239731,0.0015079391305334866,0.06001131795346737
22078,0.8455182462930679,0.006959520746022463,0.1475222222507
22079,0.47886692732572556,0.005790150666143745,0.5153429359197617
22080,0.8615281134843826,0.01825302606448531,0.12021886929869652
22081,0.8305212259292603,0.013556985650211573,0.15592179633677006
22082,0.06715605966746807,0.02018247719388455,0.9126614630222321
22083,0.9800216555595398,0.007934744528029114,0.012043599970638752
22084,0.08814061991870403,0.007943415781483054,0.9039159566164017
22085,0.7583338469266891,0.01182739739306271,0.22983871772885323
22086,0.9397757798433304,0.004557874868623912,0.05566630605608225
22087,0.9416884630918503,0.033396591898053885,0.02491489937528968
22088,0.010075333877466619,0.00027920019783778116,0.9896454513072968
22089,0.099471066147089,0.17188463546335697,0.7286442816257477
22090,0.8994820713996887,0.0019308678165543824,0.0985870435833931
22091,0.5781513303518295,0.001703834583167918,0.42014482617378235
22092,0.950237050652504,0.016389427706599236,0.03337350534275174
22093,0.9871402084827423,0.0003345750992593821,0.012525211786851287
22094,0.7440808266401291,0.012538019684143364,0.24338113516569138
22095,0.9885642677545547,0.0003009857682627626,0.011134751257486641
22096,0.8821158856153488,0.023463010555133224,0.09442109242081642
22097,0.6035734117031097,0.01140128739643842,0.3850253000855446
22098,0.2400071695446968,0.10039416700601578,0.6595986783504486
22099,0.8709567785263062,0.003038338792975992,0.1260049119591713
22100,0.5954116806387901,0.0491779581643641,0.3554103374481201
22101,0.9651868343353271,0.0010068034462165087,0.03380635241046548
22102,0.9564089477062225,0.006205158191733062,0.03738592006266117
22103,0.9895830005407333,0.0006773811328457668,0.009739624569192529
22104,0.012387293158099055,0.05043817078694701,0.9371745139360428
22105,0.7533716857433319,0.015035901451483369,0.2315924409776926
22106,0.0632024621590972,0.004234035557601601,0.9325634837150574
22107,0.9605864882469177,0.003246100852265954,0.03616739483550191
22108,0.005980239016935229,0.0010898992331931368,0.9929298907518387
22109,0.8791854530572891,0.03201172407716513,0.08880282938480377
22110,0.9772823601961136,0.0015634437731932849,0.021154190879315138
22111,0.9826779812574387,0.003170094161760062,0.014151928713545203
22112,0.8354974985122681,0.010766986524686217,0.15373550541698933
22113,0.18060960434377193,0.02911932743154466,0.790271058678627
22114,0.6245690807700157,0.02507081674411893,0.35036009550094604
22115,0.9314261823892593,0.0030316476768348366,0.06554215308278799
22116,0.6001169458031654,0.35017282888293266,0.04971023742109537
22117,0.9347135275602341,0.0035019935166928917,0.061784463468939066
22118,0.9736785292625427,0.0017418920615455136,0.02457957388833165
22119,0.9846838116645813,0.006897742976434529,0.008418434881605208
22120,0.8759694546461105,0.06024119444191456,0.06378939934074879
22121,0.8225398510694504,0.011459838133305311,0.16600031964480877
22122,0.8456733673810959,0.012651532422751188,0.1416750978678465
22123,0.9082759916782379,0.0033914064115379006,0.08833258878439665
22124,0.9803635329008102,0.0060630395309999585,0.013573383097536862
22125,0.9575423747301102,0.000880445666552987,0.04157716082409024
22126,0.07834129966795444,0.10180377401411533,0.8198549300432205
22127,0.9109057635068893,0.010630534030497074,0.07846367824822664
22128,0.8731457591056824,0.002089807952870615,0.12476442754268646
22129,0.99245285987854,0.0005024109632358886,0.007044734433293343
22130,0.9948413223028183,0.000515931133122649,0.0046427525812759995
22131,0.9924263954162598,0.0007411077895085327,0.006832486600615084
22132,0.6730896383523941,0.25828107073903084,0.0686293113976717
22133,0.36880146712064743,0.01008710142923519,0.6211114823818207
22134,0.6659006327390671,0.010863115778192878,0.32323625683784485
22135,0.9901593625545502,0.0025909542746376246,0.007249694783240557
22136,0.9533586353063583,0.013763808645308018,0.032877540215849876
22137,0.7609066963195801,0.007666437770240009,0.23142686858773232
22138,0.9177228212356567,0.005572205758653581,0.07670497614890337
22139,0.8208993524312973,0.003932835708837956,0.17516780085861683
22140,0.7971259653568268,0.07879158481955528,0.12408244237303734
22141,0.10504747182130814,0.07650471199303865,0.8184477984905243
22142,0.9749059975147247,0.0015102053876034915,0.023583770031109452
22143,0.9187874794006348,0.009994272608309984,0.07121826894581318
22144,0.3263455182313919,0.02551683154888451,0.6481376513838768
22145,0.0042782724485732615,0.00127809212426655,0.9944436401128769
22146,0.5341055989265442,0.047193555161356926,0.41870084404945374
22147,0.2005576491355896,0.0038521417882293463,0.7955901920795441
22148,0.004379183694254607,0.004285009112209082,0.9913357794284821
22149,0.990446463227272,0.0034294789656996727,0.00612407416338101
22150,0.9406173080205917,0.029263980221003294,0.030118712689727545
22151,0.8804555982351303,0.006022451038006693,0.11352194286882877
22152,0.936744213104248,0.01434647897258401,0.04890930466353893
22153,0.028744392096996307,0.0024844188010320067,0.9687711745500565
22154,0.15140193328261375,0.012025043019093573,0.8365730494260788
22155,0.0058594082947820425,0.0011079832911491394,0.9930325895547867
22156,0.9768641293048859,0.0004413911738083698,0.02269448828883469
22157,0.015606730012223125,0.001483214262407273,0.9829100668430328
22158,0.0138391851214692,0.005237203033175319,0.9809236228466034
22159,0.9049905091524124,0.002735789545113221,0.09227371029555798
22160,0.8090808838605881,0.013669186504557729,0.17724992148578167
22161,0.973214402794838,0.0003912870888598263,0.026394321117550135
22162,0.6182969436049461,0.029119594022631645,0.35258347168564796
22163,0.9282018840312958,0.005239513062406331,0.06655860971659422
22164,0.9822315722703934,0.0011249916424276307,0.016643406124785542
22165,0.19649533554911613,0.0031645108247175813,0.8003401309251785
22166,0.7547528892755508,0.0034660080273170024,0.2417810559272766
22167,0.9657429903745651,0.0007809676753822714,0.03347606351599097
22168,0.008601170382462442,0.0021973300317768008,0.9892015010118484
22169,0.8103895336389542,0.001479513055528514,0.18813096918165684
22170,0.492445632815361,0.009489122603554279,0.498065248131752
22171,0.6468527466058731,0.00914058811031282,0.3440066687762737
22172,0.9177800118923187,0.01663948129862547,0.06558050401508808
22173,0.9484695941209793,0.0026233057724311948,0.048907093703746796
22174,0.6127706244587898,0.0023478415387216955,0.38488151878118515
22175,0.9509706646203995,0.002109512686729431,0.04691984551027417
22176,0.7254784107208252,0.02342418162152171,0.2510973997414112
22177,0.048465147614479065,0.003606723854318261,0.9479281455278397
22178,0.940154105424881,0.0039182718901429325,0.05592760443687439
22179,0.7154447436332703,0.005614257592242211,0.27894099056720734
22180,0.8582437038421631,0.05012416699901223,0.09163212031126022
22181,0.993485152721405,0.0011462293041404337,0.005368631798774004
22182,0.06730051059275866,0.027203704230487347,0.9054957926273346
22183,0.9791869074106216,0.0007138565269997343,0.02009917760733515
22184,0.6584548950195312,0.26107222586870193,0.08047288469970226
22185,0.8986676782369614,0.00852075347211212,0.09281154908239841
22186,0.568231001496315,0.007793369877617806,0.4239756241440773
22187,0.9098255336284637,0.00455164595041424,0.0856228033080697
22188,0.9762200564146042,0.006194498215336353,0.017585461726412177
22189,0.9842022955417633,0.000451761981821619,0.015345945721492171
22190,0.9677902013063431,0.003409274504519999,0.028800501953810453
22191,0.849340632557869,0.10788923501968384,0.04277011239901185
22192,0.9901710003614426,0.0002228121302323416,0.009606188628822565
22193,0.9838035702705383,0.0013198209344409406,0.014876625500619411
22194,0.11736539378762245,0.007983144314493984,0.8746514618396759
22195,0.9907454252243042,0.0005601369775831699,0.008694415213540196
22196,0.8236947506666183,0.008920762222260237,0.16738448850810528
22197,0.9716635793447495,0.0022362514573615044,0.02610019501298666
22198,0.928243100643158,0.002601731044705957,0.06915515940636396
22199,0.048816878348588943,0.006245379452593625,0.9449377059936523
22200,0.8934468030929565,0.008481427619699389,0.09807177353650331
22201,0.8000313490629196,0.042581216897815466,0.15738744288682938
22202,0.9449635148048401,0.001702047055005096,0.053334430791437626
22203,0.6115701645612717,0.003876972768921405,0.38455286622047424
22204,0.9784519821405411,0.00025446559266129043,0.021293568890541792
22205,0.3828783147037029,0.030922913923859596,0.5861987844109535
22206,0.969294935464859,0.002949853369500488,0.027755208779126406
22207,0.9149845689535141,0.004837943706661463,0.08017750829458237
22208,0.9453874677419662,0.007270846515893936,0.047341691330075264
22209,0.8891367614269257,0.01087863533757627,0.0999845638871193
22210,0.954202875494957,0.0026114277716260403,0.043185663875192404
22211,0.994392603635788,0.0006621534994337708,0.004945237655192614
22212,0.9781824499368668,0.0017033457552315667,0.020114199724048376
22213,0.6099139451980591,0.019927301909774542,0.37015875056385994
22214,0.9427856951951981,0.011350846965797246,0.04586345609277487
22215,0.624444954097271,0.014396119280718267,0.3611588850617409
22216,0.04981036577373743,0.006472229841165245,0.9437174201011658
22217,0.21167803555727005,0.009168341290205717,0.7791536152362823
22218,0.11357950605452061,0.001685220078798011,0.8847352862358093
22219,0.9552493840456009,0.005447546893265098,0.03930309182032943
22220,0.9620802998542786,0.01976145408116281,0.018158235121518373
22221,0.6556420177221298,0.027159500867128372,0.3171984814107418
22222,0.03589419508352876,0.012611032230779529,0.9514947682619095
22223,0.8235765993595123,0.0023614001111127436,0.17406202293932438
22224,0.995548740029335,0.00021318359540600795,0.004238082212395966
22225,0.8615649789571762,0.005996487918309867,0.13243849761784077
22226,0.024436284322291613,0.022155042504891753,0.9534086883068085
22227,0.023538873065263033,0.0007258351251948625,0.9757352769374847
22228,0.9436211287975311,0.009559383615851402,0.04681950528174639
22229,0.7273553535342216,0.1271869009360671,0.14545774646103382
22230,0.8800472319126129,0.012823846307583153,0.10712893307209015
22231,0.9370972961187363,0.003844218997983262,0.05905848741531372
22232,0.7950939387083054,0.008960807113908231,0.19594525173306465
22233,0.002836348459823057,0.0003540852230798919,0.9968095868825912
22234,0.9689188003540039,0.004088728048373014,0.026992487255483866
22235,0.956101581454277,0.0032926540879998356,0.040605786722153425
22236,0.8480807989835739,0.005970238824374974,0.1459489595144987
22237,0.9720534086227417,0.005008999403798953,0.02293763216584921
22238,0.8624049127101898,0.007283172395545989,0.1303119082003832
22239,0.5447720661759377,0.017444954486563802,0.43778299540281296
22240,0.014945726841688156,0.015491559635847807,0.9695626944303513
22241,0.038262804970145226,0.005775494733825326,0.9559617042541504
22242,0.9830940812826157,0.0016146287380252033,0.015291332267224789
22243,0.7572778910398483,0.0462784287519753,0.19644366949796677
22244,0.9335543513298035,0.002224867814220488,0.0642207763157785
22245,0.9620552062988281,0.011727893725037575,0.026216913014650345
22246,0.9608446806669235,0.01775728154461831,0.021398016484454274
22247,0.9257735908031464,0.03339298767969012,0.040833404287695885
22248,0.9279114902019501,0.0076791036408394575,0.06440942361950874
22249,0.01683439570479095,0.006286325689870864,0.9768792688846588
22250,0.009587619570083916,0.0013467017852235585,0.9890656918287277
22251,0.6950975358486176,0.018790885922499,0.28611160069704056
22252,0.16761852614581585,0.010431500850245357,0.8219499439001083
22253,0.7859122604131699,0.08720536157488823,0.1268823891878128
22254,0.03163877688348293,0.00460996208130382,0.9637512564659119
22255,0.9419293403625488,0.004335078352596611,0.05373554304242134
22256,0.030166381504386663,0.0043743044952861965,0.965459331870079
22257,0.9316585063934326,0.016553149092942476,0.051788332872092724
22258,0.9854147136211395,0.0016103489251690917,0.012974963523447514
22259,0.42990096658468246,0.007609613472595811,0.5624893978238106
22260,0.1732281632721424,0.00521246314747259,0.8215593695640564
22261,0.3562046252191067,0.049620906822383404,0.5941744744777679
22262,0.0023000203364063054,0.00027599391250987537,0.9974240213632584
22263,0.588991753757,0.007501680520363152,0.4035065844655037
22264,0.9859069138765335,0.0006384988591889851,0.013454566360451281
22265,0.8644667118787766,0.019246132345870137,0.11628715880215168
22266,0.9677342474460602,0.013631517649628222,0.018634212901815772
22267,0.9719522595405579,0.007952748565003276,0.02009500889107585
22268,0.9697551876306534,0.002954144249088131,0.02729067299515009
22269,0.9231229871511459,0.0015675005270168185,0.07530953269451857
22270,0.021769921761006117,0.0017276718863286078,0.9765024334192276
22271,0.3693837895989418,0.09772183746099472,0.5328943431377411
22272,0.9095259457826614,0.006093847448937595,0.08438019640743732
22273,0.733562782406807,0.003144268208416179,0.26329296082258224
22274,0.9589532166719437,0.0015438856789842248,0.03950289636850357
22275,0.1961755957454443,0.0115102743729949,0.7923141121864319
22276,0.9890705347061157,0.000688140033162199,0.01024130592122674
22277,0.9612551182508469,0.01974778948351741,0.01899708341807127
22278,0.9455017745494843,0.004940602637361735,0.04955763276666403
22279,0.9082889407873154,0.019428504398092628,0.07228255644440651
22280,0.9264416843652725,0.0029942317923996598,0.07056409865617752
22281,0.9275018572807312,0.004875576123595238,0.06762257125228643
22282,0.9257968366146088,0.004024450725410134,0.07017871644347906
22283,0.7738606631755829,0.1725545097142458,0.05358484433963895
22284,0.79742132127285,0.009195758262649179,0.19338290393352509
22285,0.7052825093269348,0.009085569879971445,0.2856319658458233
22286,0.832258939743042,0.002669214823981747,0.1650718506425619
22287,0.9354731738567352,0.007173972204327583,0.057352849282324314
22288,0.8943928778171539,0.004240830312483013,0.10136629827320576
22289,0.9866586178541183,0.0017072871269192547,0.011634094873443246
22290,0.8358549624681473,0.01070897001773119,0.153436079621315
22291,0.8254183530807495,0.006341205211356282,0.16824042238295078
22292,0.9823815077543259,0.0020979910623282194,0.015520478831604123
22293,0.9529332220554352,0.0014967705792514607,0.045570012647658587
22294,0.19130867719650269,0.008392450865358114,0.8002988249063492
22295,0.9185299426317215,0.0056228917092084885,0.07584718614816666
22296,0.7465829253196716,0.02896299143321812,0.22445404715836048
22297,0.8882193267345428,0.0010230636544292793,0.11075761169195175
22298,0.9053633511066437,0.0034972971479874104,0.09113936685025692
22299,0.9443400055170059,0.014975578291341662,0.04068442340940237
22300,0.030120667535811663,0.0011008657165803015,0.9687784761190414
22301,0.9864917993545532,0.004861722991336137,0.008646493079140782
22302,0.9755778908729553,0.0011457031287136488,0.02327638166025281
22303,0.9290373772382736,0.010459278826601803,0.06050335709005594
22304,0.9787849485874176,0.0037472201511263847,0.017467826372012496
22305,0.5691398233175278,0.00398041948210448,0.42687975615262985
22306,0.050193512346595526,0.0017506237636553124,0.9480558633804321
22307,0.9947662949562073,0.0020436099730432034,0.003190101182553917
22308,0.2544698305428028,0.0186556673143059,0.7268745005130768
22309,0.4014367014169693,0.012338923406787217,0.586224377155304
22310,0.004409232235047966,0.0004092412127647549,0.995181530714035
22311,0.13957791775465012,0.05525343772023916,0.8051686435937881
22312,0.9654365926980972,0.0019394981500227004,0.032623923383653164
22313,0.26232756674289703,0.03725763829424977,0.7004147917032242
22314,0.7080180048942566,0.1612562444061041,0.13072571717202663
22315,0.546850748360157,0.0016356825653929263,0.4515135884284973
22316,0.9743711054325104,0.00426475255517289,0.02136416221037507
22317,0.14233467727899551,0.020435153506696224,0.8372301608324051
22318,0.24835290387272835,0.08326122257858515,0.6683858633041382
22319,0.955347940325737,0.009970461600460112,0.03468157025054097
22320,0.9950329959392548,0.0007273937517311424,0.004239637695718557
22321,0.9963252991437912,0.00035749978633248247,0.0033171922841574997
22322,0.9574711173772812,0.004923311702441424,0.037605558056384325
22323,0.9631606638431549,0.0036705294041894376,0.03316884394735098
22324,0.9884855002164841,0.0009886180414468981,0.010525879566557705
22325,0.9930232763290405,0.0003893461216648575,0.0065873428247869015
22326,0.9826849699020386,0.001528894019429572,0.015786121832206845
22327,0.9097076207399368,0.001657363201957196,0.08863503765314817
22328,0.006771038693841547,0.006403814302757382,0.9868251383304596
22329,0.4491208419203758,0.0026928565348498523,0.5481863170862198
22330,0.9060276001691818,0.03134002001024783,0.06263238098472357
22331,0.01656792452558875,0.010331029479857534,0.9731010645627975
22332,0.9222090542316437,0.002201086317654699,0.07558982353657484
22333,0.989930272102356,0.002295645244885236,0.00777408282738179
22334,0.8977503031492233,0.005025929945986718,0.09722376335412264
22335,0.027833974454551935,0.0035337747540324926,0.9686322510242462
22336,0.9742929488420486,0.0012351508776191622,0.024471897864714265
22337,0.5032605901360512,0.04766415664926171,0.44907525926828384
22338,0.014653102029114962,0.0015853354125283659,0.9837615489959717
22339,0.03424440883100033,0.0007468957410310395,0.9650086760520935
22340,0.43123893439769745,0.5151205733418465,0.05364048108458519
22341,0.9464681148529053,0.0035535850329324603,0.049978331197053194
22342,0.3891100808978081,0.003957334440201521,0.6069325879216194
22343,0.8136002719402313,0.0015274499164661393,0.18487228080630302
22344,0.9658335298299789,0.003294008260127157,0.030872473493218422
22345,0.9625045359134674,0.003381135262316093,0.03411432367283851
22346,0.049579386599361897,0.03692152677103877,0.9134991019964218
22347,0.9644742906093597,0.016035209642723203,0.019490514416247606
22348,0.9233192354440689,0.0289610706968233,0.04771968303248286
22349,0.8897522985935211,0.0471923197619617,0.06305536441504955
22350,0.01557240984402597,0.004116460331715643,0.9803111106157303
22351,0.8957043439149857,0.0026872840826399624,0.10160837415605783
22352,0.9632521569728851,0.015477890498004854,0.021269935416057706
22353,0.3725479729473591,0.003386394411791116,0.6240656152367592
22354,0.02163449046202004,0.004270891775377095,0.9740946143865585
22355,0.8178695887327194,0.0007439779801643454,0.18138645216822624
22356,0.9820901900529861,0.0010448850807733834,0.01686490373685956
22357,0.9860567003488541,0.00024674403175595216,0.013696524547412992
22358,0.9643863588571548,0.0031546998652629554,0.032458928413689137
22359,0.9708341062068939,0.003435789840295911,0.02573012071661651
22360,0.9319343715906143,0.0035494076291797683,0.06451621372252703
22361,0.9802229255437851,0.0013057171454420313,0.018471371615305543
22362,0.9834539443254471,0.000823062211566139,0.01572302426211536
22363,0.9705637246370316,0.011626418097876012,0.017809886718168855
22364,0.6269062608480453,0.01193675328977406,0.36115697398781776
22365,0.32781847938895226,0.3684331849217415,0.30374832078814507
22366,0.9582774937152863,0.0012224250967847183,0.040500108152627945
22367,0.9718364924192429,0.01273684622719884,0.015426683938130736
22368,0.9828725010156631,0.0009037425552378409,0.016223759157583117
22369,0.7365747094154358,0.03267298638820648,0.23075230419635773
22370,0.9215671718120575,0.04834194295108318,0.030090918764472008
22371,0.9742336124181747,0.0013324492610991001,0.0244339348282665
22372,0.9378991574048996,0.002514628227800131,0.05958621762692928
22373,0.04345023352652788,0.26360585168004036,0.6929439380764961
22374,0.1524495668709278,0.015087490435689688,0.8324629217386246
22375,0.7989534139633179,0.006567361415363848,0.19447923637926579
22376,0.02830145787447691,0.03225180716253817,0.9394467324018478
22377,0.5807213857769966,0.011300534126348794,0.4079780876636505
22378,0.73993881046772,0.05277018900960684,0.20729098096489906
22379,0.013087490922771394,0.01571511256042868,0.9711973667144775
22380,0.9794986248016357,0.002271208300953731,0.01823014416731894
22381,0.27608543261885643,0.015859950799494982,0.7080546170473099
22382,0.9632656127214432,0.018238527001813054,0.01849585771560669
22383,0.04720629192888737,0.0021312079770723358,0.9506624788045883
22384,0.8967747837305069,0.004215382388792932,0.0990098062902689
22385,0.004294028563890606,0.00040931648982223123,0.9952966570854187
22386,0.971518874168396,0.002664342668140307,0.0258167686406523
22387,0.5211118683218956,0.003737974911928177,0.4751501604914665
22388,0.9921437650918961,0.0007401349430438131,0.007116099004633725
22389,0.26597602665424347,0.018681353772990406,0.71534264087677
22390,0.966967448592186,0.0028474672290030867,0.030185083858668804
22391,0.7554077506065369,0.004314334655646235,0.2402779497206211
22392,0.8507649600505829,0.02372804842889309,0.12550699058920145
22393,0.040312858298420906,0.7748340964317322,0.18485304340720177
22394,0.7707030475139618,0.00647108955308795,0.22282586432993412
22395,0.9916599690914154,0.0004173864799668081,0.00792264670599252
22396,0.5621945559978485,0.0027229817351326346,0.43508247658610344
22397,0.9769339263439178,0.0020714088896056637,0.020994662307202816
22398,0.9367685765028,0.007271421694895253,0.055960032157599926
22399,0.1971133705228567,0.004893138480838388,0.7979935258626938
22400,0.711868554353714,0.025603462709113955,0.2625279799103737
22401,0.011015873227734119,0.002437411167193204,0.9865466952323914
22402,0.11320036835968494,0.030294235097244382,0.8565053939819336
22403,0.012947806739248335,0.010372466291300952,0.976679727435112
22404,0.9930157214403152,0.0015300251398002729,0.005454238853417337
22405,0.975631058216095,0.0003378987930773292,0.024031040957197547
22406,0.9897444695234299,0.001024931509164162,0.009230590192601085
22407,0.8903725445270538,0.007012769929133356,0.1026146886870265
22408,0.8935732394456863,0.0021520055597648025,0.10427477024495602
22409,0.5448245853185654,0.0025812923267949373,0.4525941237807274
22410,0.9620030373334885,0.002984875871334225,0.03501212876290083
22411,0.016162133775651455,0.001956356631126255,0.9818814694881439
22412,0.021384988445788622,0.00238370563602075,0.9762313216924667
22413,0.9394403547048569,0.005995976156555116,0.05456362199038267
22414,0.07341290591284633,0.05756261572241783,0.869024470448494
22415,0.01519128936342895,0.0014763060753466561,0.9833323955535889
22416,0.06261793337762356,0.0017654641414992511,0.9356166124343872
22417,0.9744921922683716,0.0035391577694099396,0.02196866227313876
22418,0.6236445382237434,0.005408936704043299,0.3709465079009533
22419,0.22547629475593567,0.003620265080826357,0.7709034383296967
22420,0.9099611341953278,0.004951546638039872,0.08508731052279472
22421,0.045945614110678434,0.07200444862246513,0.8820499777793884
22422,0.7818252146244049,0.009039056720212102,0.209135752171278
22423,0.8944879919290543,0.007984499214217067,0.09752753283828497
22424,0.3496440164744854,0.01695228274911642,0.6334036663174629
22425,0.03596791019663215,0.011202761845197529,0.9528293311595917
22426,0.7926877439022064,0.10641331970691681,0.10089894756674767
22427,0.9878289252519608,0.002448600615025498,0.009722465765662491
22428,0.5343681797385216,0.00777814700268209,0.45785368978977203
22429,0.320477731525898,0.009897244395688176,0.6696250140666962
22430,0.20143669471144676,0.7643943727016449,0.03416891675442457
22431,0.045207526069134474,0.049162732437253,0.9056297689676285
22432,0.9490416198968887,0.0005293145586620085,0.05042904382571578
22433,0.9913075715303421,0.0014327940589282662,0.007259620237164199
22434,0.9340448826551437,0.010641801287420094,0.05531333293765783
22435,0.4795582666993141,0.45971284061670303,0.06072888430207968
22436,0.9386058896780014,0.0013882153143640608,0.06000588461756706
22437,0.003149915602989495,0.001034967768646311,0.9958151131868362
22438,0.9838619381189346,0.0008159433273249306,0.015322105726227164
22439,0.2557898312807083,0.020694432663731277,0.7235157489776611
22440,0.3963371440768242,0.05695231445133686,0.5467105284333229
22441,0.1802902203053236,0.17952128872275352,0.6401884853839874
22442,0.005135581828653812,0.0006134688082966022,0.9942509531974792
22443,0.9634305834770203,0.011747720884159207,0.02482169889844954
22444,0.0018318450602237135,0.0005067441234132275,0.9976614117622375
22445,0.9637443721294403,0.0022848394291941077,0.033970782533288
22446,0.790323793888092,0.026897982694208622,0.18277820758521557
22447,0.003653625666629523,0.0008819509821478277,0.9954644292593002
22448,0.9549381285905838,0.003926688979845494,0.04113521706312895
22449,0.9792450666427612,0.0012530500534921885,0.019501895178109407
22450,0.9681011587381363,0.0011476203872007318,0.030751243233680725
22451,0.9643415361642838,0.008344725181814283,0.02731375116854906
22452,0.01837130100466311,0.07310045324265957,0.9085282236337662
22453,0.823280543088913,0.05397249758243561,0.12274690717458725
22454,0.8956256359815598,0.04744602693244815,0.0569283040240407
22455,0.9207698553800583,0.01591910538263619,0.06331105716526508
22456,0.5888086780905724,0.006215467932634056,0.40497584640979767
22457,0.9383126944303513,0.02941181743517518,0.03227551281452179
22458,0.931911289691925,0.01666161185130477,0.051427075639367104
22459,0.04654707666486502,0.01342774333897978,0.9400251507759094
22460,0.8324341028928757,0.03379531903192401,0.13377057574689388
22461,0.7086556330323219,0.11104732751846313,0.18029703199863434
22462,0.020014569396153092,0.001986119314096868,0.9779993146657944
22463,0.8512418270111084,0.016200815327465534,0.13255733251571655
22464,0.6145584210753441,0.019894248340278864,0.3655473217368126
22465,0.9586910009384155,0.009219889005180448,0.032089089043438435
22466,0.9712221473455429,0.002477157162502408,0.026300702709704638
22467,0.9564938545227051,0.0024798379745334387,0.04102631798014045
22468,0.7286464124917984,0.13289617002010345,0.13845741003751755
22469,0.8350878804922104,0.05765213491395116,0.10725994780659676
22470,0.1550230048596859,0.0041898891649907455,0.8407870978116989
22471,0.07343093492090702,0.008231823798269033,0.918337270617485
22472,0.9749979823827744,0.002580870146630332,0.02242115163244307
22473,0.699276439845562,0.003125287970760837,0.29759829863905907
22474,0.9499755352735519,0.003126044583041221,0.0468984404578805
22475,0.6996636539697647,0.0049706248682923615,0.29536573961377144
22476,0.7286098152399063,0.13527201302349567,0.13611815869808197
22477,0.9942888915538788,0.00031802307057660073,0.005393065279349685
22478,0.9080757051706314,0.00785423128399998,0.0840700576081872
22479,0.9875725954771042,0.001972851838218048,0.010454528266564012
22480,0.957998052239418,0.004196308902464807,0.0378056182526052
22481,0.7518091946840286,0.027620798908174038,0.22057003155350685
22482,0.988691121339798,0.0028789266070816666,0.008429957553744316
22483,0.3219972029328346,0.015249780029989779,0.6627530455589294
22484,0.008108346373774111,0.004345389315858483,0.9875462502241135
22485,0.9948698729276657,0.0009567624219926074,0.004173354536760598
22486,0.9331263601779938,0.0012079755106242374,0.06566568184643984
22487,0.9513673335313797,0.002898153295973316,0.045734506100416183
22488,0.5855299606919289,0.0036087073967792094,0.4108613356947899
22489,0.9278999865055084,0.0037531890557147563,0.06834682077169418
22490,0.9945446103811264,0.0006682865496259183,0.0047871171263977885
22491,0.9411066323518753,0.002490217244485393,0.05640316754579544
22492,0.8920032680034637,0.005839537247084081,0.10215717926621437
22493,0.4956188425421715,0.016413414385169744,0.48796775192022324
22494,0.010856530745513737,0.004998152609914541,0.9841452986001968
22495,0.9080281257629395,0.003817920049186796,0.08815393969416618
22496,0.6897237449884415,0.0013398594019236043,0.30893638730049133
22497,0.8399087637662888,0.002629324939334765,0.15746191516518593
22498,0.8881178051233292,0.004350935283582658,0.1075312439352274
22499,0.8811505287885666,0.006192714674398303,0.11265675537288189
22500,0.9544240534305573,0.003048398270038888,0.04252754105255008
22501,0.9753964841365814,0.0004980555604561232,0.024105452932417393
22502,0.7086000442504883,0.004061471292516217,0.2873384915292263
22503,0.9546882510185242,0.0022130479337647557,0.043098692782223225
22504,0.05156208202242851,0.005759590945672244,0.9426783174276352
22505,0.9819010198116302,0.0009781711269170046,0.017120749223977327
22506,0.9742580205202103,0.0005194341865717433,0.02522255666553974
22507,0.32161446288228035,0.0035852824221365154,0.6748002618551254
22508,0.08973414078354836,0.09300907049328089,0.8172567784786224
22509,0.9448182433843613,0.002129772154148668,0.053051975555717945
22510,0.98878413438797,0.0019386091153137386,0.009277263190597296
22511,0.9215249270200729,0.015124111319892108,0.06335092708468437
22512,0.5719550848007202,0.002331805444555357,0.42571310698986053
22513,0.9241142123937607,0.00322274278732948,0.07266305014491081
22514,0.7016030699014664,0.01435072859749198,0.2840462066233158
22515,0.8766892552375793,0.025899882311932743,0.09741084650158882
22516,0.9019111692905426,0.036541059613227844,0.06154778227210045
22517,0.5478994846343994,0.007046464714221656,0.4450540319085121
22518,0.7810361385345459,0.03107228083536029,0.18789156153798103
22519,0.9482622593641281,0.021669085137546062,0.03006863361224532
22520,0.9425168186426163,0.007400981499813497,0.05008219555020332
22521,0.8820066899061203,0.002003245521336794,0.11599005945026875
22522,0.9737889915704727,0.0024773658951744437,0.023733665933832526
22523,0.9302011281251907,0.00417329790070653,0.06562559213489294
22524,0.9809186309576035,0.004036762024043128,0.015044641913846135
22525,0.9427849054336548,0.0037947914679534733,0.05342030618339777
22526,0.9338279068470001,0.007146961404941976,0.05902509670704603
22527,0.9483104199171066,0.003234456293284893,0.0484551633708179
22528,0.9850037395954132,0.0014308006939245388,0.013565458822995424
22529,0.9937988668680191,0.00013176729407859966,0.00606939138378948
22530,0.984963670372963,0.0017494845960754901,0.01328682480379939
22531,0.9790484756231308,0.002466673351591453,0.01848485879600048
22532,0.17864301800727844,0.005917421076446772,0.8154395818710327
22533,0.9518553912639618,0.003182738262694329,0.04496183292940259
22534,0.9753021150827408,0.0018602026393637061,0.02283765748143196
22535,0.10726274363696575,0.017961566103622317,0.8747756779193878
22536,0.9666110575199127,0.0031628048163838685,0.030226119328290224
22537,0.9546142816543579,0.01136068010237068,0.03402505861595273
22538,0.9908962994813919,0.0012186158710392192,0.007885053171776235
22539,0.6636586561799049,0.011762052308768034,0.32457930967211723
22540,0.8103771358728409,0.00847948418231681,0.1811433956027031
22541,0.6028032898902893,0.01411927747540176,0.3830774128437042
22542,0.09731002151966095,0.01893920381553471,0.8837507665157318
22543,0.9113921970129013,0.0005852374888490885,0.08802255429327488
22544,0.9679526537656784,0.005384812306147069,0.026662523159757257
22545,0.8005224764347076,0.09397503733634949,0.10550250113010406
22546,0.9019628912210464,0.02410857519134879,0.07392852660268545
22547,0.977126732468605,0.0010555674380157143,0.02181768254376948
22548,0.5916753187775612,0.019333088770508766,0.388991579413414
22549,0.9962545037269592,0.000465865021396894,0.003279644879512489
22550,0.9873320162296295,0.0006270262892940082,0.01204094651620835
22551,0.381166934967041,0.07985527301207185,0.5389778390526772
22552,0.9856812655925751,0.0022474611760117114,0.012071264092810452
22553,0.9260995835065842,0.009864653344266117,0.06403575744479895
22554,0.9328994899988174,0.002626121698995121,0.06447439827024937
22555,0.9822980910539627,0.0009882748854579404,0.016713661374524236
22556,0.9431412070989609,0.008480446180328727,0.04837833624333143
22557,0.15019006840884686,0.0050939494103658944,0.8447159975767136
22558,0.04317924613133073,0.006911988777574152,0.9499087482690811
22559,0.5064085721969604,0.006599892571102828,0.4869915172457695
22560,0.8880414068698883,0.030660569900646806,0.08129803650081158
22561,0.9819439202547073,0.0010548264399403706,0.017001256346702576
22562,0.8726613521575928,0.010479983873665333,0.11685866117477417
22563,0.9068208038806915,0.005040651478338987,0.08813854586333036
22564,0.879473403096199,0.004600904823746532,0.11592568084597588
22565,0.4159121736884117,0.03725243220105767,0.5468354001641273
22566,0.00187437936256174,0.00019764815078815445,0.9979279935359955
22567,0.9289390295743942,0.03102080337703228,0.04004016891121864
22568,0.9895891100168228,0.0004997075302526355,0.009911189787089825
22569,0.7745948284864426,0.0013951030414318666,0.22401005029678345
22570,0.5304599478840828,0.06170785706490278,0.40783220529556274
22571,0.18477731570601463,0.005839088757056743,0.8093836009502411
22572,0.9743696451187134,0.014603144256398082,0.011027192580513656
22573,0.1635157074779272,0.007189912721514702,0.8292943686246872
22574,0.8725359588861465,0.06559097673743963,0.061873060651123524
22575,0.8935880213975906,0.04242200357839465,0.06398997735232115
22576,0.9340657144784927,0.003691358317155391,0.06224291119724512
22577,0.9863230437040329,0.0032684487814549357,0.010408526752144098
22578,0.9885597974061966,0.002778825713903643,0.008661405299790204
22579,0.34418438374996185,0.0016288936749333516,0.6541867405176163
22580,0.16854633763432503,0.010612138663418591,0.8208415061235428
22581,0.0010548140708124265,0.00014624862251366721,0.9987989217042923
22582,0.9760797172784805,0.0005596005648840219,0.023360714316368103
22583,0.7536635845899582,0.01747656986117363,0.22885983064770699
22584,0.8907106965780258,0.016682329354807734,0.09260694868862629
22585,0.9841815829277039,0.003171133896103129,0.012647310504689813
22586,0.20852640643715858,0.011705468641594052,0.7797681242227554
22587,0.9770245850086212,0.006509482336696237,0.01646593026816845
22588,0.9511157870292664,0.004490121500566602,0.04439408611506224
22589,0.9160602390766144,0.007983087562024593,0.07595666218549013
22590,0.9759174734354019,0.0022787396155763417,0.02180374739691615
22591,0.5909833982586861,0.020781695959158242,0.3882348984479904
22592,0.04595354665070772,0.011790340766310692,0.9422561377286911
22593,0.8762341439723969,0.010195667622610927,0.1135701984167099
22594,0.07285209000110626,0.00500525301322341,0.9221426993608475
22595,0.9233115911483765,0.02092767646536231,0.05576074589043856
22596,0.8379792124032974,0.022867869585752487,0.1391529031097889
22597,0.9333204627037048,0.004021358996396884,0.0626582084223628
22598,0.9539463222026825,0.002104745391989127,0.04394890321418643
22599,0.8990737348794937,0.010910332668572664,0.09001591242849827
22600,0.9413821548223495,0.003201611281838268,0.05541624128818512
22601,0.9446441233158112,0.005224488792009652,0.050131420604884624
22602,0.013510746299289167,0.01336102094501257,0.9731282144784927
22603,0.3264189176261425,0.00962385709863156,0.6639572456479073
22604,0.6557285189628601,0.08666031341999769,0.2576111741364002
22605,0.06996677629649639,0.048674638383090496,0.8813585489988327
22606,0.9113299250602722,0.0036263884976506233,0.08504369389265776
22607,0.7829738855361938,0.01137323712464422,0.2056528776884079
22608,0.9625388830900192,0.005934871966019273,0.031526247039437294
22609,0.8812583535909653,0.0811124974861741,0.03762914426624775
22610,0.9757586717605591,0.011947655468247831,0.012293646694160998
22611,0.9944644570350647,0.000993503097561188,0.004542019800283015
22612,0.9414561986923218,0.008686905959621072,0.049856884870678186
22613,0.6803882122039795,0.052539526019245386,0.26707223802804947
22614,0.9787676483392715,0.0028116663452237844,0.018420672975480556
22615,0.758348286151886,0.020249734167009592,0.22140195965766907
22616,0.9578531831502914,0.004999540135031566,0.037147258408367634
22617,0.9364829212427139,0.011779977823607624,0.05173711711540818
22618,0.002902122272644192,0.0006599947664653882,0.9964378923177719
22619,0.5969753488898277,0.0022347991180140525,0.40078985691070557
22620,0.8108259737491608,0.0014513607457047328,0.18772267922759056
22621,0.010238738148473203,0.0031554819142911583,0.9866057634353638
22622,0.9442519098520279,0.0033233686699531972,0.052424701396375895
22623,0.9867448061704636,0.002889458162826486,0.010365742607973516
22624,0.9348434656858444,0.001695404076599516,0.06346113979816437
22625,0.9720912128686905,0.002191416686400771,0.02571735205128789
22626,0.990068182349205,0.0012732126342598349,0.00865857838653028
22627,0.06893131695687771,0.006934521778021008,0.924134150147438
22628,0.007493678480386734,0.0037935730651952326,0.9887127727270126
22629,0.005844436294864863,0.0008883170303306542,0.9932672530412674
22630,0.5397079586982727,0.34958672523498535,0.1107052881270647
22631,0.40151725709438324,0.05478836316615343,0.543694369494915
22632,0.9862305968999863,0.00036599084705812857,0.013403444783762097
22633,0.977289229631424,0.0001734716661303537,0.022537306882441044
22634,0.9740350991487503,0.0015450071368832141,0.02441993053071201
22635,0.9497091323137283,0.017362698912620544,0.03292817436158657
22636,0.9922018647193909,0.0004291812401788775,0.007368942606262863
22637,0.8849273473024368,0.0007259989506565034,0.11434661224484444
22638,0.024134060367941856,0.004691673442721367,0.9711742699146271
22639,0.9789979755878448,0.0012523102486738935,0.019749737810343504
22640,0.9105985015630722,0.04619963560253382,0.04320185538381338
22641,0.9583078771829605,0.003956292173825204,0.03773580677807331
22642,0.9651640355587006,0.0031737790850456804,0.03166221175342798
22643,0.5867649093270302,0.030294376192614436,0.38294071704149246
22644,0.7640452682971954,0.005289447319228202,0.23066529259085655
22645,0.34050416201353073,0.046410296112298965,0.6130855530500412
22646,0.349763210862875,0.01034363021608442,0.6398931816220284
22647,0.9849514216184616,0.004150802153162658,0.010897778091020882
22648,0.9289097338914871,0.004767661681398749,0.06632260326296091
22649,0.9526673704385757,0.018978387350216508,0.028354221489280462
22650,0.9813874959945679,0.0016312236693920568,0.016981285996735096
22651,0.9134209007024765,0.0065434088464826345,0.08003570977598429
22652,0.9914762526750565,0.00041874449379974976,0.00810499640647322
22653,0.970721647143364,0.01740649831481278,0.01187185593880713
22654,0.8418582826852798,0.0029448673012666404,0.15519685484468937
22655,0.15975996665656567,0.010526430211029947,0.8297135680913925
22656,0.021901756757870317,0.01706035458482802,0.9610378742218018
22657,0.9280222803354263,0.010093129763845354,0.06188456155359745
22658,0.3005102500319481,0.010700579732656479,0.6887891590595245
22659,0.9906944632530212,0.0008797609916655347,0.008425779989920557
22660,0.9874980747699738,0.0019450266554486006,0.01055690657813102
22661,0.7525949627161026,0.007288189488463104,0.24011686444282532
22662,0.6419269144535065,0.006612262164708227,0.3514608293771744
22663,0.8889208883047104,0.0008305262090289034,0.11024854797869921
22664,0.9890090823173523,0.0025775858375709504,0.0084132932825014
22665,0.7040736526250839,0.007508467533625662,0.28841786459088326
22666,0.9936268031597137,0.0009251809678971767,0.005448012088891119
22667,0.9410948157310486,0.006378816091455519,0.05252635199576616
22668,0.9789742529392242,0.000491717568365857,0.02053402061574161
22669,0.9629712104797363,0.012885234667919576,0.02414357545785606
22670,0.9864063411951065,0.0012714604672510177,0.012322177644819021
22671,0.6322447806596756,0.002100700279697776,0.36565451696515083
22672,0.061565399169921875,0.0019080481433775276,0.9365265816450119
22673,0.041703926865011454,0.0060054975911043584,0.9522906094789505
22674,0.9725323468446732,0.0033939229033421725,0.02407372510060668
22675,0.9849390387535095,0.0003461015694483649,0.014714870601892471
22676,0.8541977256536484,0.004411284549860284,0.1413909923285246
22677,0.009296152042225003,0.0013083887024549767,0.9893954396247864
22678,0.9968471974134445,6.205592399055604e-05,0.0030907808104529977
22679,0.9695376008749008,0.007240693783387542,0.023221725830808282
22680,0.9849485605955124,0.000719072122592479,0.014332337770611048
22681,0.08336268737912178,0.01227066374849528,0.9043666571378708
22682,0.8867208808660507,0.007881773402914405,0.10539733432233334
22683,0.9872517585754395,0.0011306873202556744,0.011617569485679269
22684,0.9170882403850555,0.009109468315728009,0.07380232587456703
22685,0.16536077111959457,0.005531132570467889,0.8291080743074417
22686,0.853706955909729,0.0890195295214653,0.05727354157716036
22687,0.9795257151126862,0.0020951943297404796,0.018379071727395058
22688,0.9357201308012009,0.007690571539569646,0.0565892830491066
22689,0.9550079107284546,0.00365902078920044,0.04133307887241244
22690,0.5867762491106987,0.004238727793563157,0.40898503363132477
22691,0.9344381392002106,0.0032418124319519848,0.06232004798948765
22692,0.7669637799263,0.030491091310977936,0.2025451548397541
22693,0.9309731274843216,0.006616839382331818,0.06241006776690483
22694,0.952734112739563,0.011460113222710788,0.035805763211101294
22695,0.9619621336460114,0.0015558539307676256,0.03648201562464237
22696,0.1852071601897478,0.005909817584324628,0.8088830262422562
22697,0.9480302631855011,0.0024799231614451855,0.04948983807116747
22698,0.007280367542989552,0.003935624088626355,0.9887840151786804
22699,0.9622468650341034,0.004782715055625886,0.032970378175377846
22700,0.9371749460697174,0.008836966590024531,0.0539880832657218
22701,0.6419964134693146,0.003808196517638862,0.35419538617134094
22702,0.8466712683439255,0.009520225110463798,0.1438085027039051
22703,0.9770253300666809,0.009237840422429144,0.013736821711063385
22704,0.968021497130394,0.011573564494028687,0.020404941868036985
22705,0.009962719166651368,0.001789931659004651,0.9882473796606064
22706,0.9319841414690018,0.004555787250865251,0.06346004642546177
22707,0.5516731441020966,0.004941821098327637,0.4433850720524788
22708,0.9742246568202972,0.010660366271622479,0.015114972833544016
22709,0.8990121632814407,0.0064283268875442445,0.09455954469740391
22710,0.9722186326980591,0.001759908460371662,0.026021423749625683
22711,0.0640637930482626,0.006342555803712457,0.9295936524868011
22712,0.4025174081325531,0.021520125912502408,0.575962483882904
22713,0.9465704411268234,0.010248912789393216,0.04318065848201513
22714,0.9497738182544708,0.002429014362860471,0.04779716394841671
22715,0.06774971634149551,0.04447817732580006,0.8877721130847931
22716,0.9261518567800522,0.016696491977199912,0.05715166684240103
22717,0.9781252294778824,0.002459215495036915,0.019415565533563495
22718,0.9590355306863785,0.01978165190666914,0.021182850003242493
22719,0.9568950533866882,0.0018987567455042154,0.04120613867416978
22720,0.0016880647308425978,0.00023299363238038495,0.9980789721012115
22721,0.02070721355266869,0.002843130409019068,0.9764496684074402
22722,0.9818787127733231,0.0018421315326122567,0.016279123374260962
22723,0.8685215264558792,0.06690823612734675,0.06457019317895174
22724,0.8043241053819656,0.00946973287500441,0.1862061358988285
22725,0.916186660528183,0.005812930874526501,0.0780004020780325
22726,0.9535771906375885,0.004134859831538051,0.042287921998649836
22727,0.8654799163341522,0.005077371723018587,0.12944271974265575
22728,0.8763704001903534,0.030553409829735756,0.0930761881172657
22729,0.4311734288930893,0.02266403939574957,0.5461625158786774
22730,0.9212466478347778,0.0017412175657227635,0.07701214728876948
22731,0.9642006009817123,0.0002394376861047931,0.035559956915676594
22732,0.9460064470767975,0.004447020997758955,0.049546532332897186
22733,0.014514542883262038,0.0019212890329072252,0.983564168214798
22734,0.9212006479501724,0.010438778321258724,0.06836056802421808
22735,0.9062730669975281,0.0029633527738042176,0.0907635884359479
22736,0.10016429517418146,0.6846100687980652,0.21522564813494682
22737,0.7882715314626694,0.0090529581066221,0.20267554000020027
22738,0.7706561386585236,0.01250376645475626,0.21684011071920395
22739,0.05737933237105608,0.0015128779486985877,0.9411077499389648
22740,0.016705645248293877,0.006225334480404854,0.9770690053701401
22741,0.6544860899448395,0.0061674744938500226,0.33934642001986504
22742,0.9788245558738708,0.0009127177327172831,0.02026274288073182
22743,0.8926159888505936,0.005894173227716237,0.10148983262479305
22744,0.10469218343496323,0.001044838732923381,0.894262969493866
22745,0.9804217368364334,0.003614169836509973,0.01596411969512701
22746,0.04147629905492067,0.0033726086548995227,0.9551510810852051
22747,0.9679535776376724,0.0023148498439695686,0.029731554444879293
22748,0.25484737753868103,0.3298666253685951,0.41528597846627235
22749,0.6273534819483757,0.013038559118285775,0.3596079610288143
22750,0.9760126620531082,0.0004132550093345344,0.023574074264615774
22751,0.9659899771213531,0.0009087878206628375,0.03310123458504677
22752,0.9299578219652176,0.002585845533758402,0.06745632737874985
22753,0.9098273068666458,0.004633146745618433,0.08553953655064106
22754,0.33533722162246704,0.01557440625037998,0.6490883380174637
22755,0.9724133163690567,0.0032425130921183154,0.024344170466065407
22756,0.1268467791378498,0.011361712007783353,0.8617914915084839
22757,0.9572929888963699,0.0020625167817343026,0.04064450552687049
22758,0.6217853426933289,0.0058135986328125,0.37240107730031013
22759,0.8583633154630661,0.009523825137875974,0.13211285881698132
22760,0.9672405421733856,0.0032834242447279394,0.029476006515324116
22761,0.9698494970798492,0.014642524998635054,0.015507967909798026
22762,0.015596589539200068,0.007509094779379666,0.9768943041563034
22763,0.9467150568962097,0.022819256642833352,0.030465667601674795
22764,0.9292898625135422,0.013519226806238294,0.057190910913050175
22765,0.9765727519989014,0.002716323215281591,0.020710937678813934
22766,0.8110756725072861,0.014521961798891425,0.17440232262015343
22767,0.9876276403665543,0.002815791784087196,0.009556533652357757
22768,0.07774605322629213,0.003370627062395215,0.9188833385705948
22769,0.9477240741252899,0.0050548232975415885,0.04722110088914633
22770,0.6573425605893135,0.05612849770113826,0.28652894869446754
22771,0.9781973958015442,0.0028254418284632266,0.01897717104293406
22772,0.12180187553167343,0.011971034458838403,0.8662270754575729
22773,0.9891918897628784,0.0003162384127790574,0.010491895023733377
22774,0.7056181579828262,0.011587224085815251,0.28279463201761246
22775,0.46157412230968475,0.014737701509147882,0.5236881747841835
22776,0.32440149411559105,0.02910641022026539,0.6464920789003372
22777,0.6731379851698875,0.004717740463092923,0.322144266217947
22778,0.7400147169828415,0.009708613157272339,0.2502766512334347
22779,0.9872162640094757,0.0007271631038747728,0.01205658190883696
22780,0.19227808713912964,0.007221324252896011,0.8005005866289139
22781,0.4869289845228195,0.023407076252624393,0.4896639436483383
22782,0.28442521020770073,0.12970480974763632,0.5858699753880501
22783,0.8729735165834427,0.008654701407067478,0.11837178096175194
22784,0.330360796302557,0.008461883524432778,0.6611773073673248
22785,0.5045722872018814,0.005350782128516585,0.490076906979084
22786,0.9330167174339294,0.005808647372759879,0.06117463391274214
22787,0.9868781566619873,0.0008391164810745977,0.012282746145501733
22788,0.8986401855945587,0.0038262534071691334,0.09753357991576195
22789,0.9388148337602615,0.001467026668251492,0.059718149714171886
22790,0.7724531441926956,0.0024625818186905235,0.22508425638079643
22791,0.88955058157444,0.001549093663925305,0.10890032723546028
22792,0.9675577729940414,0.005238245474174619,0.027203989680856466
22793,0.9735394269227982,0.001151496748207137,0.02530909702181816
22794,0.17968292720615864,0.0029695556149818003,0.8173475116491318
22795,0.9187857806682587,0.002228122088126838,0.07898608595132828
22796,0.5249110981822014,0.011209821794182062,0.4638790786266327
22797,0.9854858368635178,0.004442280391231179,0.010071907076053321
22798,0.9141395688056946,0.016200040001422167,0.06966038327664137
22799,0.014021699083968997,0.003917251713573933,0.9820610582828522
22800,0.6854499280452728,0.022131857695057988,0.2924181967973709
22801,0.69972725212574,0.018668160075321794,0.2816045694053173
22802,0.9762755334377289,0.0018826452433131635,0.021841787500306964
22803,0.9623530209064484,0.0021382683771662414,0.035508700646460056
22804,0.9638760089874268,0.016904092160984874,0.019219908397644758
22805,0.142250781878829,0.012726502027362585,0.8450227230787277
22806,0.6849019899964333,0.009776301332749426,0.30532170832157135
22807,0.9684966206550598,0.010637758881784976,0.020865638740360737
22808,0.8581332862377167,0.0024908717605285347,0.1393758375197649
22809,0.5473151877522469,0.017148774582892656,0.43553604930639267
22810,0.9617424309253693,0.004600913496688008,0.03365664184093475
22811,0.9682717770338058,0.0021087527566123754,0.02961946791037917
22812,0.0860496535897255,0.07521729392465204,0.8387330621480942
22813,0.9608868956565857,0.012809424777515233,0.026303714839741588
22814,0.9093236327171326,0.048686934635043144,0.041989454068243504
22815,0.269778236746788,0.0027520597504917532,0.7274696975946426
22816,0.8968741595745087,0.011017843498848379,0.09210799261927605
22817,0.9777643084526062,0.0007109422513167374,0.021524758078157902
22818,0.9750399440526962,0.0019258911488577724,0.023034153506159782
22819,0.0019619218073785305,0.0002137339033652097,0.9978243559598923
22820,0.9578369408845901,0.0032535512873437256,0.03890948975458741
22821,0.9877545088529587,0.0006219873175723478,0.011623511789366603
22822,0.5457572191953659,0.003632071951869875,0.4506106972694397
22823,0.7851079404354095,0.0010153266339330003,0.21387673914432526
22824,0.9774865955114365,0.0018066916381940246,0.02070672158151865
22825,0.7080556005239487,0.017011674819514155,0.27493275701999664
22826,0.0026693542022258043,0.0010172499751206487,0.9963134229183197
22827,0.022197529207915068,0.0050864225486293435,0.9727160334587097
22828,0.33940525725483894,0.005575863237027079,0.6550188958644867
22829,0.8546952903270721,0.005600907024927437,0.13970381766557693
22830,0.9520333856344223,0.0012323911578278057,0.04673420637845993
22831,0.9693193137645721,0.009617423871532083,0.021063251420855522
22832,0.36756526678800583,0.0021399802062660456,0.6302947327494621
22833,0.9613444954156876,0.017955746967345476,0.02069976250641048
22834,0.14706876315176487,0.032444090815261006,0.8204871416091919
22835,0.4541977755725384,0.00976275943685323,0.5360394790768623
22836,0.03305854951031506,0.0022085415403125808,0.964732900261879
22837,0.09174168575555086,0.0015085625927895308,0.9067497700452805
22838,0.42903780937194824,0.02460250910371542,0.5463596880435944
22839,0.9868060201406479,0.0009324489292339422,0.01226151583250612
22840,0.12414303794503212,0.011932725552469492,0.8639242351055145
22841,0.001310119972913526,0.00046159136763890274,0.9982282966375351
22842,0.824556514620781,0.0018033996020676568,0.17364008352160454
22843,0.9863775670528412,0.0015280289953807369,0.012094424339011312
22844,0.9897362440824509,0.0010934976671705954,0.00917023338843137
22845,0.0012556316942209378,0.00021573623052972835,0.9985286146402359
22846,0.9854634553194046,0.001135214086389169,0.013401367701590061
22847,0.9593708366155624,0.004129094362724572,0.036500093061476946
22848,0.3802388459444046,0.011735717300325632,0.6080254390835762
22849,0.6848824769258499,0.01624695328064263,0.2988705672323704
22850,0.6744408756494522,0.04683851916342974,0.2787206135690212
22851,0.7095479369163513,0.013879460981115699,0.2765726000070572
22852,0.696869507431984,0.18601463735103607,0.11711584776639938
22853,0.5832487419247627,0.029097065329551697,0.3876541741192341
22854,0.961853951215744,0.0010169112647417933,0.03712915210053325
22855,0.9811340123414993,0.003569292981410399,0.01529668876901269
22856,0.9464829117059708,0.0030170669488143176,0.050500051118433475
22857,0.981809213757515,0.0028248417656868696,0.015365916304290295
22858,0.9628646522760391,0.02038704720325768,0.01674830843694508
22859,0.4776744246482849,0.44126980751752853,0.08105575758963823
22860,0.04471959779039025,0.007096177316270769,0.9481842368841171
22861,0.8750370889902115,0.00688854290638119,0.11807436496019363
22862,0.9770068228244781,0.006293205544352531,0.016699997475370765
22863,0.9643498808145523,0.009926916332915425,0.025723178405314684
22864,0.0270118722692132,0.01688595674932003,0.9561021775007248
22865,0.048126763198524714,0.008039777865633368,0.9438334703445435
22866,0.01741673774085939,0.0028483449132181704,0.9797349125146866
22867,0.026365076657384634,0.0012477874261094257,0.9723871499300003
22868,0.9642901420593262,0.004484079050598666,0.031225763726979494
22869,0.9610119462013245,0.009682595380581915,0.02930545248091221
22870,0.8375728726387024,0.007094923057593405,0.15533220767974854
22871,0.9445678889751434,0.0047606241423636675,0.050671473145484924
22872,0.9687382578849792,0.0032451821316499263,0.0280165309086442
22873,0.40629397332668304,0.009768896852619946,0.5839371457695961
22874,0.9366221576929092,0.004376981494715437,0.0590008981525898
22875,0.25485579296946526,0.012012233608402312,0.7331319600343704
22876,0.9782346934080124,0.0008537523972336203,0.0209115797188133
22877,0.7750589102506638,0.040762756019830704,0.18417833745479584
22878,0.19052420556545258,0.005742297158576548,0.8037335276603699
22879,0.8769160211086273,0.10493787191808224,0.018146097427234054
22880,0.15378009155392647,0.04288691375404596,0.8033329844474792
22881,0.9558062702417374,0.0030029390763957053,0.04119078069925308
22882,0.9749953299760818,0.00048463356506545097,0.024520038859918714
22883,0.9727623462677002,0.001851408087532036,0.02538621472194791
22884,0.9889727383852005,0.002127932326402515,0.008899290929548442
22885,0.0622720280662179,0.003881048469338566,0.9338469356298447
22886,0.8591650128364563,0.018092282582074404,0.12274269387125969
22887,0.81719009578228,0.006589563563466072,0.17622032947838306
22888,0.9517634361982346,0.005145131435710937,0.04309144476428628
22889,0.9562872797250748,0.005356973386369646,0.038355751894414425
22890,0.7254248112440109,0.010359024163335562,0.26421617344021797
22891,0.9249323159456253,0.0009141516493400559,0.07415352761745453
22892,0.9801007211208344,0.0022283908328972757,0.01767086097970605
22893,0.7541900724172592,0.013361845165491104,0.23244808986783028
22894,0.9712814390659332,0.01571075664833188,0.013007810804992914
22895,0.9927297681570053,0.0011241438769502565,0.006146116880699992
22896,0.9418202042579651,0.024744423106312752,0.03343535074964166
22897,0.9763245731592178,0.002661379025084898,0.02101403335109353
22898,0.813384473323822,0.014944670139811933,0.1716708354651928
22899,0.9774362593889236,0.006756659597158432,0.01580708147957921
22900,0.24653296545147896,0.005835297401063144,0.747631698846817
22901,0.9840157628059387,0.002583792695077136,0.01340046152472496
22902,0.8752059936523438,0.0034003828768618405,0.12139364890754223
22903,0.14416057989001274,0.0049124499200843275,0.8509269505739212
22904,0.5530028566718102,0.24994782730937004,0.1970493160188198
22905,0.9626185894012451,0.004148961423197761,0.03323244536295533
22906,0.9785628467798233,0.0030869420734234154,0.018350210739299655
22907,0.9258128553628922,0.00696363189490512,0.06722349859774113
22908,0.2577926628291607,0.012982001760974526,0.7292253375053406
22909,0.5787297487258911,0.0010215361980954185,0.42024870216846466
22910,0.6917047053575516,0.013834059471264482,0.2944612391293049
22911,0.9975651502609253,0.00014867287791275885,0.0022861726465635
22912,0.9818226248025894,0.000594310462474823,0.017583058215677738
22913,0.781890019774437,0.000870460644364357,0.2172395046800375
22914,0.022478575818240643,0.0022994089231360704,0.9752220213413239
22915,0.9556128531694412,0.021153131034225225,0.023234013002365828
22916,0.02735843346454203,0.0037502642371691763,0.9688912928104401
22917,0.9707946628332138,0.004215263295918703,0.024990080390125513
22918,0.9890841990709305,0.00034661387689993717,0.010569170350208879
22919,0.9921029806137085,0.0007835528085706756,0.0071134676691144705
22920,0.5900987386703491,0.001602860473212786,0.40829841792583466
22921,0.006265188974794,0.0010326206829631701,0.9927022159099579
22922,0.08643615525215864,0.01279887929558754,0.9007649719715118
22923,0.151592418551445,0.05597169091925025,0.792435884475708
22924,0.689958468079567,0.007753023412078619,0.3022885210812092
22925,0.6280990317463875,0.035078486893326044,0.3368224799633026
22926,0.08211320638656616,0.004964727209880948,0.9129220992326736
22927,0.8053657412528992,0.01755854790098965,0.17707569152116776
22928,0.3644954077899456,0.003632128646131605,0.6318724304437637
22929,0.6849782466888428,0.0014088083698879927,0.3136129416525364
22930,0.7495796978473663,0.004390996851725504,0.2460293136537075
22931,0.7915772497653961,0.0067920570727437735,0.2016307096928358
22932,0.5903050154447556,0.0024783529806882143,0.407216664403677
22933,0.650702066719532,0.004347229027189314,0.34495071321725845
22934,0.9608635008335114,0.0010447782842675224,0.038091753143817186
22935,0.9877605885267258,0.0028585561376530677,0.00938085641246289
22936,0.994911253452301,0.0006701610836898908,0.004418615193571895
22937,0.911829799413681,0.008780306437984109,0.07938991114497185
22938,0.846868485212326,0.0045406093704514205,0.14859088696539402
22939,0.9764522016048431,0.001475395416491665,0.022072386695072055
22940,0.024293247843161225,0.010071744793094695,0.9656350165605545
22941,0.5671310797333717,0.008624964510090649,0.4242439344525337
22942,0.01254547806456685,0.0043044862686656415,0.9831500202417374
22943,0.41742998361587524,0.0033524639438837767,0.5792175531387329
22944,0.9795141369104385,0.009382820455357432,0.011103051947429776
22945,0.9852937310934067,0.0008139463170664385,0.013892356306314468
22946,0.9687519818544388,0.00116281550435815,0.030085184145718813
22947,0.8431767374277115,0.02160970983095467,0.1352135855704546
22948,0.8724055737257004,0.0729548679664731,0.054639535024762154
22949,0.08138041570782661,0.014389341929927468,0.9042302370071411
22950,0.9209750592708588,0.06825201585888863,0.010772911366075277
22951,0.9746135473251343,0.005441355460789055,0.01994508341886103
22952,0.6814097017049789,0.005553594673983753,0.3130367249250412
22953,0.9687938541173935,0.002545238647144288,0.02866088878363371
22954,0.10213842894881964,0.019577048951759934,0.8782845288515091
22955,0.9231953918933868,0.0035032226296607405,0.07330142334103584
22956,0.006910705182235688,0.0032640371209708974,0.9898252189159393
22957,0.9894927740097046,0.0001594093828316545,0.010347784613259137
22958,0.26073866710066795,0.004956463351845741,0.734304890036583
22959,0.9407917112112045,0.005379634094424546,0.0538286454975605
22960,0.9839599430561066,0.0014401304069906473,0.01459990709554404
22961,0.9835664927959442,0.0006112232731538825,0.015822284389287233
22962,0.022389733465388417,0.00761871412396431,0.9699915647506714
22963,0.44115138053894043,0.33254172652959824,0.22630688548088074
22964,0.9432380497455597,0.0008638369072286878,0.05589813459664583
22965,0.031077539548277855,0.889751985669136,0.07917046081274748
22966,0.006628713628742844,0.006662879866780713,0.9867084175348282
22967,0.8873495608568192,0.0069773304858244956,0.1056731091812253
22968,0.9644452780485153,0.002781897288514301,0.032772826962172985
22969,0.38500837981700897,0.190534807741642,0.42445680499076843
22970,0.9780162870883942,0.0020163098524790257,0.019967407220974565
22971,0.956647127866745,0.004566259274724871,0.038786638993769884
22972,0.4116827994585037,0.00833494623657316,0.5799822583794594
22973,0.90803362429142,0.014032582519575953,0.07793377060443163
22974,0.6333795264363289,0.0014538572286255658,0.3651665896177292
22975,0.8828413635492325,0.011827180278487504,0.10533144697546959
22976,0.9824890196323395,0.0012700586739811115,0.016240924363955855
22977,0.20172613859176636,0.017984749749302864,0.7802891135215759
22978,0.9750095009803772,0.0006876856932649389,0.024302816949784756
22979,0.4053743779659271,0.0018056885892292485,0.5928199365735054
22980,0.8999739736318588,0.004730523738544434,0.09529551863670349
22981,0.8098769783973694,0.0032013311865739524,0.18692167103290558
22982,0.9340100437402725,0.013164565898478031,0.05282540339976549
22983,0.9748965054750443,0.004138311021961272,0.02096520271152258
22984,0.31978682428598404,0.0056258972035720944,0.6745872721076012
22985,0.9597804993391037,0.018980326363816857,0.02123916056007147
22986,0.19558042846620083,0.07642329856753349,0.727996289730072
22987,0.9035447984933853,0.0031751487986184657,0.09328003786504269
22988,0.672750398516655,0.061757306568324566,0.2654922977089882
22989,0.005652608058881015,0.0009033738897414878,0.99344402551651
22990,0.9529114663600922,0.0024966802448034286,0.04459183756262064
22991,0.9900268465280533,0.0012043738679494709,0.008768768515437841
22992,0.4242721050977707,0.009451360790990293,0.5662765353918076
22993,0.8587811142206192,0.017680905060842633,0.12353796325623989
22994,0.8458504676818848,0.014448839938268065,0.13970068469643593
22995,0.9498720318078995,0.0011349990600137971,0.04899294488132
22996,0.11625365912914276,0.00612638657912612,0.8776199519634247
22997,0.7967091947793961,0.0018397692765574902,0.20145102217793465
22998,0.9398744255304337,0.019182654563337564,0.040942898485809565
22999,0.552313968539238,0.06269199959933758,0.3849940225481987
23000,0.019636765122413635,0.0009761771216290072,0.9793870598077774
23001,0.021009724820032716,0.0019926915992982686,0.9769976437091827
23002,0.008666979032568634,0.001138077124778647,0.9901949614286423
23003,0.027722028782591224,0.15879160910844803,0.8134863525629044
23004,0.9804227352142334,0.0002824699622578919,0.019294810248538852
23005,0.9782218337059021,0.0007697618129896,0.0210084430873394
23006,0.05467277206480503,0.004309912270400673,0.9410173296928406
23007,0.9379339665174484,0.004965005500707775,0.057101063430309296
23008,0.06209003925323486,0.007351938751526177,0.9305580109357834
23009,0.7430842071771622,0.1237484086304903,0.13316738232970238
23010,0.8922012597322464,0.0038555805513169616,0.10394315607845783
23011,0.49733563512563705,0.015609029214829206,0.48705530911684036
23012,0.8757682591676712,0.023593132384121418,0.10063856653869152
23013,0.7991908341646194,0.0011170817742822692,0.19969209283590317
23014,0.3171652667224407,0.017478000139817595,0.665356732904911
23015,0.9294502586126328,0.0041551218600943685,0.06639459915459156
23016,0.975816622376442,0.001537873686174862,0.022645505610853434
23017,0.9765663146972656,0.0010868301396840252,0.022346855141222477
23018,0.9821150004863739,0.0010736277035903186,0.016811363399028778
23019,0.9957990497350693,0.0006281867608777247,0.003572782385163009
23020,0.3411494679749012,0.00452720804605633,0.6543233096599579
23021,0.9506954699754715,0.009559034137055278,0.039745509158819914
23022,0.9322347342967987,0.0058601657510735095,0.06190510652959347
23023,0.9423422962427139,0.0006160448720038403,0.057041607797145844
23024,0.1598682627081871,0.001462218351662159,0.8386694937944412
23025,0.735671654343605,0.009881234262138605,0.2544470801949501
23026,0.972452774643898,0.002737883565714583,0.024809363298118114
23027,0.9773094356060028,0.0006730383247486316,0.022017513401806355
23028,0.9734210520982742,0.0034589743008837104,0.023119968129321933
23029,0.9083322286605835,0.0022755124082323164,0.08939226251095533
23030,0.9600064605474472,0.006698707060422748,0.0332948281429708
23031,0.9620844274759293,0.004501102230278775,0.03341447049751878
23032,0.005017796240281314,0.00032745917451393325,0.9946547895669937
23033,0.6973563805222511,0.15250536985695362,0.15013825334608555
23034,0.09388476237654686,0.01330302149290219,0.8928122222423553
23035,0.8449153304100037,0.04673926392570138,0.10834541916847229
23036,0.05987994931638241,0.00954098254442215,0.9305790811777115
23037,0.6682005822658539,0.01936378446407616,0.31243566051125526
23038,0.9810547977685928,0.007563036633655429,0.011382182594388723
23039,0.9409978836774826,0.002555482438765466,0.056446629110723734
23040,0.2627617381513119,0.04404363688081503,0.6931946277618408
23041,0.4189092591404915,0.00162083852046635,0.5794699117541313
23042,0.3613373897969723,0.0037652007304131985,0.6348974034190178
23043,0.08785230573266745,0.1792619451880455,0.7328857332468033
23044,0.03400549991056323,0.0011663247714750469,0.9648281782865524
23045,0.8760798275470734,0.0040502973715774715,0.1198699064552784
23046,0.9775569140911102,0.003162086271913722,0.0192809971049428
23047,0.9402191340923309,0.0037548852851614356,0.056025962345302105
23048,0.6463282033801079,0.014381553861312568,0.3392902575433254
23049,0.7938021421432495,0.013498143991455436,0.19269971176981926
23050,0.5177683234214783,0.020456229569390416,0.46177543699741364
23051,0.9285191148519516,0.0012244038080098107,0.0702564949169755
23052,0.8545882999897003,0.011580245802178979,0.13383144326508045
23053,0.644465759396553,0.30243001878261566,0.05310422042384744
23054,0.9222865849733353,0.010502577992156148,0.06721082050353289
23055,0.9142757952213287,0.002106183601426892,0.08361801225692034
23056,0.026286369655281305,0.004364850290585309,0.9693488031625748
23057,0.004799117159564048,0.0009132412524195388,0.9942876100540161
23058,0.9320545941591263,0.0018366653239354491,0.06610875390470028
23059,0.9111804366111755,0.04211433487944305,0.046705218963325024
23060,0.26936473324894905,0.006135927978903055,0.7244993448257446
23061,0.9852787107229233,0.0020208770874887705,0.01270037959329784
23062,0.9381744265556335,0.010832138708792627,0.050993435084819794
23063,0.8102128654718399,0.022465263959020376,0.1673218421638012
23064,0.012362145585939288,0.001289972336962819,0.9863478541374207
23065,0.9505993574857712,0.002577816921984777,0.04682279843837023
23066,0.024867734406143427,0.004398987803142518,0.9707333147525787
23067,0.9767960757017136,0.0009464708709856495,0.022257445845752954
23068,0.3247559666633606,0.018188735703006387,0.6570552736520767
23069,0.9256574660539627,0.006959968246519566,0.06738253310322762
23070,0.04938518861308694,0.0025534595479257405,0.9480613470077515
23071,0.7002425491809845,0.038506816141307354,0.261250626295805
23072,0.9913272112607956,0.002158124669222161,0.006514678883831948
23073,0.9256137013435364,0.004365328582935035,0.07002094434574246
23074,0.8683153539896011,0.003628245700383559,0.12805642187595367
23075,0.5844922438263893,0.11883515305817127,0.29667261987924576
23076,0.8973545134067535,0.05480592418462038,0.047839554492384195
23077,0.56307752430439,0.037419633474200964,0.39950285851955414
23078,0.9427293241024017,0.011357612325809896,0.045913056936115026
23079,0.41900498420000076,0.01639598549809307,0.5645990520715714
23080,0.5697159916162491,0.39438650012016296,0.03589751850813627
23081,0.9559230804443359,0.017148044891655445,0.026928868610411882
23082,0.12673559598624706,0.10140594560652971,0.7718584537506104
23083,0.43890681490302086,0.006113663199357688,0.5549795255064964
23084,0.9652514010667801,0.0018964507908094674,0.03285214398056269
23085,0.9661958813667297,0.015110299689695239,0.018693833611905575
23086,0.9701933413743973,0.0015213162114378065,0.028285347390919924
23087,0.7366633117198944,0.011689843377098441,0.25164683535695076
23088,0.9674281775951385,0.001261238066945225,0.03131055971607566
23089,0.9378190040588379,0.0006143689970485866,0.06156662851572037
23090,0.7155182063579559,0.11214146204292774,0.17234037071466446
23091,0.004571555007714778,0.0018552671244833618,0.9935732036828995
23092,0.9554441720247269,0.003364196396432817,0.0411916421726346
23093,0.9046798348426819,0.013246693299151957,0.08207348175346851
23094,0.953838124871254,0.0035352756385691464,0.04262659419327974
23095,0.9745156913995743,0.014458704739809036,0.011025598272681236
23096,0.9944230169057846,0.00065895430452656,0.004918048798572272
23097,0.9543244689702988,0.0007891758941696025,0.04488636553287506
23098,0.24435970932245255,0.002445299702230841,0.7531949877738953
23099,0.9835624694824219,0.0011662169999908656,0.015271313721314073
23100,0.7945201992988586,0.00754847377538681,0.19793131947517395
23101,0.0026820510684046894,0.0006088303707656451,0.9967091679573059
23102,0.20599831268191338,0.013839861028827727,0.7801618278026581
23103,0.981078177690506,0.0015298359503503889,0.017392019974067807
23104,0.8010874539613724,0.09746167343109846,0.10145089961588383
23105,0.9548453539609909,0.006127942120656371,0.03902669111266732
23106,0.8851935416460037,0.007490271585993469,0.10731620900332928
23107,0.9933228045701981,0.0005239709571469575,0.00615321850636974
23108,0.8327169716358185,0.07703401707112789,0.09024902433156967
23109,0.23271169885993004,0.00857331627048552,0.7587149739265442
23110,0.8936609029769897,0.03957952978089452,0.06675955560058355
23111,0.7634044289588928,0.012815136462450027,0.22378042712807655
23112,0.977737694978714,0.0003057054018427152,0.021956587675958872
23113,0.9326897859573364,0.0007689449194003828,0.06654127594083548
23114,0.7298659682273865,0.004094116666237824,0.2660398930311203
23115,0.36061855778098106,0.07448083069175482,0.564900629222393
23116,0.09135428257286549,0.052648816257715225,0.8559968918561935
23117,0.6920337229967117,0.005281389050651342,0.30268489569425583
23118,0.8817345052957535,0.0020839519274886698,0.11618152353912592
23119,0.8789585530757904,0.016601366456598043,0.10444004833698273
23120,0.9858259707689285,0.000258362360909814,0.013915667543187737
23121,0.0039822805556468666,0.0006925746638444252,0.9953251630067825
23122,0.960440918803215,0.0003813990842900239,0.03917769901454449
23123,0.2789281979203224,0.018499555881135166,0.7025722563266754
23124,0.42505333572626114,0.0066182525479234755,0.5683284029364586
23125,0.0531772468239069,0.012351021403446794,0.9344717264175415
23126,0.8164659291505814,0.0320837595500052,0.15145030803978443
23127,0.9757061153650284,0.0027049471682403237,0.0215889485552907
23128,0.07208934053778648,0.005797026737127453,0.9221136271953583
23129,0.24512921646237373,0.006615922495257109,0.7482548803091049
23130,0.9339032769203186,0.003700741333886981,0.06239600945264101
23131,0.8327136039733887,0.00903129461221397,0.158255098387599
23132,0.005249458365142345,0.0006341919433907606,0.9941163212060928
23133,0.02079205447807908,0.02691004821099341,0.9522978812456131
23134,0.1286059245467186,0.002259681699797511,0.8691344112157822
23135,0.8749914169311523,0.0021003196306992322,0.12290827557444572
23136,0.9517584294080734,0.002023817040026188,0.04621776146814227
23137,0.6905204579234123,0.006729344138875604,0.30275018885731697
23138,0.9155185967683792,0.012087870272807777,0.07239353843033314
23139,0.4190048649907112,0.010578397195786238,0.5704167559742928
23140,0.9852126836776733,0.0004867491661570966,0.014300553128123283
23141,0.9664718508720398,0.000702077173627913,0.03282603994011879
23142,0.9808357208967209,0.00384163431590423,0.015322617487981915
23143,0.05326583981513977,0.008124822285026312,0.9386093318462372
23144,0.15483159385621548,0.02323928545229137,0.8219291120767593
23145,0.9918129593133926,0.0010298955021426082,0.007157156360335648
23146,0.49417924880981445,0.010748081956990063,0.4950726628303528
23147,0.9727161675691605,0.0037437071150634438,0.023540148744359612
23148,0.9716048687696457,0.0026713107072282583,0.02572384150698781
23149,0.508277103304863,0.019441671203821898,0.47228122502565384
23150,0.8574928343296051,0.0036669891560450196,0.1388401947915554
23151,0.9919428378343582,0.0007766111812088639,0.007280570804141462
23152,0.7491515725851059,0.012675496633164585,0.23817294090986252
23153,0.10524401068687439,0.060900771990418434,0.8338552117347717
23154,0.9343199133872986,0.010769010987132788,0.05491108912974596
23155,0.9670169800519943,0.0007778628787491471,0.032205161172896624
23156,0.8258910775184631,0.018607419915497303,0.15550151467323303
23157,0.8758512735366821,0.0038668845663778484,0.12028185650706291
23158,0.9383384734392166,0.0007751715238555335,0.06088638678193092
23159,0.7790610194206238,0.1131587103009224,0.10778027772903442
23160,0.8294350206851959,0.09503068868070841,0.07553430739790201
23161,0.9646985679864883,0.01044057565741241,0.024860835634171963
23162,0.7939446270465851,0.012599387322552502,0.1934560015797615
23163,0.960830882191658,0.00697777044842951,0.03219134034588933
23164,0.9687246233224869,0.0049894602270796895,0.026285906322300434
23165,0.597823366522789,0.0033408809977117926,0.39883575588464737
23166,0.9783353209495544,0.0012112159747630358,0.02045345725491643
23167,0.9792513847351074,0.0018290756561327726,0.01891952590085566
23168,0.5780521929264069,0.3583708330988884,0.06357697024941444
23169,0.880474716424942,0.02416882966645062,0.09535647090524435
23170,0.8432128876447678,0.003218820202164352,0.15356828644871712
23171,0.028964354656636715,0.002037788479356095,0.9689978808164597
23172,0.9383615702390671,0.010223588440567255,0.05141482874751091
23173,0.9935792535543442,0.002237266075098887,0.0041834653238765895
23174,0.8127958476543427,0.0029199213022366166,0.18428422510623932
23175,0.8219263404607773,0.020076766377314925,0.1579968798905611
23176,0.9082721769809723,0.002815778396325186,0.08891204185783863
23177,0.8435459733009338,0.020298658637329936,0.1361554004251957
23178,0.9892550408840179,0.002830964600434527,0.007913973066024482
23179,0.9245046824216843,0.05320279952138662,0.022292537381872535
23180,0.08937957044690847,0.16363896057009697,0.7469814717769623
23181,0.27036207914352417,0.01634689699858427,0.7132910043001175
23182,0.9772894978523254,0.003242645936552435,0.019467814592644572
23183,0.9856979846954346,0.0003235553340346087,0.013978463830426335
23184,0.017803927417844534,0.0029009991558268666,0.9792950600385666
23185,0.9669110178947449,0.008653912984300405,0.02443505614064634
23186,0.025407682172954082,0.002015443256823346,0.9725768715143204
23187,0.4557795450091362,0.016307024750858545,0.5279134511947632
23188,0.9518285840749741,0.004869011405389756,0.04330242844298482
23189,0.7348110973834991,0.01865042746067047,0.246538445353508
23190,0.013357207761146128,0.001475950499298051,0.9851668477058411
23191,0.9590765088796616,0.006978772988077253,0.03394470829516649
23192,0.984669491648674,0.001057987319654785,0.014272533357143402
23193,0.6068749576807022,0.010476859984919429,0.38264817744493484
23194,0.9249188452959061,0.002525765186874196,0.07255545351654291
23195,0.9878737777471542,0.0019002842891495675,0.010225953534245491
23196,0.9214109778404236,0.012667324510402977,0.06592168938368559
23197,0.300080057233572,0.0019663150887936354,0.6979536414146423
23198,0.419636569917202,0.06727789808064699,0.5130855292081833
23199,0.8967938870191574,0.003813183691818267,0.09939292911440134
23200,0.1460938323289156,0.40253975987434387,0.4513663947582245
23201,0.1751146838068962,0.013979232870042324,0.8109060972929001
23202,0.14368579536676407,0.006705362466163933,0.8496088534593582
23203,0.8503440469503403,0.0068352267844602466,0.14282073825597763
23204,0.971725270152092,0.00038085170672275126,0.02789387060329318
23205,0.9395654201507568,0.0018186491215601563,0.0586159722879529
23206,0.7658775895833969,0.0032736399734858423,0.2308487668633461
23207,0.9453209340572357,0.04561196966096759,0.009067105129361153
23208,0.8927341401576996,0.01986283715814352,0.08740305714309216
23209,0.13374585378915071,0.016703148605301976,0.8495509773492813
23210,0.8923465609550476,0.006763300276361406,0.1008901409804821
23211,0.9316069930791855,0.023669782793149352,0.04472322389483452
23212,0.9772291928529739,0.001352084640529938,0.021418737014755607
23213,0.14264154434204102,0.006392553448677063,0.8509658873081207
23214,0.005784322915133089,0.0014403218883671798,0.9927753508090973
23215,0.9850238710641861,0.002538128668675199,0.01243798085488379
23216,0.974537804722786,0.003668951045256108,0.021793241146951914
23217,0.9870069175958633,0.004916860198136419,0.008076193742454052
23218,0.9800430834293365,0.001118182553909719,0.018838757183402777
23219,0.6642956286668777,0.004103576939087361,0.331600796431303
23220,0.9818034470081329,0.002022855027462356,0.01617371686734259
23221,0.9856513738632202,0.0034444149932824075,0.010904225753620267
23222,0.092252217233181,0.003331429266836494,0.9044163823127747
23223,0.9581266790628433,0.0006201530050020665,0.04125318303704262
23224,0.4736446514725685,0.1476722713559866,0.37868309393525124
23225,0.9305906593799591,0.003267670574132353,0.06614164356142282
23226,0.9346811473369598,0.006759075040463358,0.05855977348983288
23227,0.9741143137216568,0.0010263837975799106,0.024859310127794743
23228,0.9390091449022293,0.004280351975467056,0.056710476987063885
23229,0.36543138325214386,0.009844034851994365,0.6247245743870735
23230,0.817633867263794,0.00259614601964131,0.17976997420191765
23231,0.7879141569137573,0.00908619404071942,0.20299967005848885
23232,0.9147596806287766,0.00343059201259166,0.08180973771959543
23233,0.9432635605335236,0.013322229497134686,0.04341422580182552
23234,0.951946496963501,0.0072858480853028595,0.04076766222715378
23235,0.0061080873711034656,0.024179142201319337,0.9697127491235733
23236,0.9191270917654037,0.0011772458965424448,0.07969562150537968
23237,0.6992986127734184,0.0032232457597274333,0.2974781133234501
23238,0.8016602993011475,0.008470867178402841,0.18986882641911507
23239,0.9498901516199112,0.014687889022752643,0.03542195772752166
23240,0.9786749333143234,0.0007955768523970619,0.020529506029561162
23241,0.989883080124855,0.00047081806587812025,0.009646115242503583
23242,0.9880887269973755,0.0022818957222625613,0.00962938868906349
23243,0.8944549113512039,0.003332692926051095,0.10221239365637302
23244,0.6636414974927902,0.017437727539800107,0.318920761346817
23245,0.9255578219890594,0.0033490129862912,0.07109316904097795
23246,0.9717712998390198,0.007491490221582353,0.02073718886822462
23247,0.6593299508094788,0.06024984619580209,0.2804202027618885
23248,0.9764630794525146,0.0009103748889174312,0.022626570193096995
23249,0.9677889496088028,0.0005022235418437049,0.0317088202573359
23250,0.9747576713562012,0.004596408747602254,0.020645932527258992
23251,0.4180149659514427,0.003601912409067154,0.5783831179141998
23252,0.9939824193716049,0.000677666215779027,0.005339896597433835
23253,0.8240273743867874,0.01625921530649066,0.1597134079784155
23254,0.3079824633896351,0.032561813946813345,0.659455731511116
23255,0.539709284901619,0.030031911563128233,0.43025878071784973
23256,0.962162658572197,0.0019082277285633609,0.035929132252931595
23257,0.6410680338740349,0.005173989513423294,0.35375797376036644
23258,0.741895318031311,0.007409899961203337,0.25069480016827583
23259,0.9811778217554092,0.002031564828939736,0.01679058512672782
23260,0.9900957196950912,0.0006086754001444206,0.009295600699260831
23261,0.9608864337205887,0.004723338992334902,0.03439021250233054
23262,0.10574390180408955,0.0008704663923708722,0.8933856040239334
23263,0.09937157481908798,0.019436354050412774,0.8811920434236526
23264,0.9636465162038803,0.003429087810218334,0.032924375496804714
23265,0.7393891364336014,0.006370760616846383,0.25424010306596756
23266,0.43860815465450287,0.003629137121606618,0.5577627271413803
23267,0.0335956416092813,0.004931581497658044,0.9614727795124054
23268,0.6890570968389511,0.0009674114116933197,0.3099754974246025
23269,0.1116126487031579,0.006444850063417107,0.881942480802536
23270,0.44946645200252533,0.03719384386204183,0.5133397132158279
23271,0.9368973672389984,0.019856354221701622,0.04324628785252571
23272,0.7856854498386383,0.007046689628623426,0.2072678729891777
23273,0.7009002864360809,0.00811285333475098,0.2909868508577347
23274,0.5841972008347511,0.06028556078672409,0.3555172234773636
23275,0.6457516998052597,0.02602315926924348,0.32822512462735176
23276,0.9608712494373322,0.0038083255640231073,0.03532041748985648
23277,0.9052338153123856,0.002348710666410625,0.09241747949272394
23278,0.15827753767371178,0.007952337269671261,0.8337701559066772
23279,0.6839512139558792,0.00855311646591872,0.30749567598104477
23280,0.8999709337949753,0.007395914115477353,0.09263314306735992
23281,0.9671061486005783,0.015410608029924333,0.017483248142525554
23282,0.857764407992363,0.009447173913940787,0.1327883917838335
23283,0.9337463676929474,0.0017996306560235098,0.06445401487872005
23284,0.9010747522115707,0.00662834569811821,0.0922968965023756
23285,0.573172003030777,0.024167241295799613,0.4026607722043991
23286,0.005207287962548435,0.0008315704180859029,0.9939611256122589
23287,0.01522083196323365,0.0005418245564214885,0.98423732817173
23288,0.8984542787075043,0.003839980170596391,0.09770575258880854
23289,0.6689769327640533,0.01458281185477972,0.31644023582339287
23290,0.2960800565779209,0.022539115510880947,0.6813808381557465
23291,0.017401639372110367,0.0017105535371229053,0.9808878302574158
23292,0.07171710021793842,0.025440947152674198,0.9028419554233551
23293,0.9812083095312119,0.0016134910110849887,0.017178227892145514
23294,0.9556340128183365,0.001972684491192922,0.04239330068230629
23295,0.2717386595904827,0.012657541665248573,0.7156037837266922
23296,0.9858077168464661,0.0011868940309796017,0.013005418237298727
23297,0.0022823870822321624,0.0021114497940288857,0.9956061989068985
23298,0.9850245863199234,0.00019261672423454002,0.014782812562771142
23299,0.9092884659767151,0.0075565584702417254,0.08315497078001499
23300,0.9608402252197266,0.009892976144328713,0.02926677605137229
23301,0.966788575053215,0.0022083443764131516,0.031003082636743784
23302,0.980708658695221,0.0035242948215454817,0.015767072327435017
23303,0.9506125450134277,0.017044443520717323,0.03234300808981061
23304,0.1471785493195057,0.01009783090557903,0.8427236378192902
23305,0.86807481944561,0.006601317145396024,0.12532388418912888
23306,0.28132398054003716,0.016104759881272912,0.7025712877511978
23307,0.9868555516004562,0.0010958542916341685,0.012048559379763901
23308,0.07255587447434664,0.02986163052264601,0.8975825309753418
23309,0.0837910370901227,0.0024874477821867913,0.9137215316295624
23310,0.9792338460683823,0.001041613009874709,0.01972454902715981
23311,0.5493902042508125,0.0732202185317874,0.3773895651102066
23312,0.32439131662249565,0.005017654621042311,0.6705910414457321
23313,0.0891409395262599,0.002660151949385181,0.9081989228725433
23314,0.9827594459056854,0.00017147155085694976,0.017069087829440832
23315,0.9864275008440018,0.003057805064599961,0.010514698456972837
23316,0.5049445033073425,0.07970278710126877,0.4153526946902275
23317,0.9654114842414856,0.002313624747330323,0.03227488603442907
23318,0.9242092370986938,0.00446805392857641,0.07132271863520145
23319,0.5498838126659393,0.04210320767015219,0.4080129861831665
23320,0.9667602181434631,0.0038537615910172462,0.029386065900325775
23321,0.9313309639692307,0.006656561978161335,0.06201248336583376
23322,0.9401842355728149,0.013001354644075036,0.046814379282295704
23323,0.9179482460021973,0.015183011535555124,0.06686875782907009
23324,0.8633741587400436,0.029004599433392286,0.10762122087180614
23325,0.8177325129508972,0.010540444869548082,0.1717270389199257
23326,0.08846110571175814,0.010199727839790285,0.9013391584157944
23327,0.6482535377144814,0.004068097972776741,0.34767838194966316
23328,0.9488869458436966,0.022089428268373013,0.029023622628301382
23329,0.06630087178200483,0.0018816619412973523,0.9318174719810486
23330,0.9892003834247589,0.0012977601145394146,0.00950183835811913
23331,0.6623013019561768,0.00487868522759527,0.33281997963786125
23332,0.48214012384414673,0.15847821533679962,0.35938168317079544
23333,0.9629504680633545,0.0020492648909566924,0.03500026138499379
23334,0.011694295681081712,0.002460165705997497,0.985845535993576
23335,0.28517843410372734,0.0021801255643367767,0.7126414328813553
23336,0.8804598599672318,0.044063144363462925,0.07547699380666018
23337,0.903057187795639,0.023262100061401725,0.07368069142103195
23338,0.8972223699092865,0.0039970354991965,0.09878059104084969
23339,0.9915011525154114,0.0013143808319000527,0.007184495101682842
23340,0.9104741811752319,0.004323657602071762,0.08520216029137373
23341,0.14507866278290749,0.5270533114671707,0.3278680294752121
23342,0.987447589635849,0.00037440386586240493,0.012178002391010523
23343,0.012675690581090748,0.0006725113635184243,0.9866517782211304
23344,0.8888855576515198,0.004981144156772643,0.10613329336047173
23345,0.9907860457897186,0.0020571639761328697,0.007156782317906618
23346,0.9925403743982315,0.003078471898334101,0.004381146631203592
23347,0.9796762317419052,0.0011017615579476114,0.01922200503759086
23348,0.978514775633812,0.002605925197713077,0.018879289273172617
23349,0.8127212524414062,0.0169804209144786,0.17029833234846592
23350,0.9738710522651672,0.0028581261140061542,0.023270797450095415
23351,0.9661629945039749,0.0030026581371203065,0.03083431115373969
23352,0.9616846442222595,0.0006957500881981105,0.037619581911712885
23353,0.9838837087154388,0.007377124624326825,0.008739193202927709
23354,0.9784400463104248,0.008380943909287453,0.013179013971239328
23355,0.014636530075222254,0.00252868072129786,0.9828347712755203
23356,0.8408030718564987,0.015831818338483572,0.14336511678993702
23357,0.9631035625934601,0.0010756150732049718,0.035820815712213516
23358,0.07136577647179365,0.0077570180874317884,0.92087721824646
23359,0.9795114248991013,0.0008735776355024427,0.019614999182522297
23360,0.9815955460071564,0.002159012627089396,0.016245449893176556
23361,0.9828914999961853,0.0024347237922484055,0.014673782978206873
23362,0.8066737651824951,0.0007700632559135556,0.19255620427429676
23363,0.9718661308288574,0.0014801058132434264,0.026653734035789967
23364,0.9620821624994278,0.016269071027636528,0.021648762049153447
23365,0.9915734529495239,0.000737891281460179,0.007688684156164527
23366,0.9776755422353745,0.0035312681866344064,0.01879319385625422
23367,0.9874631017446518,0.0005443194768304238,0.011992577114142478
23368,0.9446265399456024,0.0029373768193181604,0.05243605561554432
23369,0.8122694790363312,0.038827532436698675,0.1489029861986637
23370,0.7759464830160141,0.0037588461418636143,0.22029464691877365
23371,0.01562036550603807,0.0022232068004086614,0.9821564257144928
23372,0.8757850080728531,0.03251512022688985,0.09169984050095081
23373,0.9727669805288315,0.009023747872561216,0.018209263449534774
23374,0.9198344349861145,0.003363694529980421,0.07680188771337271
23375,0.9729640930891037,0.0007338752475334331,0.026302040088921785
23376,0.08794338535517454,0.007032848661765456,0.9050237536430359
23377,0.8452048301696777,0.031120073050260544,0.12367509119212627
23378,0.05155682563781738,0.006175699469167739,0.9422674626111984
23379,0.3223447911441326,0.005168465664610267,0.6724867522716522
23380,0.6940973401069641,0.005923625954892486,0.299979031085968
23381,0.9824789613485336,0.0003711489371198695,0.017149885650724173
23382,0.3401784338057041,0.0402481856290251,0.6195733770728111
23383,0.9414350837469101,0.008648945193272084,0.04991594888269901
23384,0.7108257412910461,0.02642286755144596,0.2627513837069273
23385,0.01821221550926566,0.0025035343132913113,0.9792842268943787
23386,0.3756733164191246,0.011508508585393429,0.6128181740641594
23387,0.718536451458931,0.01652466575615108,0.2649388909339905
23388,0.10284862294793129,0.010662588058039546,0.8864887654781342
23389,0.14905034564435482,0.006290855584666133,0.8446588069200516
23390,0.9911934435367584,0.0006317494407994673,0.008174801245331764
23391,0.7059722989797592,0.06297765159979463,0.23105004616081715
23392,0.6855527460575104,0.134549580514431,0.17989765666425228
23393,0.5466680824756622,0.16478952020406723,0.28854238241910934
23394,0.016530208056792617,0.002200160175561905,0.9812696427106857
23395,0.09996187407523394,0.002525639982195571,0.8975124657154083
23396,0.8367071747779846,0.0037609162682201713,0.15953193232417107
23397,0.007806462235748768,0.0007414962092298083,0.9914520233869553
23398,0.9828816205263138,0.00044430299749365076,0.01667406572960317
23399,0.030125800985842943,0.005019077972974628,0.9648551344871521
23400,0.09326511807739735,0.0030426725861616433,0.9036922305822372
23401,0.9628909081220627,0.002724443911574781,0.03438465716317296
23402,0.8698688745498657,0.0010871269259951077,0.12904399260878563
23403,0.5989441573619843,0.0018015467503573745,0.39925428479909897
23404,0.004496652516536415,0.0008351793076144531,0.9946681410074234
23405,0.8520911186933517,0.05355927161872387,0.09434958919882774
23406,0.9501721560955048,0.012369350530207157,0.037458501756191254
23407,0.9876053333282471,0.0010569428050075658,0.011337753850966692
23408,0.00628286023857072,0.0016808747313916683,0.9920362383127213
23409,0.13297000341117382,0.008748608699534088,0.8582813888788223
23410,0.7752636671066284,0.029154166113585234,0.19558215886354446
23411,0.14211984165012836,0.21106616780161858,0.6468139886856079
23412,0.8934414684772491,0.05576545000076294,0.050793052185326815
23413,0.9731870144605637,0.010978297097608447,0.015834704041481018
23414,0.7571679204702377,0.00281891631311737,0.24001318961381912
23415,0.9849939197301865,0.003922155709005892,0.011083955178037286
23416,0.9641967564821243,0.002399710036115721,0.03340355074033141
23417,0.9435366243124008,0.008777967130299658,0.04768536705523729
23418,0.16001484356820583,0.009807884838664904,0.8301772624254227
23419,0.005724719259887934,0.007842135906685144,0.986433133482933
23420,0.00975573796313256,0.0010342247915104963,0.9892100244760513
23421,0.6596643328666687,0.016134038101881742,0.32420162484049797
23422,0.9913743436336517,0.0003562352212611586,0.008269396610558033
23423,0.05635946383699775,0.0032096021459437907,0.9404309540987015
23424,0.8191069960594177,0.027015338419005275,0.15387765504419804
23425,0.9263499230146408,0.020391050027683377,0.05325902486220002
23426,0.9656327366828918,0.0019403516198508441,0.03242688858881593
23427,0.0637439452111721,0.035585395991802216,0.9006706476211548
23428,0.12476961314678192,0.009737204003613442,0.8654931932687759
23429,0.9639881104230881,0.0013927393010817468,0.03461921727284789
23430,0.9612021744251251,0.0011382419397705235,0.03765958687290549
23431,0.003345835313666612,0.0022142523957882077,0.9944398999214172
23432,0.003226010041544214,0.0003797583012783434,0.9963942319154739
23433,0.5919639393687248,0.00964687648229301,0.39838921651244164
23434,0.9837659150362015,0.0006935705023352057,0.015540497610345483
23435,0.9589265286922455,0.015371523215435445,0.025701980106532574
23436,0.9790073037147522,0.0029393861623248085,0.01805332419462502
23437,0.9845362603664398,0.001454776807804592,0.014008974423632026
23438,0.01589184277690947,0.003816901065874845,0.9802912622690201
23439,0.7939255237579346,0.005608408304397017,0.2004660628736019
23440,0.817297637462616,0.012628474156372249,0.1700738649815321
23441,0.21472034975886345,0.002799776557367295,0.782479852437973
23442,0.9515991508960724,0.02020915225148201,0.028191708493977785
23443,0.644085593521595,0.060086227022111416,0.2958281598985195
23444,0.26606201007962227,0.0173627648036927,0.7165752202272415
23445,0.9708487391471863,0.01135444885585457,0.01779682538472116
23446,0.4087492823600769,0.007332052453421056,0.5839186683297157
23447,0.7556446343660355,0.010674340766854584,0.23368102684617043
23448,0.955207958817482,0.0014897392102284357,0.04330233158543706
23449,0.09505788702517748,0.265599574893713,0.6393425613641739
23450,0.010066663846373558,0.00328119657933712,0.986652135848999
23451,0.8040343672037125,0.0119445426389575,0.18402107432484627
23452,0.9774519801139832,0.0004517848101386335,0.0220962290186435
23453,0.05192896816879511,0.00997994194040075,0.9380910992622375
23454,0.4433371275663376,0.003628723119618371,0.5530341491103172
23455,0.05962583515793085,0.00297999351460021,0.9373941868543625
23456,0.2154558300971985,0.03912208275869489,0.7454221099615097
23457,0.9530060738325119,0.002116296935128048,0.0448776762932539
23458,0.9839518219232559,0.007861744466936216,0.008186406455934048
23459,0.9185622036457062,0.0554697597399354,0.025968047324568033
23460,0.8363757133483887,0.007983247516676784,0.15564105659723282
23461,0.1385113038122654,0.004645887471269816,0.8568428456783295
23462,0.7451666295528412,0.01462232240010053,0.24021103233098984
23463,0.8264906704425812,0.007813757692929357,0.16569555550813675
23464,0.02938308473676443,0.0015215369930956513,0.969095379114151
23465,0.08830287866294384,0.019581499509513378,0.8921156227588654
23466,0.33329907804727554,0.015399524243548512,0.651301383972168
23467,0.10699381493031979,0.059891704469919205,0.8331144601106644
23468,0.0036114218819420785,0.0012723583786282688,0.9951161891222
23469,0.7232879251241684,0.03865248803049326,0.2380596026778221
23470,0.9509846717119217,0.017072858521714807,0.03194250259548426
23471,0.9971036463975906,0.0004537740496743936,0.002442569035338238
23472,0.98208948969841,0.0028739782865159214,0.015036578988656402
23473,0.8578148633241653,0.012789193890057504,0.12939592357724905
23474,0.8802758902311325,0.003495281212963164,0.1162288635969162
23475,0.9804815500974655,0.0007285461033461615,0.01878986577503383
23476,0.27659308537840843,0.05466909660026431,0.6687378585338593
23477,0.9261702299118042,0.006126033142209053,0.06770370621234179
23478,0.9786185324192047,0.0069678869331255555,0.014413557015359402
23479,0.23229544796049595,0.6788860037922859,0.08881856221705675
23480,0.9079850167036057,0.0019792133825831115,0.0900357672944665
23481,0.9340604394674301,0.004975091898813844,0.06096448749303818
23482,0.666478730738163,0.03818925563246012,0.29533201456069946
23483,0.26354430615901947,0.05406745057553053,0.6823882237076759
23484,0.2826036885380745,0.011468986514955759,0.7059273421764374
23485,0.4253603219985962,0.01330053061246872,0.5613391399383545
23486,0.27651068940758705,0.0099153135670349,0.7135739922523499
23487,0.9152857214212418,0.006533611565828323,0.07818066794425249
23488,0.9623969942331314,0.0023172879009507596,0.035285686142742634
23489,0.07718899752944708,0.004542602750007063,0.9182683974504471
23490,0.9680898785591125,0.003164975962135941,0.028745124582201242
23491,0.5990700721740723,0.009157838067039847,0.3917720802128315
23492,0.8920976370573044,0.0033252097200602293,0.10457713343203068
23493,0.003286258375737816,0.000340596820024075,0.9963731318712234
23494,0.05246820207685232,0.00974934408441186,0.937782421708107
23495,0.9282152354717255,0.004447629151400179,0.06733716186136007
23496,0.3868214823305607,0.009238213766366243,0.6039403155446053
23497,0.6932888329029083,0.003315855050459504,0.3033953346312046
23498,0.48061899840831757,0.002990248176502064,0.5163907632231712
23499,0.5218781679868698,0.46473172679543495,0.013390113250352442
23500,0.6270487159490585,0.003584436548408121,0.3693668358027935
23501,0.8379216194152832,0.029926198534667492,0.13215221092104912
23502,0.11793394386768341,0.05042136739939451,0.8316447138786316
23503,0.9862405061721802,0.00046044945338508114,0.013299053069204092
23504,0.902484655380249,0.009427226963452995,0.08808812312781811
23505,0.007306259125471115,0.0012200216297060251,0.9914737343788147
23506,0.4447409361600876,0.2915033847093582,0.2637557126581669
23507,0.020444596419110894,0.053587399423122406,0.9259679615497589
23508,0.7300347983837128,0.014598407316952944,0.25536681711673737
23509,0.5234717801213264,0.011001550941728055,0.46552665531635284
23510,0.5423826202750206,0.29227113723754883,0.16534623131155968
23511,0.9565074294805527,0.002739258634392172,0.04075331799685955
23512,0.8835500925779343,0.02006931882351637,0.09638060256838799
23513,0.9809601753950119,0.0016216090152738616,0.017418214585632086
23514,0.717405155301094,0.01592783653177321,0.2666670195758343
23515,0.9676819890737534,0.014210962224751711,0.018107068492099643
23516,0.9537338018417358,0.0015794935607118532,0.04468670301139355
23517,0.17715656757354736,0.021364977350458503,0.8014784455299377
23518,0.906534343957901,0.002038740349235013,0.09142690431326628
23519,0.8385046124458313,0.01666017877869308,0.1448351889848709
23520,0.9913483411073685,0.0007982159077073447,0.007853493094444275
23521,0.9619658440351486,0.0035905406693927944,0.034443612676113844
23522,0.9828676283359528,0.002078256045933813,0.015054095536470413
23523,0.966570645570755,0.002018601371673867,0.03141076164320111
23524,0.5601118057966232,0.03771318029612303,0.40217501297593117
23525,0.9626386016607285,0.002479396847775206,0.03488197224214673
23526,0.9721159934997559,0.0023596251849085093,0.025524355936795473
23527,0.7012548446655273,0.010406618472188711,0.2883385568857193
23528,0.1873139962553978,0.011347256833687425,0.8013387322425842
23529,0.7966070026159286,0.029680222738534212,0.17371278442442417
23530,0.7662245631217957,0.015844864072278142,0.21793056093156338
23531,0.38160186260938644,0.020343387266620994,0.5980547443032265
23532,0.13569471426308155,0.016768345492891967,0.8475369065999985
23533,0.8997274786233902,0.0008512877902830951,0.09942124132066965
23534,0.7445180416107178,0.1734988633543253,0.08198310900479555
23535,0.003224303451133892,0.001054703287081793,0.9957209825515747
23536,0.798572838306427,0.002692851237952709,0.19873428717255592
23537,0.8791559487581253,0.004416287119966,0.11642779223620892
23538,0.7153034955263138,0.03775174496695399,0.24694473668932915
23539,0.8501211851835251,0.003530207119183615,0.14634860306978226
23540,0.5683026313781738,0.015543470624834299,0.4161538928747177
23541,0.2436738759279251,0.011579311569221318,0.7447468191385269
23542,0.7126566171646118,0.2417993424460292,0.04554403154179454
23543,0.08172897715121508,0.7094468474388123,0.2088241893798113
23544,0.9782062470912933,0.0008078916798694991,0.0209858485031873
23545,0.5344087034463882,0.010405248845927417,0.45518606156110764
23546,0.8833806365728378,0.0042461848934181035,0.11237315274775028
23547,0.9264536052942276,0.00559195113601163,0.0679544098675251
23548,0.18819142132997513,0.027775019872933626,0.7840335518121719
23549,0.8850202113389969,0.020948321325704455,0.09403145126998425
23550,0.9933410137891769,0.001544092912808992,0.005114890169352293
23551,0.9655201882123947,0.001572599503560923,0.0329072424210608
23552,0.008488262305036187,0.0009740122623043135,0.9905377179384232
23553,0.8506122082471848,0.004519448790233582,0.14486835524439812
23554,0.9764575809240341,0.00797970686107874,0.01556272222660482
23555,0.017941045109182596,0.0016475189477205276,0.9804114103317261
23556,0.9754468202590942,0.0034366300678811967,0.02111655310727656
23557,0.9776320606470108,0.000477915869851131,0.0218899876344949
23558,0.00470358319580555,0.000636585165921133,0.9946598261594772
23559,0.9713233858346939,0.000309362294501625,0.028367256745696068
23560,0.5393281057476997,0.005902093485929072,0.4547698125243187
23561,0.6952832490205765,0.004678573488490656,0.3000381626188755
23562,0.012237131129950285,0.0020766889065271243,0.9856861680746078
23563,0.9608521014451981,0.0010285051830578595,0.03811940178275108
23564,0.25652896240353584,0.06916097644716501,0.6743100583553314
23565,0.847068652510643,0.008519982104189694,0.1444113552570343
23566,0.9742801338434219,0.0008897465377231129,0.02483012154698372
23567,0.6959350407123566,0.1564475055783987,0.14761745743453503
23568,0.608904130756855,0.033330947160720825,0.35776493698358536
23569,0.010059254476800561,0.0018462461011949927,0.9880945086479187
23570,0.9921234399080276,0.001186869470984675,0.006689700356218964
23571,0.4937419444322586,0.06823212746530771,0.43802592158317566
23572,0.957506462931633,0.00841196917463094,0.0340815419331193
23573,0.6166304796934128,0.08443708997219801,0.29893239960074425
23574,0.9588435143232346,0.0056895980960689485,0.03546686377376318
23575,0.011606168583966792,0.0015481610025744885,0.9868456423282623
23576,0.9486302733421326,0.0032727824873290956,0.04809696692973375
23577,0.95851631462574,0.0011355950264260173,0.040348051115870476
23578,0.16308799386024475,0.03388763079419732,0.8030243664979935
23579,0.01739549497142434,0.0034302021958865225,0.9791743159294128
23580,0.25282735377550125,0.012109494768083096,0.7350631803274155
23581,0.026213608914986253,0.08371055405586958,0.8900758624076843
23582,0.13756687380373478,0.02198057738132775,0.8404525071382523
23583,0.014922170899808407,0.001630141749046743,0.9834477007389069
23584,0.755243107676506,0.03824181412346661,0.20651504583656788
23585,0.6227905228734016,0.0426620370708406,0.3345474302768707
23586,0.7201336026191711,0.00931913172826171,0.2705472633242607
23587,0.9960700869560242,0.0005185168411117047,0.003411391517147422
23588,0.9751625061035156,0.00041572811460355297,0.024421745911240578
23589,0.40334852039813995,0.009645881247706711,0.587005577981472
23590,0.968302845954895,0.008964808308519423,0.022732349578291178
23591,0.0032758633606135845,0.0007500604842789471,0.9959741234779358
23592,0.21733041107654572,0.025683508720248938,0.756986066699028
23593,0.9776122719049454,0.001964415656402707,0.02042332198470831
23594,0.04233626136556268,0.004627463989891112,0.9530362486839294
23595,0.9760076105594635,0.005582431564107537,0.01840996532700956
23596,0.7469509541988373,0.01248861604835838,0.24056043103337288
23597,0.9595870971679688,0.0023174334783107042,0.038095501251518726
23598,0.9904578775167465,0.0027274104941170663,0.006814667955040932
23599,0.07461939845234156,0.0020851218432653695,0.9232954680919647
23600,0.02310250513255596,0.00427605037111789,0.9726214557886124
23601,0.963652566075325,0.0016273044457193464,0.03472013911232352
23602,0.26969071477651596,0.004704035818576813,0.7256052792072296
23603,0.8947751224040985,0.05189614789560437,0.05332872457802296
23604,0.9805379211902618,0.0010436846714583226,0.018418385181576014
23605,0.9747132360935211,0.012041011126711965,0.013245725072920322
23606,0.978267177939415,0.00286100382800214,0.018871830543503165
23607,0.8200397789478302,0.0018120055901817977,0.1781482119113207
23608,0.9476269781589508,0.004068042559083551,0.04830500576645136
23609,0.5003666803240776,0.005934916087426245,0.4936984032392502
23610,0.09282154217362404,0.004730648826807737,0.9024478495121002
23611,0.9787898808717728,0.0007079806164256297,0.0205021386500448
23612,0.44032003730535507,0.01335688796825707,0.5463230907917023
23613,0.9006611704826355,0.00454489974072203,0.09479395765811205
23614,0.009971026331186295,0.0015047416818561032,0.9885242283344269
23615,0.7948365956544876,0.019517220556735992,0.18564621359109879
23616,0.9794904887676239,0.008047402836382389,0.012462114682421088
23617,0.9661310017108917,0.00579733174527064,0.02807166427373886
23618,0.8547765761613846,0.01738014060538262,0.12784327007830143
23619,0.9659142941236496,0.0019028060632990673,0.032182878348976374
23620,0.8736637979745865,0.04551864741370082,0.08081755321472883
23621,0.8171938955783844,0.020027740392833948,0.1627783663570881
23622,0.9556489288806915,0.008444969658739865,0.03590608574450016
23623,0.017952760448679328,0.0018565485952422023,0.9801906794309616
23624,0.9517223685979843,0.007900871569290757,0.04037676751613617
23625,0.7693274766206741,0.027690480928868055,0.20298206433653831
23626,0.5551596730947495,0.004890119947958738,0.4399501830339432
23627,0.9771526455879211,0.0019584400579333305,0.02088888082653284
23628,0.9719527661800385,0.004723263962659985,0.02332398109138012
23629,0.002197857655119151,0.0019853279809467494,0.9958168417215347
23630,0.9702630639076233,0.010598652414046228,0.01913828426040709
23631,0.004834521561861038,0.0010255061642965302,0.9941399842500687
23632,0.8916814923286438,0.03018696280196309,0.07813152950257063
23633,0.8871573656797409,0.007371291576419026,0.10547135584056377
23634,0.9287617355585098,0.01048911502584815,0.06074912752956152
23635,0.0170591885689646,0.0021553364786086604,0.9807854443788528
23636,0.9920089840888977,0.002087007407681085,0.005904009914956987
23637,0.9906154125928879,0.0006543020426761359,0.008730274625122547
23638,0.01968109281733632,0.013513973215594888,0.9668049365282059
23639,0.8376154005527496,0.08024971466511488,0.08213491924107075
23640,0.9837402403354645,0.001344149699434638,0.014915584353730083
23641,0.9788869470357895,0.006332729011774063,0.014780319994315505
23642,0.49526653438806534,0.024740520166233182,0.47999293357133865
23643,0.9144854098558426,0.0020733364071929827,0.0834412481635809
23644,0.9336198717355728,0.003033726039575413,0.0633463840931654
23645,0.9580896347761154,0.0014701572799822316,0.040440212935209274
23646,0.017348507652059197,0.0010789391089929268,0.9815725833177567
23647,0.7616830468177795,0.006811154016759247,0.23150581121444702
23648,0.9853204190731049,0.0007815582866896875,0.013898048549890518
23649,0.9882514327764511,0.0003863530473608989,0.011362225865013897
23650,0.8376762270927429,0.01595580659341067,0.14636796712875366
23651,0.8031395673751831,0.09088635537773371,0.10597407445311546
23652,0.9891499876976013,0.0008567725162720308,0.009993256768211722
23653,0.9768933951854706,0.0032747111981734633,0.019831902347505093
23654,0.931126669049263,0.00743963907007128,0.06143369525671005
23655,0.1936607863754034,0.008336830127518624,0.7980023622512817
23656,0.4006393104791641,0.010331271449103951,0.589029386639595
23657,0.15046525187790394,0.013123314827680588,0.8364114314317703
23658,0.9518199115991592,0.0024988676013890654,0.045681222807615995
23659,0.04332851758226752,0.003667544515337795,0.9530039131641388
23660,0.003242467762902379,0.00021573141566477716,0.9965418428182602
23661,0.6164712756872177,0.024645960424095392,0.35888274759054184
23662,0.39662768691778183,0.011235971469432116,0.5921363309025764
23663,0.961490735411644,0.00090832966088783,0.037600912153720856
23664,0.07121285330504179,0.5425519570708275,0.38623521104454994
23665,0.01546353637240827,0.001885860037873499,0.9826505929231644
23666,0.07439312618225813,0.003748021670617163,0.9218589216470718
23667,0.6159792467951775,0.06722243595868349,0.31679834239184856
23668,0.010901189059950411,0.006618300802074373,0.9824805408716202
23669,0.9644531011581421,0.003652887651696801,0.03189398976974189
23670,0.7050874829292297,0.0035391279379837215,0.2913733646273613
23671,0.01828686404041946,0.0015219355846056715,0.9801912009716034
23672,0.45675771683454514,0.021722688805311918,0.5215195789933205
23673,0.1070347037166357,0.015659647062420845,0.8773056715726852
23674,0.7603043019771576,0.006914240424521267,0.23278147354722023
23675,0.7124023586511612,0.012370462296530604,0.2752271704375744
23676,0.9217453002929688,0.005440149747300893,0.07281456980854273
23677,0.590258464217186,0.01950764819048345,0.3902338817715645
23678,0.9848379492759705,0.00037172951124375686,0.014790316810831428
23679,0.8643652945756912,0.01521292608231306,0.1204217579215765
23680,0.9861582070589066,0.0018877368711400777,0.011954067973420024
23681,0.8531413227319717,0.11406505946069956,0.032793621299788356
23682,0.9824796169996262,0.0003151999771944247,0.017205231823027134
23683,0.12459915038198233,0.2659626938402653,0.6094381362199783
23684,0.8099712282419205,0.0017204604082508013,0.18830832466483116
23685,0.9829184263944626,0.0022895933070685714,0.014791960595175624
23686,0.9752674996852875,0.001922777941217646,0.02280974225141108
23687,0.0026652963715605438,0.0005526146014744882,0.996782124042511
23688,0.48465442657470703,0.0026810349663719535,0.5126645043492317
23689,0.012577560148201883,0.0019826711359201,0.9854397624731064
23690,0.3603085055947304,0.5300982296466827,0.10959327407181263
23691,0.8788913488388062,0.002727623505052179,0.11838101781904697
23692,0.04231514176353812,0.005249404814094305,0.9524354487657547
23693,0.9486131370067596,0.0013011239570914768,0.050085739232599735
23694,0.08380997367203236,0.007541589729953557,0.9086484462022781
23695,0.9937857538461685,0.0002032057036558399,0.006011008925270289
23696,0.9596477597951889,0.0007250766429933719,0.039627157617360353
23697,0.8749127686023712,0.006839731591753662,0.1182474847882986
23698,0.9409394264221191,0.003263807389885187,0.055796789936721325
23699,0.9838083982467651,0.0037646584678441286,0.012426967034116387
23700,0.9125148355960846,0.0038004870584700257,0.08368466515094042
23701,0.9327244311571121,0.021112890914082527,0.046162678860127926
23702,0.46216125786304474,0.010521006770431995,0.5273177549242973
23703,0.00959321903064847,0.001311026033363305,0.9890957474708557
23704,0.3664550669491291,0.012786343693733215,0.6207586079835892
23705,0.9631256759166718,0.002065205728285946,0.034809114411473274
23706,0.99506975710392,0.000247591728111729,0.004682668368332088
23707,0.6910451203584671,0.05157755687832832,0.2573773041367531
23708,0.9761020988225937,0.0018381952831987292,0.022059704177081585
23709,0.9920466244220734,0.0004969130750396289,0.007456448627635837
23710,0.015120693715289235,0.006532750150654465,0.9783465415239334
23711,0.9665721952915192,0.0017445732810301706,0.03168322332203388
23712,0.13368448801338673,0.008869392098858953,0.85744608938694
23713,0.8346913754940033,0.004457377071958035,0.16085124760866165
23714,0.9332874268293381,0.00688549192273058,0.059827085584402084
23715,0.9824486076831818,0.0038426865357905626,0.013708709739148617
23716,0.0118775877635926,0.0014540778211085126,0.9866683334112167
23717,0.006741708610206842,0.003674113831948489,0.9895841777324677
23718,0.9722059965133667,0.0020992414210923016,0.02569474489428103
23719,0.9220505654811859,0.0024235643504653126,0.07552586775273085
23720,0.957158237695694,0.000570371252251789,0.04227135889232159
23721,0.943711519241333,0.005556053132750094,0.05073243845254183
23722,0.008491778746247292,0.0008828618374536745,0.9906253665685654
23723,0.005912550142966211,0.0006826771859778091,0.9934047609567642
23724,0.9552111774682999,0.02375349192880094,0.021035347133874893
23725,0.3282421678304672,0.042508953250944614,0.6292488649487495
23726,0.920613244175911,0.005437970743514597,0.07394877355545759
23727,0.6423489972949028,0.022296638693660498,0.3353543393313885
23728,0.8109346479177475,0.03341734712012112,0.15564804896712303
23729,0.8900197595357895,0.005438585358206183,0.10454163886606693
23730,0.8296214789152145,0.057266308926045895,0.11311221495270729
23731,0.43769724667072296,0.04239068180322647,0.5199120566248894
23732,0.015834046062082052,0.003207120666047558,0.9809588491916656
23733,0.9839699268341064,0.00024109339210554026,0.015789000783115625
23734,0.6308382377028465,0.33026123885065317,0.03890050761401653
23735,0.6118780449032784,0.020838768454268575,0.3672831803560257
23736,0.9804649949073792,0.0007868597240303643,0.01874811016023159
23737,0.969729483127594,0.0018629514670465142,0.028407549019902945
23738,0.9693671613931656,0.005645080877002329,0.024987768149003386
23739,0.9558151066303253,0.0006960583996260539,0.043488841969519854
23740,0.9172019809484482,0.00565666239708662,0.07714133709669113
23741,0.8395073413848877,0.0036415563663467765,0.15685107372701168
23742,0.003610743850003928,0.00046750533510930836,0.9959217607975006
23743,0.8696985244750977,0.018381050787866116,0.11192045733332634
23744,0.7975940108299255,0.0024839728139340878,0.19992201402783394
23745,0.5143653973937035,0.16830639727413654,0.31732816994190216
23746,0.9080398380756378,0.01763382414355874,0.0743263429030776
23747,0.33711040392518044,0.017708882223814726,0.6451806947588921
23748,0.41758716851472855,0.017060942947864532,0.5653518885374069
23749,0.9805911332368851,0.0004277479056327138,0.018981123808771372
23750,0.9837134778499603,0.0008394412798224948,0.015447084326297045
23751,0.9298059195280075,0.03561894502490759,0.03457510285079479
23752,0.9867956638336182,0.0020460596424527466,0.011158267501741648
23753,0.7949052155017853,0.03103236621245742,0.17406242154538631
23754,0.7299705147743225,0.004112343594897538,0.2659171521663666
23755,0.9580620229244232,0.0032012357260100543,0.03873672988265753
23756,0.8981680274009705,0.003032949927728623,0.09879903867840767
23757,0.5240408554673195,0.05139597272500396,0.4245631545782089
23758,0.0874665305018425,0.003160636988468468,0.9093728214502335
23759,0.9839310348033905,0.0079749635187909,0.008094019023701549
23760,0.014312122482806444,0.006725938408635557,0.9789619445800781
23761,0.06112371385097504,0.30673785135149956,0.6321384310722351
23762,0.21645301207900047,0.003978778317105025,0.7795681953430176
23763,0.988062247633934,0.001525520157883875,0.010412265313789248
23764,0.967441126704216,0.02156006870791316,0.010998823447152972
23765,0.6928389370441437,0.005623976874630898,0.30153709650039673
23766,0.010245220619253814,0.0019073932198807597,0.9878473728895187
23767,0.8739550560712814,0.003113088372629136,0.12293183617293835
23768,0.9832166433334351,0.004014759790152311,0.01276858476921916
23769,0.003560803714208305,0.0006534589047078043,0.995785728096962
23770,0.9747371822595596,0.0010855772488866933,0.024177208775654435
23771,0.7574516981840134,0.013347554253414273,0.22920071333646774
23772,0.12738052941858768,0.07917340099811554,0.7934460490942001
23773,0.9541129171848297,0.001454965015000198,0.04443215439096093
23774,0.9741919338703156,0.0012675928301177919,0.02454045182093978
23775,0.18536333739757538,0.047961201053112745,0.7666754573583603
23776,0.9410212188959122,0.0037902342155575752,0.05518852826207876
23777,0.00184466945938766,0.00030978947688709013,0.9978455305099487
23778,0.9788461327552795,0.0007827676963643171,0.02037112880498171
23779,0.6350677162408829,0.002441690885461867,0.36249059066176414
23780,0.9327694475650787,0.009061363292858005,0.058169188909232616
23781,0.9902385473251343,0.0008807844715192914,0.008880700683221221
23782,0.005694916297215968,0.0012278909416636452,0.9930771887302399
23783,0.9221305102109909,0.010451790993101895,0.06741769053041935
23784,0.8109357208013535,0.008670385228469968,0.18039387464523315
23785,0.19847271963953972,0.008752241730690002,0.79277503490448
23786,0.9633912742137909,0.0003878951247315854,0.036220858339220285
23787,0.9096851497888565,0.0028707606834359467,0.08744409121572971
23788,0.2315672691911459,0.013684350531548262,0.7547484189271927
23789,0.1747775860130787,0.42713094130158424,0.39809150621294975
23790,0.3391675129532814,0.5816520601511002,0.07918042596429586
23791,0.8645194917917252,0.024126727133989334,0.1113537847995758
23792,0.004559438268188387,0.0017873431788757443,0.993653193116188
23793,0.6232704371213913,0.006034669058863074,0.3706948757171631
23794,0.00920812739059329,0.01078203518409282,0.9800098091363907
23795,0.8934813588857651,0.023020155727863312,0.08349849842488766
23796,0.6153270453214645,0.010587461525574327,0.3740854971110821
23797,0.5480725839734077,0.006643194472417235,0.44528423249721527
23798,0.6218618378043175,0.0022860961325932294,0.3758520670235157
23799,0.9274005889892578,0.0016052175051299855,0.07099418062716722
23800,0.9676842540502548,0.0029271264793351293,0.029388597700744867
23801,0.5615216344594955,0.02407148713245988,0.4144068732857704
23802,0.8356449604034424,0.0022926059609744698,0.16206245310604572
23803,0.8766114264726639,0.019979681121185422,0.10340885072946548
23804,0.003913250140612945,0.004303252906538546,0.9917834848165512
23805,0.0012940264132339507,0.000309433598886244,0.9983965456485748
23806,0.978810042142868,0.0004943174280924723,0.0206956397742033
23807,0.7352820187807083,0.009853829280473292,0.2548641748726368
23808,0.6970335692167282,0.004385694512166083,0.2985807880759239
23809,0.010028974618762732,0.006027456023730338,0.9839435666799545
23810,0.9734626114368439,0.002561930101364851,0.02397542493417859
23811,0.0077716781524941325,0.0024352890613954514,0.989793062210083
23812,0.9550670236349106,0.0033711123396642506,0.041561875492334366
23813,0.44733141362667084,0.07741557341068983,0.47525300830602646
23814,0.03782237879931927,0.0015313912881538272,0.960646241903305
23815,0.18750133365392685,0.04090541508048773,0.7715932428836823
23816,0.9204434454441071,0.004550721438135952,0.07500583212822676
23817,0.9628708064556122,0.0031546727987006307,0.03397452924400568
23818,0.9885094910860062,0.0010491304856259376,0.010441390913911164
23819,0.9741695523262024,0.0013210067991167307,0.024509464856237173
23820,0.9011713862419128,0.0041538027580827475,0.0946748424321413
23821,0.29410310089588165,0.07443885691463947,0.6314580589532852
23822,0.012185640400275588,0.006650262279435992,0.9811640977859497
23823,0.92984639108181,0.020670135272666812,0.04948345711454749
23824,0.9800812751054764,0.002024292974965647,0.017894454300403595
23825,0.9804149717092514,0.0005191533200559206,0.019065863685682416
23826,0.24969132989645004,0.02196331904269755,0.7283453196287155
23827,0.9158431589603424,0.008143519109580666,0.07601334154605865
23828,0.7573097795248032,0.007889820320997387,0.23480035737156868
23829,0.6989125162363052,0.0810305206105113,0.22005697339773178
23830,0.760482594370842,0.1061773244291544,0.13334008306264877
23831,0.9796641170978546,0.002477715432178229,0.01785818929784
23832,0.9494236409664154,0.007816813886165619,0.042759540025144815
23833,0.9640714079141617,0.006347685994114727,0.029580891598016024
23834,0.9850084036588669,0.0009232949378201738,0.014068304561078548
23835,0.4393254965543747,0.005089607206173241,0.5555848851799965
23836,0.02228031074628234,0.004571491794195026,0.9731481671333313
23837,0.9193426817655563,0.00872915016952902,0.071928177960217
23838,0.9692809134721756,0.0011161157017340884,0.029602978844195604
23839,0.6114634722471237,0.13539947010576725,0.2531370371580124
23840,0.9506742507219315,0.004817357548745349,0.04450837196782231
23841,0.9737257212400436,0.00019835919738397934,0.02607590309344232
23842,0.5398012399673462,0.005019255098886788,0.45517950505018234
23843,0.29019945114851,0.009168249438516796,0.700632281601429
23844,0.9146105498075485,0.006235855573322624,0.07915362063795328
23845,0.854691669344902,0.004106525389943272,0.14120179787278175
23846,0.9474296867847443,0.003914969624020159,0.04865534137934446
23847,0.35524994134902954,0.046956500969827175,0.5977935567498207
23848,0.32691507786512375,0.22176755405962467,0.45131736993789673
23849,0.8131117969751358,0.030153246829286218,0.15673496387898922
23850,0.8332975208759308,0.007645081845112145,0.15905741602182388
23851,0.9532944113016129,0.0008631013188278303,0.04584250180050731
23852,0.01641520019620657,0.0017307937378063798,0.9818539917469025
23853,0.23354578390717506,0.0031505568767897785,0.7633036673069
23854,0.9043614119291306,0.009254969074390829,0.08638362772762775
23855,0.9543458968400955,0.0010736740659922361,0.04458047216758132
23856,0.3855746164917946,0.019757132977247238,0.5946682766079903
23857,0.0676622036844492,0.0010881934722419828,0.931249588727951
23858,0.9015266299247742,0.004738551389891654,0.09373479895293713
23859,0.9787493348121643,0.0020759337639901787,0.019174716668203473
23860,0.9899538457393646,0.0006226073455763981,0.00942353147547692
23861,0.6234430521726608,0.009606892825104296,0.36695006489753723
23862,0.9924628287553787,0.0010274157975800335,0.006509763479698449
23863,0.9772044718265533,0.005533848365303129,0.017261683009564877
23864,0.9083122462034225,0.011965911951847374,0.07972184382379055
23865,0.9665982574224472,0.01557860104367137,0.01782308961264789
23866,0.9626807421445847,0.0018691050063353032,0.03545013256371021
23867,0.827981024980545,0.010470021865330637,0.1615489386022091
23868,0.9860441088676453,0.0037911548279225826,0.010164730716496706
23869,0.5831478014588356,0.008820293645840138,0.4080318883061409
23870,0.9586456567049026,0.003997654945123941,0.03735670680180192
23871,0.7836282700300217,0.03863643575459719,0.17773532308638096
23872,0.3971317522227764,0.038729225285351276,0.5641390383243561
23873,0.09602850023657084,0.0035962348920293152,0.9003752619028091
23874,0.016817266819998622,0.004596086451783776,0.9785866886377335
23875,0.9676242619752884,0.004554369952529669,0.02782138204202056
23876,0.09261880442500114,0.007971037062816322,0.899410143494606
23877,0.9042995721101761,0.003081415023189038,0.09261899814009666
23878,0.7070769965648651,0.004134132177568972,0.288788877427578
23879,0.8451231420040131,0.028776854975149035,0.12610000930726528
23880,0.9634160250425339,0.00041300740485894494,0.03617094736546278
23881,0.3596157282590866,0.052951172925531864,0.5874330922961235
23882,0.8945143073797226,0.009563074738252908,0.09592261351644993
23883,0.7611359804868698,0.10498313792049885,0.13388091139495373
23884,0.004146544088143855,0.0005601598968496546,0.9952933043241501
23885,0.90666164457798,0.0009574053401593119,0.09238092787563801
23886,0.3476071432232857,0.004041549633257091,0.6483512967824936
23887,0.16290859505534172,0.015258138533681631,0.8218332678079605
23888,0.5145974606275558,0.03971401276066899,0.44568852335214615
23889,0.6003541424870491,0.00391738471807912,0.3957284428179264
23890,0.801776722073555,0.01297574711497873,0.1852475181221962
23891,0.09061818569898605,0.004409840330481529,0.9049719870090485
23892,0.9820316284894943,0.002323807930224575,0.015644551953300834
23893,0.7720452398061752,0.10314054507762194,0.1248142458498478
23894,0.9358835369348526,0.007418790220981464,0.05669768014922738
23895,0.1973874494433403,0.0069934065686538815,0.7956191599369049
23896,0.2910292111337185,0.04636545293033123,0.6626052930951118
23897,0.9472533762454987,0.004594212514348328,0.048152423463761806
23898,0.8984271138906479,0.0013889593683416024,0.10018391162157059
23899,0.5895264968276024,0.014873815118335187,0.39559968560934067
23900,0.9917981326580048,0.0004803326228284277,0.007721538073383272
23901,0.5701226592063904,0.006986497552134097,0.4228908456861973
23902,0.25875362381339073,0.01576858595944941,0.7254777997732162
23903,0.9345939755439758,0.007549166097305715,0.057856871746480465
23904,0.8332512974739075,0.03487035259604454,0.13187831081449986
23905,0.2068143580108881,0.5454629808664322,0.24772266671061516
23906,0.8832026720046997,0.00574811827391386,0.1110492218285799
23907,0.9750490486621857,0.0016817137511679903,0.023269241442903876
23908,0.9659715592861176,0.004067447560373694,0.029960984829813242
23909,0.7549837529659271,0.002651797025464475,0.24236445873975754
23910,0.7132980525493622,0.008604339964222163,0.27809761837124825
23911,0.9573477804660797,0.0007910522763268091,0.041861169040203094
23912,0.012232246110215783,0.002414806018350646,0.9853529632091522
23913,0.9883835017681122,0.0019864907808369026,0.009630046086385846
23914,0.011537428363226354,0.0016763694875407964,0.9867861866950989
23915,0.9852462410926819,0.0004849082870350685,0.014268839731812477
23916,0.9442601501941681,0.006126491003669798,0.0496133454144001
23917,0.41234277188777924,0.009839012520387769,0.5778182074427605
23918,0.9209938645362854,0.00620497897034511,0.07280117645859718
23919,0.9551766067743301,0.019252185709774494,0.025571222184225917
23920,0.7895229160785675,0.16073616407811642,0.04974090727046132
23921,0.9646212011575699,0.005943276279140264,0.029435514006763697
23922,0.6368303820490837,0.05228950409218669,0.3108801394701004
23923,0.723674550652504,0.0059512680163607,0.27037418633699417
23924,0.2210393212735653,0.020004297140985727,0.7589563727378845
23925,0.9327576756477356,0.0014873840264044702,0.06575497891753912
23926,0.555025190114975,0.006239244539756328,0.43873555958271027
23927,0.5938548594713211,0.07903760951012373,0.3271075300872326
23928,0.9733443111181259,0.0004010851480416022,0.02625459199771285
23929,0.766758993268013,0.009836873272433877,0.22340411320328712
23930,0.8195661902427673,0.004819855937967077,0.17561397701501846
23931,0.7945642322301865,0.009517757222056389,0.1959180012345314
23932,0.9124277532100677,0.024806276662275195,0.06276596710085869
23933,0.915578693151474,0.0027174422575626522,0.08170388452708721
23934,0.39929041638970375,0.316673643887043,0.28403593972325325
23935,0.9154255390167236,0.010366461472585797,0.07420802023261786
23936,0.0873662568628788,0.027223780751228333,0.8854099810123444
23937,0.6916535273194313,0.01704267249442637,0.2913038209080696
23938,0.9782873243093491,0.0022506939712911844,0.019461972871795297
23939,0.9916067719459534,0.00041207781760022044,0.007981163042131811
23940,0.9648884385824203,0.0034194253385066986,0.031692149583250284
23941,0.9838506281375885,0.0030836454534437507,0.013065751176327467
23942,0.672953687608242,0.01682248106226325,0.31022386252880096
23943,0.011880065314471722,0.0017010289448080584,0.9864189177751541
23944,0.9342497289180756,0.004800992086529732,0.060949282720685005
23945,0.574254535138607,0.0029665419715456665,0.4227789491415024
23946,0.9644491225481033,0.0005060212351963855,0.035044836811721325
23947,0.42953404784202576,0.04185862233862281,0.5286073237657547
23948,0.8938418924808502,0.002322062398889102,0.1038360120728612
23949,0.17778682708740234,0.004212805244605988,0.8180003762245178
23950,0.9740424454212189,0.0007322281308006495,0.02522533293813467
23951,0.9908857345581055,0.00018958101099997293,0.0089246672578156
23952,0.3100973032414913,0.03403167054057121,0.6558710336685181
23953,0.9527418315410614,0.01760314987041056,0.029655007645487785
23954,0.9338358938694,0.003942964889574796,0.06222113408148289
23955,0.9822507053613663,0.002043227090325672,0.015706032514572144
23956,0.5570645555853844,0.020026494981721044,0.4229089692234993
23957,0.9653171449899673,0.0028826416528318077,0.03180019184947014
23958,0.7777159214019775,0.002441239485051483,0.2198428027331829
23959,0.3634508177638054,0.314977765083313,0.3215714283287525
23960,0.44811008125543594,0.0025940912310034037,0.5492958277463913
23961,0.004368936526589096,0.0005715483057429083,0.9950595051050186
23962,0.9739057123661041,0.011438712710514665,0.014655557228252292
23963,0.21742805652320385,0.022019403986632824,0.7605525702238083
23964,0.4078325182199478,0.4090377390384674,0.18312975019216537
23965,0.04774707555770874,0.001865723286755383,0.9503872096538544
23966,0.7868788093328476,0.0031358539417851716,0.20998533070087433
23967,0.9594452977180481,0.013945384882390499,0.02660932345315814
23968,0.5419286638498306,0.12051113974303007,0.33756018057465553
23969,0.9798077642917633,0.0024707445700187236,0.01772145600989461
23970,0.8964339047670364,0.0023979580437298864,0.10116811841726303
23971,0.03350091492757201,0.008997093886137009,0.9575019925832748
23972,0.9707237333059311,0.0003861736331600696,0.028890106827020645
23973,0.9475677311420441,0.005272226699162275,0.04716005362570286
23974,0.057040012907236814,0.10280118696391582,0.8401587903499603
23975,0.9608603715896606,0.016822317149490118,0.02231732616201043
23976,0.9874075353145599,0.0013684658624697477,0.011224006302654743
23977,0.9375154376029968,0.0031722014246042818,0.05931233428418636
23978,0.010588025907054543,0.001344653486739844,0.9880673289299011
23979,0.7093625217676163,0.016405135160312057,0.2742323540151119
23980,0.8685864061117172,0.08097987622022629,0.05043370509520173
23981,0.3147251754999161,0.03160367161035538,0.653671145439148
23982,0.029605200979858637,0.004297269624657929,0.9660975486040115
23983,0.979855552315712,0.0017532967031002045,0.018391129560768604
23984,0.3001522310078144,0.03271663119085133,0.6671311259269714
23985,0.9588873535394669,0.000806097210443113,0.040306557435542345
23986,0.9765308052301407,0.003899706032825634,0.019569511990994215
23987,0.011863854713737965,0.0016589805600233376,0.9864771664142609
23988,0.06845189537853003,0.013279219507239759,0.9182688891887665
23989,0.9322695583105087,0.002043568980298005,0.06568689737468958
23990,0.008362195105291903,0.0012912723614135757,0.9903465509414673
23991,0.7282386124134064,0.0011217593419132754,0.27063964679837227
23992,0.6432468667626381,0.03286596841644496,0.323887150734663
23993,0.9582243114709854,0.008731264737434685,0.033044429030269384
23994,0.3521028161048889,0.010543498443439603,0.637353703379631
23995,0.7648981064558029,0.0009428181656403467,0.234159080311656
23996,0.2764584757387638,0.010892907972447574,0.7126486152410507
23997,0.08532135933637619,0.007434926752466708,0.9072437137365341
23998,0.4851054921746254,0.019640849204733968,0.49525365978479385
23999,0.9894753694534302,0.00020699872038676403,0.010317649692296982
24000,0.06939815264195204,0.005336614733096212,0.9252652674913406
24001,0.9907612502574921,0.002739095449214801,0.00649964960757643
24002,0.034682507161051035,0.005434172082459554,0.95988330245018
24003,0.007646049256436527,0.0012896565749542788,0.9910642951726913
24004,0.29951123520731926,0.1167699545621872,0.5837188214063644
24005,0.3461226746439934,0.12881917878985405,0.5250581428408623
24006,0.8918138295412064,0.011623576516285539,0.09656255878508091
24007,0.9497408717870712,0.005148900527274236,0.04511018702760339
24008,0.8766701221466064,0.0682053193449974,0.05512456316500902
24009,0.009255026001483202,0.00912644318304956,0.9816185534000397
24010,0.6177024468779564,0.005079854105133563,0.37721768766641617
24011,0.4037269800901413,0.02563422592356801,0.5706388130784035
24012,0.9636532962322235,0.0011690311512211338,0.03517768532037735
24013,0.9507224410772324,0.001633417559787631,0.04764410760253668
24014,0.9638592600822449,0.006987889530137181,0.029152827337384224
24015,0.6905983239412308,0.002865222719265148,0.3065364547073841
24016,0.9762142300605774,0.008319615852087736,0.015466146636754274
24017,0.8729819059371948,0.012635332765057683,0.11438275687396526
24018,0.8359566479921341,0.031044085510075092,0.13299926929175854
24019,0.9378595054149628,0.004970596812199801,0.05716991424560547
24020,0.9020281285047531,0.002415108698187396,0.09555679932236671
24021,0.041315709706395864,0.0036588013463187963,0.9550254940986633
24022,0.8461686074733734,0.023389788577333093,0.1304415948688984
24023,0.14772769808769226,0.29176560044288635,0.5605066940188408
24024,0.030436938628554344,0.0035465390246827155,0.9660165011882782
24025,0.9874406605958939,0.0004652185416489374,0.012094123056158423
24026,0.004125561274122447,0.000924624313483946,0.9949498474597931
24027,0.4213745966553688,0.003033122164197266,0.5755922645330429
24028,0.7578002661466599,0.007759245636407286,0.23444047942757607
24029,0.9717562049627304,0.0014913472696207464,0.026752452831715345
24030,0.7797747254371643,0.17066805437207222,0.049557240679860115
24031,0.004992699192371219,0.0007375526693067513,0.9942697733640671
24032,0.9447172433137894,0.033604216296225786,0.021678519435226917
24033,0.021980206482112408,0.0015062262391438708,0.9765135496854782
24034,0.027053059544414282,0.0026778037718031555,0.9702691435813904
24035,0.9669609218835831,0.005257168842945248,0.027781926095485687
24036,0.6698145568370819,0.020774249453097582,0.3094111829996109
24037,0.9775889068841934,0.002428444568067789,0.01998267904855311
24038,0.9801997542381287,0.0008239232629421167,0.018976315390318632
24039,0.9752016514539719,0.0022966817778069526,0.022501662140712142
24040,0.8971734493970871,0.0018287050479557365,0.10099786333739758
24041,0.760188564658165,0.0052526390354614705,0.23455878719687462
24042,0.977048709988594,0.001051634390023537,0.021899652434512973
24043,0.9935695976018906,0.0011531694763107225,0.005277203919831663
24044,0.6523239612579346,0.053496286273002625,0.2941797450184822
24045,0.014437617966905236,0.004713088943390176,0.9808492958545685
24046,0.01472532283514738,0.0007471029457519762,0.9845275580883026
24047,0.9758122116327286,0.001761545310728252,0.02242625947110355
24048,0.9300386756658554,0.0045545456814579666,0.06540676765143871
24049,0.8037023991346359,0.0025295609375461936,0.19376804307103157
24050,0.9409336745738983,0.006952894094865769,0.05211341939866543
24051,0.9060955792665482,0.0024304474936798215,0.09147398266941309
24052,0.9273363947868347,0.004451849148608744,0.0682117473334074
24053,0.9637101292610168,0.003284707257989794,0.03300514118745923
24054,0.024556486401706934,0.001107725387555547,0.9743357598781586
24055,0.6243902966380119,0.007238871650770307,0.3683708496391773
24056,0.016789639717899263,0.0016085556417237967,0.9816018044948578
24057,0.09335247799754143,0.004743861150927842,0.9019036442041397
24058,0.7644006013870239,0.0026759127504192293,0.2329234592616558
24059,0.9467050731182098,0.00664441182743758,0.046650529839098454
24060,0.9401054233312607,0.0022879871248733252,0.057606582529842854
24061,0.9084909111261368,0.007158842927310616,0.08435025811195374
24062,0.9320437908172607,0.007444885734003037,0.06051130313426256
24063,0.09497642237693071,0.0020997604442527518,0.9029238522052765
24064,0.8694853335618973,0.009719276800751686,0.12079538591206074
24065,0.951916292309761,0.002723694808082655,0.045360042713582516
24066,0.8818797618150711,0.00718106486601755,0.11093919724225998
24067,0.04102351190522313,0.07210381887853146,0.8868726640939713
24068,0.011958565330132842,0.003271302441135049,0.9847701191902161
24069,0.9928656369447708,0.0013964830650365911,0.005737880244851112
24070,0.8327702879905701,0.00865331559907645,0.15857640840113163
24071,0.9838973730802536,0.0009470263394177891,0.015155603643506765
24072,0.9861463904380798,0.0027907503390451893,0.011062852572649717
24073,0.9647629708051682,0.0020155833626631647,0.03322149207815528
24074,0.7035616189241409,0.05724681820720434,0.23919155076146126
24075,0.9871644377708435,0.004926763125695288,0.007908780127763748
24076,0.9036305844783783,0.003910409228410572,0.09245900623500347
24077,0.0054562565055675805,0.002775541943265125,0.9917681813240051
24078,0.7187905162572861,0.04529215511865914,0.2359173260629177
24079,0.9499409049749374,0.0021890480420552194,0.047870039008557796
24080,0.08535385131835938,0.011685603647492826,0.9029605388641357
24081,0.9472516030073166,0.0202790554612875,0.03246933128684759
24082,0.00949999620206654,0.004484791366849095,0.9860152155160904
24083,0.8687436133623123,0.003946233133319765,0.12731015868484974
24084,0.9850292652845383,0.0009472383826505393,0.014023478492163122
24085,0.9722687751054764,0.000845558854052797,0.02688568877056241
24086,0.905600056052208,0.013512799516320229,0.08088713884353638
24087,0.32714759930968285,0.036508405581116676,0.6363439783453941
24088,0.57663144916296,0.012123429216444492,0.41124510020017624
24089,0.9784045070409775,0.001875379093689844,0.019720094744116068
24090,0.9691578894853592,0.0037859313597436994,0.027056201361119747
24091,0.9052093625068665,0.007529216294642538,0.08726138342171907
24092,0.8655946999788284,0.0077350934734568,0.12667022831737995
24093,0.9547423422336578,0.0018318222428206354,0.04342586360871792
24094,0.7274357676506042,0.0015571299009025097,0.27100710943341255
24095,0.9484017640352249,0.0030023926228750497,0.048595857340842485
24096,0.33908526599407196,0.03015011176466942,0.6307646483182907
24097,0.7620239704847336,0.010475062299519777,0.22750096395611763
24098,0.041825346648693085,0.010050811804831028,0.9481238573789597
24099,0.9890779405832291,0.0017310464172624052,0.009190987329930067
24100,0.5960312932729721,0.0121331422124058,0.3918355330824852
24101,0.20085415616631508,0.013086179038509727,0.7860596925020218
24102,0.9242613166570663,0.011702995863743126,0.06403568061068654
24103,0.014139166101813316,0.005451019766042009,0.9804098010063171
24104,0.9662205278873444,0.0020339851907920092,0.03174544870853424
24105,0.9094669371843338,0.010207978426478803,0.08032508287578821
24106,0.02727277623489499,0.0133656682446599,0.9593615531921387
24107,0.9833075255155563,0.0022075505839893594,0.014484916697256267
24108,0.77132748067379,0.008607919444330037,0.22006461210548878
24109,0.9907524734735489,0.0011936202936340123,0.00805388216394931
24110,0.6260670199990273,0.03788899863138795,0.33604397997260094
24111,0.922339528799057,0.0011470908502815291,0.07651337701827288
24112,0.9747641533613205,0.0011473779522930272,0.02408850146457553
24113,0.9896140098571777,0.0009291796159232035,0.009456800762563944
24114,0.967606708407402,0.0014642065216321498,0.03092909324914217
24115,0.9901302754878998,0.0009125618234975263,0.008957164245657623
24116,0.5938355401158333,0.0015346186410170048,0.4046298675239086
24117,0.9486367255449295,0.004004283109679818,0.047358972020447254
24118,0.9923772066831589,0.0018318172078579664,0.005790924071334302
24119,0.6203116625547409,0.01594680780544877,0.36374152079224586
24120,0.9067864716053009,0.015424780081957579,0.07778873667120934
24121,0.8348092585802078,0.021151829743757844,0.14403888024389744
24122,0.5624019727110863,0.017589908791705966,0.4200081303715706
24123,0.9268572628498077,0.005074184329714626,0.0680685443803668
24124,0.9676008522510529,0.0010275657114107162,0.031371592078357935
24125,0.9550984799861908,0.0006842004440841265,0.044217328540980816
24126,0.9354162514209747,0.004182274773484096,0.0604014964774251
24127,0.44730425626039505,0.005230953131103888,0.5474647879600525
24128,0.9696345031261444,0.012312173843383789,0.018053324427455664
24129,0.9701486527919769,0.002726513717789203,0.027124871499836445
24130,0.5517373383045197,0.02401180099695921,0.42425087839365005
24131,0.12128451652824879,0.013921043369919062,0.864794448018074
24132,0.9865543842315674,0.0011273758427705616,0.012318237568251789
24133,0.8701581805944443,0.0041801403858698905,0.1256616674363613
24134,0.23534774035215378,0.035623117350041866,0.7290291339159012
24135,0.9706266671419144,0.020379371009767056,0.008993996540084481
24136,0.48938220739364624,0.27772925794124603,0.23288853466510773
24137,0.9777851402759552,0.0031823909957893193,0.019032456213608384
24138,0.07246367260813713,0.01268320088274777,0.9148531258106232
24139,0.8113130033016205,0.1452800054103136,0.04340696847066283
24140,0.8653983622789383,0.03791981301037595,0.09668183326721191
24141,0.5464558452367783,0.010873687220737338,0.44267047941684723
24142,0.5153321400284767,0.044974478892982006,0.4396933540701866
24143,0.8451487421989441,0.014081933768466115,0.14076931588351727
24144,0.9798136204481125,0.00045833620242774487,0.019728020066395402
24145,0.9565497487783432,0.0009876070253085345,0.042462630197405815
24146,0.8121165037155151,0.009118132758885622,0.17876536026597023
24147,0.30391546711325645,0.01250737824011594,0.68357715010643
24148,0.8208132535219193,0.005320128577295691,0.173866618424654
24149,0.9866549521684647,0.0028370685467962176,0.010507926577702165
24150,0.9771514385938644,0.001286182799958624,0.021562370704486966
24151,0.9414733350276947,0.01063232054002583,0.04789433628320694
24152,0.9689303934574127,0.0013515002065105364,0.0297180968336761
24153,0.994863897562027,0.001315683992288541,0.0038204228330869228
24154,0.9596501588821411,0.019080356578342617,0.021269470918923616
24155,0.828652635216713,0.007347372069489211,0.16399997659027576
24156,0.7742832005023956,0.00541125814197585,0.22030555829405785
24157,0.5012679174542427,0.007058928662445396,0.49167316406965256
24158,0.026026317849755287,0.0010096269252244383,0.9729640483856201
24159,0.9838453829288483,0.004835593048483133,0.011319042067043483
24160,0.7382040768861771,0.029131749644875526,0.23266418278217316
24161,0.6321236193180084,0.03330841916613281,0.33456796035170555
24162,0.38969743251800537,0.0037003832403570414,0.6066021770238876
24163,0.4633723869919777,0.006000728288199753,0.5306268557906151
24164,0.0031165700929705054,0.0003260570410930086,0.9965573698282242
24165,0.4086800739169121,0.03707572165876627,0.5542442202568054
24166,0.9579281508922577,0.004019273212179542,0.03805258311331272
24167,0.05970110930502415,0.007403141004033387,0.9328957796096802
24168,0.9732099622488022,0.0011392542073735967,0.025650761323049664
24169,0.9644392728805542,0.021600789157673717,0.013959944248199463
24170,0.9875166565179825,0.0006223967429832555,0.011860955855809152
24171,0.9701381325721741,0.00022029368119547144,0.029641594272106886
24172,0.39966747909784317,0.022175853955559433,0.5781566500663757
24173,0.96690334379673,0.013980450574308634,0.019116169307380915
24174,0.017703426769003272,0.0021960359590593725,0.9801005423069
24175,0.8287392407655716,0.036105654668062925,0.1351551041007042
24176,0.9799631386995316,0.005420060770120472,0.014616822125390172
24177,0.10978434607386589,0.002989979140693322,0.8872257173061371
24178,0.9879672527313232,0.00012748953304253519,0.011905240826308727
24179,0.2857800982892513,0.012481192592531443,0.701738715171814
24180,0.008428282279055566,0.015606986591592431,0.9759647101163864
24181,0.21120740100741386,0.006032169389072806,0.7827604413032532
24182,0.9905829280614853,0.001305668120039627,0.008111396920867264
24183,0.9586566388607025,0.003089847683440894,0.038253523875027895
24184,0.7841983139514923,0.016596140107139945,0.1992055531591177
24185,0.8941919505596161,0.03226674813777208,0.0735412985086441
24186,0.41709620505571365,0.025481481105089188,0.5574223175644875
24187,0.28539252653717995,0.02637756196781993,0.6882299035787582
24188,0.9877718836069107,0.0030604256317019463,0.009167669108137488
24189,0.006402529252227396,0.0019696643576025963,0.9916278421878815
24190,0.16267654113471508,0.008474847301840782,0.8288486003875732
24191,0.13031316921114922,0.017170991515740752,0.85251584649086
24192,0.018231165828183293,0.0021571761317318305,0.9796116650104523
24193,0.966748982667923,0.00665111921261996,0.026599936187267303
24194,0.09787369705736637,0.013571914751082659,0.8885544091463089
24195,0.9754585176706314,0.001970143261132762,0.02257131226360798
24196,0.876788005232811,0.007527340960223228,0.11568466760218143
24197,0.9315035045146942,0.005705776973627508,0.06279073469340801
24198,0.8068651109933853,0.03078310377895832,0.1623517982661724
24199,0.9920392781496048,0.00023840603898861445,0.007722281967289746
24200,0.9685001373291016,0.0011403135868022218,0.03035958344116807
24201,0.9640132039785385,0.003802587976679206,0.03218418871983886
24202,0.9779100269079208,0.0001808945289667463,0.021909073926508427
24203,0.18768341466784477,0.00659774849191308,0.8057188242673874
24204,0.9852967113256454,0.0005361275107134134,0.014167136047035456
24205,0.9874209016561508,0.001480497041484341,0.011098579969257116
24206,0.83739373087883,0.028506124392151833,0.13410015031695366
24207,0.0344219128601253,0.003618585760705173,0.96195949614048
24208,0.9505863189697266,0.003233525378163904,0.04618016816675663
24209,0.7331942468881607,0.03642621822655201,0.23037951067090034
24210,0.9564873278141022,0.0007231202980619855,0.042789566330611706
24211,0.6639344915747643,0.00774109543999657,0.3283243998885155
24212,0.807215541601181,0.005839607329107821,0.18694482743740082
24213,0.023012521443888545,0.0027859417896252126,0.9742015302181244
24214,0.879606619477272,0.04465752397663891,0.07573585957288742
24215,0.9311764985322952,0.0007922389049781486,0.06803124397993088
24216,0.07000684831291437,0.01086562522687018,0.9191275835037231
24217,0.9514431804418564,0.003588270104955882,0.04496856778860092
24218,0.7293297201395035,0.007263462990522385,0.2634068466722965
24219,0.9842963516712189,0.000851779208460357,0.014851863612420857
24220,0.974852904677391,0.00245959464518819,0.022687502903863788
24221,0.9946705996990204,0.0007229300172184594,0.004606465401593596
24222,0.8165126591920853,0.045630124397575855,0.13785719871520996
24223,0.5156198665499687,0.01021719997515902,0.4741629362106323
24224,0.04342717304825783,0.31321142986416817,0.6433614417910576
24225,0.9899040311574936,0.0002759106646408327,0.009820042294450104
24226,0.9622889459133148,0.00491162744583562,0.03279942413792014
24227,0.010792429558932781,0.0011490883043734357,0.988058477640152
24228,0.9651103466749191,0.0007365535348071717,0.034153091721236706
24229,0.001366869459161535,0.00020423171918082517,0.9984288811683655
24230,0.9848683327436447,0.001913257612613961,0.013218421721830964
24231,0.3136660121381283,0.0022494604054372758,0.6840845420956612
24232,0.9812795966863632,0.0033002658747136593,0.015420131385326385
24233,0.9343237578868866,0.02162010921165347,0.044056110084056854
24234,0.9065868258476257,0.016547135543078184,0.07686604093760252
24235,0.5993006676435471,0.006733029906172305,0.39396633207798004
24236,0.6652563586831093,0.01398812304250896,0.3207555003464222
24237,0.8351249843835831,0.0970211960375309,0.06785382237285376
24238,0.020052104024216533,0.002122618316207081,0.9778252691030502
24239,0.9714993089437485,0.004622972250217572,0.023877692874521017
24240,0.9648064076900482,0.010011151898652315,0.025182435289025307
24241,0.012171325623057783,0.0014910293466527946,0.9863376617431641
24242,0.5692951679229736,0.0016109204880194739,0.4290939047932625
24243,0.9134655892848969,0.007095831912010908,0.07943859789520502
24244,0.8425136804580688,0.002397237840341404,0.15508906356990337
24245,0.9581688940525055,0.009422688279300928,0.03240843769162893
24246,0.9447851479053497,0.002450786909321323,0.052764058113098145
24247,0.8176724463701248,0.015025433385744691,0.16730211675167084
24248,0.16392349638044834,0.0195264364592731,0.8165500611066818
24249,0.9665126651525497,0.007943745818920434,0.0255436054430902
24250,0.22255592048168182,0.033595934975892305,0.7438481599092484
24251,0.6364473477005959,0.001282548881135881,0.3622700944542885
24252,0.2844368778169155,0.28181400150060654,0.43374910205602646
24253,0.8261535167694092,0.0025963832158595324,0.1712500937283039
24254,0.7519430071115494,0.024139680434018373,0.22391730919480324
24255,0.015085911843925714,0.0012669600982917473,0.9836471229791641
24256,0.9904986619949341,0.0006791035484638996,0.008822241914458573
24257,0.9529916793107986,0.033115903148427606,0.013892451766878366
24258,0.7665629237890244,0.023815353866666555,0.20962173119187355
24259,0.9763724207878113,0.0004031152566312812,0.023224475793540478
24260,0.9740174859762192,0.003130083525320515,0.022852447349578142
24261,0.9742246568202972,0.010660366271622479,0.015114972833544016
24262,0.11858382821083069,0.006496879213955253,0.8749192953109741
24263,0.5333319753408432,0.22626543417572975,0.24040260538458824
24264,0.9911184459924698,0.0006919324150658213,0.008189622312784195
24265,0.9772749692201614,0.0010771469969768077,0.02164788357913494
24266,0.8843598514795303,0.09668177459388971,0.01895839860662818
24267,0.9532333612442017,0.004346730769611895,0.042419866658747196
24268,0.9585485607385635,0.0020094087667530403,0.03944207448512316
24269,0.0491908467374742,0.12374594807624817,0.8270632177591324
24270,0.9623279273509979,0.008681659703142941,0.028990386053919792
24271,0.8948261737823486,0.003797821787884459,0.10137597378343344
24272,0.9738858640193939,0.0014262820041039959,0.024687861558049917
24273,0.9666626155376434,0.002464810706442222,0.030872554518282413
24274,0.9458243697881699,0.004408982000313699,0.049766629468649626
24275,0.964005172252655,0.007609857537318021,0.02838497399352491
24276,0.9090817123651505,0.004453676636330783,0.08646463323384523
24277,0.021802706643939018,0.002477861096849665,0.9757194370031357
24278,0.31864406540989876,0.007651766994968057,0.673704169690609
24279,0.11931911297142506,0.026465531904250383,0.8542153835296631
24280,0.0353788984939456,0.00820480054244399,0.9564162790775299
24281,0.9734683930873871,0.0009666629630373791,0.02556495345197618
24282,0.2828197330236435,0.023913047276437283,0.6932672411203384
24283,0.020939799258485436,0.0016161711973836645,0.9774440377950668
24284,0.8790472596883774,0.003094049301580526,0.11785871721804142
24285,0.9122702479362488,0.004018313600681722,0.08371143043041229
24286,0.9733200073242188,0.002316162164788693,0.024363831151276827
24287,0.9656017571687698,0.007533923606388271,0.026864285580813885
24288,0.9902280569076538,0.0006643434098805301,0.009107612073421478
24289,0.9641644209623337,0.0064832925563678145,0.02935230452567339
24290,0.9652286767959595,0.010402184794656932,0.02436916995793581
24291,0.9547950327396393,0.0014100591361057013,0.043794916942715645
24292,0.9117709547281265,0.013143636868335307,0.0750854192301631
24293,0.9138018190860748,0.011488774907775223,0.07470941077917814
24294,0.9786576181650162,0.0002584328867669683,0.021083955420181155
24295,0.9660713374614716,0.00063482179393759,0.03329382510855794
24296,0.04951886413618922,0.0036544295435305685,0.946826696395874
24297,0.061367517337203026,0.03944095247425139,0.8991915285587311
24298,0.05997307784855366,0.04175060451962054,0.8982763141393661
24299,0.5466645509004593,0.012888426659628749,0.44044702500104904
24300,0.9516735076904297,0.00033325360709568486,0.0479932283051312
24301,0.03697527479380369,0.001985423994483426,0.9610393345355988
24302,0.9130129218101501,0.008025086135603487,0.07896198146045208
24303,0.08132445439696312,0.16931099630892277,0.7493645399808884
24304,0.9788242727518082,0.008667604997754097,0.012508151005022228
24305,0.92105832695961,0.029170017456635833,0.04977165814489126
24306,0.8697837889194489,0.005655961285810918,0.12456023506820202
24307,0.10406113602221012,0.02954994421452284,0.8663888871669769
24308,0.9252982288599014,0.0033391103497706354,0.07136265654116869
24309,0.010720237391069531,0.0016730522329453379,0.9876067042350769
24310,0.9853461235761642,0.0020494104974204674,0.012604462914168835
24311,0.9908788651227951,0.000799622037447989,0.008321478613652289
24312,0.9880944341421127,0.005504482251126319,0.006401108403224498
24313,0.5699923262000084,0.006516963127069175,0.4234907105565071
24314,0.9829769879579544,0.0011117101967101917,0.01591131230816245
24315,0.9802128374576569,0.00018678541891858913,0.019600400468334556
24316,0.9645098745822906,0.0003803584913839586,0.03510977886617184
24317,0.9638693928718567,0.012370264041237533,0.023760345997288823
24318,0.004102398321265355,0.0008736752934055403,0.9950239509344101
24319,0.8539511561393738,0.0020663507748395205,0.14398250728845596
24320,0.9553658366203308,0.0007514222816098481,0.04388275183737278
24321,0.968606248497963,0.002261271089082584,0.029132491443306208
24322,0.8268154859542847,0.002691142726689577,0.17049337550997734
24323,0.9486021101474762,0.00179963608388789,0.049598260782659054
24324,0.8887348026037216,0.01307481445837766,0.09819037839770317
24325,0.9824321568012238,0.0011879847443196923,0.016379839973524213
24326,0.5765733644366264,0.00853310467209667,0.4148935228586197
24327,0.9903012216091156,0.0007115505650290288,0.008987218723632395
24328,0.8609125912189484,0.014380388427525759,0.12470700219273567
24329,0.5602288544178009,0.27055681496858597,0.16921432688832283
24330,0.8313240706920624,0.0170780960470438,0.15159783326089382
24331,0.9565613567829132,0.005378920992370695,0.038059717044234276
24332,0.8688027113676071,0.0014963359863031656,0.12970094941556454
24333,0.8120370507240295,0.062468853779137135,0.1254940927028656
24334,0.8949580937623978,0.00542632705764845,0.09961555525660515
24335,0.9610088765621185,0.007721225556451827,0.03126987488940358
24336,0.9611459076404572,0.001833578513469547,0.03702053753659129
24337,0.9939983934164047,0.0011422797542763874,0.004859356849920005
24338,0.9674319624900818,0.0017609979695407674,0.030807021539658308
24339,0.7137923985719681,0.00269451443455182,0.2835130989551544
24340,0.9756901115179062,0.00040527223973185755,0.02390462695620954
24341,0.3345702774822712,0.004179499228484929,0.6612502187490463
24342,0.5204367339611053,0.07014623936265707,0.4094170182943344
24343,0.59037184715271,0.04164710780605674,0.36798105016350746
24344,0.13320014253258705,0.0032071300374809653,0.863592728972435
24345,0.013369473163038492,0.0006925880297785625,0.9859379231929779
24346,0.011786871124058962,0.015013657510280609,0.9731994569301605
24347,0.9590967148542404,0.00470183341531083,0.03620147937908769
24348,0.4775812700390816,0.05376522522419691,0.46865350008010864
24349,0.981008768081665,0.0026766224473249167,0.016314595472067595
24350,0.2986820787191391,0.031676519429311156,0.6696414053440094
24351,0.7019743546843529,0.005547315697185695,0.2924783155322075
24352,0.915410041809082,0.0006401486316462979,0.08394976798444986
24353,0.9255736321210861,0.024556968826800585,0.04986940510571003
24354,0.020365177653729916,0.002899133716709912,0.9767356812953949
24355,0.9861564487218857,0.002297714294400066,0.011545859510079026
24356,0.013667679624632001,0.0011954279034398496,0.9851368963718414
24357,0.9487365037202835,0.0013948755076853558,0.04986862977966666
24358,0.003679265209939331,0.0012670681317104027,0.995053693652153
24359,0.8331290185451508,0.00740937318187207,0.1594615913927555
24360,0.964667797088623,0.010450685862451792,0.024881533812731504
24361,0.7954633980989456,0.09100743755698204,0.11352916527539492
24362,0.9456751793622971,0.006976062664762139,0.04734877683222294
24363,0.9674476832151413,0.016349682118743658,0.016202634433284402
24364,0.974384605884552,0.0005085433076601475,0.025106869637966156
24365,0.9557483345270157,0.003685601754114032,0.04056606208905578
24366,0.7833084613084793,0.021475702058523893,0.1952158585190773
24367,0.5366397202014923,0.03783795656636357,0.4255223199725151
24368,0.26471877470612526,0.6699994429945946,0.06528177205473185
24369,0.7727426886558533,0.007491787080653012,0.21976549550890923
24370,0.7125338166952133,0.02193354396149516,0.2655326575040817
24371,0.9952657073736191,0.0002512608843971975,0.004483017255552113
24372,0.0025924300134647638,0.000659645491396077,0.9967479556798935
24373,0.9554731100797653,0.0012894044266431592,0.043237452395260334
24374,0.9195440113544464,0.004491089377552271,0.07596492394804955
24375,0.6627531722187996,0.013446628116071224,0.3238002061843872
24376,0.9662743657827377,0.016507669119164348,0.017217964865267277
24377,0.8716965317726135,0.008799887087661773,0.119503578171134
24378,0.9520975053310394,0.006497254711575806,0.041405247524380684
24379,0.2764220666140318,0.007097224937751889,0.7164807245135307
24380,0.9439546763896942,0.00264457575394772,0.05340078379958868
24381,0.9392100721597672,0.003746594535186887,0.05704330187290907
24382,0.7997420430183411,0.010320663219317794,0.1899373047053814
24383,0.9632603377103806,0.0014054908679099753,0.03533416660502553
24384,0.9783904105424881,0.0009324684469902422,0.02067715721204877
24385,0.9806317538022995,0.004305814451072365,0.015062425285577774
24386,0.7138063311576843,0.00548767126747407,0.280705988407135
24387,0.9938271790742874,0.0016029307007556781,0.004569890326820314
24388,0.07483663409948349,0.03463731100782752,0.8905260413885117
24389,0.06631265487521887,0.003542609454598278,0.930144727230072
24390,0.04056023946031928,0.014651333214715123,0.9447884261608124
24391,0.009375876164995134,0.012745271786116064,0.9778788387775421
24392,0.8864825218915939,0.0016489111294504255,0.11186856217682362
24393,0.918585330247879,0.00300777648226358,0.07840688712894917
24394,0.9836325794458389,0.001911911036586389,0.014455505413934588
24395,0.8728979080915451,0.010746191604994237,0.11635586805641651
24396,0.525590255856514,0.0015324874402722344,0.47287724912166595
24397,0.5003769919276237,0.006479948584455997,0.49314305931329727
24398,0.9816567003726959,0.0006501825337181799,0.017693118192255497
24399,0.003664391697384417,0.0013118721835780889,0.995023712515831
24400,0.9594591856002808,0.003487614041659981,0.03705322649329901
24401,0.9415798038244247,0.003180607716785744,0.0552395936101675
24402,0.9718858599662781,0.002402097132289782,0.025712038855999708
24403,0.9343311488628387,0.0011256847210461274,0.06454313453286886
24404,0.013064933707937598,0.004977997683454305,0.9819570183753967
24405,0.4205898344516754,0.14770817756652832,0.43170197308063507
24406,0.939817488193512,0.0014929450990166515,0.05868955980986357
24407,0.4504193440079689,0.04392894566990435,0.5056517049670219
24408,0.8990972936153412,0.007217515143565834,0.09368519764393568
24409,0.831991121172905,0.0026345149672124535,0.1653743851929903
24410,0.9753948748111725,0.0011119247792521492,0.02349319774657488
24411,0.47095590829849243,0.0674771866761148,0.46156691014766693
24412,0.9667525589466095,0.001851426699431613,0.03139600716531277
24413,0.0962596433237195,0.013050785288214684,0.8906895667314529
24414,0.6520680785179138,0.2704318892210722,0.07750004157423973
24415,0.9398647099733353,0.003079133603023365,0.057056193239986897
24416,0.8828435689210892,0.03648985968902707,0.08066655602306128
24417,0.9704640507698059,0.0035001071519218385,0.02603585133329034
24418,0.9879679381847382,0.0021518303838092834,0.009880219586193562
24419,0.9721648544073105,0.0024858463439159095,0.02534932643175125
24420,0.7995181679725647,0.0013916091120336205,0.19909022375941277
24421,0.26439057663083076,0.020008167251944542,0.715601272881031
24422,0.9687416553497314,0.0023977856035344303,0.028860578313469887
24423,0.9266375154256821,0.009749510849360377,0.06361300777643919
24424,0.9758919328451157,0.001688503471086733,0.022419590037316084
24425,0.7789538502693176,0.008090480288956314,0.21295569464564323
24426,0.9593182802200317,0.007923205965198576,0.032758485060185194
24427,0.1551656387746334,0.008575801970437169,0.8362585753202438
24428,0.385676309466362,0.022339921444654465,0.5919837653636932
24429,0.9563807994127274,0.0040042545879259706,0.03961493959650397
24430,0.9701767712831497,0.006003014161251485,0.02382018370553851
24431,0.2554987743496895,0.11593318916857243,0.6285680383443832
24432,0.9619739204645157,0.0033845533325802535,0.03464152757078409
24433,0.004633272183127701,0.0010112964228028432,0.9943554401397705
24434,0.9966726750135422,0.0001381267038595979,0.0031891738763079047
24435,0.9671485871076584,0.001386795294820331,0.03146462980657816
24436,0.6438628509640694,0.025635438971221447,0.3305017314851284
24437,0.9741288870573044,0.0014607299235649407,0.024410361424088478
24438,0.18414855003356934,0.003809541871305555,0.8120419383049011
24439,0.2022000104188919,0.006412020011339337,0.7913879752159119
24440,0.9796331822872162,0.0007723035159870051,0.0195945103187114
24441,0.988983154296875,0.0005866697829333134,0.010430153110064566
24442,0.8780496418476105,0.013460050919093192,0.10849032178521156
24443,0.13233527168631554,0.005427787662483752,0.8622369766235352
24444,0.7933995425701141,0.042004942428320646,0.1645955489948392
24445,0.8844777792692184,0.062107259407639503,0.05341493710875511
24446,0.9816104918718338,0.0026698444853536785,0.01571961841545999
24447,0.9587639272212982,0.003265834122430533,0.037970246747136116
24448,0.11468462459743023,0.01239841734059155,0.8729169964790344
24449,0.9513395130634308,0.0006880885703139938,0.04797239322215319
24450,0.960956022143364,0.020612192805856466,0.018431765027344227
24451,0.015473874751478434,0.019472588784992695,0.965053528547287
24452,0.8383320868015289,0.007461764966137707,0.15420613251626492
24453,0.007504929671995342,0.002978909556986764,0.9895161390304565
24454,0.23193930089473724,0.002834173967130482,0.7652265280485153
24455,0.34761717170476913,0.014282451942563057,0.6381003707647324
24456,0.9185427278280258,0.01215473870979622,0.06930254492908716
24457,0.48511282354593277,0.007632419001311064,0.5072547867894173
24458,0.9820196181535721,0.0003127898307866417,0.017667594365775585
24459,0.35367804020643234,0.023044557310640812,0.6232773885130882
24460,0.9901553839445114,0.0004019521365989931,0.009442684124223888
24461,0.5437931045889854,0.022658673580735922,0.4335482195019722
24462,0.7910050302743912,0.01073161093518138,0.19826336950063705
24463,0.03457139991223812,0.009957994683645666,0.9554706066846848
24464,0.7363099157810211,0.013166064862161875,0.25052401795983315
24465,0.9692581743001938,0.0026172710640821606,0.028124510310590267
24466,0.5447361320257187,0.013593192328698933,0.4416707009077072
24467,0.03448263555765152,0.003043547854758799,0.9624738246202469
24468,0.9536158740520477,0.0239380095154047,0.02244609547778964
24469,0.019866122864186764,0.0018477510893717408,0.97828608751297
24470,0.26057761162519455,0.07335406448692083,0.6660683304071426
24471,0.9719288498163223,0.003044580662390217,0.025026547256857157
24472,0.9497627168893814,0.00623451650608331,0.044002754613757133
24473,0.17875545658171177,0.6314780935645103,0.18976645357906818
24474,0.9833400547504425,0.0004569197408272885,0.016203029546886683
24475,0.8569553792476654,0.014165829867124557,0.12887878715991974
24476,0.9922489523887634,0.001175838493509218,0.006575213221367449
24477,0.13397321105003357,0.0015399655676446855,0.8644868284463882
24478,0.9245584160089493,0.006230034690815955,0.06921158451586962
24479,0.399107851088047,0.008544990909285843,0.5923471599817276
24480,0.9453166574239731,0.0025959385675378144,0.052087427116930485
24481,0.14835606887936592,0.031019299756735563,0.8206246346235275
24482,0.47331397980451584,0.04506574058905244,0.48162029683589935
24483,0.0020214214455336332,0.0010671273485058919,0.9969114363193512
24484,0.026894740294665098,0.00999976391904056,0.9631055295467377
24485,0.4334164261817932,0.02622309303842485,0.5403604730963707
24486,0.8655022531747818,0.003876883623888716,0.13062084652483463
24487,0.9898362308740616,0.006781516829505563,0.003382245806278661
24488,0.27970031276345253,0.058490300085395575,0.6618093475699425
24489,0.6129064485430717,0.032449043821543455,0.3546445369720459
24490,0.9520018100738525,0.0009299537559854798,0.04706822708249092
24491,0.7275879830121994,0.04208246758207679,0.23032955825328827
24492,0.04165840754285455,0.009039968717843294,0.949301615357399
24493,0.9379508197307587,0.0030888363835401833,0.05896035395562649
24494,0.718943789601326,0.007568646688014269,0.27348756790161133
24495,0.9880229234695435,0.0006366641682689078,0.011340380762703717
24496,0.7217928767204285,0.018939249450340867,0.2592678852379322
24497,0.2724728435277939,0.040494990069419146,0.6870321705937386
24498,0.9287088513374329,0.004885712405666709,0.0664054537191987
24499,0.9322890490293503,0.0034825442999135703,0.06422839965671301
24500,0.006315495469607413,0.0005110597994644195,0.9931734502315521
24501,0.9274217188358307,0.00043158704647794366,0.07214667461812496
24502,0.00529639795422554,0.0003776975499931723,0.9943258911371231
24503,0.5389282405376434,0.006881991634145379,0.454189769923687
24504,0.9905511438846588,0.0003520348182064481,0.009096814319491386
24505,0.8869355618953705,0.007544930966105312,0.10551953315734863
24506,0.9869474321603775,0.0022231970506254584,0.010829358594492078
24507,0.009537540026940405,0.002045578177785501,0.9884168654680252
24508,0.9761551767587662,0.003467459202511236,0.020377353066578507
24509,0.8795080184936523,0.002928962669102475,0.11756305024027824
24510,0.8627785891294479,0.002036459482042119,0.13518495485186577
24511,0.9494776874780655,0.0005442184046842158,0.049978114664554596
24512,0.9801110774278641,0.002640719583723694,0.017248219111934304
24513,0.00483630015514791,0.0017648437496973202,0.9933988600969315
24514,0.6366256773471832,0.1268769046291709,0.2364974170923233
24515,0.9061764627695084,0.00886365375481546,0.08495986834168434
24516,0.9459495097398758,0.007414339837851003,0.04663613345474005
24517,0.9839377254247665,0.00388677220325917,0.012175483396276832
24518,0.8970520198345184,0.0023649915819987655,0.10058300942182541
24519,0.4250171035528183,0.001530479290522635,0.573452427983284
24520,0.9603436589241028,0.004807281540706754,0.034849065355956554
24521,0.85762520134449,0.04475710168480873,0.09761769324541092
24522,0.9645978659391403,0.004130491288378835,0.03127163741737604
24523,0.975571870803833,0.002806652250001207,0.021621447522193193
24524,0.9758516252040863,0.001541680219816044,0.022606703685596585
24525,0.00990541884675622,0.008777860319241881,0.9813167303800583
24526,0.9835828095674515,0.00370326463598758,0.012713900534436107
24527,0.43202298879623413,0.03078476246446371,0.5371922329068184
24528,0.012394369579851627,0.0019023514905711636,0.9857032895088196
24529,0.6980972290039062,0.049301995895802975,0.2526007331907749
24530,0.40752221271395683,0.0063817561022005975,0.5860960558056831
24531,0.935068890452385,0.003344931115861982,0.061586154624819756
24532,0.9534307718276978,0.0020917829970130697,0.04447745159268379
24533,0.94740429520607,0.01799539919011295,0.03460031980648637
24534,0.9785586148500443,0.00034970915294252336,0.021091682137921453
24535,0.22634394466876984,0.005471312731970102,0.7681847512722015
24536,0.003899450704921037,0.0030825252906652167,0.9930180609226227
24537,0.9583216160535812,0.0005533771545742638,0.041125023271888494
24538,0.9049448221921921,0.004883347020950168,0.0901718195527792
24539,0.7353403121232986,0.002600606210762635,0.2620590850710869
24540,0.5104358345270157,0.013481950387358665,0.4760821983218193
24541,0.02291397866792977,0.0020093321218155324,0.9750767052173615
24542,0.9283754378557205,0.0037632938474416733,0.06786124780774117
24543,0.9557767510414124,0.0005585838371189311,0.04366466496139765
24544,0.9705250561237335,0.006258070498006418,0.023216899251565337
24545,0.3961962163448334,0.021299228770658374,0.5825045630335808
24546,0.5898562669754028,0.01711759902536869,0.39302612841129303
24547,0.8139873296022415,0.0005485014844452962,0.1854641865938902
24548,0.9827713072299957,0.0013136492489138618,0.015915033756755292
24549,0.07320590503513813,0.006278644665144384,0.9205154329538345
24550,0.533282034099102,0.021350396797060966,0.44536755979061127
24551,0.9670123159885406,0.0005975813983241096,0.032390118576586246
24552,0.7052403688430786,0.014093414996750653,0.2806662227958441
24553,0.9575343728065491,0.0070600444450974464,0.03540559811517596
24554,0.7128638327121735,0.00793399685062468,0.2792021445930004
24555,0.9283553957939148,0.039001740515232086,0.03264285437762737
24556,0.9885825663805008,0.0004703627637354657,0.01094704691786319
24557,0.9623482078313828,0.005484336637891829,0.03216747147962451
24558,0.9717424809932709,0.0038374224095605314,0.024420094210654497
24559,0.9397284835577011,0.0006914941404829733,0.059580061584711075
24560,0.9293484389781952,0.0023654286051169038,0.06828611064702272
24561,0.9315168559551239,0.018570349318906665,0.04991279309615493
24562,0.5835710093379021,0.01708900253288448,0.3993399664759636
24563,0.305295180529356,0.007479898049496114,0.6872249096632004
24564,0.874781921505928,0.013770576566457748,0.11144753359258175
24565,0.9689939618110657,0.0030637294985353947,0.02794229658320546
24566,0.9598583728075027,0.0068288235925138,0.033312796615064144
24567,0.9652647376060486,0.006984490173636004,0.027750755660235882
24568,0.9586286395788193,0.0015467243792954832,0.039824655279517174
24569,0.931587815284729,0.012338086729869246,0.056074121966958046
24570,0.9590697586536407,0.0007741214139969088,0.04015613114461303
24571,0.8831489831209183,0.0034268090967088938,0.11342419683933258
24572,0.5739110484719276,0.00833589059766382,0.41775305569171906
24573,0.9089053422212601,0.005214082601014525,0.08588055800646544
24574,0.9747776836156845,0.00441157299792394,0.020810759626328945
24575,0.9724402129650116,0.0011602913655224256,0.026399461086839437
24576,0.975646585226059,0.012988291127840057,0.011365135200321674
24577,0.9792980849742889,0.0018314960761927068,0.018870386760681868
24578,0.05819837003946304,0.008864233852364123,0.9329374134540558
24579,0.7731985598802567,0.012538046925328672,0.2142634019255638
24580,0.9716260582208633,0.005527440924197435,0.02284651342779398
24581,0.8376600593328476,0.006026890594512224,0.15631304681301117
24582,0.07012369483709335,0.2550099082291126,0.6748664155602455
24583,0.8000141233205795,0.026095824665389955,0.1738900300115347
24584,0.5816745758056641,0.11070404388010502,0.30762141197919846
24585,0.2105173096060753,0.013294811244122684,0.7761878818273544
24586,0.9168149381875992,0.005481501983013004,0.07770356722176075
24587,0.04310207441449165,0.004539927060250193,0.9523580223321915
24588,0.2166842706501484,0.08262807130813599,0.7006876766681671
24589,0.7608566433191299,0.0012057048443239182,0.23793762177228928
24590,0.3546207882463932,0.0033882358693517745,0.641990952193737
24591,0.8380972146987915,0.006761603523045778,0.15514116920530796
24592,0.8959569483995438,0.004724871541839093,0.09931819327175617
24593,0.047782580368220806,0.004730604327050969,0.9474868327379227
24594,0.9279186427593231,0.00077792965748813,0.07130344770848751
24595,0.9499174952507019,0.0006443143211072311,0.04943816503509879
24596,0.9246050715446472,0.0009290906818932854,0.07446584850549698
24597,0.05304483138024807,0.006149259104859084,0.9408058971166611
24598,0.6805870234966278,0.03801891067996621,0.2813940644264221
24599,0.5056246221065521,0.44202302768826485,0.052352347411215305
24600,0.7710917592048645,0.006590355304069817,0.2223178930580616
24601,0.16951285675168037,0.02713997382670641,0.8033471703529358
24602,0.9515525698661804,0.0036321408406365663,0.04481526790186763
24603,0.13754606433212757,0.06628367863595486,0.796170249581337
24604,0.7956801503896713,0.06327277654781938,0.14104706794023514
24605,0.7664130926132202,0.006122709717601538,0.2274642288684845
24606,0.9420299679040909,0.003992829646449536,0.05397718958556652
24607,0.6568361595273018,0.03356519993394613,0.309598658233881
24608,0.9852553308010101,0.0012511610693763942,0.013493514386937022
24609,0.9055048227310181,0.0031496005540248007,0.09134554862976074
24610,0.8235840648412704,0.00767470698338002,0.16874122619628906
24611,0.05757422186434269,0.01013949722982943,0.9322862774133682
24612,0.9105156511068344,0.010037531319539994,0.07944683637470007
24613,0.2164428662508726,0.015833241399377584,0.7677239030599594
24614,0.9726392477750778,0.015531660057604313,0.011829118011519313
24615,0.794755682349205,0.09236164204776287,0.11288263835012913
24616,0.009965048870071769,0.001819559751311317,0.9882154017686844
24617,0.9853902757167816,0.0008261976399808191,0.013783565256744623
24618,0.9862322360277176,0.004769100109115243,0.008998673525638878
24619,0.9701892137527466,0.0021878971019759774,0.027622888330370188
24620,0.9140811860561371,0.007019498152658343,0.07889934163540602
24621,0.5410535112023354,0.011619207100011408,0.44732726365327835
24622,0.9083284586668015,0.04976058192551136,0.04191093845292926
24623,0.9525180160999298,0.017200911417603493,0.030281048268079758
24624,0.9671589583158493,0.004531261103693396,0.028309793677181005
24625,0.8811571598052979,0.025420713471248746,0.09342215023934841
24626,0.8617453873157501,0.009582896891515702,0.12867172621190548
24627,0.6116921529173851,0.15607596933841705,0.23223188519477844
24628,0.9143261313438416,0.03500200458802283,0.05067188059911132
24629,0.9028137624263763,0.003643316827947274,0.09354293346405029
24630,0.6597278714179993,0.01113498816266656,0.3291371501982212
24631,0.06871058512479067,0.08157218061387539,0.8497172445058823
24632,0.008990336442366242,0.0008659725936013274,0.9901437014341354
24633,0.18412547558546066,0.007654559682123363,0.8082199543714523
24634,0.7023003101348877,0.013125750236213207,0.2845739312469959
24635,0.9284939467906952,0.0025003434566315264,0.0690057398751378
24636,0.9759580045938492,0.007541403465438634,0.016500564059242606
24637,0.9624120891094208,0.0007033887595753185,0.03688450111076236
24638,0.9354952424764633,0.0046997712342999876,0.059804962016642094
24639,0.9748582243919373,0.0009992929990403354,0.02414250746369362
24640,0.26892033219337463,0.009020018391311169,0.7220596522092819
24641,0.780914768576622,0.006869292119517922,0.21221591532230377
24642,0.9789778143167496,0.0025231581239495426,0.01849905331619084
24643,0.2948165126144886,0.006302756199147552,0.69888074696064
24644,0.9070602059364319,0.008462715893983841,0.08447709493339062
24645,0.3659065254032612,0.032307043205946684,0.6017864271998405
24646,0.9819957166910172,0.008163773221895099,0.009840508690103889
24647,0.9815879911184311,0.0031033597770147026,0.015308688161894679
24648,0.9620371013879776,0.0011690334140439518,0.036793872714042664
24649,0.5390094146132469,0.003910581232048571,0.45708001405000687
24650,0.7097792625427246,0.10555961448699236,0.18466112203896046
24651,0.9482651948928833,0.0058150384575128555,0.04591974802315235
24652,0.920866385102272,0.0034219094086438417,0.07571169454604387
24653,0.17562448419630527,0.010888537392020226,0.8134869933128357
24654,0.9882921427488327,0.00022328453087538946,0.011484556482173502
24655,0.014129788498394191,0.0007354712433880195,0.9851347804069519
24656,0.9826088696718216,0.005641692550852895,0.011749414494261146
24657,0.020597575698047876,0.004685583378886804,0.9747168570756912
24658,0.512952484190464,0.013641378842294216,0.4734061509370804
24659,0.015142686432227492,0.001775772252585739,0.9830815345048904
24660,0.9387194961309433,0.0025475001602899283,0.05873301438987255
24661,0.9623102247714996,0.004742892226204276,0.032946831081062555
24662,0.9600461721420288,0.002837821579305455,0.03711599111557007
24663,0.911793440580368,0.009583886887412518,0.07862268481403589
24664,0.9607998132705688,0.001963850256288424,0.03723634360358119
24665,0.4427017718553543,0.2951756380498409,0.26212258264422417
24666,0.5139932110905647,0.006907956150826067,0.4790988340973854
24667,0.005404892843216658,0.0009531014511594549,0.9936420023441315
24668,0.6988288536667824,0.042910030111670494,0.2582611180841923
24669,0.889428049325943,0.007235565164592117,0.10333638079464436
24670,0.9691096991300583,0.018549039959907532,0.012341274414211512
24671,0.07855202071368694,0.0025418697332497686,0.9189061224460602
24672,0.8897203207015991,0.007590003951918334,0.10268968902528286
24673,0.9770063757896423,0.0032645252358634025,0.019729113671928644
24674,0.9660993218421936,0.0022952656727284193,0.03160539781674743
24675,0.9500831216573715,0.018300161929801106,0.0316167026758194
24676,0.9436971992254257,0.0005180109001230448,0.05578476097434759
24677,0.3960453048348427,0.08964374661445618,0.5143109560012817
24678,0.9821773171424866,0.0017455065244575962,0.01607716688886285
24679,0.9615595936775208,0.001957084212335758,0.03648329107090831
24680,0.3184158690273762,0.0019507041724864393,0.6796334385871887
24681,0.8110209107398987,0.009917668765410781,0.17906141839921474
24682,0.3013538271188736,0.0022459888859884813,0.6964001879096031
24683,0.9611129313707352,0.0026763075729832053,0.0362107683904469
24684,0.9112085998058319,0.003417916421312839,0.0853734677657485
24685,0.9889832884073257,0.005098899477161467,0.005917793430853635
24686,0.880582869052887,0.006988992507103831,0.11242814362049103
24687,0.055450926534831524,0.003465435962425545,0.941083624958992
24688,0.9331036955118179,0.002466966223437339,0.06442934926599264
24689,0.017217295244336128,0.0016689329786458984,0.9811137616634369
24690,0.823093369603157,0.010592988459393382,0.16631364449858665
24691,0.9839385598897934,0.0002954112278530374,0.01576603204011917
24692,0.004418806871399283,0.0011191968005732633,0.9944620132446289
24693,0.9804081171751022,0.011140682734549046,0.008451199624687433
24694,0.9580162316560745,0.027794243535026908,0.014189542038366199
24695,0.9782430976629257,0.0005883685880689882,0.021168565144762397
24696,0.1004201490432024,0.05910367704927921,0.8404761850833893
24697,0.11268178001046181,0.005966416792944074,0.8813517987728119
24698,0.623111255466938,0.00582608999684453,0.37106266617774963
24699,0.8411368727684021,0.00668637128546834,0.15217674523591995
24700,0.6579984873533249,0.010110704228281975,0.3318908326327801
24701,0.9663602560758591,0.00038855567618156783,0.033251181710511446
24702,0.9884351491928101,0.0013330132060218602,0.010231887572444975
24703,0.9705012440681458,0.0021143268968444318,0.027384442277252674
24704,0.10692930966615677,0.008576078806072474,0.8844946175813675
24705,0.9546176940202713,0.0025443573540542275,0.04283796576783061
24706,0.9656511843204498,0.0025929934927262366,0.03175581665709615
24707,0.03841869020834565,0.007193284574896097,0.9543880224227905
24708,0.9666265398263931,0.01685459155123681,0.01651887595653534
24709,0.4081324338912964,0.008641044958494604,0.5832265168428421
24710,0.01742320926859975,0.0016756867116782814,0.9809011220932007
24711,0.8761638104915619,0.035002566408365965,0.0888336356729269
24712,0.10954748094081879,0.0031015707209007815,0.8873509466648102
24713,0.6189614310860634,0.01447739778086543,0.3665611669421196
24714,0.0088301858631894,0.0036803707480430603,0.9874894320964813
24715,0.012841418851166964,0.001984946575248614,0.9851736426353455
24716,0.5616314187645912,0.008907038369216025,0.4294615462422371
24717,0.8403865396976471,0.10357847064733505,0.056034959852695465
24718,0.9563919454813004,0.01858746772632003,0.02502059005200863
24719,0.9851618111133575,0.008980790385976434,0.005857404845301062
24720,0.3543069213628769,0.0723550661932677,0.5733379945158958
24721,0.9749431610107422,0.004001300781965256,0.021055517718195915
24722,0.012050372082740068,0.004750627442263067,0.9831989705562592
24723,0.6852284520864487,0.03200808621477336,0.28276344761252403
24724,0.5762047097086906,0.007295352406799793,0.41649993881583214
24725,0.7494095116853714,0.012685964989941567,0.23790451511740685
24726,0.9918406754732132,0.003530582500388846,0.004628742230124772
24727,0.8996002525091171,0.06162857823073864,0.03877118742093444
24728,0.9831086546182632,0.0018720578227657825,0.015019339509308338
24729,0.9446122944355011,0.0006099613383412361,0.05477774050086737
24730,0.9962466806173325,0.001166198417195119,0.002587135910289362
24731,0.9576819092035294,0.0074891524855047464,0.0348289399407804
24732,0.8212992995977402,0.005750586627982557,0.1729501187801361
24733,0.044424297753721476,0.0020120892440900207,0.9535636156797409
24734,0.9786875694990158,0.0014282336487667635,0.019884197041392326
24735,0.9926964044570923,0.0016607548750471324,0.005642855889163911
24736,0.9915921241044998,0.0014698463637614623,0.006938007776625454
24737,0.9827434122562408,0.005614672612864524,0.01164189144037664
24738,0.013988651568070054,0.0025083508517127484,0.9835029989480972
24739,0.980902835726738,0.0017150040075648576,0.017382174264639616
24740,0.8172137290239334,0.022947730496525764,0.15983857214450836
24741,0.9003628194332123,0.038554513826966286,0.06108267791569233
24742,0.3863951861858368,0.0059508614358492196,0.6076539605855942
24743,0.9647737592458725,0.0026924592384602875,0.03253377927467227
24744,0.8293571174144745,0.004850858706049621,0.16579200513660908
24745,0.8425533622503281,0.016716862097382545,0.14072978124022484
24746,0.8255036473274231,0.005212879565078765,0.16928347758948803
24747,0.971612811088562,0.011719930917024612,0.016667253337800503
24748,0.991330087184906,0.0011264086642768234,0.00754352001240477
24749,0.4070999510586262,0.004071470175404102,0.5888285860419273
24750,0.9815721362829208,0.002428986452287063,0.015998870483599603
24751,0.9088509678840637,0.0009056280978256837,0.09024341125041246
24752,0.9951623380184174,0.00019578533283493016,0.004641889652702957
24753,0.017972046276554465,0.014894489897415042,0.9671334773302078
24754,0.018790274625644088,0.002677683165529743,0.9785320460796356
24755,0.9108297675848007,0.01689375750720501,0.07227649772539735
24756,0.22856684029102325,0.006428620312362909,0.7650045305490494
24757,0.17258302122354507,0.0699998727068305,0.7574170827865601
24758,0.993528813123703,0.0006024329413776286,0.005868722510058433
24759,0.7491003572940826,0.021313581615686417,0.22958604618906975
24760,0.935843214392662,0.001379993002046831,0.06277678534388542
24761,0.3015079889446497,0.05195253062993288,0.6465394720435143
24762,0.8152173012495041,0.00812203495297581,0.1766606718301773
24763,0.9407005608081818,0.0018890158098656684,0.05741044785827398
24764,0.8244448304176331,0.02251187269575894,0.15304329060018063
24765,0.48825274407863617,0.025808127131313086,0.4859391376376152
24766,0.01703265868127346,0.0013679449330084026,0.9815993756055832
24767,0.9491621851921082,0.00419590447563678,0.04664189973846078
24768,0.4500885605812073,0.009793740580789745,0.5401177033782005
24769,0.9232066869735718,0.007832083269022405,0.06896122265607119
24770,0.9708946347236633,0.005486839159857482,0.02361856121569872
24771,0.9869741350412369,0.005036500457208604,0.00798934034537524
24772,0.9846291840076447,0.0005142225927556865,0.01485660974867642
24773,0.011815363424830139,0.0012674455574597232,0.9869172275066376
24774,0.009624314727261662,0.003907794161932543,0.9864678680896759
24775,0.2976446598768234,0.005497191450558603,0.696858137845993
24776,0.01609161263331771,0.005190804455196485,0.9787175804376602
24777,0.6657483279705048,0.19650175422430038,0.1377499047666788
24778,0.19921085610985756,0.04086612490937114,0.7599229961633682
24779,0.45731988176703453,0.21249061077833176,0.3301895447075367
24780,0.9836999624967575,0.006997567368671298,0.009302475373260677
24781,0.2378329336643219,0.018304683500900865,0.7438623905181885
24782,0.9770098775625229,0.0011819775390904397,0.021808150690048933
24783,0.958788275718689,0.0013016028970014304,0.03991013625636697
24784,0.9938892126083374,0.0004876194980170112,0.005623171920888126
24785,0.976544126868248,0.014639139291830361,0.008816689136438072
24786,0.9163865894079208,0.00960703194141388,0.07400641590356827
24787,0.05730956979095936,0.07701294124126434,0.8656775057315826
24788,0.968363493680954,0.006357065256452188,0.025279436726123095
24789,0.9651264697313309,0.01875135092996061,0.016122184693813324
24790,0.8932887315750122,0.006499676150269806,0.10021159239113331
24791,0.13986016064882278,0.04133536573499441,0.8188044875860214
24792,0.9578893035650253,0.02550409478135407,0.016606608172878623
24793,0.0017396281036781147,0.00021481198200490326,0.9980455636978149
24794,0.7489690035581589,0.002852645586244762,0.2481783777475357
24795,0.6908984631299973,0.008478697971440852,0.30062285810709
24796,0.7955893278121948,0.04697099048644304,0.1574397049844265
24797,0.49216409772634506,0.0058330444735474885,0.5020028725266457
24798,0.9320704340934753,0.006568583892658353,0.06136094592511654
24799,0.9807224124670029,0.002961407328257337,0.016316185472533107
24800,0.9812272638082504,0.0010792873072205111,0.01769347582012415
24801,0.9893670082092285,0.0010053781006718054,0.009627625229768455
24802,0.7486752271652222,0.038624891079962254,0.21269987896084785
24803,0.9201022684574127,0.005372634390369058,0.07452508807182312
24804,0.7028187066316605,0.003931925457436591,0.29324937984347343
24805,0.9753923863172531,0.002434483089018613,0.02217314438894391
24806,0.990460216999054,0.0009834264928940684,0.008556348504498601
24807,0.8769958168268204,0.008439847908448428,0.11456432938575745
24808,0.9226023852825165,0.0038312359538394958,0.07356635294854641
24809,0.9539525210857391,0.005567516083829105,0.04047999531030655
24810,0.9607067853212357,0.0005409038931247778,0.03875229740515351
24811,0.9559571295976639,0.0029604166193166748,0.04108243715018034
24812,0.2874174043536186,0.6506810709834099,0.061901532113552094
24813,0.07807143591344357,0.003310243773739785,0.918618306517601
24814,0.9693419188261032,0.006772946508135647,0.023885114584118128
24815,0.9211931079626083,0.013557015685364604,0.06524990499019623
24816,0.9701984822750092,0.005839341843966395,0.023962196661159396
24817,0.9754449278116226,0.0003369958540133666,0.02421809104271233
24818,0.6069785580039024,0.0029138257377780974,0.3901076316833496
24819,0.2904292270541191,0.10158569738268852,0.6079850867390633
24820,0.9348644465208054,0.0023208339989650995,0.06281471159309149
24821,0.9549118131399155,0.003083091782173142,0.042005087248981
24822,0.010318107437342405,0.002121524215908721,0.9875604063272476
24823,0.6715718731284142,0.07743830420076847,0.2509898170828819
24824,0.15732089057564735,0.010988856083713472,0.83169025182724
24825,0.9352415651082993,0.0029184483573772013,0.06184001546353102
24826,0.6103074699640274,0.29434093460440636,0.09535160847008228
24827,0.9914415627717972,0.003855045884847641,0.004703386279288679
24828,0.9132040739059448,0.005570361914578825,0.08122559078037739
24829,0.9622113108634949,0.0003548714521457441,0.037433784920722246
24830,0.780664399266243,0.015421810327097774,0.20391379669308662
24831,0.7214703410863876,0.02776690456084907,0.2507627606391907
24832,0.4426320567727089,0.0016832271066959947,0.5556847304105759
24833,0.9059868901968002,0.006447478546760976,0.08756563160568476
24834,0.7742858231067657,0.02207522769458592,0.2036389373242855
24835,0.9561905562877655,0.005262845486868173,0.03854660177603364
24836,0.9674674719572067,0.0023528254532720894,0.03017968311905861
24837,0.9486254900693893,0.0034548426046967506,0.04791965987533331
24838,0.9507017731666565,0.004554786719381809,0.04474342055618763
24839,0.9756391793489456,0.0033746087865438312,0.020986180286854506
24840,0.6108172163367271,0.013047948712483048,0.37613481283187866
24841,0.9859667867422104,0.001626324767130427,0.01240688725374639
24842,0.8682484924793243,0.007341381860896945,0.12441011890769005
24843,0.961263969540596,0.009635683964006603,0.029100373852998018
24844,0.5684519037604332,0.34272216260433197,0.0888259494677186
24845,0.08264351356774569,0.007377309550065547,0.9099792093038559
24846,0.5103586167097092,0.005405421834439039,0.4842359349131584
24847,0.9955876171588898,0.0002489808521204395,0.00416341726668179
24848,0.9560197591781616,0.011442861054092646,0.032537360675632954
24849,0.9233347475528717,0.008726529311388731,0.06793871335685253
24850,0.9381604790687561,0.044721807120367885,0.017117713345214725
24851,0.9883865416049957,0.00532574241515249,0.0062877178424969316
24852,0.18669690191745758,0.011748875491321087,0.8015542030334473
24853,0.7605606690049171,0.00798511365428567,0.23145423829555511
24854,0.9799671471118927,0.0023046002606861293,0.01772826141677797
24855,0.9563229382038116,0.0008709097310202196,0.04280618950724602
24856,0.9315991401672363,0.012687014299444854,0.05571385333314538
24857,0.8906069099903107,0.006070285919122398,0.10332280211150646
24858,0.12341567501425743,0.0015401393466163427,0.8750442117452621
24859,0.9362244606018066,0.002388832828728482,0.06138672214001417
24860,0.9188810586929321,0.007291827816516161,0.07382710929960012
24861,0.8937248736619949,0.08307774784043431,0.0231973750051111
24862,0.9445759952068329,0.003880053525790572,0.051543927285820246
24863,0.0075135803781449795,0.0023238457506522536,0.9901625961065292
24864,0.022380640264600515,0.011036798590794206,0.9665825366973877
24865,0.8932583630084991,0.004134269576752558,0.1026073470711708
24866,0.013920882134698331,0.0027161970792803913,0.9833629429340363
24867,0.9514056444168091,0.003958017274271697,0.044636315666139126
24868,0.9703186303377151,0.014302105060778558,0.01537923188880086
24869,0.9403383284807205,0.00302493927301839,0.056636749766767025
24870,0.7242827266454697,0.013000201433897018,0.2627170570194721
24871,0.9779045134782791,0.0016603542753728107,0.02043511625379324
24872,0.9746528267860413,0.002732311317231506,0.022614831570535898
24873,0.9854696244001389,0.0013055470626568422,0.013224817346781492
24874,0.5963109135627747,0.0257465282920748,0.3779425695538521
24875,0.8979738652706146,0.003810244961641729,0.09821591153740883
24876,0.9088359177112579,0.011945579783059657,0.07921853056177497
24877,0.9765937924385071,0.0021739226358477026,0.021232301369309425
24878,0.006593443627934903,0.010978305130265653,0.9824282377958298
24879,0.809310108423233,0.07084128074347973,0.1198485866189003
24880,0.9741522818803787,0.0020115799852646887,0.0238361326046288
24881,0.8344002515077591,0.10813057608902454,0.057469156105071306
24882,0.9661509841680527,0.001444078647182323,0.03240494802594185
24883,0.1054351981729269,0.00420881767058745,0.8903560042381287
24884,0.61069505661726,0.007831659517250955,0.38147326558828354
24885,0.8231739848852158,0.004972077324055135,0.1718539372086525
24886,0.29276973381638527,0.04458593809977174,0.6626443117856979
24887,0.03901168052107096,0.0026583196595311165,0.9583299905061722
24888,0.008209262217860669,0.0020180252904538065,0.9897727221250534
24889,0.9650865346193314,0.0090604810975492,0.02585297916084528
24890,0.9588090479373932,0.0052822313737124205,0.03590870834887028
24891,0.303914587944746,0.021203506039455533,0.6748819276690483
24892,0.8421773463487625,0.012183467391878366,0.1456392053514719
24893,0.32993147522211075,0.003501133294776082,0.6665673851966858
24894,0.0022418121807277203,0.0009127843659371138,0.9968454241752625
24895,0.6106559783220291,0.030096685281023383,0.3592473231256008
24896,0.921786293387413,0.006418051780201495,0.07179560512304306
24897,0.10868137143552303,0.03066231240518391,0.8606563061475754
24898,0.011420487193390727,0.0006376970923156478,0.9879418015480042
24899,0.006003928137943149,0.0009735104904393665,0.9930225759744644
24900,0.9661765396595001,0.011329031083732843,0.022494424134492874
24901,0.027236921712756157,0.006113689276389778,0.9666493833065033
24902,0.7567564249038696,0.00373984151519835,0.23950374498963356
24903,0.9360001534223557,0.04285092605277896,0.02114891679957509
24904,0.3058873154222965,0.009701752569526434,0.6844109520316124
24905,0.8903194814920425,0.0006940113453310914,0.10898649506270885
24906,0.0007238586404128,0.00017894560733111575,0.9990971982479095
24907,0.9295422732830048,0.04000201774761081,0.030455702915787697
24908,0.27576523274183273,0.009259780868887901,0.7149749994277954
24909,0.9651971310377121,0.001184222404845059,0.03361861174926162
24910,0.9812008589506149,0.0005545278982026502,0.018244627630338073
24911,0.967072382569313,0.005750449083279818,0.02717715734615922
24912,0.9605914354324341,0.0053040889906696975,0.034104491118341684
24913,0.7458563148975372,0.008319420274347067,0.24582427740097046
24914,0.9835838973522186,0.0011791101496783085,0.015236960491165519
24915,0.9692665338516235,0.0034852917888201773,0.027248190250247717
24916,0.7555432468652725,0.030726015102118254,0.21373073384165764
24917,0.3833280876278877,0.015375855844467878,0.6012960746884346
24918,0.8707319796085358,0.05061310459859669,0.0786549262702465
24919,0.49534475803375244,0.037937543354928493,0.4667176976799965
24920,0.9700348228216171,0.0025466921215411276,0.02741848840378225
24921,0.9899739325046539,0.0012071805685991421,0.008818896720185876
24922,0.08418903965502977,0.014828857616521418,0.9009821116924286
24923,0.2234729826450348,0.0054827535641379654,0.7710442543029785
24924,0.74175725877285,0.0017493465275038034,0.25649337470531464
24925,0.4481818750500679,0.0015969473897712305,0.550221174955368
24926,0.33498717099428177,0.13662876840680838,0.5283840596675873
24927,0.008619605097919703,0.005392311664763838,0.9859880656003952
24928,0.9618354737758636,0.013726091827265918,0.024438435211777687
24929,0.9686805009841919,0.0018607366946525872,0.029458713252097368
24930,0.4518568590283394,0.015564322122372687,0.5325788110494614
24931,0.9480265974998474,0.006566341384314001,0.045407059602439404
24932,0.1860993281006813,0.002603992441436276,0.8112967014312744
24933,0.9256078898906708,0.0006973267300054431,0.07369479537010193
24934,0.9886957406997681,0.00021732620552938897,0.011086936108767986
24935,0.9835188686847687,0.00046809978084638715,0.01601304463110864
24936,0.9903041869401932,0.0007764550573483575,0.008919386542402208
24937,0.9629352986812592,0.0036121687153354287,0.03345249476842582
24938,0.22241755574941635,0.017563123255968094,0.7600193321704865
24939,0.5406631380319595,0.0025869250821415335,0.45674995332956314
24940,0.6208364963531494,0.0062979807844385505,0.3728655278682709
24941,0.010065646027214825,0.0011387209597160108,0.9887956529855728
24942,0.9583124220371246,0.015897202771157026,0.025790407322347164
24943,0.6827806234359741,0.010898756911046803,0.30632059276103973
24944,0.04800872132182121,0.003064643300604075,0.9489266574382782
24945,0.2398698814213276,0.010118366102688015,0.750011757016182
24946,0.9759281426668167,0.004718539421446621,0.01935327728278935
24947,0.047732602804899216,0.00537081400398165,0.9468965828418732
24948,0.9284985959529877,0.010114294767845422,0.06138711329549551
24949,0.9086140245199203,0.001112681973609142,0.09027327504009008
24950,0.9832192659378052,0.001156569182057865,0.01562420092523098
24951,0.5687343701720238,0.020762033062055707,0.4105036035180092
24952,0.4808057174086571,0.010024920222349465,0.5091693550348282
24953,0.11968448385596275,0.030126128811389208,0.8501894026994705
24954,0.9699830561876297,0.0032138259848579764,0.02680314891040325
24955,0.526393786072731,0.05688977986574173,0.41671641916036606
24956,0.9493250846862793,0.02233894169330597,0.02833597408607602
24957,0.7523332387208939,0.014018417801707983,0.23364832624793053
24958,0.8841212838888168,0.007022591540589929,0.10885612852871418
24959,0.025282121961936355,0.0027551293023861945,0.9719627499580383
24960,0.28692691028118134,0.00829351949505508,0.7047795504331589
24961,0.9460546225309372,0.001907668192870915,0.052037715911865234
24962,0.5063502192497253,0.027189393062144518,0.4664603993296623
24963,0.8589323461055756,0.0007736085754004307,0.1402940507978201
24964,0.20099417679011822,0.008767931605689228,0.7902378737926483
24965,0.9494391083717346,0.0026988337049260736,0.047862064093351364
24966,0.8321543633937836,0.004136034403927624,0.16370961256325245
24967,0.10225103050470352,0.0024780735257081687,0.8952709287405014
24968,0.05069652386009693,0.11342421639710665,0.8358792364597321
24969,0.047822252847254276,0.0020905506098642945,0.9500871896743774
24970,0.9625279009342194,0.004453541652765125,0.033018587389960885
24971,0.940393403172493,0.010764060076326132,0.04884250462055206
24972,0.012318612076342106,0.0009915378177538514,0.986689880490303
24973,0.442819707095623,0.0046820068382658064,0.5524982959032059
24974,0.9859312027692795,0.00034424969635438174,0.01372454408556223
24975,0.9671707898378372,0.0015311153983930126,0.031298107001930475
24976,0.6037465333938599,0.0029373504512477666,0.3933161236345768
24977,0.9706840813159943,0.004942234139889479,0.024373728316277266
24978,0.9641293287277222,0.0027618939348030835,0.033108762465417385
24979,0.47664136067032814,0.009461964014917612,0.513896681368351
24980,0.9319020360708237,0.014357950538396835,0.053739999420940876
24981,0.9469456672668457,0.002655922988196835,0.05039840843528509
24982,0.9657039195299149,0.009196039289236069,0.025100044906139374
24983,0.9469245076179504,0.00442531326552853,0.048650183249264956
24984,0.8062368631362915,0.03184656426310539,0.1619165651500225
24985,0.7596236765384674,0.013265642104670405,0.22711066901683807
24986,0.652589961886406,0.04961858782917261,0.2977914810180664
24987,0.22808750346302986,0.002941853424999863,0.7689706385135651
24988,0.9650378376245499,0.0009410507482243702,0.0340211046859622
24989,0.9844865649938583,0.0008862315808073618,0.014627197990193963
24990,0.9786211848258972,0.00044673790398519486,0.020932091400027275
24991,0.28607675060629845,0.024372457060962915,0.6895507797598839
24992,0.849944993853569,0.10548588261008263,0.04456913797184825
24993,0.02359567116945982,0.0018676957697607577,0.9745366722345352
24994,0.9432272464036942,0.0008720447367522866,0.0559006929397583
24995,0.8897001594305038,0.007183942594565451,0.10311590973287821
24996,0.9073555618524551,0.0014865096745779738,0.09115788247436285
24997,0.9411220699548721,0.018452647142112255,0.04042524378746748
24998,0.9588586539030075,0.0019183964177500457,0.03922296827659011
24999,0.9125256538391113,0.007249434012919664,0.0802248939871788
