id,Status_C,Status_CL,Status_D
15000,0.5216202028095722,0.0009554742500768043,0.47742433100938797
15001,0.9603196531534195,0.0017305510846199468,0.037949811201542616
15002,0.9717571437358856,0.0036777331843040884,0.024565130472183228
15003,0.12984012812376022,0.0009749052842380479,0.8691849634051323
15004,0.9819421619176865,0.004429513035574928,0.013628355343826115
15005,0.5555190891027451,0.01502718188567087,0.4294537343084812
15006,0.9681130945682526,0.010235439884127118,0.021651461604051292
15007,0.9609419479966164,0.022490277187898755,0.016567775048315525
15008,0.3192919231951237,0.014479537145234644,0.6662285514175892
15009,0.10730641102418303,0.053262540604919195,0.8394310623407364
15010,0.6753771007061005,0.011142164119519293,0.3134807236492634
15011,0.9369990527629852,0.006439456788939424,0.056561477947980165
15012,0.976644366979599,0.00043386763172748033,0.02292175544425845
15013,0.8438927829265594,0.006632871925830841,0.14947434607893229
15014,0.020308164530433714,0.0023125434236135334,0.9773792922496796
15015,0.019810958649031818,0.022804315201938152,0.957384742796421
15016,0.9688517898321152,0.008425569394603372,0.022722633089870214
15017,0.5081236474215984,0.04990115645341575,0.4419751986861229
15018,0.918973483145237,0.02322969085071236,0.05779684614390135
15019,0.9825926348567009,0.0008259616770374123,0.016581414500251412
15020,0.002430633583571762,0.0006660809103777865,0.9969032928347588
15021,0.9621463939547539,0.016638295608572662,0.021215323358774185
15022,0.4729374870657921,0.08995686983689666,0.4371056631207466
15023,0.9671425297856331,0.001439617666619597,0.031417891616001725
15024,0.9804933220148087,0.0005523933577933349,0.01895427575800568
15025,0.9739346504211426,0.0029436614859150723,0.023121709236875176
15026,0.25559036433696747,0.03390947310253978,0.7105001583695412
15027,0.9372851923108101,0.03905400773510337,0.023660801583901048
15028,0.0036379353841766715,0.0007615513713972177,0.9956005215644836
15029,0.21439960040152073,0.17377741821110249,0.6118229813873768
15030,0.9724691435694695,0.015007942158263177,0.012522929871920496
15031,0.9924082681536674,0.0017826303883339278,0.0058090994716621935
15032,0.931843563914299,0.008650499890791252,0.05950593622401357
15033,0.7711385041475296,0.02827897807583213,0.20058252103626728
15034,0.33695237152278423,0.020863469457253814,0.6421841606497765
15035,0.5183516815304756,0.021905666799284518,0.45974264293909073
15036,0.9960900768637657,0.0004537704080576077,0.00345615713740699
15037,0.9476346001029015,0.0007882274185249116,0.05157715314999223
15038,0.9595203250646591,0.0043950613180641085,0.03608461655676365
15039,0.8390730395913124,0.018394798506051302,0.14253218192607164
15040,0.7815706208348274,0.003921085561159998,0.2145083025097847
15041,0.9641035869717598,0.018101997557096183,0.017794412444345653
15042,0.10992369242012501,0.012349430471658707,0.8777268901467323
15043,0.3830424137413502,0.26627435348927975,0.35068323463201523
15044,0.9666806906461716,0.0017834946775110438,0.031535809859633446
15045,0.9903306216001511,0.0004698457141785184,0.00919954152777791
15046,0.1563699385151267,0.007947764883283526,0.8356823027133942
15047,0.964160293340683,0.0034030094975605607,0.03243669914081693
15048,0.40709695406258106,0.005191010801354423,0.587712038308382
15049,0.011307699605822563,0.002120121047482826,0.9865721985697746
15050,0.9773680195212364,0.002650758484378457,0.019981220830231905
15051,0.9709257110953331,0.016977221122942865,0.012097058934159577
15052,0.9512082859873772,0.004983917169738561,0.043807779205963016
15053,0.9669398963451385,0.002385834013693966,0.030674257781356573
15054,0.6663792543113232,0.06326273595914245,0.2703580167144537
15055,0.996358834207058,0.0004963118462910643,0.0031448621884919703
15056,0.8658229485154152,0.005859799188328907,0.12831723783165216
15057,0.7217522636055946,0.014352162485010922,0.2638955656439066
15058,0.40340958535671234,0.1653986694291234,0.4311917647719383
15059,0.8592157736420631,0.011835618846816942,0.12894862331449986
15060,0.9746430665254593,0.0017765038610377815,0.02358040597755462
15061,0.9795264378190041,0.0047583720297552645,0.015715202316641808
15062,0.9841339290142059,0.00034704596328083426,0.015519027132540941
15063,0.9918469190597534,0.0010072171135107055,0.007145854877308011
15064,0.9800803288817406,0.006708162720315158,0.013211507583037019
15065,0.6083403490483761,0.15924575179815292,0.2324138917028904
15066,0.9810505732893944,0.0005575385821430245,0.018391902674920857
15067,0.7824015989899635,0.024968126672320068,0.19263027049601078
15068,0.9463565051555634,0.04111781623214483,0.012525690428446978
15069,0.19195943791419268,0.0666297054849565,0.7414108440279961
15070,0.7213612571358681,0.02072348608635366,0.2579152472317219
15071,0.4237637557089329,0.5315553806722164,0.04468086361885071
15072,0.656299501657486,0.001980135406483896,0.3417203724384308
15073,0.8533511385321617,0.0036357341305119917,0.14301313273608685
15074,0.9674051776528358,0.006982183316722512,0.025612656492739916
15075,0.4553702287375927,0.10210024192929268,0.44252951443195343
15076,0.4073684513568878,0.00894961238373071,0.5836819447577
15077,0.41940778493881226,0.004775061417603865,0.5758171491324902
15078,0.09109260933473706,0.07114003924652934,0.8377673551440239
15079,0.994314581155777,0.00033516711300762836,0.005350257299141958
15080,0.013631078181788325,0.0010610246899886988,0.985307902097702
15081,0.1460387697443366,0.013527455856092274,0.8404337763786316
15082,0.9583560153841972,0.0026910474261967465,0.038952933391556144
15083,0.08252441789954901,0.009277035074774176,0.9081985652446747
15084,0.8325653225183487,0.03612371359486133,0.13131097797304392
15085,0.9791264981031418,0.005515090102562681,0.015358416945673525
15086,0.9033194780349731,0.03777514153625816,0.0589053847361356
15087,0.9772300869226456,0.004651499955798499,0.01811839558649808
15088,0.1926866453140974,0.00813495644251816,0.7991784065961838
15089,0.9838031753897667,0.005480032574268989,0.010716810065787286
15090,0.04337613540701568,0.02590254822280258,0.9307213127613068
15091,0.8169494569301605,0.008598924410762265,0.17445161566138268
15092,0.949873149394989,0.01056581997545436,0.039561039535328746
15093,0.5168995782732964,0.04971491498872638,0.4333855174481869
15094,0.24429022334516048,0.1430966891348362,0.6126131005585194
15095,0.26383628882467747,0.008631145814433694,0.7275325581431389
15096,0.9411477595567703,0.0076634550059679896,0.05118876090273261
15097,0.45761680230498314,0.02432650636183098,0.5180567130446434
15098,0.06566076260060072,0.001836343522882089,0.9325029030442238
15099,0.9849153384566307,0.0002897080594266299,0.014794965274631977
15100,0.8023095354437828,0.17075643315911293,0.026934025110676885
15101,0.010694344528019428,0.002788527257507667,0.986517108976841
15102,0.010885187715757638,0.0028744409646606073,0.9862403869628906
15103,0.9876730814576149,0.001836024151998572,0.010490893560927361
15104,0.9115675538778305,0.0065326229960191995,0.08189981058239937
15105,0.4681759141385555,0.0036293035955168307,0.5281947776675224
15106,0.8472587019205093,0.005078329209936783,0.14766295161098242
15107,0.9764568284153938,0.0004951342616550392,0.0230480331229046
15108,0.841991737484932,0.015167101402767003,0.14284115098416805
15109,0.7459710463881493,0.008555450796848163,0.24547351151704788
15110,0.9628764390945435,0.006514366279589012,0.03060918767005205
15111,0.93009003251791,0.026478153304196894,0.04343181103467941
15112,0.9387444034218788,0.004127946886001155,0.057127648033201694
15113,0.4192890636622906,0.006514765147585422,0.5741961561143398
15114,0.8451181054115295,0.05448152683675289,0.10040036169812083
15115,0.8203489780426025,0.004435175229446031,0.17521583382040262
15116,0.5709554776549339,0.002416631847154349,0.42662788927555084
15117,0.959592305123806,0.010391801770310849,0.030015920288860798
15118,0.9525253176689148,0.003499931743135676,0.043974754866212606
15119,0.9540807977318764,0.007604494807310402,0.038314727833494544
15120,0.6245008371770382,0.014026451739482582,0.36147272400557995
15121,0.9866797775030136,0.0036068421613890678,0.009713385137729347
15122,0.08665155107155442,0.0014491297115455382,0.9118993207812309
15123,0.8759055659174919,0.030078056966885924,0.09401639876887202
15124,0.9882714301347733,0.001666320975346025,0.01006224489537999
15125,0.936602383852005,0.005149410368176177,0.05824817856773734
15126,0.8066767305135727,0.04481474217027426,0.1485085366293788
15127,0.846743568778038,0.0010860795664484613,0.15217036753892899
15128,0.9418365061283112,0.002058664642390795,0.05610481323674321
15129,0.7831960394978523,0.005153011530637741,0.21165096573531628
15130,0.6023115888237953,0.006301722401985899,0.3913866952061653
15131,0.9874295070767403,0.0007071361778798746,0.011863349820487201
15132,0.0015007894617156126,0.0010442724815220572,0.9974549487233162
15133,0.015099923009984195,0.0009489126459811814,0.983951173722744
15134,0.9310755655169487,0.004634578188415617,0.06428985483944416
15135,0.6402511559426785,0.037343470146879554,0.32240535877645016
15136,0.9729524925351143,0.0017475603090133518,0.025299933622591197
15137,0.8883589133620262,0.014723311411216855,0.09691779362037778
15138,0.00217244254599791,0.0003993645550508518,0.997428186237812
15139,0.9813831523060799,0.004277555271983147,0.01433929696213454
15140,0.9820931702852249,0.0030231603304855525,0.014883655356243253
15141,0.899077907204628,0.010763221856905147,0.09015887137502432
15142,0.9318215623497963,0.05433839769102633,0.01384005427826196
15143,0.9541189298033714,0.004862225119723007,0.041018815943971276
15144,0.07993710972368717,0.004189977247733623,0.9158729016780853
15145,0.9134438931941986,0.0044524169934447855,0.08210370363667607
15146,0.006267004064284265,0.0005774531200586352,0.9931555613875389
15147,0.9929092451930046,0.0009137678134720773,0.006177004310302436
15148,0.961309090256691,0.002765037163044326,0.03592586540617049
15149,0.9532502144575119,0.004272982754628174,0.04247679654508829
15150,0.3838253077119589,0.01140779908746481,0.6047669127583504
15151,0.817436620593071,0.010643119574524462,0.17192026879638433
15152,0.9431431889533997,0.04352981154806912,0.013326977496035397
15153,0.9531523436307907,0.024781450047157705,0.022066200035624206
15154,0.9693934470415115,0.015309689217247069,0.015296863042749465
15155,0.9261045679450035,0.014486870320979506,0.05940857157111168
15156,0.04380089952610433,0.09523767768405378,0.8609614297747612
15157,0.026225648820400238,0.01582980339298956,0.9579445421695709
15158,0.9702899008989334,0.003635319517343305,0.026074786903336644
15159,0.9695539176464081,0.00033865344448713586,0.030107423663139343
15160,0.8680513873696327,0.019326701993122697,0.11262190248817205
15161,0.9770557954907417,0.0020909198065055534,0.020853302557952702
15162,0.8672126084566116,0.020914789056405425,0.11187260132282972
15163,0.9597266092896461,0.0011966788879362866,0.039076737593859434
15164,0.23837004322558641,0.017993302026297897,0.7436366677284241
15165,0.8064974322915077,0.12468688283115625,0.06881568022072315
15166,0.8914429992437363,0.008579305373132229,0.09997770003974438
15167,0.9747243523597717,0.0018648144323378801,0.023410812951624393
15168,0.9424803182482719,0.004993421753169969,0.052526242332533
15169,0.0035141243133693933,0.0010500468888494652,0.9954358115792274
15170,0.8631765320897102,0.004598532832460478,0.13222491089254618
15171,0.8843569308519363,0.04377934755757451,0.07186373742297292
15172,0.8828497976064682,0.058539872290566564,0.05861035780981183
15173,0.9458673968911171,0.010023122013080865,0.04410947673022747
15174,0.9332087859511375,0.008891215518815443,0.05789999011904001
15175,0.9292443916201591,0.005420208704890683,0.06533538037911057
15176,0.9757276624441147,0.0024319335716427304,0.021840422181412578
15177,0.2997051924467087,0.01659585814923048,0.6836989335715771
15178,0.8320857733488083,0.09164487570524216,0.07626934861764312
15179,0.9695674180984497,0.005408667711890303,0.02502392861060798
15180,0.8793256878852844,0.028340002987533808,0.09233430307358503
15181,0.9329682067036629,0.0198738967301324,0.04715789738111198
15182,0.04120310628786683,0.006686623964924365,0.9521102756261826
15183,0.059735250659286976,0.010756036615930498,0.929508700966835
15184,0.9379819631576538,0.007793735712766647,0.05422428250312805
15185,0.22746006306260824,0.6581933125853539,0.11434660525992513
15186,0.0007903775840532035,0.0001950340292751207,0.999014601111412
15187,0.5283920653164387,0.1394040691666305,0.3322038669139147
15188,0.9740523174405098,0.0014111328346189111,0.02453654643613845
15189,0.410714328289032,0.004922383086523041,0.584363304078579
15190,0.950824074447155,0.0056702158763073385,0.04350572288967669
15191,0.14759109541773796,0.011238229111768305,0.8411706835031509
15192,0.9919082894921303,0.0007324418402276933,0.007359269948210567
15193,0.08504215441644192,0.0034107597602996975,0.9115470871329308
15194,0.8109654262661934,0.005935880442848429,0.18309870176017284
15195,0.9753444567322731,0.003857431060168892,0.02079811494331807
15196,0.9904048293828964,0.0022015372524037957,0.007393612992018461
15197,0.6943658068776131,0.19726594630628824,0.10836824355646968
15198,0.012807397055439651,0.0006191337488417048,0.9865734502673149
15199,0.978576198220253,0.0007575341987831052,0.02066626225132495
15200,0.09280582843348384,0.00863936630776152,0.8985547870397568
15201,0.9895598143339157,0.0006002936061122455,0.009839892445597798
15202,0.7611571699380875,0.011735414766008034,0.22710740379989147
15203,0.2489784462377429,0.0022284029473667033,0.7487931624054909
15204,0.7393569871783257,0.009193537873215973,0.25144948437809944
15205,0.060605764389038086,0.10913567617535591,0.8302585631608963
15206,0.9667941182851791,0.002462597767589614,0.030743278795853257
15207,0.9408208280801773,0.034790793899446726,0.024388368241488934
15208,0.9152647256851196,0.010611891688313335,0.07412338862195611
15209,0.02707218867726624,0.0025878092710627243,0.9703400135040283
15210,0.36215280555188656,0.07831147965043783,0.5595357157289982
15211,0.9504911154508591,0.026232418371364474,0.023276458494365215
15212,0.7616766914725304,0.05595050915144384,0.18237281870096922
15213,0.4209450986236334,0.0029797692550346255,0.5760751366615295
15214,0.4840065650641918,0.02883190126158297,0.487161535769701
15215,0.6327393092215061,0.03764195495750755,0.3296187389642
15216,0.9677497372031212,0.01089846232207492,0.021351781324483454
15217,0.9189128056168556,0.0192738896002993,0.061813328647986054
15218,0.7836810424923897,0.02831008000066504,0.18800885695964098
15219,0.8129086494445801,0.010406581568531692,0.1766847688704729
15220,0.8537751138210297,0.010179912496823817,0.1360449818894267
15221,0.8242446929216385,0.02123894658870995,0.15451636724174023
15222,0.9274039417505264,0.002300135005498305,0.07029592571780086
15223,0.9858465790748596,0.0009084895355044864,0.013244909641798586
15224,0.9910793155431747,0.0029502675315598026,0.005970412283204496
15225,0.9573495388031006,0.004246863645676058,0.038403590908274055
15226,0.9461339265108109,0.008764166675973684,0.04510189127177
15227,0.2142641255632043,0.0016862734337337315,0.7840496078133583
15228,0.4535021297633648,0.015003074950072914,0.5314948111772537
15229,0.49602071568369865,0.45634667575359344,0.04763260297477245
15230,0.032733720261603594,0.0031536275491816923,0.9641126692295074
15231,0.9434305056929588,0.00327585797640495,0.05329363700002432
15232,0.31661816127598286,0.019670316483825445,0.6637115254998207
15233,0.944135919213295,0.002102556922181975,0.05376152414828539
15234,0.6409209482371807,0.024537451448850334,0.3345416020601988
15235,0.9897846877574921,0.0006962023580854293,0.009519116778392345
15236,0.8526423498988152,0.006100061611505225,0.14125758409500122
15237,0.8547621816396713,0.007296924100955948,0.13794091530144215
15238,0.5739894844591618,0.007454436621628702,0.4185560941696167
15239,0.9672576785087585,0.001124654598243069,0.03161766310222447
15240,0.11631392780691385,0.009181906119920313,0.8745041564106941
15241,0.6669137850403786,0.009427745448192582,0.3236584775149822
15242,0.8624513894319534,0.028859650483354926,0.1086889561265707
15243,0.07838266436010599,0.012789317319402471,0.9088280126452446
15244,0.0036943162413081154,0.0001872032362371101,0.9961184784770012
15245,0.05381004069931805,0.004652286937925965,0.9415376707911491
15246,0.9521580338478088,0.003267358486482408,0.044574608793482184
15247,0.3397190794348717,0.6350006423890591,0.025280273519456387
15248,0.4494956061244011,0.014084682858083397,0.5364197269082069
15249,0.9537767246365547,0.0008748474647291005,0.045348451705649495
15250,0.9887319505214691,0.0005731110722990707,0.010694922297261655
15251,0.5621388182044029,0.03999515110626817,0.39786601439118385
15252,0.08675974793732166,0.005258220189716667,0.9079820215702057
15253,0.03839975269511342,0.00273322407156229,0.9588669985532761
15254,0.3262994457036257,0.026244969572871923,0.6474555842578411
15255,0.2569268699735403,0.29378797113895416,0.4492851532995701
15256,0.015279596438631415,0.14760333206504583,0.837117075920105
15257,0.953486442565918,0.0018448463379172608,0.04466871032491326
15258,0.8603376373648643,0.018639177607838064,0.12102317018434405
15259,0.5218850448727608,0.0064346752187702805,0.47168027982115746
15260,0.9206398725509644,0.0018472021183697507,0.077512938529253
15261,0.3824662696570158,0.004156124050496146,0.61337760835886
15262,0.353322496637702,0.007018219737801701,0.6396592557430267
15263,0.14058595150709152,0.009901440527755767,0.8495126143097878
15264,0.9619080275297165,0.00048164878535317257,0.037610329454764724
15265,0.04236924322322011,0.05990732787176967,0.8977234065532684
15266,0.34190245531499386,0.05790632567368448,0.6001912169158459
15267,0.8860378861427307,0.008829384634736925,0.10513273533433676
15268,0.007876790477894247,0.006427729473216459,0.9856954738497734
15269,0.9665738567709923,0.008693486277479678,0.02473268681205809
15270,0.8694476634263992,0.006281167938141152,0.12427114974707365
15271,0.4133644141256809,0.013175471336580813,0.5734601132571697
15272,0.9885431528091431,0.001677774009294808,0.009779054555110633
15273,0.9613700732588768,0.0018185370645369403,0.03681139019317925
15274,0.7026975601911545,0.007855742995161563,0.2894466817378998
15275,0.9785179570317268,0.00048204402446572203,0.020999997039325535
15276,0.9386644214391708,0.003139088788884692,0.05819647014141083
15277,0.8924113810062408,0.016104179609101266,0.09148443397134542
15278,0.9887084662914276,0.0018363256167504005,0.009455195628106594
15279,0.20157595537602901,0.0026932744367513806,0.795730747282505
15280,0.9283233284950256,0.031700792722404,0.03997587342746556
15281,0.8884640857577324,0.0034928847453556955,0.1080430643633008
15282,0.9747374132275581,0.00027255471832177136,0.024990048026666045
15283,0.00723444003961049,0.0034383839374640957,0.9893271923065186
15284,0.3667658269405365,0.017175159242469817,0.6160590089857578
15285,0.97734584659338,0.00040261940648633754,0.022251520538702607
15286,0.6911159157752991,0.03336231305729598,0.2755217645317316
15287,0.9751369133591652,0.007209052317193709,0.01765401242300868
15288,0.18168071191757917,0.03175576205831021,0.7865635454654694
15289,0.9899357333779335,0.0021069714712211862,0.007957300404086709
15290,0.9434223771095276,0.005028252664487809,0.051549363415688276
15291,0.8059478551149368,0.007918932067696005,0.18613321520388126
15292,0.9199925661087036,0.002689190616365522,0.07731824740767479
15293,0.9122913107275963,0.05152804055251181,0.036180646158754826
15294,0.9463876113295555,0.004883549830992706,0.0487288236618042
15295,0.007968279009219259,0.004572590638417751,0.9874591156840324
15296,0.979216918349266,0.0007254772572196089,0.020057600922882557
15297,0.42165200039744377,0.04279992147348821,0.5355480909347534
15298,0.22727639600634575,0.002298463703482412,0.7704251185059547
15299,0.45256325975060463,0.015036119613796473,0.5324006229639053
15300,0.971833735704422,0.0026238683640258387,0.02554238261654973
15301,0.2114526154473424,0.011757035972550511,0.7767903506755829
15302,0.9479569718241692,0.006653068587183952,0.04538995563052595
15303,0.7870218306779861,0.04282541014254093,0.17015278153121471
15304,0.7088188752532005,0.03296762239187956,0.2582135293632746
15305,0.9764708876609802,0.01298361027147621,0.010545505618210882
15306,0.07101153861731291,0.008768310421146452,0.9202201515436172
15307,0.18285730853676796,0.21933230850845575,0.5978103652596474
15308,0.9607735872268677,0.002502171599189751,0.03672423749230802
15309,0.9138081669807434,0.00946671211568173,0.07672514487057924
15310,0.9293484538793564,0.018871477514039725,0.051780077163130045
15311,0.22962557151913643,0.0768679128959775,0.6935065239667892
15312,0.8726620227098465,0.008009426441276446,0.11932853981852531
15313,0.47793983668088913,0.010837756417458877,0.5112224034965038
15314,0.563364315778017,0.21674318425357342,0.21989251859486103
15315,0.0015387291641673073,0.0003077120618399931,0.9981535598635674
15316,0.06611285591498017,0.009624553320463747,0.9242626279592514
15317,0.2898507583886385,0.007549621630460024,0.7025996223092079
15318,0.16564895026385784,0.126156116835773,0.7081949189305305
15319,0.9614215046167374,0.0025038658059202135,0.036074650241062045
15320,0.9866597503423691,0.001245859733899124,0.012094394536688924
15321,0.9600304439663887,0.0004304159665480256,0.03953914833255112
15322,0.9606797471642494,0.0006377451863954775,0.038682532496750355
15323,0.973456583917141,0.004617566257365979,0.021925830864347517
15324,0.9688502177596092,0.009098068694584072,0.022051733685657382
15325,0.013057770382147282,0.020454967278055847,0.9664872586727142
15326,0.8958101868629456,0.00366549521277193,0.10052432445809245
15327,0.844477541744709,0.00809872621903196,0.1474237460643053
15328,0.03602816234342754,0.030087823630310595,0.9338840171694756
15329,0.018363769981078804,0.005909792671445757,0.9757264256477356
15330,0.043667900608852506,0.03814696683548391,0.9181851372122765
15331,0.8344965130090714,0.010996302647981793,0.15450720489025116
15332,0.01925091620068997,0.001920393988257274,0.9788287058472633
15333,0.3535170629620552,0.003117991698672995,0.643364954739809
15334,0.8961861804127693,0.012325053161475807,0.09148877300322056
15335,0.9627793878316879,0.006115399417467415,0.031105198664590716
15336,0.3858127035200596,0.01972603250760585,0.5944612585008144
15337,0.9026917070150375,0.013007459812797606,0.08430081000551581
15338,0.9108969420194626,0.0006545340474986006,0.08844850771129131
15339,0.7598538585007191,0.0014875931956339628,0.23865854926407337
15340,0.9537932872772217,0.0027068731433246285,0.04349985392764211
15341,0.27649003826081753,0.032875945209525526,0.6906340382993221
15342,0.9757226854562759,0.0013087243933114223,0.022968580713495612
15343,0.9661151096224785,0.0006964566782698967,0.03318843711167574
15344,0.9862265810370445,0.0012197723190183751,0.0125536477426067
15345,0.9919043630361557,0.0011089451145380735,0.006986684340517968
15346,0.2314732763916254,0.030468103010207415,0.7380586117506027
15347,0.9130531698465347,0.009424723859410733,0.0775221255607903
15348,0.9796668142080307,0.0008515659028489608,0.019481639959849417
15349,0.8312917426228523,0.07777729956433177,0.09093098854646087
15350,0.8812946006655693,0.01052263064775616,0.10818277671933174
15351,0.4958169162273407,0.015092104789800942,0.4890909716486931
15352,0.9792195409536362,0.01210797909880057,0.008672489027958363
15353,0.14186985325068235,0.005692709644790739,0.8524374142289162
15354,0.005128278426127508,0.0017210151272593066,0.9931506812572479
15355,0.15876483358442783,0.050911577651277184,0.7903235703706741
15356,0.9149421602487564,0.013338554272195324,0.07171926973387599
15357,0.8288496881723404,0.0031437872094102204,0.16800650861114264
15358,0.9518989846110344,0.0008149965578923002,0.04728600475937128
15359,0.6544958800077438,0.044505138881504536,0.3009989745914936
15360,0.014624964678660035,0.0018445411187713034,0.9835304990410805
15361,0.9396999701857567,0.0020293195557314903,0.058270694222301245
15362,0.2750570997595787,0.012207301770104095,0.7127356007695198
15363,0.9744413495063782,0.0028880695608677343,0.022670592414215207
15364,0.9625604078173637,0.0178461039904505,0.01959346397779882
15365,0.9829012304544449,0.0012883616145700216,0.015810429584234953
15366,0.9673004522919655,0.0028964747034478933,0.029803038341924548
15367,0.012567151279654354,0.0044062215310987085,0.9830266162753105
15368,0.8668554425239563,0.006894313031807542,0.12625024747103453
15369,0.973357267677784,0.0016659373432048596,0.02497679926455021
15370,0.03698791190981865,0.002954302603029646,0.9600577801465988
15371,0.012726721237413585,0.0038059262151364237,0.9834673553705215
15372,0.20069678500294685,0.0027932591474382207,0.7965099439024925
15373,0.868106797337532,0.06877936283126473,0.06311381189152598
15374,0.9739482328295708,0.0017548574251122773,0.024296904215589166
15375,0.968852624297142,0.0008061857588472776,0.030341197038069367
15376,0.9748621135950089,0.013648037449456751,0.011489820608403534
15377,0.9915716052055359,0.0005479395240399754,0.00788042476051487
15378,0.0013960512733319774,0.0005742071971326368,0.9980297610163689
15379,0.7684423625469208,0.01863141218200326,0.2129262238740921
15380,0.9259689748287201,0.02386938442941755,0.05016163852997124
15381,0.9518434926867485,0.007439274457283318,0.040717235300689936
15382,0.18771366123110056,0.01099010300822556,0.8012962192296982
15383,0.09224320901557803,0.002702593497815542,0.9050541967153549
15384,0.2791504319757223,0.038642753614112735,0.6822068095207214
15385,0.08131363522261381,0.007156894775107503,0.9115294590592384
15386,0.7682136222720146,0.005089676647912711,0.2266967073082924
15387,0.9753600880503654,0.0019360650112503208,0.02270386996679008
15388,0.9226652830839157,0.0052767615707125515,0.07205796986818314
15389,0.07314941566437483,0.027949128882028162,0.8989014402031898
15390,0.9844374731183052,0.006439033168135211,0.009123506431933492
15391,0.7530776709318161,0.0028152955492259935,0.24410702381283045
15392,0.03308784635737538,0.0007031141867628321,0.9662090390920639
15393,0.5100510083138943,0.014219404722098261,0.4757295995950699
15394,0.9121774658560753,0.0019090447894996032,0.08591349422931671
15395,0.9518403559923172,0.0030131619423627853,0.0451464809011668
15396,0.93111402541399,0.0047114304470596835,0.0641745631583035
15397,0.980721727013588,0.005096015345770866,0.014182278770022094
15398,0.7104421332478523,0.17847681511193514,0.11108103301376104
15399,0.9571578130126,0.002686733496375382,0.04015545384027064
15400,0.896442823112011,0.0006847119566373294,0.10287247877568007
15401,0.08657785132527351,0.0051035967480856925,0.9083185493946075
15402,0.9367441013455391,0.004701290527009405,0.05855461908504367
15403,0.8496214151382446,0.012329965102253482,0.1380485948175192
15404,0.9598702117800713,0.012064038834068924,0.028065757593140006
15405,0.31487968005239964,0.009763987502083182,0.6753563210368156
15406,0.1528535047546029,0.05188079969957471,0.7952656969428062
15407,0.012506072234828025,0.0020901202951790765,0.985403835773468
15408,0.9350127130746841,0.005498676560819149,0.059488603845238686
15409,0.9155440405011177,0.0025834648840827867,0.08187248231843114
15410,0.9867522940039635,0.00398307474097237,0.009264610009267926
15411,0.03015128057450056,0.006380908424034715,0.9634678140282631
15412,0.9647674113512039,0.01729082758538425,0.017941754893399775
15413,0.979327917098999,0.0010851279366761446,0.019586969632655382
15414,0.026841744547709823,0.003712948178872466,0.9694453179836273
15415,0.8601804450154305,0.07748785195872188,0.06233169278129935
15416,0.8775682672858238,0.011015562631655484,0.11141617503017187
15417,0.7009846866130829,0.0054252007976174355,0.2935901116579771
15418,0.9581169933080673,0.0013378497678786516,0.04054514295421541
15419,0.976644977927208,0.00025833293875621166,0.023096717661246657
15420,0.906433179974556,0.0027914739621337503,0.09077532636001706
15421,0.9714034646749496,0.0008726140440558083,0.027723924024030566
15422,0.9057231470942497,0.04457453824579716,0.04970232490450144
15423,0.9926872029900551,0.0016346341581083834,0.005678163230186328
15424,0.982056587934494,0.00038307397699099965,0.017560332315042615
15425,0.9584973901510239,0.003062435469473712,0.0384401751216501
15426,0.9845374599099159,0.00043231847303104587,0.015030226670205593
15427,0.9825785085558891,0.009154352766927332,0.008267120167147368
15428,0.9943130761384964,0.0001532999194751028,0.005533616436878219
15429,0.7877484709024429,0.00508143991464749,0.20717007108032703
15430,0.3342722412198782,0.5191715694963932,0.14655619487166405
15431,0.9749966859817505,0.0009784918365767226,0.024024821585044265
15432,0.8748719468712807,0.006518425390822813,0.11860962398350239
15433,0.18488656356930733,0.0038285125338006765,0.8112849518656731
15434,0.9921101778745651,0.0016530947250430472,0.006236731831450015
15435,0.48262979090213776,0.05338785005733371,0.46398234739899635
15436,0.05373994028195739,0.004702660109614953,0.9415573924779892
15437,0.7428788766264915,0.0060880701639689505,0.2510330602526665
15438,0.015378499694634229,0.016921424423344433,0.9677000790834427
15439,0.9386681243777275,0.0060103195428382605,0.055321569787338376
15440,0.05652351304888725,0.006127646076492965,0.9373488500714302
15441,0.9763373211026192,0.001018815797579009,0.022643873933702707
15442,0.007719798537436873,0.0008024137059692293,0.9914778098464012
15443,0.9873223751783371,0.0018806791922543198,0.010796944319736212
15444,0.05709003750234842,0.0065784047183115035,0.9363315775990486
15445,0.0037475007120519876,0.0005255686701275408,0.995726928114891
15446,0.9644366651773453,0.01627554144943133,0.019287801114842296
15447,0.07873455761000514,0.006239105510758236,0.9150263369083405
15448,0.6154089830815792,0.00559385828091763,0.37899716198444366
15449,0.866433747112751,0.005921902018599212,0.12764435354620218
15450,0.07247474836185575,0.01660827809246257,0.9109169915318489
15451,0.9520202875137329,0.003999306878540665,0.04398040729574859
15452,0.01287740480620414,0.003295923859695904,0.9838266745209694
15453,0.013025668798945844,0.0014932404446881264,0.9854810982942581
15454,0.7741685062646866,0.010157915821764618,0.21567356027662754
15455,0.9857734069228172,0.0016340272704837844,0.012592572718858719
15456,0.987529568374157,0.00045496641905629076,0.01201549411052838
15457,0.9502220451831818,0.0007103861498762853,0.04906756430864334
15458,0.9891278967261314,0.0016523610684089363,0.009219758678227663
15459,0.9746674224734306,0.0029074660124024376,0.02242510882206261
15460,0.7623647823929787,0.01802027103258297,0.21961494162678719
15461,0.0929085947573185,0.0037328034231904894,0.903358593583107
15462,0.9534924700856209,0.007310625136597082,0.03919690474867821
15463,0.00730707828188315,0.012209157866891474,0.9804837554693222
15464,0.01680477033369243,0.004634704368072562,0.9785605147480965
15465,0.0032356797310058028,0.0008280149559141137,0.9959362968802452
15466,0.8662422597408295,0.0029161232814658433,0.1308416174724698
15467,0.00932260457193479,0.000824714865302667,0.9898526594042778
15468,0.6595344915986061,0.012132052972447127,0.32833345979452133
15469,0.9920798093080521,0.0005428689801192377,0.00737733585992828
15470,0.9965618774294853,0.0007839529116608901,0.0026541822298895568
15471,0.898500993847847,0.001803781429771334,0.09969523176550865
15472,0.9511710032820702,0.0005001175886718556,0.04832886648364365
15473,0.9404090642929077,0.001071319537004456,0.05851960787549615
15474,0.8712319582700729,0.01744931167922914,0.11131873307749629
15475,0.5720681063830853,0.013774491613730788,0.4141574017703533
15476,0.9937387704849243,0.0002568536065155058,0.0060043829726055264
15477,0.0026410473947180435,0.000682102490827674,0.9966768324375153
15478,0.742363728582859,0.11716610426083207,0.14047013968229294
15479,0.5330607630312443,0.004790918930666521,0.4621483199298382
15480,0.8467404246330261,0.006525082513689995,0.14673450216650963
15481,0.9267654940485954,0.053696142276749015,0.019538334920071065
15482,0.6861033253371716,0.0007158419448387576,0.31318083219230175
15483,0.8034248128533363,0.005566328880377114,0.19100885465741158
15484,0.7584490776062012,0.019778621150180697,0.22177228890359402
15485,0.9821116253733635,0.0011820759737020126,0.016706324880942702
15486,0.7915033623576164,0.02017548243748024,0.18832114711403847
15487,0.925700344145298,0.0023632088414160535,0.07193643366917968
15488,0.976482056081295,0.010311283520422876,0.013206665345933288
15489,0.9869120642542839,0.00024658682241351926,0.012841311399824917
15490,0.010763058962766081,0.001956179447006434,0.9872807711362839
15491,0.9720882028341293,0.00026289966717740754,0.02764888759702444
15492,0.6702148430049419,0.019021447747945786,0.31076371669769287
15493,0.9916546195745468,0.0007866163396101911,0.007558771292679012
15494,0.11257891776040196,0.0011690122628351673,0.8862520605325699
15495,0.49335142597556114,0.009542406478431076,0.4971061535179615
15496,0.7589828073978424,0.010698860860429704,0.2303183227777481
15497,0.9016403928399086,0.05860970006324351,0.039749904768541455
15498,0.9340255334973335,0.0005207470785535406,0.0654537221416831
15499,0.9430713057518005,0.001927931974933017,0.05500075640156865
15500,0.9659935683012009,0.002842672518454492,0.031163742998614907
15501,0.9762194156646729,0.0017434229521313682,0.02203716430813074
15502,0.42090466618537903,0.004092940856935456,0.5750024020671844
15503,0.9539413303136826,0.019520561676472425,0.026538078673183918
15504,0.30378202348947525,0.03725719032809138,0.6589607894420624
15505,0.2919600196182728,0.11001247866079211,0.5980275087058544
15506,0.9572933688759804,0.005784720764495432,0.036921925377100706
15507,0.7996811121702194,0.004154266236582771,0.19616464897990227
15508,0.9464453011751175,0.0038306433998513967,0.04972407897002995
15509,0.6237752623856068,0.013436732930131257,0.3627880122512579
15510,0.40580276772379875,0.018842109944671392,0.5753551311790943
15511,0.98378124833107,0.0015554176134173758,0.014663351001217961
15512,0.0162763629341498,0.015300236525945365,0.9684233888983727
15513,0.59950041025877,0.03849128307774663,0.36200831457972527
15514,0.9878415912389755,0.001637003180803731,0.010521422082092613
15515,0.874346986413002,0.038054171251133084,0.08759884536266327
15516,0.8480282351374626,0.0022455763100879267,0.14972617384046316
15517,0.9917665794491768,0.0019839947344735265,0.006249419064261019
15518,0.8854847103357315,0.022273028851486742,0.09224226884543896
15519,0.9330293536186218,0.03540789568796754,0.03156274382490665
15520,0.1825193790718913,0.016547768376767635,0.8009328544139862
15521,0.955935113132,0.010730806679930538,0.033334089908748865
15522,0.8269211202859879,0.0493445903994143,0.12373431213200092
15523,0.9785051271319389,0.009311594942118973,0.01218325283844024
15524,0.9634095877408981,0.001908619175083004,0.03468178980983794
15525,0.3221333771944046,0.009674275817815214,0.6681923344731331
15526,0.6530125513672829,0.02729490853380412,0.3196925465017557
15527,0.6007753349840641,0.11817880254238844,0.2810458466410637
15528,0.0019866227958118543,0.0004218551875965204,0.9975915104150772
15529,0.8865517601370811,0.01695311744697392,0.096495121717453
15530,0.008509013103321195,0.0022035902002244256,0.9892873987555504
15531,0.030599156627431512,0.004933927004458383,0.9644669145345688
15532,0.9508449211716652,0.0015456968976650387,0.0476093755569309
15533,0.88749560713768,0.037386367563158274,0.07511801365762949
15534,0.8897354006767273,0.005361499323043972,0.10490309353917837
15535,0.9567796140909195,0.01170497469138354,0.031515393406152725
15536,0.96550153195858,0.0028138084308011457,0.031684662913903594
15537,0.046716087963432074,0.003637404617620632,0.9496465250849724
15538,0.966110035777092,0.005423833878012374,0.02846613829024136
15539,0.7462112233042717,0.012696847261395305,0.2410919237881899
15540,0.4905080534517765,0.0024513927928637713,0.5070405527949333
15541,0.012806724407710135,0.0026914802510873415,0.9845017790794373
15542,0.8114278092980385,0.007342134689679369,0.18123005703091621
15543,0.9907853156328201,0.0013958942727185786,0.007818821701221168
15544,0.8383412510156631,0.003574330927222036,0.15808441676199436
15545,0.7868040278553963,0.01449819712433964,0.19869779516011477
15546,0.9952531084418297,0.00013821949187331484,0.00460869241214823
15547,0.6349098719656467,0.021052827243693173,0.34403730370104313
15548,0.9216064512729645,0.049282331950962543,0.02911122259683907
15549,0.10221422743052244,0.056478164391592145,0.8413076028227806
15550,0.38285069167613983,0.1239615622907877,0.4931877478957176
15551,0.0013951311193522997,0.00035757359182753135,0.9982472881674767
15552,0.9840081930160522,0.006738324940670282,0.0092534736613743
15553,0.007312347035622224,0.002018071769271046,0.9906695634126663
15554,0.842660591006279,0.10133661422878504,0.05600279429927468
15555,0.7718174532055855,0.007251825125422329,0.22093071974813938
15556,0.03825841471552849,0.036373045993968844,0.9253685474395752
15557,0.5082119703292847,0.027984668035060167,0.46380336955189705
15558,0.7100949808955193,0.055882932152599096,0.2340220883488655
15559,0.009798846615012735,0.0011903398262802511,0.9890108108520508
15560,0.9861238598823547,0.0017540675544296391,0.012122059881221503
15561,0.7719941586256027,0.004421982099302113,0.22358382493257523
15562,0.9856390058994293,0.0034079114120686427,0.010953083983622491
15563,0.9948040246963501,0.0019250026416557375,0.0032709963124943897
15564,0.7981415539979935,0.01225387176964432,0.18960455618798733
15565,0.035161581239663064,0.0006214974564500153,0.9642169252038002
15566,0.5978079661726952,0.018302752636373043,0.3838892802596092
15567,0.009693740226794034,0.0008231434330809861,0.9894830957055092
15568,0.9626095369458199,0.0006735540373483673,0.03671692428179085
15569,0.8833708316087723,0.021794867352582514,0.09483432164415717
15570,0.9799735844135284,0.0024047076876740903,0.01762169471476227
15571,0.9256931394338608,0.006591872806893662,0.06771498918533325
15572,0.5201798863708973,0.08777751354500651,0.3920425735414028
15573,0.9442240744829178,0.006443953927373514,0.04933199053630233
15574,0.9626797214150429,0.0020272804104024544,0.03529301122762263
15575,0.8972878381609917,0.004830885867704637,0.09788128128275275
15576,0.9826627746224403,0.0007934160676086321,0.016543803620152175
15577,0.9889121800661087,0.0004284959013602929,0.010659324994776398
15578,0.6361286118626595,0.0275863497518003,0.33628502674400806
15579,0.8354512304067612,0.003609598847106099,0.16093918308615685
15580,0.011955140682402998,0.0019432876288192347,0.9861015751957893
15581,0.9404362365603447,0.03843817813321948,0.021125582046806812
15582,0.19589943811297417,0.015646469895727932,0.7884540855884552
15583,0.959071546792984,0.0018458311242284253,0.03908263146877289
15584,0.959089033305645,0.0012791551125701517,0.039631829131394625
15585,0.9775982648134232,0.0030946065089665353,0.019307161797769368
15586,0.8453745096921921,0.10442670062184334,0.05019879946485162
15587,0.7935121580958366,0.006715061608701944,0.19977276027202606
15588,0.822711892426014,0.016107140108942986,0.16118098888546228
15589,0.9751279577612877,0.009679665206931531,0.015192374936304986
15590,0.08642027154564857,0.003658625209936872,0.9099210947751999
15591,0.01931067171972245,0.0017103155623772182,0.9789790287613869
15592,0.9964167177677155,0.0012607054959516972,0.0023225812765304
15593,0.9792047739028931,0.002835206512827426,0.01796003372874111
15594,0.3071758858859539,0.020943719835486263,0.6718803942203522
15595,0.9935799166560173,0.000417503792050411,0.0060025781858712435
15596,0.2366131693124771,0.04103003116324544,0.722356803715229
15597,0.9116399064660072,0.004796018387423828,0.0835640742443502
15598,0.9837449267506599,0.005265382525976747,0.010989703354425728
15599,0.9624476730823517,0.004134936316404492,0.0334173864684999
15600,0.8843875378370285,0.008674236130900681,0.10693822568282485
15601,0.12161767948418856,0.21283724904060364,0.6655450686812401
15602,0.6322301179170609,0.005877294373931363,0.36189259588718414
15603,0.3070016950368881,0.03784762974828482,0.655150692909956
15604,0.9315190240740776,0.0028930055705131963,0.06558794621378183
15605,0.8781635761260986,0.004455959802726284,0.1173804635182023
15606,0.9859781116247177,0.0014674097328679636,0.01255446532741189
15607,0.5352513790130615,0.011545474117156118,0.45320314913988113
15608,0.9557595998048782,0.003441112319706008,0.04079928994178772
15609,0.6679274290800095,0.07748679933138192,0.25458578392863274
15610,0.8526560589671135,0.0027013755025109276,0.14464255142956972
15611,0.5079096779227257,0.008375890727620572,0.48371443897485733
15612,0.7961988598108292,0.0063613571401219815,0.19743978790938854
15613,0.986209362745285,0.0029827967809978873,0.010807823622599244
15614,0.6594663001596928,0.0017696115755825303,0.3387640882283449
15615,0.011353534529916942,0.0035286848069517873,0.9851177707314491
15616,0.9773613438010216,0.0002188853977713734,0.022419751272536814
15617,0.9892955794930458,0.0023556968226330355,0.008348736446350813
15618,0.9444542527198792,0.0019490631675580516,0.053596694488078356
15619,0.7672885656356812,0.013116351328790188,0.21959507279098034
15620,0.013779940432868898,0.004475962487049401,0.9817440956830978
15621,0.5377643071115017,0.06487945606932044,0.397356241941452
15622,0.9808307960629463,0.0013222325869719498,0.017846962669864297
15623,0.9844615012407303,0.0013594743722933345,0.014179018675349653
15624,0.9487229809165001,0.0007481237807951402,0.0505288967397064
15625,0.812055267393589,0.015553358185570687,0.17239139275625348
15626,0.44596901535987854,0.005541574995731935,0.548489410430193
15627,0.9814091548323631,0.005811899754917249,0.012778933451045305
15628,0.05902511463500559,0.0037759973347419873,0.9371988624334335
15629,0.9729551300406456,0.004019371437607333,0.02302548906300217
15630,0.9781999588012695,0.001334211852736189,0.020465804380364716
15631,0.0028548744885483757,0.0006741535326000303,0.9964709728956223
15632,0.9550275430083275,0.0032724951452109963,0.041699971770867705
15633,0.9652626216411591,0.0017675560375209898,0.032969837076961994
15634,0.9894523620605469,0.0009751743727974826,0.009572486742399633
15635,0.7573126405477524,0.0031319010158767924,0.2395554557442665
15636,0.07645104033872485,0.007344416400883347,0.916204534471035
15637,0.9689972996711731,0.003552925802068785,0.02744978026021272
15638,0.9363613799214363,0.003312193279271014,0.06032642116770148
15639,0.7836908996105194,0.023071246221661568,0.193237847648561
15640,0.8534225672483444,0.006187260121805593,0.1403901521116495
15641,0.5567062087357044,0.02656542952172458,0.41672835499048233
15642,0.8613603413105011,0.007106287521310151,0.13153336476534605
15643,0.94448571652174,0.02855573210399598,0.02695853542536497
15644,0.49982742592692375,0.02302543440600857,0.4771471433341503
15645,0.9717025905847549,0.0037659403969882987,0.024531479459255934
15646,0.9039788469672203,0.00453479218413122,0.09148638881742954
15647,0.9354229271411896,0.011790842196205631,0.052786230109632015
15648,0.9812665432691574,0.0020711782708531246,0.01666226959787309
15649,0.9243844449520111,0.00820112440851517,0.06741439923644066
15650,0.3273866418749094,0.005925475910771638,0.6666878834366798
15651,0.008630924799945205,0.007477153412764892,0.9838919341564178
15652,0.5012159608304501,0.01740481739398092,0.4813792072236538
15653,0.9524675458669662,0.005396839464083314,0.04213561164215207
15654,0.2584861237555742,0.019842257956042886,0.7216716110706329
15655,0.5169016197323799,0.018577252165414393,0.464521124958992
15656,0.9826824814081192,0.0029881807568017393,0.014329331112094223
15657,0.9743946641683578,0.0016759407371864654,0.023929401417262852
15658,0.9618216007947922,0.0016907019744394347,0.036487695993855596
15659,0.30217379331588745,0.0039544617757201195,0.6938717514276505
15660,0.6781787239015102,0.02330170967616141,0.2985195703804493
15661,0.9064556062221527,0.008920553547795862,0.08462384575977921
15662,0.9860780015587807,0.0037027035432402045,0.010219274670816958
15663,0.9176467433571815,0.010561818140558898,0.07179145514965057
15664,0.9495388567447662,0.012410657887812704,0.038050513016059995
15665,0.4526894986629486,0.0036720956268254668,0.5436384193599224
15666,0.6622417755424976,0.010141384729649872,0.3276168331503868
15667,0.9397449865937233,0.00479338999139145,0.055461625568568707
15668,0.9126076698303223,0.001447764749173075,0.08594455337151885
15669,0.5726280175149441,0.00801503419643268,0.41935694962739944
15670,0.9380031824111938,0.007139504232327454,0.05485731270164251
15671,0.9723294898867607,0.0008850124140735716,0.026785537600517273
15672,0.7751922756433487,0.03785175213124603,0.18695597723126411
15673,0.8974081575870514,0.017688312684185803,0.08490351727232337
15674,0.9167570620775223,0.00859429655247368,0.07464864058420062
15675,0.9386762157082558,0.017101210309192538,0.044222557451575994
15676,0.18825568724423647,0.012799691408872604,0.7989446297287941
15677,0.1235549645498395,0.009303997620008886,0.8671410381793976
15678,0.9566057696938515,0.0036032526550116017,0.03979098820127547
15679,0.12896672636270523,0.008488956897053868,0.8625443130731583
15680,0.9142005071043968,0.006646833149716258,0.0791526478715241
15681,0.9828675091266632,0.001693853409960866,0.015438651666045189
15682,0.9471016004681587,0.008622844907222316,0.044275553431361914
15683,0.9742720499634743,0.007548490248154849,0.0181794649688527
15684,0.9767426773905754,0.0113746237475425,0.01188269117847085
15685,0.8237313702702522,0.008300048066303134,0.16796856839209795
15686,0.9688771665096283,0.013147817342542112,0.01797500136308372
15687,0.11082951817661524,0.004390658490592614,0.8847798407077789
15688,0.9340263903141022,0.00034107495412172284,0.06563252722844481
15689,0.04073418793268502,0.002585576512501575,0.9566802456974983
15690,0.21596651198342443,0.01898109121248126,0.7650524079799652
15691,0.5016844607889652,0.019648275221697986,0.4786672480404377
15692,0.2356846621260047,0.005334030167432502,0.7589812949299812
15693,0.9749843776226044,0.013342402264242992,0.01167324441485107
15694,0.7354241088032722,0.005874617781955749,0.2587012965232134
15695,0.8819952607154846,0.007990119222085923,0.11001462209969759
15696,0.43809715658426285,0.008794257970293984,0.5531085841357708
15697,0.3750351406633854,0.08077614661306143,0.54418870434165
15698,0.04747729981318116,0.018357956665568054,0.9341647401452065
15699,0.6462853252887726,0.008783243771176785,0.3449314497411251
15700,0.9440816789865494,0.009937790920957923,0.045980543829500675
15701,0.7923661768436432,0.015289067523553967,0.1923447549343109
15702,0.8287142291665077,0.020847158215474337,0.15043863467872143
15703,0.5417145974934101,0.006395306147169322,0.45189008861780167
15704,0.23648351058363914,0.004015885439002886,0.7595006003975868
15705,0.0027774668124038726,0.0006782653763366397,0.9965442940592766
15706,0.6182508505880833,0.030674110166728497,0.3510750327259302
15707,0.7549109235405922,0.008855120104271919,0.23623396083712578
15708,0.9634325727820396,0.006806071265600622,0.029761336045339704
15709,0.010690817376598716,0.002733001943852287,0.9865761920809746
15710,0.8965982273221016,0.010485653358045965,0.09291611053049564
15711,0.9928745850920677,0.000990166408882942,0.006135232048109174
15712,0.975811056792736,0.007902271143393591,0.01628667488694191
15713,0.19262565579265356,0.05358940619044006,0.7537849470973015
15714,0.006295743689406663,0.002475171524565667,0.9912290945649147
15715,0.9780920967459679,0.00863717423635535,0.013270755065605044
15716,0.0016855536086950451,0.0001646819382585818,0.9981497824192047
15717,0.57059570774436,0.004835561820073053,0.4245687425136566
15718,0.011822411557659507,0.0010128778740181588,0.9871647283434868
15719,0.2530262004584074,0.01770477939862758,0.7292690426111221
15720,0.9637232646346092,0.0036455214576562867,0.03263121540658176
15721,0.9808410257101059,0.004447842278750613,0.014711137395352125
15722,0.0705652367323637,0.014670749776996672,0.9147640094161034
15723,0.8900085538625717,0.003049575476325117,0.10694186668843031
15724,0.462086945772171,0.05329029634594917,0.4846227541565895
15725,0.007953635649755597,0.008394413918722421,0.9836519584059715
15726,0.9411578923463821,0.005835189251229167,0.053006920497864485
15727,0.016529316373635083,0.006015581835526973,0.9774550944566727
15728,0.9522677436470985,0.007975117361638695,0.03975713602267206
15729,0.8408734351396561,0.003056202651350759,0.15607036836445332
15730,0.9507291615009308,0.0016138938299263828,0.04765693680383265
15731,0.776775598526001,0.0410133630502969,0.18221102934330702
15732,0.9625426977872849,0.0019651933398563415,0.035492110531777143
15733,0.014664461428765208,0.005225894914474338,0.9801096394658089
15734,0.9647472202777863,0.008207153296098113,0.02704561478458345
15735,0.44436192885041237,0.1607009219005704,0.3949371762573719
15736,0.43536476790905,0.010988589026965201,0.5536466538906097
15737,0.5812933184206486,0.004180518037173897,0.41452615335583687
15738,0.9089143946766853,0.04512535035610199,0.045960260555148125
15739,0.8240314945578575,0.004755898597068153,0.1712126275524497
15740,0.004446001839824021,0.0017308283277088776,0.9938231855630875
15741,0.2388534788042307,0.06914863036945462,0.6919979006052017
15742,0.9329956471920013,0.012328290729783475,0.05467606708407402
15743,0.9829227775335312,0.0007309511711355299,0.016346271615475416
15744,0.029983127722516656,0.0031594942265655845,0.9668573811650276
15745,0.9948650151491165,0.001075813868737896,0.004059169354150072
15746,0.6891829147934914,0.02330642513697967,0.28751065954566
15747,0.9950198084115982,0.0002067893556159106,0.004773399705300108
15748,0.39006780087947845,0.03709502471610904,0.5728371702134609
15749,0.9738507717847824,0.0008158734872267814,0.02533334936015308
15750,0.9067002311348915,0.007183291425462812,0.08611648716032505
15751,0.8732856884598732,0.0655930011998862,0.061121304519474506
15752,0.08663208968937397,0.04196996311657131,0.8713979795575142
15753,0.9824563190340996,0.0017053500487236306,0.01583834271878004
15754,0.9816637188196182,0.0010343796602683142,0.01730191399110481
15755,0.9724101647734642,0.0023206075857160613,0.025269230594858527
15756,0.9107006415724754,0.0020919217058690265,0.08720742678269744
15757,0.8755506426095963,0.009363630961161107,0.1150857238098979
15758,0.021448019659146667,0.019741707714274526,0.9588102772831917
15759,0.5322020128369331,0.02370769891422242,0.4440902806818485
15760,0.9642443805932999,0.016339118243195117,0.019416503375396132
15761,0.20771374367177486,0.006661207182332873,0.785625047981739
15762,0.8452374190092087,0.001342654082691297,0.15341992862522602
15763,0.13258490897715092,0.01950227899942547,0.8479127958416939
15764,0.9141238629817963,0.001261929632164538,0.08461418747901917
15765,0.9628184363245964,0.004353030555648729,0.03282853006385267
15766,0.892950601875782,0.01781443925574422,0.08923496538773179
15767,0.1582309426739812,0.004070920462254435,0.8376981541514397
15768,0.6510317251086235,0.013427208759821951,0.33554106019437313
15769,0.7662204280495644,0.021142423094715923,0.21263714507222176
15770,0.792354166507721,0.1734253792092204,0.03422044054605067
15771,0.9452246651053429,0.008687020279467106,0.04608830390498042
15772,0.9683362394571304,0.002380814781645313,0.029282944044098258
15773,0.9246887266635895,0.011925772239919752,0.06338548939675093
15774,0.1779595362022519,0.00599817800684832,0.8160422891378403
15775,0.6214581206440926,0.025791122985538095,0.35275074280798435
15776,0.8932333365082741,0.004440158169018105,0.10232650302350521
15777,0.26995169930160046,0.0017443137912778184,0.7283039763569832
15778,0.9135455712676048,0.01576565345749259,0.07068879972212017
15779,0.25613831356167793,0.003710686432896182,0.7401510030031204
15780,0.9617843329906464,0.0004548086890281411,0.03776086214929819
15781,0.9841540902853012,0.0016103765374282375,0.014235534996259958
15782,0.013561091851443052,0.000398522655814304,0.9860403835773468
15783,0.8526935875415802,0.02606556238606572,0.1212408347055316
15784,0.021488227881491184,0.0015272502350853756,0.9769845232367516
15785,0.7774103730916977,0.02780585887376219,0.19478376116603613
15786,0.9760749340057373,0.00788350755465217,0.01604155928362161
15787,0.981550395488739,0.003096100190305151,0.01535353867802769
15788,0.9924023374915123,0.004039831212139688,0.003557838048436679
15789,0.4017947372049093,0.01559280592482537,0.5826124623417854
15790,0.0420909880194813,0.0031219540105666965,0.9547870457172394
15791,0.0638252655044198,0.03163302387110889,0.9045417159795761
15792,0.9936212971806526,0.0007557807839475572,0.0056229333858937025
15793,0.3839040957391262,0.40999026224017143,0.20610564947128296
15794,0.5837667360901833,0.017968441708944738,0.3982648327946663
15795,0.0013884974250686355,0.00021436658244056161,0.998397134244442
15796,0.13015279360115528,0.009493644873145968,0.8603535741567612
15797,0.9074332937598228,0.0016723314911359921,0.09089437685906887
15798,0.8495447337627411,0.02715565823018551,0.12329959683120251
15799,0.831362709403038,0.02258658513892442,0.14605072885751724
15800,0.9611671715974808,0.0013449928555928636,0.03748786309733987
15801,0.8329867795109749,0.0036282672954257578,0.1633849572390318
15802,0.455071110278368,0.006146704079583287,0.5387821942567825
15803,0.4876311868429184,0.31452686339616776,0.19784196000546217
15804,0.9904410392045975,0.0005038799499743618,0.009055059752427042
15805,0.9669778272509575,0.0019180232047801837,0.031104170251637697
15806,0.9181045889854431,0.0030336687341332436,0.07886174414306879
15807,0.8396532386541367,0.005536679847864434,0.15481006354093552
15808,0.31151665560901165,0.013869832153432071,0.6746135242283344
15809,0.4706448130309582,0.1657669572159648,0.3635882157832384
15810,0.4177595041692257,0.3420236501842737,0.24021685495972633
15811,0.9644637405872345,0.004049048773595132,0.03148722043260932
15812,0.8965414091944695,0.002273698875796981,0.10118488688021898
15813,0.020210372866131365,0.0005884811798750889,0.9792011752724648
15814,0.8701642975211143,0.006479964329628274,0.12335574068129063
15815,0.9249337464570999,0.0032613682342343964,0.07180490996688604
15816,0.979797787964344,0.001841529956436716,0.01836067286785692
15817,0.9385679364204407,0.02148195100016892,0.039950117003172636
15818,0.3694012425839901,0.009462713496759534,0.621136024594307
15819,0.01353448536247015,0.0018287111379322596,0.9846367910504341
15820,0.9609716460108757,0.005413727136328816,0.03361461195163429
15821,0.9480170756578445,0.02517245977651328,0.026810462470166385
15822,0.5965833067893982,0.04753892053849995,0.3558777719736099
15823,0.06548635428771377,0.01628404576331377,0.9182295948266983
15824,0.9773970618844032,0.002882470282202121,0.019720476120710373
15825,0.9672774747014046,0.0016078997068689205,0.031114625744521618
15826,0.07856172835454345,0.005309237429173663,0.9161290377378464
15827,0.7344585210084915,0.050526940962299705,0.21501456201076508
15828,0.9891015738248825,0.0006413636583602056,0.010257049987558275
15829,0.928114265203476,0.010593636892735958,0.06129209045320749
15830,0.9651541188359261,0.010763421829324216,0.024082457646727562
15831,0.6143340468406677,0.0011635149494395591,0.38450241833925247
15832,0.9884847402572632,0.0007786871356074698,0.010736580181401223
15833,0.09959673741832376,0.006149541964987293,0.8942537605762482
15834,0.915485680103302,0.03199938777834177,0.0525149405002594
15835,0.8269683346152306,0.011439354449976236,0.16159230936318636
15836,0.6109331846237183,0.003262808488216251,0.385804021731019
15837,0.0030597586883231997,0.0021824874420417473,0.9947577565908432
15838,0.7473752871155739,0.01010671112453565,0.2425180021673441
15839,0.9799094349145889,0.0006823341891504242,0.01940821867901832
15840,0.011959772149566561,0.011025594780221581,0.9770146235823631
15841,0.9653701037168503,0.0031447492947336286,0.031485136365517974
15842,0.9671987965703011,0.00813272688537836,0.024668486788868904
15843,0.9714982807636261,0.0018349813763052225,0.026666715973988175
15844,0.8066977262496948,0.017637758050113916,0.17566453479230404
15845,0.9689202904701233,0.0017387486586812884,0.02934096334502101
15846,0.4888848550617695,0.056124317459762096,0.45499083027243614
15847,0.9238834381103516,0.007729608390945941,0.06838694959878922
15848,0.9503948986530304,0.0031592083832947537,0.04644590523093939
15849,0.9697400033473969,0.0006232970263226889,0.029636718099936843
15850,0.8445029631257057,0.04405325767584145,0.11144378455355763
15851,0.899243101477623,0.0060583332378882915,0.09469857905060053
15852,0.4458378367125988,0.002475342946127057,0.5516868010163307
15853,0.8090705871582031,0.008102784224320203,0.18282663822174072
15854,0.9893394187092781,0.0034021851024590433,0.007258397061377764
15855,0.08675192017108202,0.0018734604673227295,0.9113746136426926
15856,0.154422327876091,0.010108434071298689,0.8354692235589027
15857,0.5977519936859608,0.00656451191753149,0.39568349346518517
15858,0.006528865254949778,0.0010663069006113801,0.9924048334360123
15859,0.9939968287944794,0.0010575491505733225,0.004945613211020827
15860,0.8984665721654892,0.0042932773067150265,0.09724015649408102
15861,0.9753521606326103,0.003972979509853758,0.02067486464511603
15862,0.9864671602845192,0.0008853888684825506,0.012647454161196947
15863,0.5038308724761009,0.017877662903629243,0.47829147800803185
15864,0.808120958507061,0.010364321642555296,0.18151472508907318
15865,0.9395352005958557,0.00583248061593622,0.05463231634348631
15866,0.8781371712684631,0.005362612078897655,0.11650020629167557
15867,0.9346795082092285,0.0010692106625356246,0.0642512971535325
15868,0.01093226094963029,0.0022662326227873564,0.9868014827370644
15869,0.9714400321245193,0.003418295476876665,0.02514169190544635
15870,0.9479750543832779,0.0008210144660552032,0.05120390746742487
15871,0.015236739593092352,0.012204397935420275,0.9725588634610176
15872,0.2744200211018324,0.0037584937672363594,0.7218214794993401
15873,0.013914382667280734,0.0009863744708127342,0.9850992262363434
15874,0.8035553097724915,0.004866768591455184,0.19157792162150145
15875,0.8109230399131775,0.011620955832768232,0.17745601944625378
15876,0.8699396774172783,0.06839930731803179,0.061660995706915855
15877,0.9683136492967606,0.0006250495607673656,0.031061328947544098
15878,0.9655663371086121,0.0007234490731207188,0.03371019894257188
15879,0.08928103931248188,0.014320188551209867,0.8963987752795219
15880,0.8978334665298462,0.020556354837026447,0.08161020232364535
15881,0.9587287604808807,0.0006469190593634266,0.040624301764182746
15882,0.9366181865334511,0.0032593322976026684,0.06012248923070729
15883,0.9583809077739716,0.006797158363042399,0.034821912413462996
15884,0.9513606131076813,0.003745660767890513,0.04489375022239983
15885,0.8772412165999413,0.00932127851410769,0.11343750078231096
15886,0.005159990570973605,0.003832967224298045,0.9910070300102234
15887,0.9916177242994308,0.0004283803682483267,0.007953888387419283
15888,0.9373937547206879,0.004775835754116997,0.05783041659742594
15889,0.2905901726335287,0.0017930494796019047,0.707616776227951
15890,0.24054743349552155,0.0046250384621089324,0.754827544093132
15891,0.8532036170363426,0.0363326104125008,0.1104637780226767
15892,0.9783312454819679,0.0031302695933845825,0.018538478238042444
15893,0.7149202600121498,0.008800333889666945,0.2762793991714716
15894,0.3327827975153923,0.00449593277880922,0.6627212688326836
15895,0.17648116126656532,0.018652875325642526,0.8048659637570381
15896,0.9884258434176445,0.0013565888875746168,0.01021758426213637
15897,0.920589841902256,0.00821382476715371,0.07119634421542287
15898,0.9737006947398186,0.0004811150865862146,0.025818180525675416
15899,0.9887431338429451,0.000880236410012003,0.010376630059909075
15900,0.6862747967243195,0.005760556203313172,0.3079646434634924
15901,0.1099322997033596,0.006253754370845854,0.8838139250874519
15902,0.9725295826792717,0.002476688358001411,0.024993711849674582
15903,0.8810031488537788,0.007540091319242492,0.11145674902945757
15904,0.9747868105769157,0.0025802519667195156,0.022632963256910443
15905,0.9659149572253227,0.003410657634958625,0.030674358597025275
15906,0.016478920762892812,0.0013256720267236233,0.9821953922510147
15907,0.904753290116787,0.00445016473531723,0.09079654887318611
15908,0.49485228583216667,0.011766875861212611,0.4933808371424675
15909,0.9727289825677872,0.002018761952058412,0.02525227260775864
15910,0.9559869766235352,0.0009055143582372693,0.043107517529278994
15911,0.3621082864701748,0.011928889842238277,0.6259628310799599
15912,0.9164519309997559,0.0029366156086325645,0.08061147388070822
15913,0.9459870755672455,0.011902442638529465,0.0421104624401778
15914,0.9782060980796814,0.0005872847541468218,0.02120665111579001
15915,0.9590572640299797,0.00990409340010956,0.031038643093779683
15916,0.8774789050221443,0.01875636458862573,0.10376472305506468
15917,0.5879674926400185,0.009784524445421994,0.402247978374362
15918,0.9745481163263321,0.0010381179927207995,0.024413739098235965
15919,0.9270335733890533,0.002622540036099963,0.07034389022737741
15920,0.885085366666317,0.0037627967831213027,0.11115183541551232
15921,0.3640536330640316,0.007849850662751123,0.6280964948236942
15922,0.4148092195391655,0.007486144895665348,0.5777046270668507
15923,0.9022354558110237,0.0033895921951625496,0.09437497146427631
15924,0.9754861071705818,0.0012236339098308235,0.02329026610823348
15925,0.9535220190882683,0.0018816714364220388,0.04459633631631732
15926,0.9746977686882019,0.0020469847149797715,0.02325526624917984
15927,0.26782719045877457,0.019756628782488406,0.7124161645770073
15928,0.9403576850891113,0.0005313123219821136,0.05911100283265114
15929,0.08812450803816319,0.0015969662490533665,0.9102785289287567
15930,0.23048177734017372,0.03213244606740773,0.7373857721686363
15931,0.9806806892156601,0.00213555853406433,0.017183726420626044
15932,0.36870037391781807,0.0007980150912771933,0.6305015981197357
15933,0.9805703163146973,0.00922611539135687,0.010203561221715063
15934,0.9919805005192757,0.0035971077741123736,0.0044224132725503296
15935,0.9276943579316139,0.003720618726219982,0.06858501024544239
15936,0.003682520386064425,0.00044906959738000296,0.9958683922886848
15937,0.696466714143753,0.004556742554996163,0.2989765368402004
15938,0.6729912832379341,0.0031184400140773505,0.323890283703804
15939,0.9065631255507469,0.047337565454654396,0.04609927977435291
15940,0.9497238174080849,0.001752193937136326,0.04852400324307382
15941,0.9545551910996437,0.0024912598164519295,0.04295356525108218
15942,0.24816378019750118,0.0031670591415604576,0.7486691698431969
15943,0.0677978084422648,0.006769300060113892,0.9254328608512878
15944,0.010617081366945058,0.0035919572073908057,0.9857909455895424
15945,0.922217532992363,0.0019294442026875913,0.07585303345695138
15946,0.01638433791231364,0.0035932709724875167,0.9800224155187607
15947,0.5989465229213238,0.23238338623195887,0.16867009084671736
15948,0.1036757854744792,0.011073139030486345,0.8852510824799538
15949,0.9536388069391251,0.019109361339360476,0.02725184988230467
15950,0.9681930243968964,0.02198970306199044,0.009817308047786355
15951,0.8915458917617798,0.05103055597282946,0.057423561345785856
15952,0.9507740586996078,0.0012253688619239256,0.048000559443607926
15953,0.004650992515962571,0.0016070397105067968,0.9937419444322586
15954,0.003238816832890734,0.00042294033301004674,0.9963382482528687
15955,0.8820311799645424,0.001086169111658819,0.1168826436623931
15956,0.7587484195828438,0.010524190962314606,0.23072740621864796
15957,0.9683585241436958,0.001121430927014444,0.03052002377808094
15958,0.9797391444444656,0.0008461396537313703,0.019414706039242446
15959,0.2679572757333517,0.010541797906626016,0.7215009182691574
15960,0.9881509318947792,0.001462789048673585,0.010386287118308246
15961,0.17337810155004263,0.005878339929040521,0.8207435756921768
15962,0.9356211647391319,0.0009587301792635117,0.06342010665684938
15963,0.9830989241600037,0.001872364679002203,0.015028724679723382
15964,0.8770473748445511,0.0055380908597726375,0.11741454154253006
15965,0.008628097362816334,0.015181486494839191,0.9761903956532478
15966,0.9560668244957924,0.005734378501074389,0.0381987898144871
15967,0.8860650584101677,0.051001840736716986,0.06293311109766364
15968,0.6554721780121326,0.006939263024833053,0.3375885672867298
15969,0.042239630594849586,0.0017477712972322479,0.9560126140713692
15970,0.9802765622735023,0.00022786148565501207,0.019495564396493137
15971,0.09584914054721594,0.005398785462602973,0.8987520709633827
15972,0.5486921556293964,0.0047641926794312894,0.4465436600148678
15973,0.9756199419498444,0.006608829949982464,0.01777124358341098
15974,0.4075985886156559,0.006306454772129655,0.586094968020916
15975,0.8822583854198456,0.012416981160640717,0.10532461665570736
15976,0.4143462385982275,0.011602656275499612,0.5740511082112789
15977,0.908350370824337,0.010665301058907062,0.08098432281985879
15978,0.01587814895901829,0.0037909253005636856,0.9803309366106987
15979,0.3821684867143631,0.06490544695407152,0.5529260747134686
15980,0.0028648592851823196,0.0007371448555204552,0.9963979721069336
15981,0.9477062895894051,0.014068292948650196,0.0382254293654114
15982,0.72890305519104,0.008293865859741345,0.262803066521883
15983,0.9140081405639648,0.012316531036049128,0.07367533724755049
15984,0.9776340126991272,0.00719479366671294,0.015171205741353333
15985,0.6657153069972992,0.002787540724966675,0.3314971402287483
15986,0.23034380469471216,0.009228088994859718,0.7604281082749367
15987,0.002498867776012048,0.0005415863997768611,0.9969595521688461
15988,0.3031527251005173,0.013842127751559019,0.6830051578581333
15989,0.9541824460029602,0.005394960942794569,0.040422581834718585
15990,0.46771322935819626,0.021652493393048644,0.5106342770159245
15991,0.9843292459845543,0.0007190861433628015,0.014951664255931973
15992,0.9381986260414124,0.0027552395476959646,0.0590461534447968
15993,0.41980932652950287,0.0152765546226874,0.5649141147732735
15994,0.5074218325316906,0.004239760717609897,0.4883383922278881
15995,0.9523784816265106,0.01637320965528488,0.031248303595930338
15996,0.9398343414068222,0.004349941067630425,0.055815705098211765
15997,0.29790810123085976,0.00835797714535147,0.6937339156866074
15998,0.8238373324275017,0.12568372627720237,0.05047894339077175
15999,0.9103281572461128,0.057270044228062034,0.03240181156434119
16000,0.9455109760165215,0.0036821401299675927,0.05080689396709204
16001,0.6094994731247425,0.008866180432960391,0.3816343639045954
16002,0.947096936404705,0.02364271809346974,0.029260324081405997
16003,0.8802395686507225,0.02658238704316318,0.09317804966121912
16004,0.9826867654919624,0.0014997574980952777,0.01581348991021514
16005,0.9644167497754097,0.00943470187485218,0.02614857000298798
16006,0.9245299398899078,0.026758947991766036,0.04871110571548343
16007,0.13661125488579273,0.013418472779449075,0.849970281124115
16008,0.9858754053711891,0.0022067780810175464,0.011917820025701076
16009,0.9580171331763268,0.004104319028556347,0.03787852730602026
16010,0.5121805444359779,0.015890341252088547,0.4719291254878044
16011,0.7653359919786453,0.009215925063472241,0.2254480943083763
16012,0.988023541867733,0.0015236630933941342,0.010452795482706279
16013,0.9805169999599457,0.00030470333331322763,0.019178285961970687
16014,0.8578154742717743,0.10151231894269586,0.040672208881005645
16015,0.9269247949123383,0.06298592407256365,0.010089259943924844
16016,0.9856396615505219,0.0016163473701453768,0.012743999366648495
16017,0.9651518613100052,0.0014611083024647087,0.03338702395558357
16018,0.29348251037299633,0.5042444430291653,0.20227304194122553
16019,0.862601213157177,0.02505386440316215,0.11234490480273962
16020,0.9923466444015503,0.00043150363308086526,0.007221848703920841
16021,0.9873082339763641,0.003966407253756188,0.008725362829864025
16022,0.5494922511279583,0.0015278092832886614,0.4489799290895462
16023,0.8386966660618782,0.0753704677335918,0.08593286806717515
16024,0.9004161134362221,0.004147988423937932,0.09543590992689133
16025,0.870651938021183,0.00557338711223565,0.12377466168254614
16026,0.820199079811573,0.008498856332153082,0.1713020633906126
16027,0.954282134771347,0.004460661759367213,0.04125719144940376
16028,0.9009641706943512,0.014187077817041427,0.08484875550493598
16029,0.001441254025849048,0.001222833278006874,0.9973359107971191
16030,0.9826074466109276,0.0022373260726453736,0.015155223896726966
16031,0.016392626683227718,0.0017022364263539203,0.9819051548838615
16032,0.9725554063916206,0.0009530699753668159,0.026491530472412705
16033,0.925924651324749,0.016855745518114418,0.057219600304961205
16034,0.01627296395599842,0.0022856789000798017,0.9814413487911224
16035,0.9568556696176529,0.018001976131927222,0.025142355007119477
16036,0.40770144760608673,0.025507265934720635,0.5667913034558296
16037,0.9704728126525879,0.011609996552579105,0.017917190212756395
16038,0.9926313832402229,0.0002664199346327223,0.007102193543687463
16039,0.9205459579825401,0.013875620847102255,0.06557842902839184
16040,0.08615360828116536,0.0016860696923686191,0.9121603146195412
16041,0.87882449477911,0.020136284292675555,0.10103923035785556
16042,0.4776953086256981,0.008724171319045126,0.5135805048048496
16043,0.9795910120010376,0.003510299837216735,0.01689867168897763
16044,0.9641891494393349,0.0008118454825307708,0.034999012714251876
16045,0.9806274548172951,0.0006385669767041691,0.018733988283202052
16046,0.16355254873633385,0.054373207298340276,0.7820742577314377
16047,0.9361842572689056,0.004692922288086265,0.05912283295765519
16048,0.04530102596618235,0.009171626908937469,0.9455273300409317
16049,0.9931525439023972,0.0009585614134266507,0.0058888930070679635
16050,0.8899538815021515,0.007468112569767982,0.10257800482213497
16051,0.954177550971508,0.0013054446681053378,0.04451700556091964
16052,0.9527317434549332,0.0005984700364933815,0.04666979145258665
16053,0.7344718053936958,0.04961387254297733,0.21591431740671396
16054,0.9888516515493393,0.00026998115208698437,0.010878347209654748
16055,0.9752786979079247,0.009645113022997975,0.015076170908287168
16056,0.7498578801751137,0.001742526888847351,0.24839960969984531
16057,0.007634525827597827,0.0019830826204270124,0.9903823956847191
16058,0.987072043120861,0.0006680482692900114,0.012259918614290655
16059,0.4002355635166168,0.3681177794933319,0.23164665140211582
16060,0.9614867642521858,0.0014988125185482204,0.03701440244913101
16061,0.22331886924803257,0.0045541702274931595,0.7721269652247429
16062,0.9823626279830933,0.0010710764545365237,0.016566297272220254
16063,0.4637507311999798,0.0202102845069021,0.5160389803349972
16064,0.9755608290433884,0.0006090625283832196,0.023830113816075027
16065,0.9514323621988297,0.0008033865633478854,0.04776425985619426
16066,0.9879123941063881,0.0030873033101670444,0.009000318706966937
16067,0.840727835893631,0.06493119662627578,0.0943409614264965
16068,0.9464065879583359,0.004197918809950352,0.049395503709092736
16069,0.012684139073826373,0.005812165007228032,0.9815037027001381
16070,0.011057372146751732,0.0030553157994290814,0.9858872964978218
16071,0.4056514576077461,0.021434420719742775,0.5729141123592854
16072,0.9901147559285164,0.00035340318208909594,0.009531848016195
16073,0.9009518399834633,0.005272851965855807,0.0937753263860941
16074,0.6996413543820381,0.028825222281739116,0.27153342589735985
16075,0.848839059472084,0.0011817175982287154,0.14997923281043768
16076,0.006699455814668909,0.015991182008292526,0.977309376001358
16077,0.005149934295332059,0.001256567360542249,0.9935935065150261
16078,0.8829836249351501,0.006100856306147762,0.11091550812125206
16079,0.9201047122478485,0.00929536041803658,0.07059992616996169
16080,0.35241496562957764,0.009299246070440859,0.6382857784628868
16081,0.9598684906959534,0.000332050925862859,0.03979946090839803
16082,0.04287369782105088,0.0023848096461733803,0.9547414928674698
16083,0.07187654357403517,0.006086995388614014,0.9220364987850189
16084,0.9663012698292732,0.010598737542750314,0.023099985090084374
16085,0.8969041183590889,0.06928625516593456,0.03380960505455732
16086,0.9862703010439873,0.002018731916905381,0.011710963619407266
16087,0.9671274796128273,0.001244934814167209,0.03162758192047477
16088,0.9544642940163612,0.0003399438282940537,0.04519574576988816
16089,0.9879372119903564,0.0014962971545173787,0.010566507058683783
16090,0.9353523850440979,0.012321549991611391,0.052326065488159657
16091,0.7007599472999573,0.007884325925260782,0.2913557291030884
16092,0.11544451676309109,0.047150715021416545,0.8374047800898552
16093,0.9694502502679825,0.002792109706206247,0.027757667936384678
16094,0.9790221899747849,0.00048772410627861973,0.02049005194567144
16095,0.9408586323261261,0.002922965766629204,0.05621839500963688
16096,0.8946363925933838,0.003802644947427325,0.10156096098944545
16097,0.7833666428923607,0.05275937682017684,0.16387397795915604
16098,0.9650434851646423,0.021451747743412852,0.013504751026630402
16099,0.9663290902972221,0.0012563190248329192,0.032414589542895555
16100,0.9341455549001694,0.0027208792889723554,0.06313357781618834
16101,0.8936093226075172,0.008520846487954259,0.09786984883248806
16102,0.9577085971832275,0.006939007696928456,0.03535239561460912
16103,0.9616179093718529,0.01960086263716221,0.018781231250613928
16104,0.004605985770467669,0.0008421150378126185,0.9945519044995308
16105,0.9663229808211327,0.0005901186414121184,0.03308690479025245
16106,0.9306208789348602,0.026069094776175916,0.04331003432162106
16107,0.9792247340083122,0.002086670989228878,0.01868860493414104
16108,0.10830114874988794,0.004807372475625016,0.8868914619088173
16109,0.9742167890071869,0.0037536510062636808,0.02202958008274436
16110,0.9022845551371574,0.02034364565042779,0.07737178029492497
16111,0.9946018978953362,0.0009655265603214502,0.004432567046023905
16112,0.008369588002096862,0.0012765777719323523,0.9903538301587105
16113,0.004014540143543854,0.0012163098726887256,0.9947691559791565
16114,0.9813267216086388,0.0006810659870097879,0.017992248525843024
16115,0.7596200481057167,0.10842663329094648,0.13195331115275621
16116,0.9358720928430557,0.00271223510208074,0.061415671836584806
16117,0.951710432767868,0.004290179116651416,0.04399938276037574
16118,0.9739073216915131,0.0004151004923187429,0.025677576893940568
16119,0.950870618224144,0.0026869986031670123,0.04644239437766373
16120,0.4244002476334572,0.07752745831385255,0.498072300106287
16121,0.9566758051514626,0.000962277474172879,0.04236194118857384
16122,0.9205186143517494,0.004492967214901,0.07498844061046839
16123,0.9314471110701561,0.00823883613338694,0.060314038302749395
16124,0.9772398695349693,0.0019301717111375183,0.020829941728152335
16125,0.08129188697785139,0.008970864932052791,0.9097372218966484
16126,0.8351247385144234,0.02004233468323946,0.14483293052762747
16127,0.9018118679523468,0.010490719694644213,0.0876974118873477
16128,0.13500354625284672,0.010354990663472563,0.85464146733284
16129,0.08626992907375097,0.010228138591628522,0.9035019278526306
16130,0.9891052171587944,0.0014109462790656835,0.009483851375989616
16131,0.9561098664999008,0.00877245923038572,0.03511770279146731
16132,0.9881277084350586,0.0007466830720659345,0.011125607532449067
16133,0.9241493195295334,0.0047622169950045645,0.07108844071626663
16134,0.8086347207427025,0.008472301415167749,0.18289298098534346
16135,0.6884086057543755,0.09547871723771095,0.21611269004642963
16136,0.8636447340250015,0.005655155786371324,0.13070012908428907
16137,0.9736384004354477,0.001270883123652311,0.025090724579058588
16138,0.9776296317577362,0.002391879192146007,0.019978496013209224
16139,0.9430565387010574,0.0010187552470597439,0.055924709187820554
16140,0.1896224245429039,0.0047371722175739706,0.8056404143571854
16141,0.9795472100377083,0.00531035489984788,0.015142438001930714
16142,0.32949741184711456,0.1841785991564393,0.4863239899277687
16143,0.15383995603770018,0.007445270690368488,0.8387147635221481
16144,0.9067799896001816,0.037853989051654935,0.055366011802107096
16145,0.8526753559708595,0.011969537998083979,0.1353550860658288
16146,0.5181408263742924,0.42599360831081867,0.05586555507034063
16147,0.9664695858955383,0.0018469177739461884,0.03168348758481443
16148,0.97274549305439,0.002915105549618602,0.024339408380910754
16149,0.9544580578804016,0.014906328869983554,0.030635613249614835
16150,0.0013432367850327864,0.0009991615879698656,0.9976576045155525
16151,0.8859738931059837,0.0017060523387044668,0.11232004687190056
16152,0.02227952127577737,0.016358649008907378,0.9613618105649948
16153,0.7539346590638161,0.03778263390995562,0.20828271098434925
16154,0.9295289367437363,0.003197502184775658,0.06727357022464275
16155,0.6256100721657276,0.020000781572889537,0.3543891590088606
16156,0.02501846698578447,0.007030610810033977,0.9679509103298187
16157,0.024168116506189108,0.001155992220446933,0.9746758937835693
16158,0.541961882263422,0.026407189667224884,0.4316309317946434
16159,0.9903335720300674,0.00015359290591732133,0.009512821328826249
16160,0.9549592062830925,0.0063982324791140854,0.0386425678152591
16161,0.9751835316419601,0.004070189635967836,0.020746261696331203
16162,0.9906066954135895,0.0006315591599559411,0.008761748496908695
16163,0.989872470498085,0.0022389111036318354,0.007888638880103827
16164,0.9624205306172371,0.011753417435102165,0.025826038094237447
16165,0.8460511192679405,0.006677650846540928,0.14727121498435736
16166,0.17576584964990616,0.0035072056634817272,0.8207269534468651
16167,0.8444528132677078,0.002596886108221952,0.15295030362904072
16168,0.6892642453312874,0.013034427363891155,0.2977012936025858
16169,0.8789216503500938,0.00985510041937232,0.11122324410825968
16170,0.9824255332350731,0.0028376631235005334,0.014736785436980426
16171,0.29994626343250275,0.010870597150642425,0.6891831420361996
16172,0.9555527418851852,0.0033611233957344666,0.04108614078722894
16173,0.22413918748497963,0.023264974355697632,0.7525958493351936
16174,0.9484516009688377,0.016079096123576164,0.03546930733136833
16175,0.6396643817424774,0.00111426262446912,0.3592213597148657
16176,0.00541806934052147,0.0009565579239279032,0.9936253651976585
16177,0.977210596203804,0.0011597624034038745,0.021629642113111913
16178,0.9668483883142471,0.015286250039935112,0.017865372938103974
16179,0.9374639764428139,0.0034572968434076756,0.059078737162053585
16180,0.9708534702658653,0.003698065149364993,0.02544843521900475
16181,0.979973629117012,0.0034588238777359948,0.016567529877647758
16182,0.9930716305971146,0.0015578932252537925,0.005370470345951617
16183,0.67074204236269,0.023677445366047323,0.3055805042386055
16184,0.8186622336506844,0.016221377532929182,0.16511639580130577
16185,0.8360980004072189,0.0030174227722454816,0.16088456101715565
16186,0.023690170783083886,0.0012506873899837956,0.9750591516494751
16187,0.9897642135620117,0.002907409056206234,0.007328386069275439
16188,0.3185767699033022,0.030879980651661754,0.6505432464182377
16189,0.5703669264912605,0.039347895071841776,0.3902851715683937
16190,0.9117764756083488,0.005916699825320393,0.08230679715052247
16191,0.8930958807468414,0.0031374342797789723,0.10376669419929385
16192,0.9899103417992592,0.00020648739337048028,0.009883177175652236
16193,0.6811726279556751,0.2519961856305599,0.06683117197826505
16194,0.02955800644122064,0.002023201042902656,0.9684187844395638
16195,0.9872386902570724,0.0023278871085494757,0.01043342414777726
16196,0.9518736526370049,0.005730040371417999,0.0423963216599077
16197,0.06410348741337657,0.026455123559571803,0.9094413816928864
16198,0.9256105720996857,0.0018080201698467135,0.07258139085024595
16199,0.9962608963251114,0.0001414048065271345,0.00359770811337512
16200,0.4701622687280178,0.015985440812073648,0.5138522833585739
16201,0.9705869928002357,0.0004257575892552268,0.028987247846089303
16202,0.07257708813995123,0.010440023499540985,0.9169829040765762
16203,0.39569301158189774,0.02110169909428805,0.5832052938640118
16204,0.35246468894183636,0.005463071662234142,0.6420722454786301
16205,0.9553660079836845,0.0035477990240906365,0.041086224373430014
16206,0.9417199939489365,0.004683955368818715,0.053596068639308214
16207,0.02711032796651125,0.0023663977335672826,0.9705232828855515
16208,0.6377278789877892,0.0373393299523741,0.32493280060589314
16209,0.9861766025424004,0.0002240025860373862,0.013599405239801854
16210,0.9146375060081482,0.0015101132084964775,0.08385238610208035
16211,0.06802416173741221,0.004130414687097073,0.9278454259037971
16212,0.02463388815522194,0.011426086493884213,0.9639400169253349
16213,0.7736384272575378,0.008193646150175482,0.21816791966557503
16214,0.9274004399776459,0.020503562758676708,0.0520960025023669
16215,0.9916066080331802,0.0005641551615553908,0.00782924791565165
16216,0.9542164131999016,0.0020735405414598063,0.04371004132553935
16217,0.05058743734844029,0.006477595103206113,0.9429349675774574
16218,0.9609676897525787,0.010810632724314928,0.02822167635895312
16219,0.026327478233724833,0.0025025772774824873,0.9711699560284615
16220,0.9380321428179741,0.03958868351764977,0.0223791659809649
16221,0.9252252653241158,0.006813904736191034,0.06796082481741905
16222,0.43248211964964867,0.017503623676020652,0.5500142760574818
16223,0.887940302491188,0.009244741522707045,0.10281496960669756
16224,0.8690159693360329,0.0096010115230456,0.12138299085199833
16225,0.9443670958280563,0.0007313230198633391,0.05490158242173493
16226,0.9744692444801331,0.009563183717546053,0.015967583283782005
16227,0.6823454983532429,0.03215599886607379,0.2854984998703003
16228,0.20177797973155975,0.00402569213474635,0.7941963449120522
16229,0.7967927604913712,0.003526688917190768,0.19968055095523596
16230,0.13288617692887783,0.0023247860663104802,0.8647890388965607
16231,0.9573324099183083,0.0006900643747940194,0.04197755712084472
16232,0.7971878573298454,0.11972673470154405,0.08308539306744933
16233,0.9895265027880669,0.0015215143721434288,0.008951981377322227
16234,0.961801253259182,0.024125163326971233,0.014073560712859035
16235,0.5859836712479591,0.014965411857701838,0.39905090630054474
16236,0.09672291204333305,0.003718757856404409,0.8995583429932594
16237,0.19822303112596273,0.008616483362857252,0.7931604757905006
16238,0.8910931274294853,0.003710581542691216,0.10519627295434475
16239,0.9842083230614662,0.00021536714939429658,0.015576312260236591
16240,0.9949750751256943,0.002430494896543678,0.0025944632943719625
16241,0.9143332690000534,0.0010895091800193768,0.08457722840830684
16242,0.47069448977708817,0.0063093047356233,0.5229962021112442
16243,0.5007929541170597,0.013947847473900765,0.48525921255350113
16244,0.9537023976445198,0.006758714531315491,0.03953887685202062
16245,0.9877378791570663,0.00038088172004790977,0.01188125042244792
16246,0.7857259511947632,0.10812244983389974,0.10615160735324025
16247,0.723762646317482,0.03601729357615113,0.24022003822028637
16248,0.3270963244140148,0.0019825067574856803,0.6709211692214012
16249,0.9925214946269989,0.001240457502717618,0.006238065630896017
16250,0.8704766854643822,0.008621703222161159,0.12090162001550198
16251,0.009424834803212434,0.0018545208076830022,0.9887206256389618
16252,0.14806025195866823,0.003847231433610432,0.8480925038456917
16253,0.787488229572773,0.010833954089321196,0.20167781691998243
16254,0.9009643867611885,0.004673140123486519,0.09436247311532497
16255,0.04885192681103945,0.0037587597616948187,0.9473893046379089
16256,0.0037761967978440225,0.0005215751607465791,0.9957022294402122
16257,0.9847184643149376,0.00373112344823312,0.011550404771696776
16258,0.003973645769292489,0.0005721270190406358,0.9954542517662048
16259,0.9302873462438583,0.007833559153368697,0.0618790895678103
16260,0.0027933438395848498,0.0022537129116244614,0.9949529469013214
16261,0.9836743921041489,0.0011645309714367613,0.015161043149419129
16262,0.3213660754263401,0.013687187456525862,0.6649467423558235
16263,0.04027049452997744,0.00579820855637081,0.9539312943816185
16264,0.8074904158711433,0.048879590118303895,0.14362998772412539
16265,0.032787797274068,0.002067941939458251,0.9651442691683769
16266,0.8779026120901108,0.0225654715904966,0.09953191503882408
16267,0.9804248064756393,0.009248993126675487,0.010326187708415091
16268,0.660035502165556,0.00208402807766106,0.33788047917187214
16269,0.11538094654679298,0.0023880332882981747,0.8822310343384743
16270,0.0326765023637563,0.0186276055756025,0.9486959055066109
16271,0.02942054090090096,0.0028104833982069977,0.9677689671516418
16272,0.9742772057652473,0.0025258727691834792,0.02319691050797701
16273,0.7715678811073303,0.013036992226261646,0.2153951581567526
16274,0.9836752116680145,0.001297347858780995,0.015027436311356723
16275,0.9877054765820503,0.0005255267351458315,0.011768991767894477
16276,0.8521892949938774,0.01779788709245622,0.13001282140612602
16277,0.9859833493828773,0.001094097300665453,0.012922570225782692
16278,0.6169574148952961,0.005632931279251352,0.37740962766110897
16279,0.48281075805425644,0.019438606686890125,0.497750636190176
16280,0.5626154579222202,0.07475263345986605,0.36263190023601055
16281,0.034718546317890286,0.0024303173267981037,0.9628511592745781
16282,0.013611036934889853,0.0017667100837570615,0.9846222400665283
16283,0.9813482984900475,0.0028328296466497704,0.01581887376960367
16284,0.8526179045438766,0.0018823911959771067,0.14549970347434282
16285,0.9816632568836212,0.0013583203399321064,0.016978426021523774
16286,0.37309245951473713,0.01828507101163268,0.6086224764585495
16287,0.07404606137424707,0.01878114079590887,0.9071727991104126
16288,0.04292976530268788,0.006835340871475637,0.9502349197864532
16289,0.4136006198823452,0.01041783593245782,0.5759815499186516
16290,0.8828125223517418,0.005307796265697107,0.1118796830996871
16291,0.9944957569241524,0.0010981974846799858,0.004406063395435922
16292,0.9859626889228821,0.0012901348600280471,0.012747177155688405
16293,0.9722145646810532,0.0009429964957234915,0.02684245421551168
16294,0.9456171989440918,0.001975426697754301,0.052407391369342804
16295,0.8507010787725449,0.03572113742120564,0.11357779521495104
16296,0.019264020724222064,0.004288147887564264,0.9764478206634521
16297,0.8343666642904282,0.06511246459558606,0.10052086366340518
16298,0.9319198951125145,0.00315936298284214,0.0649207467213273
16299,0.9693323150277138,0.0036967876003473066,0.026970902050379664
16300,0.5865618176758289,0.007715589279541746,0.40572258830070496
16301,0.974801205098629,0.0019285601665615104,0.023270209087058902
16302,0.7287559732794762,0.01202743750764057,0.2592165842652321
16303,0.9441690817475319,0.014521308068651706,0.041309605818241835
16304,0.8294304832816124,0.0033377492072759196,0.16723177628591657
16305,0.9900141954421997,0.002843735481292242,0.0071421007451135665
16306,0.10800909204408526,0.6481303498148918,0.2438605483621359
16307,0.5956587716937065,0.007891287619713694,0.39644993282854557
16308,0.9566387385129929,0.02464495727326721,0.018716307007707655
16309,0.8282796442508698,0.01835028314962983,0.15337004978209734
16310,0.9526712745428085,0.006606353388633579,0.04072237620130181
16311,0.9852658435702324,0.0015338427256210707,0.013200320827309042
16312,0.5646028332412243,0.09083984373137355,0.3445573225617409
16313,0.6159307956695557,0.008815776323899627,0.37525342777371407
16314,0.47778089717030525,0.007167338364524767,0.5150517784059048
16315,0.9908656030893326,0.001193278450955404,0.00794111704453826
16316,0.9667850807309151,0.0009495074191363528,0.032265397370792925
16317,0.7904490530490875,0.00291708558506798,0.2066338425502181
16318,0.39079038612544537,0.10376650234684348,0.5054430887103081
16319,0.595300417393446,0.06503298529423773,0.3396665845066309
16320,0.7265020161867142,0.022817689809016883,0.2506803013384342
16321,0.4820321761071682,0.022534430376254022,0.49543339386582375
16322,0.9766646176576614,0.0007772779645165429,0.02255808946210891
16323,0.010351150413043797,0.0017443743781768717,0.9879044741392136
16324,0.007813651813194156,0.000861141481436789,0.9913251921534538
16325,0.9850974604487419,0.009601823578123003,0.005300722201354802
16326,0.009761851106304675,0.00043422251837910153,0.9898039251565933
16327,0.874396026134491,0.07457253290340304,0.051031454699113965
16328,0.9779185727238655,0.0029049948789179325,0.019176455214619637
16329,0.9389493241906166,0.0031192435126286,0.057931420393288136
16330,0.8394405394792557,0.0069929488527122885,0.1535664889961481
16331,0.9376020953059196,0.009398459078511223,0.05299943080171943
16332,0.9286353960633278,0.022256628260947764,0.049107959959656
16333,0.9286964535713196,0.051292961346916854,0.020010586478747427
16334,0.9908622577786446,0.003425644099479541,0.005712108046282083
16335,0.9563758075237274,0.005366304249037057,0.03825787827372551
16336,0.8750756680965424,0.008594207873102278,0.11633012071251869
16337,0.8584848940372467,0.00746640918077901,0.13404869753867388
16338,0.9315010234713554,0.006628144183196127,0.06187083059921861
16339,0.9447078108787537,0.0020014596957480535,0.053290726616978645
16340,0.989392600953579,0.001998661715333583,0.008608743373770267
16341,0.9790279567241669,0.004362414620118216,0.0166096028406173
16342,0.19427593797445297,0.006974379939492792,0.7987496852874756
16343,0.9474364742636681,0.019636264303699136,0.032927271677181125
16344,0.010401203646324575,0.002156787595595233,0.9874419942498207
16345,0.3604690916836262,0.10531860450282693,0.5342122949659824
16346,0.8450257256627083,0.031221839133650064,0.12375242728739977
16347,0.7015713453292847,0.013602693739812821,0.28482595831155777
16348,0.8305614367127419,0.007111720333341509,0.16232682764530182
16349,0.9280891269445419,0.04903474496677518,0.022876108065247536
16350,0.2635032441467047,0.0037224317202344537,0.7327743023633957
16351,0.16474492754787207,0.00864967523375526,0.8266053944826126
16352,0.09021820547059178,0.15135494992136955,0.7584268450737
16353,0.9572521075606346,0.006789464096073061,0.035958437947556376
16354,0.7763078212738037,0.0022508098045364022,0.22144137974828482
16355,0.1483437865972519,0.005138967040693387,0.8465172424912453
16356,0.9684909731149673,0.005559714656556025,0.025949319126084447
16357,0.8138592168688774,0.011690680927131325,0.17445010412484407
16358,0.956642210483551,0.018981375847943127,0.02437640877906233
16359,0.3060181401669979,0.011398670903872699,0.6825831979513168
16360,0.9575187712907791,0.027819046168588102,0.014662168337963521
16361,0.8423217162489891,0.011346578306984156,0.1463317135348916
16362,0.04036889900453389,0.002518613306165207,0.9571124762296677
16363,0.9392858371138573,0.009968404599931091,0.0507457391358912
16364,0.04069106443785131,0.0019268482137704268,0.9573820754885674
16365,0.2803116124123335,0.023158920113928616,0.6965294480323792
16366,0.04873699648305774,0.0044795295689255,0.9467834830284119
16367,0.9772169813513756,0.002184227909310721,0.020598791888915002
16368,0.9796237573027611,0.006763658544514328,0.013612553011626005
16369,0.0264810414519161,0.0033640561159700155,0.9701548889279366
16370,0.07234999537467957,0.6397225745022297,0.2879274506121874
16371,0.040070037823170424,0.035302567295730114,0.9246273785829544
16372,0.4767436273396015,0.02462903456762433,0.49862734228372574
16373,0.9632108584046364,0.003416274907067418,0.03337287134490907
16374,0.946380726993084,0.029505280777812004,0.02411401621066034
16375,0.0028529649862321094,0.0004613141372828977,0.9966857135295868
16376,0.08700628392398357,0.00554412993369624,0.9074495956301689
16377,0.956866554915905,0.003685358358779922,0.03944807359948754
16378,0.892001785337925,0.0038990935718175024,0.10409913212060928
16379,0.31286863423883915,0.025681560044176877,0.6614498011767864
16380,0.014336029766127467,0.002705322651308961,0.9829586297273636
16381,0.3760636430233717,0.0077021207252983,0.6162342317402363
16382,0.8553151935338974,0.017503291252069175,0.12718152906745672
16383,0.979383572936058,0.00046117016609059647,0.020155243575572968
16384,0.9800232797861099,0.00024235124692495447,0.019734384841285646
16385,0.46689572930336,0.0497862147167325,0.4833180531859398
16386,0.9552366733551025,0.0032037231285357848,0.041559600504115224
16387,0.9807807877659798,0.004917779486277141,0.01430141064338386
16388,0.17775796353816986,0.02640284039080143,0.795839212834835
16389,0.9825206249952316,0.002360373822739348,0.015118999872356653
16390,0.017731281695887446,0.0451380021404475,0.9371307119727135
16391,0.7429931908845901,0.009214006771799177,0.2477927878499031
16392,0.9590287804603577,0.002672094080480747,0.03829912678338587
16393,0.984905943274498,0.004734139365609735,0.010359943378716707
16394,0.9676876217126846,0.005593664012849331,0.02671870682388544
16395,0.9244021624326706,0.004873821890214458,0.07072403165511787
16396,0.9737935289740562,0.012188208638690412,0.014018281188327819
16397,0.9600585922598839,0.0027648113609757274,0.03717657248489559
16398,0.3364715985953808,0.633085023611784,0.030443383497186005
16399,0.11110993102192879,0.007390449201921001,0.8814996182918549
16400,0.9106050729751587,0.08401863789185882,0.005376302724471316
16401,0.9969183951616287,0.0012459758818295086,0.0018356427099206485
16402,0.9779455587267876,0.002200821429141797,0.019853626610711217
16403,0.8029199838638306,0.02170180098619312,0.17537821829319
16404,0.9908513501286507,0.0006144331855466589,0.0085342395468615
16405,0.18169425055384636,0.005909282772336155,0.8123964816331863
16406,0.9548703208565712,0.0020429662545211613,0.04308668989688158
16407,0.0022434142156271264,0.0008709796456969343,0.9968856275081635
16408,0.9786331281065941,0.0006662653777311789,0.020700632128864527
16409,0.913265161216259,0.037841022247448564,0.048893817933276296
16410,0.8346647545695305,0.11129415314644575,0.05404110555537045
16411,0.18201946187764406,0.020783907384611666,0.7971966192126274
16412,0.3229052610695362,0.5554761588573456,0.12161857727915049
16413,0.43887426890432835,0.018313715467229486,0.5428120158612728
16414,0.058379048481583595,0.006399655190762132,0.9352212846279144
16415,0.903177373111248,0.052763803862035275,0.04405885864980519
16416,0.7183481231331825,0.004078533442225307,0.27757335640490055
16417,0.9675358980894089,0.0010059266642201692,0.03145816153846681
16418,0.9208203479647636,0.003549544868292287,0.07563012605533004
16419,0.8281139358878136,0.01487243757583201,0.15701362118124962
16420,0.1580232009291649,0.05202248180285096,0.78995431214571
16421,0.9903069883584976,0.00037301095653674565,0.009319986100308597
16422,0.8943956643342972,0.0023231704035424627,0.10328117664903402
16423,0.7853186503052711,0.0065996428311336786,0.20808171294629574
16424,0.9832957535982132,0.0007995432606549002,0.01590469531947747
16425,0.8718278929591179,0.007091561768902466,0.12108052987605333
16426,0.9808186292648315,0.0014708439848618582,0.017710527521558106
16427,0.9616639465093613,0.004010470715002157,0.03432559338398278
16428,0.9762725010514259,0.0015915201583993621,0.022135982173494995
16429,0.9523917064070702,0.01522226887755096,0.03238600259646773
16430,0.941029392182827,0.03458614251576364,0.02438446052838117
16431,0.18564602173864841,0.0067571271501947194,0.8075968399643898
16432,0.022981255664490163,0.002961648744530976,0.97405706346035
16433,0.9154623225331306,0.002410240500466898,0.08212745515629649
16434,0.6905706115067005,0.016144304303452373,0.29328509233891964
16435,0.014784243889153004,0.01187956056674011,0.9733362197875977
16436,0.6090759746730328,0.022763660992495716,0.3681603651493788
16437,0.7829525023698807,0.005648828693665564,0.2113986648619175
16438,0.987152524292469,0.0013523435554816388,0.01149514043936506
16439,0.004331085714511573,0.0019828653457807377,0.9936860501766205
16440,0.9802392721176147,0.005662231749738567,0.014098498038947582
16441,0.037232677917927504,0.004406296880915761,0.9583610221743584
16442,0.8801403790712357,0.0012008675912511535,0.11865875124931335
16443,0.8921130076050758,0.00602407829137519,0.10186291486024857
16444,0.8865687400102615,0.003365834869327955,0.11006543412804604
16445,0.97208072245121,0.002154860136215575,0.02576440805569291
16446,0.8442244902253151,0.006469580403063446,0.14930592849850655
16447,0.653913177549839,0.048018079716712236,0.29806873947381973
16448,0.4251166619360447,0.004497839632676914,0.5703855119645596
16449,0.9478411972522736,0.002750072831986472,0.049408724531531334
16450,0.8027478381991386,0.002777736692223698,0.1944744372740388
16451,0.9783503785729408,0.0035769124078797176,0.018072715494781733
16452,0.9629319459199905,0.0010399290986242704,0.03602815023623407
16453,0.7626587748527527,0.01632554002571851,0.2210156861692667
16454,0.9306070134043694,0.00432658422505483,0.06506640976294875
16455,0.0012999703249079175,0.00039281267527258024,0.9983072057366371
16456,0.9573107585310936,0.006461346347350627,0.036227883538231254
16457,0.966372586786747,0.008214608649723232,0.02541281282901764
16458,0.981239527463913,0.005620304960757494,0.013140174327418208
16459,0.9473765566945076,0.002437468647258356,0.050185955595225096
16460,0.9106908887624741,0.01998217240907252,0.06932692741975188
16461,0.8309720009565353,0.06150392908602953,0.10752405412495136
16462,0.9894644469022751,0.0011797207553172484,0.009355857560876757
16463,0.9380145445466042,0.008402334002312273,0.05358310742303729
16464,0.9495247676968575,0.003929662081645802,0.04654556419700384
16465,0.9571324661374092,0.0032663353631505743,0.03960118582472205
16466,0.8097721114754677,0.01014036312699318,0.1800875160843134
16467,0.9769143089652061,0.00464620761340484,0.018439497333019972
16468,0.9695078581571579,0.0010510730280657299,0.02944108028896153
16469,0.9864443764090538,0.003601677803089842,0.009953969798516482
16470,0.9859790802001953,0.0022218851299840026,0.011799026804510504
16471,0.7181494012475014,0.020496602752245963,0.26135398261249065
16472,0.9653963968157768,0.018828909494914114,0.01577469741459936
16473,0.6461288072168827,0.038710993714630604,0.3151601795107126
16474,0.891833208501339,0.014927648066077381,0.09323914628475904
16475,0.02194432937540114,0.0055311593459919095,0.9725245013833046
16476,0.9839670658111572,0.0012977982260053977,0.014735136646777391
16477,0.935224674642086,0.01852644089376554,0.04624890652485192
16478,0.8207180872559547,0.013377415190916508,0.16590450145304203
16479,0.9888097792863846,0.0015891850052867085,0.009601040568668395
16480,0.9762414842844009,0.0014505048238788731,0.022308006417006254
16481,0.9866576194763184,0.00014916990403435193,0.013193220482207835
16482,0.31177181005477905,0.008258285757619888,0.679969921708107
16483,0.9706129059195518,0.006865154864499345,0.022521952749229968
16484,0.8312960341572762,0.015301039791665971,0.15340292360633612
16485,0.5522834099829197,0.002399676857749,0.4453169144690037
16486,0.8776887729763985,0.004522655392065644,0.11778858862817287
16487,0.013744370953645557,0.001845825907366816,0.9844098091125488
16488,0.9610055685043335,0.00666909568826668,0.03232535137794912
16489,0.8573317229747772,0.03073918679729104,0.11192910466343164
16490,0.9026632979512215,0.03231378132477403,0.06502291094511747
16491,0.053125209640711546,0.01993856905028224,0.9269362241029739
16492,0.9778357967734337,0.008263950643595308,0.013900250312872231
16493,0.01755552168469876,0.003547102605807595,0.9788973703980446
16494,0.9678533151745796,0.0014508241911244113,0.030695883091539145
16495,0.9838581308722496,0.0005789890019514132,0.015562880435027182
16496,0.002037664940871764,0.0007592445399495773,0.9972030818462372
16497,0.9734634160995483,0.0004820725407626014,0.026054512709379196
16498,0.568145290017128,0.009439962159376591,0.42241473495960236
16499,0.32832090742886066,0.051900674821808934,0.6197784096002579
16500,0.007409064914099872,0.0008349511008418631,0.9917559772729874
16501,0.9962574541568756,0.0002017544047703268,0.0035407981486059725
16502,0.9790407344698906,0.0015072866845002864,0.0194519943324849
16503,0.9843630120158195,0.0007396767468890175,0.014897320535965264
16504,0.9649319499731064,0.00037056475412100554,0.03469747654162347
16505,0.961638830602169,0.003961177048040554,0.0344000062905252
16506,0.13984809163957834,0.007539189740782604,0.8526127263903618
16507,0.9525371268391609,0.012308329794905148,0.035154553363099694
16508,0.9831790924072266,0.0005140168323123362,0.016306904377415776
16509,0.21851213462650776,0.003017756316694431,0.7784701138734818
16510,0.7132989093661308,0.007187159964814782,0.2795139290392399
16511,0.9239471033215523,0.02816784894093871,0.04788505262695253
16512,0.9387327432632446,0.013853472948540002,0.04741377802565694
16513,0.8275545090436935,0.01873394544236362,0.1537115527316928
16514,0.9612097591161728,0.0015794148712302558,0.03721082303673029
16515,0.4104118384420872,0.0538759077899158,0.535712257027626
16516,0.8977294191718102,0.005173516023205593,0.09709705971181393
16517,0.6863733157515526,0.0211576180299744,0.29246907494962215
16518,0.7983493804931641,0.008235893328674138,0.1934147458523512
16519,0.9737613424658775,0.003761340893106535,0.02247732097748667
16520,0.4744012802839279,0.046092242235317826,0.4795064739882946
16521,0.0136633669026196,0.0012399336192174815,0.9850967079401016
16522,0.7950612977147102,0.00862754788249731,0.19631113298237324
16523,0.9728034734725952,0.0020520218677120283,0.025144507875666022
16524,0.6764898970723152,0.006349200411932543,0.31716090627014637
16525,0.9511919245123863,0.002103524311678484,0.04670456377789378
16526,0.9913387596607208,0.0005843339349667076,0.008076904283370823
16527,0.9257524609565735,0.005638028553221375,0.06860952079296112
16528,0.541441548615694,0.09405960328876972,0.36449883691966534
16529,0.8479145839810371,0.0354168105404824,0.11666861083358526
16530,0.7209329605102539,0.0062046411039773375,0.27286237105727196
16531,0.008550962840672582,0.0026286761349183507,0.988820344209671
16532,0.9162400215864182,0.004178456758381799,0.07958153309300542
16533,0.9357258528470993,0.005142828362295404,0.05913130519911647
16534,0.4231858216226101,0.14545246493071318,0.43136170133948326
16535,0.6646586805582047,0.016650435398332775,0.3186908848583698
16536,0.951305940747261,0.009857363591436297,0.038836678955703974
16537,0.9608645960688591,0.005406277719885111,0.033729120157659054
16538,0.9722709804773331,0.0010298401575710159,0.02669917151797563
16539,0.9901116639375687,0.0012402721622493118,0.00864806497702375
16540,0.13288215640932322,0.01106141650234349,0.8560564145445824
16541,0.9516776204109192,0.0035418241313891485,0.04478057101368904
16542,0.01198320765979588,0.004739604628412053,0.9832772091031075
16543,0.9097645133733749,0.0058269906003260985,0.08440849045291543
16544,0.9681285172700882,0.0009833122967393138,0.030888162087649107
16545,0.7952136024832726,0.00583303724124562,0.19895333796739578
16546,0.9463552907109261,0.028336825780570507,0.02530788886360824
16547,0.14253750443458557,0.00900600987370126,0.848456472158432
16548,0.13571743108332157,0.6664544120430946,0.19782816246151924
16549,0.017595708719454706,0.008676993078552186,0.9737272933125496
16550,0.9796385318040848,0.003139538297546096,0.017221923684701324
16551,0.9835994094610214,0.0008916401784517802,0.015508958487771451
16552,0.937706783413887,0.0028624326951103285,0.05943079013377428
16553,0.8161441162228584,0.1283736564218998,0.055482220370322466
16554,0.8905873522162437,0.0013511326760635711,0.10806151293218136
16555,0.021309538395144045,0.002477121728588827,0.9762133285403252
16556,0.0010752005473477766,0.00033543032986926846,0.9985893741250038
16557,0.9958680123090744,0.0007852417038520798,0.0033467321627540514
16558,0.004423578575369902,0.00018047194316750392,0.9953959435224533
16559,0.9655754044651985,0.01597763877362013,0.018446975795086473
16560,0.9374632686376572,0.00880077009787783,0.053735974710434675
16561,0.07237159879878163,0.007651235966477543,0.9199771508574486
16562,0.9507734030485153,0.0010679078404791653,0.04815869405865669
16563,0.8718137592077255,0.08196383691392839,0.04622242087498307
16564,0.9836079776287079,0.0005322023844200885,0.01585981494281441
16565,0.9747807309031487,0.002581127904704772,0.022638152353465557
16566,0.5357057563960552,0.023239489528350532,0.4410547539591789
16567,0.5177025347948074,0.012575969798490405,0.4697215035557747
16568,0.35943433083593845,0.004712587804533541,0.635853074491024
16569,0.9844121038913727,0.0008881902213033754,0.014699678751640022
16570,0.9678536206483841,0.00745864532655105,0.024687696248292923
16571,0.8399451673030853,0.0030874870135448873,0.15696734935045242
16572,0.7664415091276169,0.010894063219893724,0.22266444563865662
16573,0.9748427793383598,0.0005792296869913116,0.024577981792390347
16574,0.967570424079895,0.002299925072293263,0.03012964315712452
16575,0.9823443293571472,0.0007672547453694278,0.016888438491150737
16576,0.9735365584492683,0.0012886794356745668,0.02517473220359534
16577,0.99052844196558,0.0015053368406370282,0.007966237026266754
16578,0.19926273822784424,0.013062797079328448,0.7876744940876961
16579,0.9743871837854385,0.0006676384182355832,0.02494517236482352
16580,0.021356949117034674,0.0020839541539316997,0.9765590727329254
16581,0.6690459214150906,0.006880869768792763,0.32407323084771633
16582,0.8489308133721352,0.0019893029530066997,0.14907991141080856
16583,0.9654984623193741,0.0022840449237264693,0.03221752098761499
16584,0.880315363407135,0.034224969102069736,0.08545965189114213
16585,0.9594825655221939,0.0015815530859981664,0.03893587936181575
16586,0.9658696576952934,0.00047927218474796973,0.03365106787532568
16587,0.8185052499175072,0.1670233691111207,0.01447139447554946
16588,0.9866096004843712,0.0028556417310028337,0.010534782020840794
16589,0.8755704164505005,0.0008748126056161709,0.1235547624528408
16590,0.007247856381582096,0.001149513333075447,0.9916026443243027
16591,0.7105728536844254,0.001774479474988766,0.28765267692506313
16592,0.9755690321326256,0.0004428207430464681,0.023988181841559708
16593,0.9826246276497841,0.0012033466482535005,0.01617202232591808
16594,0.4313290733844042,0.01449068117653951,0.5541802458465099
16595,0.9710368141531944,0.008548329817131162,0.020414858940057456
16596,0.9872661009430885,0.005344951001461595,0.007388953992631286
16597,0.019852416939102113,0.0012883426243206486,0.9788592532277107
16598,0.9548762291669846,0.0025662998959887773,0.042557472595945
16599,0.9904706180095673,0.0010633183774189092,0.008466069819405675
16600,0.9492669329047203,0.0005267805754556321,0.0502062626183033
16601,0.6748079396784306,0.01568388572195545,0.3095081765204668
16602,0.13778502494096756,0.022944817959796637,0.8392701596021652
16603,0.9539160281419754,0.0039535449468530715,0.04213043488562107
16604,0.5805172547698021,0.17978835850954056,0.23969440907239914
16605,0.9594466239213943,0.009252639254555106,0.03130074357613921
16606,0.42502547428011894,0.0171891514910385,0.557785376906395
16607,0.2551472410559654,0.0017767034078133292,0.7430760562419891
16608,0.47657076828181744,0.052942718379199505,0.47048650309443474
16609,0.980830617249012,0.0016178238583961502,0.017551544355228543
16610,0.966835118830204,0.0027761275123339146,0.030388763640075922
16611,0.940018817782402,0.00902030582074076,0.05096087302081287
16612,0.9902219176292419,0.0018512277965783142,0.00792684793123044
16613,0.17520786728709936,0.004536503867711872,0.8202556222677231
16614,0.9840013682842255,0.0032282049069181085,0.012770402419846505
16615,0.9760890156030655,0.002464362893078942,0.02144663833314553
16616,0.8752491772174835,0.024091220169793814,0.10065957996994257
16617,0.6854031980037689,0.013015474891290069,0.3015813324600458
16618,0.9138810038566589,0.014728837297298014,0.07139017898589373
16619,0.9787887558341026,0.006562846159795299,0.014648414216935635
16620,0.9654183834791183,0.0011857825156766921,0.03339581610634923
16621,0.898158110678196,0.005498252576217055,0.09634362533688545
16622,0.958195872604847,0.004917491256492212,0.036886648973450065
16623,0.8099179640412331,0.018038778100162745,0.17204326391220093
16624,0.7442389205098152,0.011403727112337947,0.24435735121369362
16625,0.05947243585251272,0.012895267049316317,0.9276322945952415
16626,0.019181811599992216,0.0028934644360560924,0.9779247418045998
16627,0.011140963877551258,0.000943547478527762,0.9879154860973358
16628,0.09954693540930748,0.01231489350902848,0.8881381750106812
16629,0.9193041622638702,0.001020234398311004,0.07967561483383179
16630,0.8860029801726341,0.07854302693158388,0.0354539817199111
16631,0.012417717836797237,0.033985912217758596,0.9535963833332062
16632,0.9184704571962357,0.00711501861223951,0.07441451959311962
16633,0.9135984629392624,0.010756908566690981,0.07564462255686522
16634,0.9619726464152336,0.0040640135848661885,0.0339633421972394
16635,0.9086615592241287,0.0026030951412394643,0.08873533364385366
16636,0.9892239943146706,0.0006895818114571739,0.010086432273965329
16637,0.01931112550664693,0.008889935095794499,0.9717989414930344
16638,0.6220209896564484,0.019527485768776387,0.358451534062624
16639,0.9852887690067291,0.001014203535305569,0.013697026297450066
16640,0.03934859554283321,0.0014471323302132078,0.9592042714357376
16641,0.8793175294995308,0.046738938079215586,0.0739435013383627
16642,0.9392031356692314,0.005292343819746748,0.05550452973693609
16643,0.66645597666502,0.003335795772727579,0.33020821399986744
16644,0.30322408862411976,0.0057998391857836396,0.6909760683774948
16645,0.9839986637234688,0.002292621138622053,0.013708726735785604
16646,0.8410266116261482,0.03277156862895936,0.12620180007070303
16647,0.9612326472997665,0.001179292201413773,0.03758805803954601
16648,0.9558552578091621,0.0031048051750985906,0.04103993740864098
16649,0.9563819468021393,0.0021945639309706166,0.0414234884083271
16650,0.9887913689017296,0.002777637040708214,0.008430982707068324
16651,0.9803603067994118,0.004299808089854196,0.01533988059964031
16652,0.8010315299034119,0.019651198759675026,0.17931728437542915
16653,0.030518354615196586,0.0024760159649304114,0.9670056253671646
16654,0.9698687717318535,0.001073958872439107,0.029057255946099758
16655,0.9725842624902725,0.007798893639119342,0.01961685123387724
16656,0.925447404384613,0.010203829675447196,0.06434876215644181
16657,0.8519008457660675,0.004734635382192209,0.14336453285068274
16658,0.8455321341753006,0.048529259860515594,0.10593860037624836
16659,0.9761754870414734,0.008290875877719373,0.015533635043539107
16660,0.9197968393564224,0.05745063931681216,0.022752535762265325
16661,0.28077481873333454,0.28865176998078823,0.43057340383529663
16662,0.8908394649624825,0.004802300740266219,0.10435822512954473
16663,0.9874353632330894,0.0032987534068524837,0.009265871136449277
16664,0.023654994321987033,0.0017556178790982813,0.9745893850922585
16665,0.014829671243205667,0.050971779972314835,0.9341985359787941
16666,0.8078845962882042,0.1657496141269803,0.026365795638412237
16667,0.9612684473395348,0.003175545673002489,0.03555599576793611
16668,0.8266531825065613,0.022480233572423458,0.15086659789085388
16669,0.9732214957475662,0.00043594329872576054,0.026342565077356994
16670,0.6814736723899841,0.09034531656652689,0.22818098962306976
16671,0.44113917276263237,0.353070629760623,0.2057901918888092
16672,0.9401093050837517,0.006515604356536642,0.05337508022785187
16673,0.9620841965079308,0.010919671854935586,0.026996137923561037
16674,0.9670755192637444,0.0007402543851640075,0.03218423516955227
16675,0.7531206905841827,0.014332487247884274,0.23254681937396526
16676,0.05755333276465535,0.008903528505470604,0.9335431307554245
16677,0.7480152882635593,0.10246818605810404,0.14951653964817524
16678,0.07890910282731056,0.0036820107052335516,0.917408898472786
16679,0.8861552327871323,0.0015738924994366243,0.1122708860784769
16680,0.0029711753159062937,0.0007929424064059276,0.9962358772754669
16681,0.7855065986514091,0.004834360064705834,0.2096590604633093
16682,0.9565101489424706,0.011062337434850633,0.032427505822852254
16683,0.689343772828579,0.014723998378030956,0.29593222960829735
16684,0.039102117996662855,0.00479275340330787,0.9561051353812218
16685,0.9472007602453232,0.0026518202939769253,0.05014742212370038
16686,0.9754070565104485,0.006434252893086523,0.018158695427700877
16687,0.9630135744810104,0.0027346473070792854,0.03425177885219455
16688,0.9765899553894997,0.010548391379415989,0.012861639843322337
16689,0.6184819750487804,0.013724161894060671,0.3677938748151064
16690,0.7335822060704231,0.0023023788889986463,0.2641154117882252
16691,0.8293620571494102,0.00248281798849348,0.16815511975437403
16692,0.9700688272714615,0.0022409866942325607,0.027690193383023143
16693,0.9876421689987183,0.0023246199198183604,0.010033214173745364
16694,0.7296045497059822,0.13308031018823385,0.13731516152620316
16695,0.23739725165069103,0.008217438065912575,0.7543853148818016
16696,0.9721224680542946,0.0049508519587107,0.022926692035980523
16697,0.9725257083773613,0.0006067471040296368,0.02686753123998642
16698,0.6993706785142422,0.20512779895216227,0.09550150437280536
16699,0.9926284179091454,0.0006964491258258931,0.006675150885712355
16700,0.4757722541689873,0.0009140019901678897,0.5233137533068657
16701,0.9729066714644432,0.0021616221638396382,0.024931698106229305
16702,0.03580072894692421,0.0792418085038662,0.8849574699997902
16703,0.9413683041930199,0.00832336867460981,0.05030833464115858
16704,0.9619357958436012,0.010635374521370977,0.027428829576820135
16705,0.9939081445336342,0.001104412773202057,0.004987426538718864
16706,0.9499981254339218,0.0014003758697072044,0.0486015104688704
16707,0.9908526167273521,0.0003627156929724151,0.00878465746063739
16708,0.3779163733124733,0.027635229693260044,0.5944483876228333
16709,0.0753772440366447,0.010857214394491166,0.9137655273079872
16710,0.9862961992621422,0.0006224103053682484,0.013081395823974162
16711,0.9014672040939331,0.005144124501384795,0.0933886868879199
16712,0.5492228791117668,0.007970598933752626,0.44280653074383736
16713,0.9936493560671806,0.0019178183283656836,0.004432802030351013
16714,0.023304919828660786,0.0026560425176285207,0.9740390554070473
16715,0.3605358209460974,0.004615400335751474,0.6348487846553326
16716,0.9510404765605927,0.005437821091618389,0.043521702755242586
16717,0.7818029671907425,0.021082232473418117,0.19711478892713785
16718,0.47212377563118935,0.01144535030471161,0.5164308622479439
16719,0.9579599127173424,0.00774117058608681,0.03429891006089747
16720,0.0026242558524245396,0.0008637918836029712,0.9965119361877441
16721,0.014780185534618795,0.0019475540830171667,0.9832722544670105
16722,0.0038782176561653614,0.0003010704804182751,0.9958206862211227
16723,0.9774127751588821,0.002165539684938267,0.020421694149263203
16724,0.4818393997848034,0.0037810121721122414,0.5143795870244503
16725,0.628990963101387,0.013396105583524331,0.3576129451394081
16726,0.001684073416981846,0.0003679312922031386,0.9979479983448982
16727,0.9623737186193466,0.01455176924355328,0.023074490018188953
16728,0.9648612812161446,0.009976806759368628,0.025161914993077517
16729,0.9530540034174919,0.005406042095273733,0.04153996589593589
16730,0.9098277688026428,0.00963750301161781,0.08053472684696317
16731,0.8827415183186531,0.02490916568785906,0.09234932949766517
16732,0.9286515265703201,0.0066657324496190995,0.06468273093923926
16733,0.45869920775294304,0.03932171908672899,0.5019790902733803
16734,0.9145307689905167,0.007108314865035936,0.07836087746545672
16735,0.9511754959821701,0.0027453864604467526,0.046079119900241494
16736,0.002588681789347902,0.008135452400892973,0.9892758652567863
16737,0.03253944730386138,0.002833667444065213,0.9646269008517265
16738,0.9260532185435295,0.005358288646675646,0.068588484544307
16739,0.05009561567567289,0.09426751779392362,0.8556368574500084
16740,0.004269192839274183,0.000761271014198428,0.994969516992569
16741,0.010192040062975138,0.002858520281733945,0.9869494438171387
16742,0.7478059455752373,0.07104051008354872,0.1811535470187664
16743,0.20436732564121485,0.00949629774549976,0.7861363664269447
16744,0.9767357110977173,0.0018857532340916805,0.02137853519525379
16745,0.8330010399222374,0.005226257926551625,0.1617727056145668
16746,0.9881798177957535,0.0031183040991891176,0.008701891638338566
16747,0.30301504768431187,0.03897276800125837,0.6580121889710426
16748,0.9743415340781212,0.004185853846138343,0.021472618100233376
16749,0.9683300107717514,0.002607643633382395,0.029062349814921618
16750,0.9873519465327263,0.0001563020405228599,0.012491748435422778
16751,0.0235718545736745,0.0015309447553590871,0.9748972058296204
16752,0.9193667247891426,0.009501476655714214,0.07113180495798588
16753,0.9137849658727646,0.0030293855525087565,0.08318565180525184
16754,0.018553882488049567,0.007443423644872382,0.9740026816725731
16755,0.9158035069704056,0.0053716429392807186,0.07882485445588827
16756,0.8202254623174667,0.10744203254580498,0.07233250280842185
16757,0.9888218939304352,0.0006989598623476923,0.010479136457433924
16758,0.9071202799677849,0.011094674235209823,0.08178502973169088
16759,0.981907345354557,0.0036793672043131664,0.014413288736250252
16760,0.9349961429834366,0.0026057961804326624,0.06239804485812783
16761,0.9553551822900772,0.0013765025796601549,0.04326832061633468
16762,0.9195953086018562,0.005590790417045355,0.07481387909501791
16763,0.653164129704237,0.1177008687518537,0.22913500852882862
16764,0.9214311316609383,0.0026773929566843435,0.07589147193357348
16765,0.6795618794858456,0.10110063338652253,0.21933749690651894
16766,0.9764087796211243,0.0012917170897708274,0.022299522534012794
16767,0.49731555208563805,0.07094764895737171,0.4317368194460869
16768,0.6082394942641258,0.03454708820208907,0.35721343010663986
16769,0.00394028342270758,0.000697584397130413,0.9953621104359627
16770,0.9246653243899345,0.004650063237932045,0.07068460853770375
16771,0.0011878652003360912,0.000254807733654161,0.9985573068261147
16772,0.2346449177712202,0.01477851066738367,0.7505765780806541
16773,0.9327981173992157,0.0030535825644619763,0.06414830172434449
16774,0.8565558195114136,0.0012151322735007852,0.14222905319184065
16775,0.5751061253249645,0.023882098612375557,0.40101177617907524
16776,0.968814991414547,0.003388798941159621,0.02779619605280459
16777,0.9863200038671494,0.005007196887163445,0.008672808238770813
16778,0.948629230260849,0.005146956566022709,0.0462238141335547
16779,0.9668264612555504,0.01061425288207829,0.022559284581802785
16780,0.9838396683335304,0.0018049524078378454,0.014355382532812655
16781,0.3580618351697922,0.004015186219476163,0.6379229798913002
16782,0.9466707184910774,0.01127104798797518,0.04205823224037886
16783,0.9715228453278542,0.0007735256695013959,0.02770364098250866
16784,0.9117012321949005,0.002412798952718731,0.0858859783038497
16785,0.0121501226676628,0.01923890708712861,0.9686109572649002
16786,0.04343277867883444,0.005781149084214121,0.9507860764861107
16787,0.9611928835511208,0.0036642832856159657,0.03514283965341747
16788,0.986912451684475,0.0018342470866627991,0.011253330041654408
16789,0.7211877331137657,0.0028004051418974996,0.27601185627281666
16790,0.9442019239068031,0.012407968752086163,0.043390095699578524
16791,0.8976125344634056,0.005538468103623018,0.0968490089289844
16792,0.9773672819137573,0.0018520872181397863,0.020780638908036053
16793,0.9419771060347557,0.0040643688989803195,0.053958513773977757
16794,0.8871302604675293,0.0061490380903705955,0.10672069434076548
16795,0.07278444478288293,0.020706005685497075,0.9065095484256744
16796,0.13987358566373587,0.008288600743981078,0.8518378287553787
16797,0.059717569034546614,0.008601055480539799,0.931681364774704
16798,0.8713458925485611,0.07814142713323236,0.050512686371803284
16799,0.2863529808819294,0.05502825987059623,0.6586187556385994
16800,0.43870220705866814,0.006225476099643856,0.5550723187625408
16801,0.8632199317216873,0.01489189628046006,0.12188819423317909
16802,0.9804676696658134,0.0002851446342901909,0.01924719417002052
16803,0.9065938144922256,0.04658922064118087,0.046816983027383685
16804,0.9706732034683228,0.0011066996448789723,0.028220111737027764
16805,0.4055692330002785,0.005261348851490766,0.5891694128513336
16806,0.9917609244585037,0.003491266121272929,0.004747789294924587
16807,0.8716097623109818,0.012337070016656071,0.11605319287627935
16808,0.932647168636322,0.005064296012278646,0.062288562301546335
16809,0.9598356634378433,0.010655136924469844,0.029509215848520398
16810,0.9574323445558548,0.0006096405886637513,0.04195799492299557
16811,0.24617355037480593,0.0019630631431937218,0.7518633902072906
16812,0.769793439656496,0.20093669462949038,0.029269850812852383
16813,0.9490957707166672,0.0068984912359155715,0.04400572716258466
16814,0.10769052989780903,0.006700304540572688,0.8856091573834419
16815,0.9811981990933418,0.002203813477535732,0.01659796538297087
16816,0.8724957183003426,0.005800148122943938,0.12170412112027407
16817,0.5807486101984978,0.26698596589267254,0.15226542577147484
16818,0.46512439474463463,0.057130600325763226,0.47774501144886017
16819,0.9800982400774956,0.0004857680687564425,0.019416024792008102
16820,0.9596443250775337,0.023280558991245925,0.017075127107091248
16821,0.9682057946920395,0.0018555334536358714,0.029938634717836976
16822,0.519675325602293,0.01162897702306509,0.4686957038938999
16823,0.9776599779725075,0.0005012814744986827,0.021838723216205835
16824,0.4160784538835287,0.10947731602936983,0.4744442254304886
16825,0.05613036826252937,0.035927538003306836,0.907942108809948
16826,0.651694156229496,0.032875035307370126,0.31543080508708954
16827,0.9028491750359535,0.023099627811461687,0.07405116967856884
16828,0.6209384053945541,0.04024782218039036,0.3388137686997652
16829,0.9894904121756554,0.00047679291310487315,0.010032789432443678
16830,0.8865061476826668,0.0056793799449224025,0.10781446192413568
16831,0.018449011142365634,0.0027812468906631693,0.9787697494029999
16832,0.9294022396206856,0.0050787817453965545,0.06551899155601859
16833,0.9750940278172493,0.0012443465238902718,0.023661617073230445
16834,0.8668060004711151,0.009109901933697984,0.12408409593626857
16835,0.9817448556423187,0.002485660632373765,0.015769511053804308
16836,0.629633542150259,0.00569350435398519,0.3646729439496994
16837,0.2391087794676423,0.02481905068270862,0.7360721752047539
16838,0.9528334438800812,0.0011008117071469314,0.046065740287303925
16839,0.9549027383327484,0.011545826389919966,0.03355142334476113
16840,0.30862992256879807,0.018252691719681025,0.6731173694133759
16841,0.3172820657491684,0.015536439488641918,0.6671814881265163
16842,0.9632498174905777,0.004226484365062788,0.03252370445989072
16843,0.8966022506356239,0.01053034295910038,0.09286740561947227
16844,0.9665293097496033,0.014175709569826722,0.019294967059977353
16845,0.8233904093503952,0.07020343886688352,0.10640615620650351
16846,0.9819793775677681,0.005222815816523507,0.01279780501499772
16847,0.684178676456213,0.10910780914127827,0.2067135078832507
16848,0.8911536559462547,0.01724202581681311,0.09160431800410151
16849,0.7265159338712692,0.014646696276031435,0.25883737206459045
16850,0.9483381807804108,0.0007793746899551479,0.05088245449587703
16851,0.8975207060575485,0.004102212056750432,0.09837708529084921
16852,0.9796390235424042,0.00140976402326487,0.018951214849948883
16853,0.9661258235573769,0.0038362473133020103,0.03003793116658926
16854,0.937780536711216,0.01092913479078561,0.0512903081253171
16855,0.9395349845290184,0.006999388569965959,0.05346564995124936
16856,0.8502777889370918,0.05731447727885097,0.09240773599594831
16857,0.8579434007406235,0.007473167963325977,0.13458343129605055
16858,0.11948629468679428,0.006095895107137039,0.8744177967309952
16859,0.0025041626067832112,0.0005982597249385435,0.9968975782394409
16860,0.846537746489048,0.03607509075663984,0.11738716252148151
16861,0.005389776022639126,0.00041256885924667586,0.9941976293921471
16862,0.9871521964669228,0.0005089495789434295,0.012338855362031609
16863,0.006671538722002879,0.005714361643185839,0.9876141175627708
16864,0.9890250116586685,0.0016507389955222607,0.009324253594968468
16865,0.980789989233017,0.0037327483878470957,0.015477262204512954
16866,0.9568471908569336,0.03131700761150569,0.011835792101919651
16867,0.8584777861833572,0.025484285550192,0.11603793036192656
16868,0.8542950376868248,0.00047064017053344287,0.14523432916030288
16869,0.6718030422925949,0.025974249001592398,0.302222715690732
16870,0.7943420931696892,0.006070550996810198,0.1995873637497425
16871,0.989395759999752,0.00020391334055602783,0.010400304920040071
16872,0.953658364713192,0.001685920578893274,0.04465571488253772
16873,0.8790953755378723,0.0045172597747296095,0.11638733930885792
16874,0.04007415659725666,0.004002128218417056,0.9559237360954285
16875,0.9489125832915306,0.002967843785881996,0.04811957385390997
16876,0.970435693860054,0.01429948047734797,0.015264828689396381
16877,0.6358477212488651,0.05779918096959591,0.3063531070947647
16878,0.012710573675576597,0.0005732739191444125,0.9867161586880684
16879,0.9686924070119858,0.002559114291216247,0.028748474083840847
16880,0.7937544733285904,0.0008475399918097537,0.20539797469973564
16881,0.01260689552873373,0.0018534156770328991,0.9855396896600723
16882,0.30238428339362144,0.00388175155967474,0.6937339566648006
16883,0.926153652369976,0.025683279731310904,0.048163056606426835
16884,0.9737237617373466,0.0022375639382516965,0.024038649629801512
16885,0.8496563360095024,0.004757154994877055,0.14558650832623243
16886,0.9598702266812325,0.024758513551205397,0.015371261397376657
16887,0.38236455619335175,0.006240973132662475,0.611394464969635
16888,0.017654099268838763,0.0013733209489146248,0.9809725508093834
16889,0.9496038183569908,0.0014494141360046342,0.04894675896503031
16890,0.8249800577759743,0.13122032582759857,0.043799623381346464
16891,0.9896474853157997,0.0016518426564289257,0.0087006448302418
16892,0.002664871179149486,0.00020643910829676315,0.9971286877989769
16893,0.9761762619018555,0.0036213646963005885,0.020202385145239532
16894,0.8939574882388115,0.00550445617409423,0.10053808940574527
16895,0.6669386141002178,0.008964194857981056,0.3240971714258194
16896,0.6074971295893192,0.043258201563730836,0.34924465604126453
16897,0.039160576183348894,0.0013209035751060583,0.9595185369253159
16898,0.9053069278597832,0.016964128124527633,0.07772894436493516
16899,0.979551874101162,0.009358725932543166,0.011089383158832788
16900,0.9589766412973404,0.0013282650033943355,0.03969510248862207
16901,0.9829103127121925,0.0007222593758342555,0.016367430274840444
16902,0.9826542660593987,0.0019346439221408218,0.0154110825387761
16903,0.8765765801072121,0.007131117163226008,0.1162923127412796
16904,0.9161582440137863,0.0016915199521463364,0.08215023623779416
16905,0.9610843062400818,0.0025861246249405667,0.036329566268250346
16906,0.6368664428591728,0.026410440274048597,0.3367230948060751
16907,0.009170734439976513,0.00197214369836729,0.9888571500778198
16908,0.309824226424098,0.011458181426860392,0.6787175759673119
16909,0.9160586521029472,0.022510639391839504,0.06143069639801979
16910,0.788832537829876,0.015325369080528617,0.19584208726882935
16911,0.9907008931040764,0.0005765982677985448,0.008722503145691007
16912,0.9461218044161797,0.0008141803191392682,0.05306399613618851
16913,0.9352191314101219,0.013540919404476881,0.05123994592577219
16914,0.956827774643898,0.013583099411334842,0.029589119367301464
16915,0.9583953395485878,0.0007679007176193409,0.04083675635047257
16916,0.09304676158353686,0.019287064962554723,0.8876661583781242
16917,0.27426954731345177,0.0011220958695048466,0.7246083542704582
16918,0.6982480809092522,0.08777346927672625,0.21397841069847345
16919,0.7382885068655014,0.015631357789970934,0.24608014523983002
16920,0.044485219405032694,0.00691951293265447,0.9485952705144882
16921,0.6874600201845169,0.03723782463930547,0.2753021642565727
16922,0.9863911867141724,0.0012333527738519479,0.012375473335850984
16923,0.9716243222355843,0.0009790452240849845,0.02739664795808494
16924,0.9876996278762817,0.0008929634241212625,0.011407397803850472
16925,0.04215304437093437,0.0021144225320313126,0.9557325318455696
16926,0.9695031270384789,0.004625142602890264,0.025871699210256338
16927,0.9499426707625389,0.0024266476539196447,0.0476306804921478
16928,0.001262503195903264,0.0032312008988810703,0.9955063164234161
16929,0.9498381540179253,0.032643099781125784,0.017518757842481136
16930,0.9262920320034027,0.04434322309680283,0.02936474548187107
16931,0.566528681665659,0.0028926246595801786,0.43057869002223015
16932,0.9365002363920212,0.0024962051393231377,0.061003563925623894
16933,0.925195537507534,0.016458596335723996,0.05834585800766945
16934,0.9774851724505424,0.009968941332772374,0.012545889476314187
16935,0.8622825220227242,0.11964181251823902,0.018075670930556953
16936,0.9847440049052238,0.0012213589361635968,0.014034637715667486
16937,0.4234444797039032,0.013947389496024698,0.5626081265509129
16938,0.9197545424103737,0.028130691964179277,0.05211475747637451
16939,0.025694846641272306,0.002020645566517487,0.9722844958305359
16940,0.42436032369732857,0.004732992121716961,0.5709066763520241
16941,0.897782452404499,0.021037619619164616,0.08117994153872132
16942,0.7633093595504761,0.07515575969591737,0.1615348756313324
16943,0.9704294428229332,0.015356885269284248,0.014213658287189901
16944,0.6313333511352539,0.015321598504669964,0.3533450420945883
16945,0.8960923030972481,0.0032993216009344906,0.10060835396870971
16946,0.9316120520234108,0.005811329785501584,0.06257661990821362
16947,0.9526340514421463,0.01677723621833138,0.03058872395195067
16948,0.06651619169861078,0.015837584563996643,0.9176462143659592
16949,0.8488391414284706,0.003065543729462661,0.14809531532227993
16950,0.9217750579118729,0.00364435939991381,0.0745806023478508
16951,0.2279563583433628,0.08510418562218547,0.6869394481182098
16952,0.4153710827231407,0.0033162409672513604,0.5813126638531685
16953,0.9790754541754723,0.0008419078949373215,0.02008264500182122
16954,0.19486868102103472,0.02491738589014858,0.780213937163353
16955,0.9541972130537033,0.0024705093528609723,0.043332263361662626
16956,0.5494889952242374,0.2954429741948843,0.15506804641336203
16957,0.8355176001787186,0.0013871993651264347,0.16309520788490772
16958,0.9789671823382378,0.0027075701218564063,0.018325250362977386
16959,0.9333014711737633,0.002342499006772414,0.06435602018609643
16960,0.9816137254238129,0.0005600420372502413,0.01782621582970023
16961,0.23949791677296162,0.009462445683311671,0.7510396540164948
16962,0.969869889318943,0.010418447549454868,0.019711646484211087
16963,0.8714678063988686,0.00838182945153676,0.12015035655349493
16964,0.9823329746723175,0.000462270998468739,0.017204743344336748
16965,0.5278349258005619,0.16324639413505793,0.3089186903089285
16966,0.231090584769845,0.013197584892623127,0.7557118348777294
16967,0.9633822441101074,0.0050523445243015885,0.03156541916541755
16968,0.9328631162643433,0.00729348385357298,0.05984338512644172
16969,0.8168498501181602,0.0015379309479612857,0.18161220662295818
16970,0.9245931655168533,0.002807262702845037,0.07259957445785403
16971,0.46132249012589455,0.07957766624167562,0.45909981802105904
16972,0.8940774351358414,0.005305146798491478,0.10061740782111883
16973,0.9891137108206749,0.0008736919589864556,0.01001262164209038
16974,0.2598405312746763,0.012586423894390464,0.7275730520486832
16975,0.41139346174895763,0.0043683675467036664,0.5842381715774536
16976,0.9857409298419952,0.0016561966767767444,0.0126028498634696
16977,0.8527645692229271,0.040347012341953814,0.10688840970396996
16978,0.5813551768660545,0.19508392550051212,0.22356089670211077
16979,0.9701297506690025,0.012646527611650527,0.017223707400262356
16980,0.9652508720755577,0.005097553075756878,0.029651567107066512
16981,0.7912361770868301,0.05219503212720156,0.15656880009919405
16982,0.8005785495042801,0.002504980337107554,0.19691646751016378
16983,0.9149245023727417,0.004856301791733131,0.08021922688931227
16984,0.3352026641368866,0.001876812988484744,0.6629205122590065
16985,0.3067462854087353,0.20461550913751125,0.4886382222175598
16986,0.9563657864928246,0.0026394973829155788,0.04099471354857087
16987,0.8799798041582108,0.00395793239295017,0.11606226023286581
16988,0.5615301728248596,0.017734532098984346,0.42073529958724976
16989,0.2525319419801235,0.005449497839435935,0.7420185580849648
16990,0.9318387135863304,0.005616384441964328,0.06254488974809647
16991,0.9873821139335632,0.00024104732165142195,0.012376837432384491
16992,0.01781468337867409,0.00439407306839712,0.9777912497520447
16993,0.9665151238441467,0.002510727965272963,0.03097413992509246
16994,0.8917353674769402,0.06778275081887841,0.040481866570189595
16995,0.9374772310256958,0.022955526947043836,0.03956724237650633
16996,0.9342422112822533,0.0021674223244190216,0.06359037617221475
16997,0.9696239307522774,0.0018963876573252492,0.02847968798596412
16998,0.0010256167879560962,0.00014044385534361936,0.998833917081356
16999,0.3203010242432356,0.02143459429498762,0.658264372497797
17000,0.9382409825921059,0.0034111696731997654,0.058347858022898436
17001,0.002199063732405193,0.0005585228263953468,0.9972424432635307
17002,0.9506232813000679,0.003560539393220097,0.04581619915552437
17003,0.9637745246291161,0.003121878777164966,0.033103606197983027
17004,0.40800491720438004,0.004208324331557378,0.5877867676317692
17005,0.44089702889323235,0.015399435709696263,0.5437035486102104
17006,0.19848980382084846,0.01045675465138629,0.7910534292459488
17007,0.7334970459342003,0.015684664133004844,0.2508182618767023
17008,0.0037510520487558097,0.0006146472369437106,0.9956343024969101
17009,0.3128251377493143,0.003969435201724991,0.6832054182887077
17010,0.8983067646622658,0.04176985798403621,0.05992337758652866
17011,0.9548590555787086,0.001432080905942712,0.04370885039679706
17012,0.006827450793934986,0.001087159980670549,0.9920854046940804
17013,0.5924652256071568,0.08171122381463647,0.325823538005352
17014,0.4764239303767681,0.012279414804652333,0.5112966671586037
17015,0.027377883903682232,0.026175612583756447,0.946446530520916
17016,0.9878820404410362,0.0007137035245250445,0.011404240678530186
17017,0.5809067413210869,0.0025089955161092803,0.4165842644870281
17018,0.9810847565531731,0.0071341003640554845,0.011781124514527619
17019,0.1767761306837201,0.0867917756550014,0.7364320904016495
17020,0.961337074637413,0.002427663959679194,0.03623525775037706
17021,0.995694063603878,0.002466058220306877,0.001839870834373869
17022,0.22553126886487007,0.0008728938919375651,0.7735958471894264
17023,0.9580577313899994,0.0025803774915402755,0.03936188528314233
17024,0.831195741891861,0.0026481079985387623,0.16615615412592888
17025,0.9074734151363373,0.004330585157731548,0.08819600474089384
17026,0.4459986798465252,0.008027331728953868,0.5459740050137043
17027,0.024390253238379955,0.002379539277171716,0.973230205476284
17028,0.9882197827100754,0.0013488327094819397,0.010431389033328742
17029,0.8084914013743401,0.01505318027921021,0.17645541206002235
17030,0.03134788107126951,0.0014839820432825945,0.9671681374311447
17031,0.9858114421367645,0.0004016865132143721,0.013786881347186863
17032,0.95964664965868,0.000643603147182148,0.03970972402021289
17033,0.03309293929487467,0.003419289496378042,0.9634877815842628
17034,0.05501632625237107,0.006175737187732011,0.9388079196214676
17035,0.948821946978569,0.0032589653128525242,0.04791908012703061
17036,0.9604312926530838,0.0006522886833408847,0.03891642275266349
17037,0.8920542821288109,0.0031674126512371004,0.10477830050513148
17038,0.23729170579463243,0.023977705859579146,0.7387305945158005
17039,0.1051164548844099,0.0013114922257955186,0.8935720548033714
17040,0.9866196885704994,0.00035367185228096787,0.013026629341766238
17041,0.9524199068546295,0.0033346212439937517,0.04424548242241144
17042,0.8539367020130157,0.008543435542378575,0.13751985412091017
17043,0.9548260048031807,0.0006029464602761436,0.04457105044275522
17044,0.09377416968345642,0.00959293608320877,0.8966328725218773
17045,0.3992763012647629,0.0328349283663556,0.5678887628018856
17046,0.497389018535614,0.011019892815966159,0.49159108474850655
17047,0.5317508913576603,0.017668150598183274,0.4505809620022774
17048,0.7453809306025505,0.0017173841333715245,0.25290170311927795
17049,0.012743942730594426,0.010801022173836827,0.9764550402760506
17050,0.015937319491058588,0.004156691822572611,0.979905977845192
17051,0.37979260087013245,0.01562301826197654,0.6045843586325645
17052,0.7681576833128929,0.034329520072788,0.19751277472823858
17053,0.8536493629217148,0.002735672242124565,0.1436149626970291
17054,0.9422674849629402,0.03830900019966066,0.019423510413616896
17055,0.6174737066030502,0.004183766606729478,0.37834254279732704
17056,0.9563513919711113,0.0031376966362586245,0.04051090660504997
17057,0.004560358509479556,0.0007404115676763467,0.9946992322802544
17058,0.040028337272815406,0.011484358488814905,0.9484872967004776
17059,0.9751620814204216,0.0014118566941760946,0.02342605101875961
17060,0.33820782229304314,0.009545615350361913,0.6522465571761131
17061,0.46836360171437263,0.05785398278385401,0.47378242015838623
17062,0.7003192156553268,0.021643220796249807,0.2780375611037016
17063,0.062444666400551796,0.013310029287822545,0.9242453277111053
17064,0.8781661242246628,0.06022095261141658,0.06161290919408202
17065,0.9479761272668839,0.012652193254325539,0.039371640188619494
17066,0.9822215810418129,0.005715541657991707,0.012062869849614799
17067,0.05547269340604544,0.0023045341804390773,0.9422227665781975
17068,0.7953302562236786,0.02464956312905997,0.18002019356936216
17069,0.9718964025378227,0.0030483698792522773,0.025055230944417417
17070,0.8667921796441078,0.027262557530775666,0.10594528215005994
17071,0.0246613253839314,0.010517069837078452,0.9648215919733047
17072,0.9159141257405281,0.05255844641942531,0.03152742679230869
17073,0.9165744781494141,0.005227415560511872,0.07819809811189771
17074,0.5992771536111832,0.002135354749043472,0.3985874839127064
17075,0.14107185043394566,0.009705762669909745,0.8492223992943764
17076,0.007695750100538135,0.001113341459131334,0.9911909103393555
17077,0.18638425413519144,0.020423660054802895,0.7931920886039734
17078,0.9892069399356842,0.0006311096458375687,0.010161921905819327
17079,0.8846435472369194,0.004592067562043667,0.1107643824070692
17080,0.7971147522330284,0.007808350201230496,0.1950769117102027
17081,0.7870668917894363,0.004735009861178696,0.20819810777902603
17082,0.8854005858302116,0.02194649330340326,0.09265292389318347
17083,0.8851640075445175,0.01483185833785683,0.10000413656234741
17084,0.6055494397878647,0.002936434008006472,0.39151411317288876
17085,0.8482550382614136,0.006125522049842402,0.14561945386230946
17086,0.00453226815443486,0.0011918711170437746,0.9942758604884148
17087,0.6723856516182423,0.007742197427432984,0.31987212412059307
17088,0.7898192852735519,0.01909072487615049,0.19108997657895088
17089,0.3885464631021023,0.004250634548952803,0.6072029024362564
17090,0.028429151978343725,0.0014899401139700785,0.9700809121131897
17091,0.09123370470479131,0.005715552775654942,0.9030507579445839
17092,0.9863340705633163,0.00024058290455286624,0.013425323646515608
17093,0.45000047236680984,0.07514789700508118,0.4748516157269478
17094,0.026229856768622994,0.0032881659499253146,0.9704819768667221
17095,0.9197679311037064,0.05112010287120938,0.0291119699832052
17096,0.8934259042143822,0.028955282759852707,0.07761881966143847
17097,0.4473632238805294,0.007229572569485754,0.5454072058200836
17098,0.01904824550729245,0.004289873206289485,0.9766619056463242
17099,0.978440523147583,0.0014141230676614214,0.020145348040387034
17100,0.7184399217367172,0.04557212721556425,0.2359879668802023
17101,0.5724101290106773,0.00742732422077097,0.42016252875328064
17102,0.8020013272762299,0.056537487311288714,0.14146119449287653
17103,0.9851504191756248,0.004909944662358612,0.009939646115526557
17104,0.07389374822378159,0.009076439338969067,0.9170297980308533
17105,0.03500297269783914,0.004189735846011899,0.9608073011040688
17106,0.1095916647464037,0.0755467670969665,0.814861573278904
17107,0.9662342816591263,0.00036121767789154546,0.03340449836105108
17108,0.6635550819337368,0.006565675401361659,0.329879242926836
17109,0.0035879923671018332,0.0008649364499433432,0.9955470785498619
17110,0.9924483299255371,0.0006291870013228618,0.006922478962223977
17111,0.5520515665411949,0.410700049251318,0.03724838490597904
17112,0.932460144162178,0.03194459481164813,0.035595273366197944
17113,0.8761050924658775,0.014097712526563555,0.1097972015850246
17114,0.506805069744587,0.004642205836717039,0.4885527156293392
17115,0.7488123700022697,0.004291097109671682,0.2468965258449316
17116,0.9605829045176506,0.0016521381403435953,0.03776496835052967
17117,0.25021499395370483,0.017468124628067017,0.732316866517067
17118,0.8528610616922379,0.008242349431384355,0.13889656774699688
17119,0.9889304116368294,0.0006978098863328341,0.010371795913670212
17120,0.9907853230834007,0.00014805272712692386,0.009066643426194787
17121,0.986272893846035,0.0009252855561499018,0.012801826815120876
17122,0.9202059134840965,0.018621210649143904,0.06117285089567304
17123,0.9371124058961868,0.044657413847744465,0.018230194924399257
17124,0.1802572663873434,0.0071858339360915124,0.8125568851828575
17125,0.9778486341238022,0.002203890966484323,0.01994747680146247
17126,0.48268014565110207,0.02234244893770665,0.4949773848056793
17127,0.0021236786124063656,0.000536328418093035,0.9973400011658669
17128,0.7021813541650772,0.023562240763567388,0.27425639890134335
17129,0.9827829673886299,0.003021453259862028,0.014195565017871559
17130,0.9841083586215973,0.000454405013442738,0.015437229536473751
17131,0.9686085283756256,0.012353342957794666,0.019038100144825876
17132,0.2892767880111933,0.012099446204956621,0.6986237689852715
17133,0.014814443420618773,0.0031355467945104465,0.9820500165224075
17134,0.06127025838941336,0.0075433556630741805,0.9311863780021667
17135,0.8215940371155739,0.006004747323459014,0.17240121588110924
17136,0.33512160181999207,0.07683391263708472,0.5880444720387459
17137,0.7610893100500107,0.013916971045546234,0.2249937243759632
17138,0.9371791779994965,0.010918677086010575,0.051902155857533216
17139,0.7932219728827477,0.174979860894382,0.03179816133342683
17140,0.861987754702568,0.009759820270119235,0.12825243081897497
17141,0.7530430182814598,0.004544449417153373,0.24241252429783344
17142,0.012428153771907091,0.0032156501401914284,0.9843561947345734
17143,0.9898783564567566,0.001333545078523457,0.008788105857092887
17144,0.9065579175949097,0.014624641509726644,0.0788174569606781
17145,0.9921637922525406,0.0014985621310188435,0.006337631115457043
17146,0.6656176075339317,0.015920855454169214,0.3184615299105644
17147,0.42353909835219383,0.0367933614179492,0.5396675243973732
17148,0.9743262976408005,0.001562621968332678,0.024111094186082482
17149,0.3215651884675026,0.0366248560603708,0.6418099477887154
17150,0.4464843422174454,0.13241934031248093,0.421096321195364
17151,0.6950655989348888,0.018943973118439317,0.2859904319047928
17152,0.8809556290507317,0.00915915475343354,0.10988520737737417
17153,0.9796402007341385,0.0008876190950104501,0.01947218121495098
17154,0.9268858283758163,0.014301521878223866,0.058812635485082865
17155,0.08706603711470962,0.003282382938778028,0.9096515700221062
17156,0.9194701686501503,0.011674508336000144,0.0688553056679666
17157,0.9876380413770676,0.0011863349573104642,0.01117561454884708
17158,0.8462142869830132,0.01570436224574223,0.1380813429132104
17159,0.9759510159492493,0.002537471977120731,0.021511499769985676
17160,0.1036343751475215,0.004461296455701813,0.8919043242931366
17161,0.9069623500108719,0.00773765571648255,0.0852999878115952
17162,0.8686675950884819,0.005957731045782566,0.12537467759102583
17163,0.30054434202611446,0.035103275324217975,0.6643523871898651
17164,0.8327531963586807,0.0034187790151918307,0.16382801812142134
17165,0.971830889582634,0.019205774180591106,0.008963343920186162
17166,0.9589332789182663,0.0011525916270329617,0.03991414560005069
17167,0.9810699298977852,0.0020974288490833715,0.016832644410897046
17168,0.4107291270047426,0.0027223459037486464,0.5865485370159149
17169,0.019184108008630574,0.0029182556172600016,0.977897621691227
17170,0.8318103551864624,0.001262627472897293,0.16692702751606703
17171,0.9065261334180832,0.06509591173380613,0.02837793854996562
17172,0.898827888071537,0.004806587734492496,0.0963655193336308
17173,0.8217395171523094,0.005544497165828943,0.17271597776561975
17174,0.006918297964148223,0.0029557260568253696,0.9901260063052177
17175,0.8792953193187714,0.006253526982618496,0.11445115692913532
17176,0.4341135434806347,0.013870628434233367,0.5520158261060715
17177,0.7814992219209671,0.0432800161652267,0.1752207512035966
17178,0.9188172295689583,0.050136046251282096,0.031046723015606403
17179,0.8951874747872353,0.009439581102924421,0.09537292830646038
17180,0.9761800393462181,0.009603347221855074,0.014216596493497491
17181,0.8256836161017418,0.009684870601631701,0.1646314999088645
17182,0.9501451179385185,0.0011710782564477995,0.048683808417990804
17183,0.17668138816952705,0.005609265615930781,0.8177093416452408
17184,0.904432401061058,0.006205352459801361,0.08936226228252053
17185,0.9678798913955688,0.0017382032674504444,0.030381912598386407
17186,0.9777602702379227,0.007549077796284109,0.014690648880787194
17187,0.9290788695216179,0.004168387662502937,0.06675275042653084
17188,0.9703004136681557,0.0030159940288285725,0.02668357698712498
17189,0.9801845028996468,0.0038547439471585676,0.01596076600253582
17190,0.9782885164022446,0.0045601143792737275,0.017151348409242928
17191,0.9466414749622345,0.002949135086964816,0.050409356132149696
17192,0.7905170917510986,0.03756606858223677,0.17191685177385807
17193,0.7788273245096207,0.013727625424508005,0.20744505990296602
17194,0.03799933777190745,0.001072285209374968,0.96092838793993
17195,0.4207187741994858,0.006357422913424671,0.5729238092899323
17196,0.976039245724678,0.0017487282311776653,0.022212034091353416
17197,0.9861931651830673,0.0015036344193504192,0.012303193041589111
17198,0.18320459220558405,0.004532971739536151,0.8122624605894089
17199,0.1258582156151533,0.005037786002503708,0.8691040053963661
17200,0.7676295340061188,0.0033164729975396767,0.22905400581657887
17201,0.9891462177038193,0.0018875393725465983,0.008966251916717738
17202,0.21363509073853493,0.003480284081888385,0.7828846275806427
17203,0.9690269380807877,0.0018693968886509538,0.02910365699790418
17204,0.9845125004649162,0.001483270971220918,0.014004232129082084
17205,0.9873953983187675,0.0009751305624376982,0.0116294925683178
17206,0.2813865728676319,0.003137874911772087,0.715475544333458
17207,0.9594282433390617,0.026930391206406057,0.013641379482578486
17208,0.0031641996756661683,0.002070030412141932,0.9947657659649849
17209,0.9932421967387199,0.0007689849626331124,0.0059888173709623516
17210,0.895419716835022,0.003507417786750011,0.10107285901904106
17211,0.7642111144959927,0.007233913929667324,0.2285549659281969
17212,0.009043971600476652,0.0024592428089817986,0.9884967729449272
17213,0.957088977098465,0.0027049013879150152,0.04020611196756363
17214,0.8054431602358818,0.006301432295003906,0.18825540132820606
17215,0.1345864338800311,0.0017984274818445556,0.86361513286829
17216,0.1652327124029398,0.010731435031630099,0.8240358531475067
17217,0.9855546057224274,0.0007505388130084611,0.013694850844331086
17218,0.9672106057405472,0.0009333578818768729,0.031856034183874726
17219,0.8800491467118263,0.0020658128923969343,0.11788503779098392
17220,0.8667500168085098,0.011443200462963432,0.12180679896846414
17221,0.9531319290399551,0.008979527789051645,0.03788855718448758
17222,0.9718313813209534,0.0032389383704867214,0.024929679231718183
17223,0.8835703581571579,0.006336695980280638,0.11009293515235186
17224,0.9453460276126862,0.010158189397770911,0.04449578351341188
17225,0.04098443454131484,0.0012139430400566198,0.9578016102313995
17226,0.12358121108263731,0.010602432361338288,0.8658163696527481
17227,0.8219259902834892,0.004151192493736744,0.1739228330552578
17228,0.9336809888482094,0.003713070327648893,0.06260593421757221
17229,0.2602683175355196,0.01257443765643984,0.7271572649478912
17230,0.9785552844405174,0.0029754326096735895,0.018469295231625438
17231,0.702493704855442,0.005289355816785246,0.2922169528901577
17232,0.81403499096632,0.0009938780931406654,0.18497111834585667
17233,0.9849945828318596,0.001804349580197595,0.013201057096011937
17234,0.9788371622562408,0.0031540988420601934,0.018008715007454157
17235,0.9930896311998367,0.002437213493976742,0.004473160210181959
17236,0.8742393106222153,0.015295563731342554,0.1104651391506195
17237,0.12314404360949993,0.009328164393082261,0.8675277978181839
17238,0.5991385690867901,0.02646624337648973,0.37439518235623837
17239,0.07398659596219659,0.007657103298697621,0.918356291949749
17240,0.9356350302696228,0.0013721632130909711,0.06299282005056739
17241,0.9589306563138962,0.026226900285109878,0.014842446194961667
17242,0.8729472234845161,0.006289023120189086,0.12076375540345907
17243,0.1737345140427351,0.003235849115299061,0.8230296447873116
17244,0.8115130513906479,0.0071397252613678575,0.18134721834212542
17245,0.012823004857636988,0.006007950592902489,0.9811690524220467
17246,0.029909221921116114,0.007736498198937625,0.9623542875051498
17247,0.9217282757163048,0.0129445546772331,0.06532715260982513
17248,0.9934941604733467,0.0011164827938046074,0.005389367026509717
17249,0.8751163333654404,0.0011374696041457355,0.12374618370085955
17250,0.9763573259115219,0.0009360270560136996,0.022706649382598698
17251,0.5752199999988079,0.05864144675433636,0.3661385588347912
17252,0.9111044406890869,0.004199635528493673,0.08469591941684484
17253,0.17253925930708647,0.0014083198111620732,0.8260524272918701
17254,0.09315461292862892,0.007985387608641759,0.8988600075244904
17255,0.8004216179251671,0.053682131227105856,0.1458962420001626
17256,0.7153625041246414,0.17722404841333628,0.10741343954578042
17257,0.7985952123999596,0.004284835129510611,0.1971199344843626
17258,0.9750028625130653,0.0038293228863039985,0.021167820319533348
17259,0.7679534032940865,0.030445172218605876,0.20160144567489624
17260,0.29912632517516613,0.36987478472292423,0.33099887799471617
17261,0.8366842269897461,0.02901544829364866,0.13430034182965755
17262,0.9918957725167274,0.002877485429053195,0.0052267301944084466
17263,0.9888583943247795,0.0023068766604410484,0.008834739797748625
17264,0.8753327950835228,0.012619858665857464,0.11204734072089195
17265,0.0014898016597726382,0.0009350912368972786,0.997575119137764
17266,0.7533459365367889,0.014966665825340897,0.23168740514665842
17267,0.978500634431839,0.00021480900613823906,0.02128456416539848
17268,0.7014418467879295,0.006254774983972311,0.292303379625082
17269,0.9632835984230042,0.0005341324631444877,0.03618227317929268
17270,0.9809263423085213,0.00034038160629279446,0.018733255565166473
17271,0.8874988853931427,0.03267600713297725,0.07982511119917035
17272,0.898883581161499,0.004942540545016527,0.09617389179766178
17273,0.007416963635478169,0.0012631773934117518,0.991319864988327
17274,0.9851322844624519,0.0010836426299647428,0.013784069218672812
17275,0.015123585588298738,0.010495134221855551,0.9743812754750252
17276,0.7079852744936943,0.0021683487502741627,0.28984636813402176
17277,0.9728980213403702,0.012618925597053021,0.014483052887953818
17278,0.9834767580032349,0.0014984853769419715,0.015024740190710872
17279,0.9613290503621101,0.008134987292578444,0.030535976751707494
17280,0.3315827716141939,0.010882812377531081,0.6575343981385231
17281,0.8129398077726364,0.0031626708223484457,0.18389754183590412
17282,0.3484551068395376,0.2070265095680952,0.4445183798670769
17283,0.8586215004324913,0.09420124907046556,0.04717724001966417
17284,0.9852073937654495,0.00034034543568850495,0.014452237752266228
17285,0.95844916254282,0.0008419374680670444,0.04070888739079237
17286,0.8148444220423698,0.006759383890312165,0.17839618306607008
17287,0.002765259283478372,0.001582439203048125,0.9956523105502129
17288,0.9927136823534966,0.00022571805857296567,0.007060606440063566
17289,0.9918179735541344,0.0020956669832230546,0.006086347391828895
17290,0.9780892133712769,0.001650955267905374,0.02025984146166593
17291,0.7864279001951218,0.0029048267897451296,0.21066729817539454
17292,0.013160681875888258,0.0008548586592951324,0.9859844669699669
17293,0.9395544901490211,0.0013330653455341235,0.059112430084496737
17294,0.0018540437304181978,0.00024218456019298173,0.9979037642478943
17295,0.5466322638094425,0.22558963391929865,0.2277780883014202
17296,0.9622384831309319,0.0024738605425227433,0.03528766194358468
17297,0.9764720797538757,0.002695204566407483,0.020832694717682898
17298,0.9768764972686768,0.0018680127905099653,0.021255482803098857
17299,0.5747654810547829,0.004408359542139806,0.42082617059350014
17300,0.8125804662704468,0.07295119483023882,0.11446836218237877
17301,0.00394440145464614,0.0002907910202338826,0.995764821767807
17302,0.7138912044465542,0.0037752059870399535,0.28233358822762966
17303,0.9394134432077408,0.005582956509897485,0.05500358599238098
17304,0.74379563331604,0.22593926917761564,0.03026510472409427
17305,0.979194238781929,0.002149609565094579,0.018656134488992393
17306,0.7495759949088097,0.0010128219037142117,0.2494111843407154
17307,0.8637242317199707,0.023374481592327356,0.11290128249675035
17308,0.9416123628616333,0.0035769868845818564,0.054810659028589725
17309,0.8864245638251305,0.056459665996953845,0.057115759467706084
17310,0.8132994994521141,0.008055937069002539,0.17864458821713924
17311,0.8352765366435051,0.003746983129531145,0.16097647789865732
17312,0.9822823256254196,0.0020312738706707023,0.015686420956626534
17313,0.8243849352002144,0.008862905378919095,0.16675214283168316
17314,0.026238537160679698,0.00038141557524795644,0.9733800366520882
17315,0.9955986589193344,0.00022239484860619996,0.004178937408141792
17316,0.9958545416593552,0.0003222949235350825,0.003823177481535822
17317,0.9685966074466705,0.0013654566573677585,0.03003793559037149
17318,0.9437541589140892,0.004911108233500272,0.05133472662419081
17319,0.6785032674670219,0.011756412801332772,0.3097403161227703
17320,0.986473947763443,0.007068134407745674,0.006457922238041647
17321,0.7852960452437401,0.003910293904482387,0.2107936516404152
17322,0.032391603104770184,0.0015343675768235698,0.966074027121067
17323,0.1054171216674149,0.007715744781307876,0.8868671432137489
17324,0.960637241601944,0.02961310709360987,0.009749652817845345
17325,0.5427436083555222,0.018746279587503523,0.43851010501384735
17326,0.07252739928662777,0.26497484371066093,0.6624977551400661
17327,0.47653206437826157,0.013320477737579495,0.5101474523544312
17328,0.039699693443253636,0.6422736532986164,0.3180266544222832
17329,0.9700095281004906,0.0025854717096081004,0.02740498655475676
17330,0.12888549268245697,0.0036592596006812528,0.8674552515149117
17331,0.6526907719671726,0.010363703040638939,0.33694551326334476
17332,0.9688362181186676,0.016387844923883677,0.014775933814235032
17333,0.8703552857041359,0.011447195138316602,0.11819751095026731
17334,0.7828440740704536,0.1386321410536766,0.0785237685777247
17335,0.9713238477706909,0.0009072363391169347,0.02776893530972302
17336,0.9482245296239853,0.0010994989206665196,0.050675973296165466
17337,0.36876283772289753,0.0522298829164356,0.5790072828531265
17338,0.8360507935285568,0.012183196959085763,0.1517660031095147
17339,0.9801440834999084,0.00030173560298862867,0.0195541720604524
17340,0.9113047271966934,0.004056918027345091,0.08463837159797549
17341,0.9896840825676918,0.00020396885520312935,0.010111927811522037
17342,0.9200751483440399,0.010620656772516668,0.06930420873686671
17343,0.13043563440442085,0.004811826132936403,0.8647525385022163
17344,0.043129302794113755,0.004255980747984722,0.9526147022843361
17345,0.9806146919727325,0.0038005087699275464,0.015584820765070617
17346,0.02305914624594152,0.005831606249557808,0.9711092635989189
17347,0.5473298691213131,0.042538400273770094,0.4101317375898361
17348,0.23208577930927277,0.010258797323331237,0.757655419409275
17349,0.9337871670722961,0.013884808286093175,0.05232801474630833
17350,0.9614977687597275,0.001387374442856526,0.0371148525737226
17351,0.812194861471653,0.033383654430508614,0.15442147757858038
17352,0.844829335808754,0.01274419401306659,0.14242647448554635
17353,0.9728944450616837,0.003851028872304596,0.02325452514924109
17354,0.00771512184292078,0.003372497456439305,0.9889123812317848
17355,0.6295112743973732,0.016172830597497523,0.35431589372456074
17356,0.034600224113091826,0.00376030380721204,0.961639441549778
17357,0.9197231456637383,0.004409104672959074,0.07586775068193674
17358,0.07053826143965125,0.003023223594937008,0.9264385178685188
17359,0.8773314207792282,0.01249855465721339,0.11017002165317535
17360,0.7567566111683846,0.034027137444354594,0.20921624265611172
17361,0.4987521842122078,0.015723824850283563,0.4855239875614643
17362,0.03283433290198445,0.0030771360325161368,0.9640885442495346
17363,0.9392576143145561,0.02817094069905579,0.03257147083058953
17364,0.9469081461429596,0.008027774398215115,0.04506409028545022
17365,0.9767206460237503,0.0021759340743301436,0.02110341819934547
17366,0.19733007811009884,0.016606768127530813,0.7860631570219994
17367,0.355047345161438,0.010493823967408389,0.6344588212668896
17368,0.45570705458521843,0.020481965504586697,0.5238109678030014
17369,0.9476477354764938,0.019317216298077255,0.033035056898370385
17370,0.9610792249441147,0.009675584500655532,0.029245184850879014
17371,0.9760586842894554,0.0016244392027147114,0.02231689158361405
17372,0.6485903672873974,0.058367198798805475,0.2930424362421036
17373,0.6723346896469593,0.005735511513194069,0.3219298031181097
17374,0.9661501497030258,0.0020277270523365587,0.031822137301787734
17375,0.9872676804661751,0.00019083836741629057,0.012541481177322567
17376,0.9587319120764732,0.0025945836096070707,0.038673518458381295
17377,0.88774823397398,0.015629210392944515,0.09662255365401506
17378,0.926815889775753,0.00344164771377109,0.06974248960614204
17379,0.8269397094845772,0.017723878467222676,0.15533640142530203
17380,0.011090555635746568,0.0004025452471978497,0.9885069131851196
17381,0.013081608281936496,0.0007226857960631605,0.9861957132816315
17382,0.11118409316986799,0.08533555828034878,0.8034803494811058
17383,0.7796694561839104,0.020286276238039136,0.2000442836433649
17384,0.8269933611154556,0.014764172025024891,0.1582424584776163
17385,0.8056758418679237,0.1697170604020357,0.024607106111943722
17386,0.023622923996299505,0.02805287903174758,0.9483241960406303
17387,0.4825744405388832,0.008114502794342116,0.5093110576272011
17388,0.8801005110144615,0.0021926855406491086,0.11770680313929915
17389,0.9484981894493103,0.0038323522021528333,0.04766946053132415
17390,0.9731702581048012,0.0011434218104113825,0.025686362059786916
17391,0.98503677546978,0.005668066733051091,0.009295158728491515
17392,0.05835254117846489,0.019467397243715823,0.9221800491213799
17393,0.9342805817723274,0.036641323240473866,0.029078082647174597
17394,0.9367867559194565,0.0009384737786604092,0.062274759635329247
17395,0.7571967467665672,0.01754967006854713,0.22525358200073242
17396,0.43717049434781075,0.002658399404026568,0.5601711086928844
17397,0.28293653577566147,0.04309481312520802,0.6739686541259289
17398,0.8503535613417625,0.012542311800643802,0.13710411824285984
17399,0.22032030299305916,0.015498281340114772,0.764181412756443
17400,0.7547649219632149,0.04559193621389568,0.1996431415900588
17401,0.9626460075378418,0.003243736136937514,0.03411024692468345
17402,0.9447250366210938,0.006072611373383552,0.0492023560218513
17403,0.9956865906715393,0.0003215988472220488,0.0039918101247167215
17404,0.956130214035511,0.002410921995760873,0.04145886958576739
17405,0.9900129437446594,0.0005724927214032505,0.00941457092994824
17406,0.7169883549213409,0.016085688606835902,0.26692595332860947
17407,0.03372691245749593,0.09973355010151863,0.8665395379066467
17408,0.45119646564126015,0.011200962529983371,0.5376025624573231
17409,0.09316341672092676,0.007610900036524981,0.8992256969213486
17410,0.9554042890667915,0.014865059405565262,0.029730638256296515
17411,0.9782422855496407,0.008170315239112824,0.01358739286661148
17412,0.8586210384964943,0.08872967027127743,0.05264930357225239
17413,0.9898216873407364,0.003919065919035347,0.006259247660636902
17414,0.9931311383843422,0.0015270690273609944,0.005341785086784512
17415,0.9606418013572693,0.018986565235536546,0.02037163160275668
17416,0.10726220672950149,0.004949341353494674,0.8877884447574615
17417,0.9077426120638847,0.06295550893992186,0.02930189250037074
17418,0.10344306193292141,0.0015981643591658212,0.8949587792158127
17419,0.4328943267464638,0.09088679635897279,0.4762188792228699
17420,0.9155112206935883,0.0027476016839500517,0.08174118027091026
17421,0.8747074976563454,0.012217622366733849,0.11307489220052958
17422,0.07081993762403727,0.01851468248059973,0.9106653779745102
17423,0.8934919461607933,0.006823007424827665,0.09968505054712296
17424,0.627441793680191,0.013139487884473056,0.35941873863339424
17425,0.9963799193501472,0.0004565974468278,0.0031634796905564144
17426,0.03456292860209942,0.019753838889300823,0.9456832557916641
17427,0.006803500204114243,0.0030779440567130223,0.9901185855269432
17428,0.9653280600905418,0.0040442151366733015,0.030627748696133494
17429,0.9892842993140221,0.000134572701426805,0.010581122594885528
17430,0.9682784229516983,0.002932947885710746,0.028788603376597166
17431,0.9818346202373505,0.0004168607010797132,0.01774852944072336
17432,0.9603547751903534,0.008274235529825091,0.0313709897454828
17433,0.9593949615955353,0.003377252840436995,0.03722781618125737
17434,0.7909110262989998,0.008761147386394441,0.20032783970236778
17435,0.4062699228525162,0.02833979402203113,0.5653902851045132
17436,0.906490869820118,0.0015240188331517857,0.09198512369766831
17437,0.0016905234078876674,0.0003188227619830286,0.9979906678199768
17438,0.9880902916193008,0.0007798175502102822,0.011129895865451545
17439,0.9818489477038383,0.0014047077274881303,0.016746340203098953
17440,0.9740506783127785,0.0007681595816393383,0.025181174161843956
17441,0.979863315820694,0.00040678961886442266,0.019729880848899484
17442,0.9630731791257858,0.007459872460458428,0.0294669468421489
17443,0.7609437704086304,0.0011446438584243879,0.23791159316897392
17444,0.9566980451345444,0.01998026587534696,0.023321680608205497
17445,0.7557322606444359,0.15925285685807467,0.08501487644389272
17446,0.9765859767794609,0.008648552990052849,0.014765469008125365
17447,0.1371417697519064,0.015082294528838247,0.847775936126709
17448,0.0926434425637126,0.011258341779466718,0.8960981890559196
17449,0.9193260297179222,0.005065880715847015,0.07560807839035988
17450,0.299484571442008,0.0122863685246557,0.6882290467619896
17451,0.9483387246727943,0.0013585722190327942,0.050302696181461215
17452,0.9607265889644623,0.011652601358946413,0.027620800770819187
17453,0.7415193393826485,0.0231414478039369,0.2353392131626606
17454,0.13726165145635605,0.019372075330466032,0.8433662801980972
17455,0.981486365199089,0.005805307038826868,0.012708329770248383
17456,0.9288899227976799,0.004351646770373918,0.0667584273032844
17457,0.6386896148324013,0.16851053945720196,0.19279984198510647
17458,0.9741187244653702,0.004625525660230778,0.021255761035718024
17459,0.8651954978704453,0.00806102529168129,0.12674348428845406
17460,0.9151157438755035,0.031008632737211883,0.05387562676332891
17461,0.8238541856408119,0.04225208447314799,0.13389371521770954
17462,0.46271173655986786,0.01769675116520375,0.5195915251970291
17463,0.9810134172439575,0.0011153635296068387,0.017871203599497676
17464,0.06854064506478608,0.003785059103392996,0.9276743158698082
17465,0.9597417041659355,0.005108926154207438,0.03514936822466552
17466,0.9865536391735077,0.0036125294427620247,0.0098338249954395
17467,0.9815666154026985,0.0010251272906316444,0.017408240819349885
17468,0.3642269838601351,0.0071236949297599494,0.6286493241786957
17469,0.0783976367674768,0.04844938754104078,0.873152956366539
17470,0.5448242649435997,0.006530560611281544,0.4486451894044876
17471,0.1610853122547269,0.033662919187918305,0.805251769721508
17472,0.49337678402662277,0.006330914446152747,0.5002922937273979
17473,0.45434776321053505,0.028483036439865828,0.5171692185103893
17474,0.9921561181545258,0.0021353752381401137,0.005708509386749938
17475,0.01281827234197408,0.0015480028669117019,0.9856337234377861
17476,0.8945384919643402,0.0008993029587145429,0.10456220898777246
17477,0.9242871180176735,0.0052566235535778105,0.07045623380690813
17478,0.7221514731645584,0.014407024951651692,0.26344150118529797
17479,0.4570399671792984,0.26404206827282906,0.27891794964671135
17480,0.005892274173675105,0.000645384283416206,0.9934623464941978
17481,0.9468063786625862,0.004110256006242707,0.04908333299681544
17482,0.9634945169091225,0.0008604750983067788,0.03564501437358558
17483,0.1718317624181509,0.020050219725817442,0.808118037879467
17484,0.030068538151681423,0.009074752277228981,0.960856705904007
17485,0.715609960258007,0.005830715032061562,0.27855932898819447
17486,0.9182332307100296,0.0013353516151255462,0.08043142408132553
17487,0.9372130185365677,0.0033694067096803337,0.059417578391730785
17488,0.0011181067384313792,0.00014702246971864952,0.9987348690629005
17489,0.9112635776400566,0.005575356772169471,0.08316109096631408
17490,0.9863604605197906,0.0003221430761186639,0.013317391159944236
17491,0.723407045006752,0.009417506051249802,0.2671754490584135
17492,0.0032726055942475796,0.003309139487100765,0.9934182614088058
17493,0.3518732227385044,0.004065695567987859,0.6440610773861408
17494,0.9011387005448341,0.00750603002961725,0.09135524742305279
17495,0.5429743602871895,0.004802179988473654,0.4522234536707401
17496,0.44869161024689674,0.006336102960631251,0.5449722893536091
17497,0.44229881092906,0.003993105274275877,0.5537080578505993
17498,0.9665853977203369,0.004283195215975866,0.02913141017779708
17499,0.01707245095167309,0.007015500217676163,0.9759120494127274
17500,0.934078723192215,0.003787080990150571,0.06213420024141669
17501,0.6195586882531643,0.004988178901840001,0.37545313499867916
17502,0.8895632699131966,0.006349048257106915,0.10408768383786082
17503,0.911342203617096,0.0047103085671551526,0.08394749322906137
17504,0.9826176539063454,0.0017191392325912602,0.015663206344470382
17505,0.9824650213122368,0.0014776717507629655,0.016057291883043945
17506,0.9889079630374908,0.0022478674582089297,0.00884417665656656
17507,0.2040740866214037,0.01406190451234579,0.7818640172481537
17508,0.9457444921135902,0.004128949396545067,0.05012655071914196
17509,0.04629229102283716,0.0018601689371280372,0.9518475458025932
17510,0.9263913184404373,0.007740116212517023,0.06586855929344893
17511,0.9528950750827789,0.00686009819037281,0.04024483100511134
17512,0.9330287650227547,0.015302814426831901,0.051668438129127026
17513,0.9920644909143448,0.00046807228136458434,0.007467474002623931
17514,0.9143279269337654,0.048937039682641625,0.036735041765496135
17515,0.7668373286724091,0.014722027175594121,0.21844064258038998
17516,0.9474587664008141,0.03973576286807656,0.01280546747148037
17517,0.9824828803539276,0.0013843554806953762,0.016132760443724692
17518,0.4688011072576046,0.0099313969258219,0.5212674960494041
17519,0.8690216019749641,0.005841101781697944,0.125137310475111
17520,0.9009368270635605,0.01750065851956606,0.08156252140179276
17521,0.12495030276477337,0.017285947571508586,0.8577637299895287
17522,0.41495147719979286,0.009731647616717964,0.5753168724477291
17523,0.9047730416059494,0.05770623590797186,0.03752071689814329
17524,0.5412513725459576,0.0036169545201119035,0.4551316797733307
17525,0.019238407141529024,0.0031750449270475656,0.9775865375995636
17526,0.025703607476316392,0.0024818555684760213,0.9718145430088043
17527,0.8682566061615944,0.003980127279646695,0.12776325177401304
17528,0.009884806902846321,0.00019682809488585917,0.9899183586239815
17529,0.9814611449837685,0.010272537881974131,0.008266307937446982
17530,0.06983571592718363,0.0034087903186446056,0.9267555102705956
17531,0.9314462319016457,0.0029665496258530766,0.06558721140027046
17532,0.9290885031223297,0.006588263815501705,0.06432321853935719
17533,0.9050855934619904,0.010064177477033809,0.08485022839158773
17534,0.004089101334102452,0.013255971047328785,0.9826549142599106
17535,0.6491953544318676,0.005022037657909095,0.3457826003432274
17536,0.8735681548714638,0.007088054029736668,0.11934377532452345
17537,0.9820132255554199,0.0019096089054073673,0.016077145468443632
17538,0.010134750045835972,0.0022396595450118184,0.9876255765557289
17539,0.9831134304404259,0.000506298061736743,0.01638028840534389
17540,0.013085666170809418,0.0010033107755589299,0.985911026597023
17541,0.9718092009425163,0.004899350693449378,0.02329146210104227
17542,0.6552371643483639,0.2263150829821825,0.11844775080680847
17543,0.8917204737663269,0.055426173377782106,0.052853358909487724
17544,0.9806222319602966,0.0033601254981476814,0.016017647925764322
17545,0.16185075975954533,0.0028699559334199876,0.835279293358326
17546,0.9791624024510384,0.0016954861785052344,0.01914210943505168
17547,0.45831455662846565,0.008282849565148354,0.5334025882184505
17548,0.958840124309063,0.0029156298260204494,0.03824421716853976
17549,0.8743064999580383,0.020212886738590896,0.10548061598092318
17550,0.972265787422657,0.0021502329036593437,0.025583944050595164
17551,0.8830153271555901,0.00978983729146421,0.10719482135027647
17552,0.3176763840019703,0.007297891599591821,0.6750257350504398
17553,0.9724888801574707,0.0027346216520527378,0.024776505189947784
17554,0.9439873471856117,0.0031846228666836396,0.05282804137095809
17555,0.0037239488738123327,0.001867257225967478,0.9944088011980057
17556,0.9794805496931076,0.0029327453958103433,0.01758670958224684
17557,0.919860877096653,0.0016054566003731452,0.07853365736082196
17558,0.07411714876070619,0.010191158624365926,0.9156917184591293
17559,0.876257099211216,0.03209252841770649,0.09165038354694843
17560,0.7061507739126682,0.009077723254449666,0.28477150388062
17561,0.9263051971793175,0.022404839866794646,0.05128995701670647
17562,0.04211445269174874,0.0016136101476149634,0.9562719389796257
17563,0.9892135784029961,0.0006456685550801922,0.010140733211301267
17564,0.6670404262840748,0.07593954191543162,0.2570200143381953
17565,0.945094957947731,0.022314892150461674,0.032590145943686366
17566,0.9724506810307503,0.003131216813926585,0.024418100947514176
17567,0.028314476367086172,0.011154371954035014,0.960531160235405
17568,0.9660655483603477,0.004831138605368324,0.029103325214236975
17569,0.5663469284772873,0.003979971632361412,0.42967310547828674
17570,0.9722083657979965,0.005180221836781129,0.022611394408158958
17571,0.9180030226707458,0.006865549745270982,0.07513142144307494
17572,0.672058742493391,0.013143661548383534,0.3147975970059633
17573,0.9840567708015442,0.0002827356456691632,0.015660487697459757
17574,0.9638677164912224,0.0025809968065004796,0.033551309490576386
17575,0.8788398653268814,0.008586029114667326,0.11257411260157824
17576,0.7489447221159935,0.15067435055971146,0.10038091288879514
17577,0.7677024006843567,0.03001498046796769,0.20228262431919575
17578,0.12669855076819658,0.006656097830273211,0.8666453659534454
17579,0.9909197613596916,0.0010325635557819624,0.008047667040955275
17580,0.976340726017952,0.000567492676054826,0.02309177804272622
17581,0.04655900318175554,0.0007601030556543265,0.9526808857917786
17582,0.022192785632796586,0.0026612292422214523,0.9751460030674934
17583,0.004233360261423513,0.0006796256257075584,0.9950869977474213
17584,0.7499341666698456,0.003129929566057399,0.24693589098751545
17585,0.8820826783776283,0.004232675448292866,0.1136846225708723
17586,0.8165160939097404,0.007090114988386631,0.1763937808573246
17587,0.9746785461902618,0.004897152335615829,0.020424300571903586
17588,0.00532390977605246,0.0010333512982469983,0.9936427399516106
17589,0.9051866084337234,0.0077872168039903045,0.08702619513496757
17590,0.8450515642762184,0.009128145466092974,0.14582028985023499
17591,0.029905569273978472,0.010426223248941824,0.9596682116389275
17592,0.9741753861308098,0.0021004017908126116,0.023724222206510603
17593,0.9343583732843399,0.0039837322547100484,0.06165791256353259
17594,0.47191908955574036,0.006940341438166797,0.521140567958355
17595,0.7519828900694847,0.03817985695786774,0.20983724482357502
17596,0.9582241177558899,0.01005236551281996,0.03172349953092635
17597,0.152114974334836,0.0049448562785983086,0.8429401740431786
17598,0.955215185880661,0.014321315742563456,0.030463503673672676
17599,0.9521028846502304,0.0011629121509031393,0.046734209870919585
17600,0.7812546268105507,0.03917847364209592,0.1795669188722968
17601,0.9453250616788864,0.0027257941546849906,0.05194916157051921
17602,0.6176556162536144,0.050217406707815826,0.332126971334219
17603,0.07519985735416412,0.03384952829219401,0.890950620174408
17604,0.9351312592625618,0.000643508070425014,0.06422524526715279
17605,0.7696042656898499,0.007365944242337719,0.22302979230880737
17606,0.9914275035262108,0.0019407816871535033,0.006631730881053954
17607,0.9070059284567833,0.04087985772639513,0.05211421148851514
17608,0.9660554528236389,0.012154785334132612,0.02178976940922439
17609,0.9876981824636459,0.001461758220102638,0.010840056405868381
17610,0.9857212081551552,0.00023952327683218755,0.014039266621693969
17611,0.9846291616559029,0.0015894119860604405,0.013781412038952112
17612,0.9519716203212738,0.001047663543431554,0.046980720944702625
17613,0.9063612073659897,0.0032989379396894947,0.0903398459777236
17614,0.010164279316086322,0.0011862044484587386,0.9886495098471642
17615,0.9869184568524361,0.0007319485412153881,0.01234958681743592
17616,0.9876373112201691,0.0017411318549420685,0.010621530818752944
17617,0.9655818715691566,0.010523821925744414,0.023894315119832754
17618,0.920374870300293,0.015003588749095798,0.06462154351174831
17619,0.9800334796309471,0.0013363917314563878,0.018630117527209222
17620,0.9040886089205742,0.01069786015432328,0.08521352428942919
17621,0.49307237938046455,0.01795332890469581,0.48897429555654526
17622,0.027880785521119833,0.00806624730466865,0.9640529677271843
17623,0.003946769720641896,0.005978019064059481,0.9900752082467079
17624,0.9738793820142746,0.0031490680994465947,0.022971560363657773
17625,0.17209903337061405,0.006416423624614254,0.8214845508337021
17626,0.8815233111381531,0.0009647670103731798,0.1175119299441576
17627,0.5320182926952839,0.003738848667126149,0.4642428681254387
17628,0.8708110004663467,0.0015235684404615313,0.12766542937606573
17629,0.6720626391470432,0.019106190477032214,0.308831162750721
17630,0.9193561300635338,0.0065409943636041135,0.0741028874181211
17631,0.0011729509133147076,0.000608040158112999,0.9982189983129501
17632,0.9547787383198738,0.006114831805462018,0.0391064565628767
17633,0.7097154855728149,0.015010486938990653,0.27527403086423874
17634,0.9649911522865295,0.009742840542457998,0.02526601415593177
17635,0.8099889755249023,0.002847636817023158,0.18716340325772762
17636,0.8121720924973488,0.1552289379760623,0.032598971389234066
17637,0.9889428243041039,0.0004925354805891402,0.010564641328528523
17638,0.912949800491333,0.0037456181016750634,0.0833045574836433
17639,0.8632585033774376,0.09727972792461514,0.039461764274165034
17640,0.9907743483781815,0.0005308475847414229,0.008694804564584047
17641,0.9251002296805382,0.007428786309901625,0.06747099664062262
17642,0.02298050862737,0.003215848555555567,0.9738036394119263
17643,0.5887059196829796,0.27837907522916794,0.13291498646140099
17644,0.9279360845685005,0.006711695285048336,0.0653522121720016
17645,0.9065451845526695,0.009395892499014735,0.08405891712754965
17646,0.8944841846823692,0.009075270965695381,0.09644053457304835
17647,0.8981739059090614,0.005912626511417329,0.09591347724199295
17648,0.9793208837509155,0.001473330587032251,0.019205778604373336
17649,0.03315781569108367,0.0014585520548280329,0.9653836339712143
17650,0.9847997426986694,0.00529895062209107,0.009901324636302888
17651,0.5540058724582195,0.012794056325219572,0.43320007622241974
17652,0.983851782977581,0.004793580330442637,0.011354642221704125
17653,0.9894600138068199,0.0034080184559570625,0.007131965452572331
17654,0.9866384640336037,0.0011186210249434225,0.012242925411555916
17655,0.9839610680937767,0.0037632885578204878,0.012275647255592048
17656,0.35635572858154774,0.029228732804767787,0.6144155487418175
17657,0.9395344480872154,0.006279010296566412,0.05418656533583999
17658,0.7795453444123268,0.006427854823414236,0.2140268012881279
17659,0.20998107641935349,0.01276698912261054,0.7772519215941429
17660,0.9744847416877747,0.0011909790191566572,0.024324276950210333
17661,0.767511423677206,0.0021377488592406735,0.2303508250042796
17662,0.9624974057078362,0.012671332311583683,0.024831245886161923
17663,0.9698402211070061,0.0032540084939682856,0.026905786944553256
17664,0.02214546746108681,0.04110333509743214,0.9367511942982674
17665,0.965724490582943,0.009044857113622129,0.025230664643459022
17666,0.418271129950881,0.0170375321758911,0.5646913349628448
17667,0.926403284072876,0.0033592324325582013,0.07023747684434056
17668,0.9092864915728569,0.005155062972335145,0.08555842621717602
17669,0.673729382455349,0.056326888501644135,0.26994373463094234
17670,0.9240863919258118,0.035265707643702626,0.040647885063663125
17671,0.6760847344994545,0.004717279312899336,0.31919799372553825
17672,0.9709378480911255,0.0010913675359915942,0.02797077689319849
17673,0.8025026395916939,0.011458629684057087,0.18603872414678335
17674,0.45745353400707245,0.00708451186073944,0.5354619584977627
17675,0.797515831887722,0.011444925505202264,0.19103923439979553
17676,0.9870562106370926,0.0036996161506976932,0.009244156710337847
17677,0.7548590153455734,0.010985116939991713,0.23415584675967693
17678,0.9580693617463112,0.0027565075070015155,0.03917415486648679
17679,0.5530166476964951,0.006390002032276243,0.44059334322810173
17680,0.7632868587970734,0.019240215537138283,0.21747291088104248
17681,0.9324024245142937,0.005742573936004192,0.06185500416904688
17682,0.7520541325211525,0.011800177744589746,0.23614567704498768
17683,0.9650048315525055,0.002885858695663046,0.03210932039655745
17684,0.9791033267974854,0.0013565069602918811,0.019540184643119574
17685,0.6554701291024685,0.03628722811117768,0.308242617174983
17686,0.9357965067028999,0.0066211086814291775,0.05758238211274147
17687,0.42883574590086937,0.4956362321972847,0.07552803261205554
17688,0.7853391990065575,0.004147207000642084,0.21051358804106712
17689,0.9784732162952423,0.007349597057327628,0.014177157310768962
17690,0.8573407232761383,0.001427474468073342,0.14123181905597448
17691,0.9488697499036789,0.010666188085451722,0.04046404641121626
17692,0.045915041817352176,0.04682888509705663,0.9072560742497444
17693,0.9692447483539581,0.001321172600000864,0.029434113996103406
17694,0.9649020507931709,0.004891700256848708,0.030206258059479296
17695,0.9898146912455559,0.0011462669499451295,0.009039047115948051
17696,0.9766760841012001,0.008914322941564023,0.014409586845431477
17697,0.5378316417336464,0.009008744382299483,0.4531596228480339
17698,0.9435417205095291,0.005317211296642199,0.051141055300831795
17699,0.9718657284975052,0.005216567398747429,0.022917710128240287
17700,0.924931488931179,0.002431881192023866,0.07263663993217051
17701,0.25228926725685596,0.07894349843263626,0.6687672212719917
17702,0.9279265105724335,0.0026160172128584236,0.06945747742429376
17703,0.9842988476157188,0.0019276535167591646,0.013773513259366155
17704,0.9185245484113693,0.003464484034338966,0.07801095838658512
17705,0.9783999472856522,0.00449440223746933,0.017105627455748618
17706,0.012694928329437971,0.0009167992320726626,0.986388273537159
17707,0.3722865264862776,0.02074504178017378,0.6069684252142906
17708,0.36959704756736755,0.008089185459539294,0.6223137751221657
17709,0.9316630139946938,0.004632122378097847,0.06370487250387669
17710,0.6612187847495079,0.05515781557187438,0.28362338803708553
17711,0.004244517971528694,0.0012030166981276125,0.9945524856448174
17712,0.9775516241788864,0.001635193548281677,0.02081316791009158
17713,0.7412401139736176,0.021383716957643628,0.2373761534690857
17714,0.6775761991739273,0.0024734019971219823,0.3199503980576992
17715,0.9876100495457649,0.0006213439264683984,0.011768603697419167
17716,0.6685438752174377,0.12918498599901795,0.20227113831788301
17717,0.9282092079520226,0.013894435076508671,0.05789635004475713
17718,0.9250289648771286,0.000537843290658202,0.07443319214507937
17719,0.7812153249979019,0.009120635193539783,0.20966403372585773
17720,0.8754183948040009,0.009974059532396495,0.11460754368454218
17721,0.19749013893306255,0.0034926573134725913,0.7990172207355499
17722,0.9786866530776024,0.004493288637604564,0.016820056713186204
17723,0.9347634240984917,0.002730375883402303,0.06250621424987912
17724,0.9734524786472321,0.005188893381273374,0.021358653204515576
17725,0.006791171181248501,0.001614352200704161,0.9915944561362267
17726,0.9836595356464386,0.0002983924659929471,0.016042065108194947
17727,0.8859566226601601,0.0725834253244102,0.04145995154976845
17728,0.5674274377524853,0.047365945065394044,0.38520662300288677
17729,0.9635752290487289,0.013728607445955276,0.022696160478517413
17730,0.8645811900496483,0.041201913030818105,0.09421689948067069
17731,0.004045568610308692,0.001109331027691951,0.9948451071977615
17732,0.9502022638916969,0.004297166742617264,0.04550057486630976
17733,0.9778349101543427,0.0021384255378507078,0.02002669288776815
17734,0.0030699792550876737,0.0003814348019659519,0.996548593044281
17735,0.7174075394868851,0.0164104689611122,0.26618199236691
17736,0.9671300575137138,0.01096374131157063,0.021906167617999017
17737,0.08045057393610477,0.008686108922120184,0.9108633175492287
17738,0.03187070717103779,0.004254677041899413,0.9638746306300163
17739,0.011687657795846462,0.0021229307167232037,0.9861893877387047
17740,0.2991753239184618,0.2997272927314043,0.4010973758995533
17741,0.5218541622161865,0.028984681121073663,0.4491611495614052
17742,0.9615183547139168,0.0008662418913445435,0.03761540725827217
17743,0.9693408310413361,0.00048205731218331493,0.030177118023857474
17744,0.9444471597671509,0.02684361778665334,0.028709227917715907
17745,0.7949217110872269,0.009014538954943419,0.19606375321745872
17746,0.17267239652574062,0.0030685160018038005,0.8242591023445129
17747,0.06901840958744287,0.01119793823454529,0.9197836518287659
17748,0.976252518594265,0.002692174704861827,0.021055308752693236
17749,0.8475802391767502,0.00897943100426346,0.14344033226370811
17750,0.9259221032261848,0.03665695362724364,0.037420946871861815
17751,0.9958945512771606,0.0004286527564545395,0.0036768031714018434
17752,0.9704751893877983,0.001826793304644525,0.027698038378730416
17753,0.19977770373225212,0.02051566808950156,0.7797066047787666
17754,0.9871079549193382,0.0005812990348204039,0.012310774764046073
17755,0.7481551170349121,0.0023786246892996132,0.24946623481810093
17756,0.007765605405438691,0.0006261951602937188,0.9916082099080086
17757,0.9506901726126671,0.0026265586784575135,0.0466832690872252
17758,0.9827936813235283,0.004145826955209486,0.013060494733508676
17759,0.34308611415326595,0.0377362915314734,0.6191775910556316
17760,0.17878460604697466,0.009425758442375809,0.8117896318435669
17761,0.01529041986213997,0.022110303631052375,0.9625992774963379
17762,0.9734676405787468,0.0017472710605943576,0.024785096989944577
17763,0.6909556239843369,0.001343216237728484,0.307701176032424
17764,0.015067351632751524,0.002977473573992029,0.9819551631808281
17765,0.018888384103775024,0.0031708532478660345,0.977940745651722
17766,0.9873257875442505,0.0007879087243054528,0.011886330030392855
17767,0.6077094003558159,0.08994944440200925,0.302341153845191
17768,0.9879970774054527,0.0008286410884466022,0.011174259416293353
17769,0.044639095198363066,0.0009047856365214102,0.9544561356306076
17770,0.9617752805352211,0.004339911334682256,0.03388482821173966
17771,0.9907598420977592,0.003149795244098641,0.006090389913879335
17772,0.968287855386734,0.0010713543342717458,0.03064080444164574
17773,0.8685648813843727,0.054960564244538546,0.07647453993558884
17774,0.9108819961547852,0.003946624085074291,0.08517136750742793
17775,0.9824199676513672,0.004128793370909989,0.013451254810206592
17776,0.39717164635658264,0.13213168364018202,0.47069666162133217
17777,0.9513801336288452,0.0046135553275235,0.04400631436146796
17778,0.04181715496815741,0.006102646962972358,0.9520801976323128
17779,0.545738972723484,0.019711923552677035,0.43454911187291145
17780,0.039893621345981956,0.02381623547989875,0.9362901300191879
17781,0.01192026725038886,0.004841247384320013,0.9832384884357452
17782,0.9584594592452049,0.009257648081984371,0.032282918225973845
17783,0.9244655147194862,0.024492536118486896,0.05104195070452988
17784,0.9366408288478851,0.004682986123953015,0.05867618345655501
17785,0.6943163722753525,0.02203768421895802,0.28364595770835876
17786,0.937966875731945,0.0011902372280019335,0.06084285723045468
17787,0.9580228850245476,0.003023865050636232,0.03895324794575572
17788,0.8370717242360115,0.11738789640367031,0.04554038401693106
17789,0.06040133652277291,0.004607018636306748,0.9349916353821754
17790,0.9723535776138306,0.004660434264224023,0.02298595942556858
17791,0.013584772415924817,0.0027205171500099823,0.9836947247385979
17792,0.8347438424825668,0.015534127480350435,0.14972202014178038
17793,0.9403841644525528,0.006581534602446482,0.05303432187065482
17794,0.8404826521873474,0.008769747335463762,0.15074757859110832
17795,0.8651253059506416,0.006502227362943813,0.12837244383990765
17796,0.9864511340856552,0.001800792284484487,0.01174809323856607
17797,0.2493231873959303,0.011606765445321798,0.7390700429677963
17798,0.9668858274817467,0.004921894636936486,0.02819227729924023
17799,0.987275555729866,0.0007236531600938179,0.012000799644738436
17800,0.9777943640947342,0.004067366797244176,0.018138259940315038
17801,0.16056849993765354,0.006888016956509091,0.8325434774160385
17802,0.9281931221485138,0.008795462839771062,0.06301141669973731
17803,0.455646563321352,0.034024094697088,0.5103293396532536
17804,0.905105896294117,0.0032677761919330806,0.09162633446976542
17805,0.9205536022782326,0.004330241266870871,0.07511614868417382
17806,0.930196724832058,0.002116256524459459,0.06768702995032072
17807,0.9723081067204475,0.0058655225147958845,0.021826372016221285
17808,0.9915042147040367,0.0008305517076223623,0.007665256911423057
17809,0.6555325575172901,0.011342753656208515,0.3331246990710497
17810,0.8538908511400223,0.0462984080077149,0.09981074230745435
17811,0.947670578956604,0.013529853080399334,0.03879957739263773
17812,0.9448499381542206,0.030841110041365027,0.024308941676281393
17813,0.9894081950187683,0.002643158280989155,0.007948646962177008
17814,0.9922057837247849,0.002208849815360736,0.0055853481171652675
17815,0.8059718608856201,0.007840578095056117,0.18618754111230373
17816,0.5434845983982086,0.0020684600312961265,0.4544469341635704
17817,0.404668802395463,0.010189068561885506,0.585142120718956
17818,0.8952739983797073,0.04267638688907027,0.06204963126219809
17819,0.22145270928740501,0.00584015209460631,0.7727071270346642
17820,0.974219299852848,0.006273148843320087,0.01950757368467748
17821,0.24748571403324604,0.014677711063995957,0.7378365993499756
17822,0.018428288400173187,0.01703689043642953,0.9645348265767097
17823,0.9145475551486015,0.001448891664040275,0.08400355186313391
17824,0.02510893507860601,0.002876956161344424,0.9720141142606735
17825,0.9312799349427223,0.0051267070666654035,0.06359336851164699
17826,0.7970419228076935,0.0034756999230012298,0.19948237016797066
17827,0.9549046978354454,0.005854413553606719,0.039240903221070766
17828,0.08413052232936025,0.00396289631316904,0.9119065701961517
17829,0.6241352893412113,0.03498751181177795,0.3408771827816963
17830,0.06536719342693686,0.009350377193186432,0.9252824187278748
17831,0.9225296676158905,0.0027531229716259986,0.07471719337627292
17832,0.13378121238201857,0.013747070915997028,0.8524717092514038
17833,0.9449481219053268,0.0020229763904353604,0.0530289183370769
17834,0.7630145326256752,0.010700881015509367,0.22628460079431534
17835,0.016833007568493485,0.003904063967638649,0.9792629480361938
17836,0.014790515531785786,0.0018641343413037248,0.9833453521132469
17837,0.05691827181726694,0.003495763892715331,0.9395859763026237
17838,0.9726909324526787,0.0024788785522105172,0.024830185808241367
17839,0.9767297655344009,0.0020832488662563264,0.021186968311667442
17840,0.980248473584652,0.007762426394037902,0.011989102116785944
17841,0.4307139553129673,0.09041609847918153,0.4788699336349964
17842,0.9655316770076752,0.004033206321764737,0.03043511719442904
17843,0.012534550100099295,0.0023911843600217253,0.9850742518901825
17844,0.9450437426567078,0.004599696665536612,0.050356531981378794
17845,0.969564251601696,0.014725706307217479,0.015710032312199473
17846,0.9311190322041512,0.0014453794356086291,0.06743558403104544
17847,0.8323033526539803,0.0043839128920808434,0.16331273969262838
17848,0.20319520961493254,0.007855032483348623,0.788949765264988
17849,0.6591468676924706,0.0008945008521550335,0.3399586323648691
17850,0.991066001355648,0.0014379186686710455,0.0074961145874112844
17851,0.6751440055668354,0.019264159258455038,0.30559183843433857
17852,0.9890452772378922,0.0004848509270232171,0.010469848930370063
17853,0.5441326312720776,0.001600923940713983,0.4542664438486099
17854,0.953748032450676,0.0039991702360566705,0.04225279577076435
17855,0.13660540897399187,0.0024208599352277815,0.8609737306833267
17856,0.6583820655941963,0.0019158284267177805,0.3397021144628525
17857,0.9675973951816559,0.001908491765789222,0.030494126491248608
17858,0.9012025147676468,0.005582956364378333,0.09321454633027315
17859,0.8693277686834335,0.0032749526581028476,0.12739729043096304
17860,0.9110383093357086,0.0151855549775064,0.07377613428980112
17861,0.033089612843468785,0.008591082354541868,0.9583193063735962
17862,0.9221990630030632,0.007660986884729937,0.07013995852321386
17863,0.9439984485507011,0.003593141766032204,0.05240839160978794
17864,0.8948415294289589,0.007996319502126426,0.09716214472427964
17865,0.3200349360704422,0.006146614730823785,0.6738184429705143
17866,0.9714233949780464,0.003402523318072781,0.025174081325531006
17867,0.9794190227985382,0.0007476929240510799,0.019833295256830752
17868,0.48775021731853485,0.24684364721179008,0.26540613546967506
17869,0.9879144802689552,0.001657024971791543,0.010428498906549066
17870,0.7403611987829208,0.007324184931349009,0.2523146066814661
17871,0.010001718706917018,0.0015949415901559405,0.9884033501148224
17872,0.8737327679991722,0.030323378508910537,0.09594384860247374
17873,0.9480705410242081,0.0027156469186593313,0.04921379475854337
17874,0.2925990801304579,0.014748789311852306,0.6926521509885788
17875,0.13508369494229555,0.058619502116926014,0.8062968254089355
17876,0.9866519942879677,0.00023027924908092245,0.013117728987708688
17877,0.002427719227853231,0.00033828260529844556,0.9972340017557144
17878,0.1566508961841464,0.0059297417174093425,0.8374193534255028
17879,0.985019825398922,0.002011535361816641,0.0129686517175287
17880,0.905599907040596,0.018321396899409592,0.07607869943603873
17881,0.3218255937099457,0.07225320301949978,0.6059212014079094
17882,0.7510469630360603,0.01814443396870047,0.2308086035773158
17883,0.9566586390137672,0.0005476990809256677,0.042793693486601114
17884,0.9350767433643341,0.003733375488081947,0.061189893167465925
17885,0.0991418375633657,0.005183230707189068,0.8956749513745308
17886,0.4007786326110363,0.02335356455296278,0.5758677832782269
17887,0.004834544844925404,0.0010623750313243363,0.9941030815243721
17888,0.9661704748868942,0.00048825720841705333,0.03334126737900078
17889,0.6850555539131165,0.018688619253225625,0.2962558325380087
17890,0.9946104511618614,0.0005266546613711398,0.004862909117946401
17891,0.014655098435468972,0.0035613003419712186,0.9817836135625839
17892,0.7493366450071335,0.002331636569579132,0.24833172000944614
17893,0.9920262470841408,0.001205829201353481,0.00676791463047266
17894,0.8922575041651726,0.0374843911267817,0.07025810051709414
17895,0.04850278398953378,0.003108510427409783,0.9483887031674385
17896,0.9067330434918404,0.0009726920034154318,0.09229427576065063
17897,0.9665747582912445,0.0025438431330258027,0.03088138811290264
17898,0.9970753937959671,0.0002071715298370691,0.002717434908845462
17899,0.5488224625587463,0.016813451424241066,0.43436408042907715
17900,0.9855573773384094,0.0006160598568385467,0.013826560229063034
17901,0.7700325772166252,0.01844961120514199,0.21151781734079123
17902,0.9801846742630005,0.0007646652375115082,0.01905066380277276
17903,0.9691777005791664,0.017161852214485407,0.01366044965106994
17904,0.9609271809458733,0.004546353200566955,0.03452647849917412
17905,0.9650279730558395,0.0043774078076239675,0.03059462085366249
17906,0.9860153645277023,0.0028057055533281527,0.011178934364579618
17907,0.8090629801154137,0.0027868896431755275,0.1881501516327262
17908,0.7245418205857277,0.027240915573202074,0.24821726605296135
17909,0.1464317897334695,0.004666649212595075,0.8489015772938728
17910,0.9796786904335022,0.003455009311437607,0.016866291174665093
17911,0.4783947244286537,0.09040429443120956,0.4312009811401367
17912,0.6357725411653519,0.00540160400851164,0.3588258381932974
17913,0.9649960771203041,0.018564203521236777,0.0164397350163199
17914,0.7342414036393166,0.0306277172639966,0.23513086326420307
17915,0.9264206513762474,0.0035944825503975153,0.06998488306999207
17916,0.9625902697443962,0.004092941962881014,0.033316789427772164
17917,0.011014440620783716,0.0014731747833138797,0.9875123724341393
17918,0.10398695338517427,0.0038789633254054934,0.8921340778470039
17919,0.9239097535610199,0.003937363711884245,0.07215288933366537
17920,0.03039004420861602,0.00362023692287039,0.9659897014498711
17921,0.2816727589815855,0.0026409768470330164,0.7156862691044807
17922,0.8112098947167397,0.14073200849816203,0.04805809329263866
17923,0.04609027225524187,0.014056810352485627,0.9398529231548309
17924,0.9866577014327049,0.0009012499067466706,0.01244104199577123
17925,0.7056837528944016,0.002621319013996981,0.29169493541121483
17926,0.6006361097097397,0.006126481923274696,0.39323740452528
17927,0.6518049240112305,0.0016599739319644868,0.34653508476912975
17928,0.04588429816067219,0.02131334919249639,0.9328023791313171
17929,0.7604271247982979,0.012740403646603227,0.22683247365057468
17930,0.005609079264104366,0.008708420136827044,0.9856824949383736
17931,0.17348537128418684,0.26510550547391176,0.5614091083407402
17932,0.647019948810339,0.11458808835595846,0.23839194886386395
17933,0.9516195580363274,0.004783138545462862,0.043597300071269274
17934,0.9094442948698997,0.009752147947438061,0.08080354938283563
17935,0.6628956571221352,0.00392589918919839,0.33317843079566956
17936,0.8745144829154015,0.0022474128199974075,0.12323810439556837
17937,0.9005910977721214,0.006409733061445877,0.09299916867166758
17938,0.06951034581288695,0.005078968781162985,0.9254106730222702
17939,0.9258350059390068,0.0017606293331482448,0.0724043759983033
17940,0.9409991577267647,0.044581221882253885,0.014419628714676946
17941,0.18824583664536476,0.07414594374131411,0.7376082092523575
17942,0.9744236320257187,0.007858798082452267,0.01771757029928267
17943,0.9168664589524269,0.005261131649604067,0.07787239784374833
17944,0.9898192882537842,0.0006217645532160532,0.009558948746416718
17945,0.325641967356205,0.014009545091539621,0.6603484824299812
17946,0.7039192616939545,0.000749901715607848,0.2953308615833521
17947,0.006078290258301422,0.0012506565581134055,0.9926710724830627
17948,0.7888618856668472,0.0033974158868659288,0.20774071104824543
17949,0.9037720113992691,0.0007925798345240764,0.09543543541803956
17950,0.9874337986111641,0.0003728349174707546,0.012193355883937329
17951,0.8955497294664383,0.002329255516087869,0.10212100436910987
17952,0.8795965537428856,0.007662456686375663,0.11274099443107843
17953,0.70783881098032,0.008977207180578262,0.28318398259580135
17954,0.27014503814280033,0.012043719121720642,0.7178112342953682
17955,0.9853321686387062,0.0012585949880303815,0.013409243081696332
17956,0.8003861755132675,0.0012232053850311786,0.19839060213416815
17957,0.9261290952563286,0.022193582728505135,0.0516773066483438
17958,0.055101060308516026,0.006924301967956126,0.9379746094346046
17959,0.884816125035286,0.013389323954470456,0.10179454553872347
17960,0.7991252690553665,0.0016362738970201463,0.19923842139542103
17961,0.7152581103146076,0.0010384400957264006,0.2837034519761801
17962,0.0377339847618714,0.006252009770832956,0.9560139924287796
17963,0.9758659601211548,0.001162569591542706,0.022971465019509196
17964,0.30216276552528143,0.6724522896111012,0.025384926702827215
17965,0.9844413623213768,0.0031950304692145437,0.01236362021882087
17966,0.993694581091404,0.00038691207191732246,0.005918516748351976
17967,0.9291698485612869,0.0006728102162014693,0.0701573402620852
17968,0.9789820089936256,0.0005476094720506808,0.02047037146985531
17969,0.9474587589502335,0.001723582074191654,0.0508176579605788
17970,0.8493445515632629,0.005773619574028999,0.1448817914351821
17971,0.20118034724146128,0.02300815674243495,0.7758115082979202
17972,0.8648220524191856,0.09722905419766903,0.0379489166662097
17973,0.9351329877972603,0.005200388026423752,0.05966660939157009
17974,0.9721214175224304,0.008907791459932923,0.01897078740876168
17975,0.00635695323580876,0.005674851548974402,0.9879682138562202
17976,0.9308541268110275,0.023335619713179767,0.04581023450009525
17977,0.019629132584668696,0.0015388659958261997,0.978831984102726
17978,0.6176662407815456,0.011796129459980875,0.3705376498401165
17979,0.00933695922140032,0.018123675283277407,0.9725393578410149
17980,0.24586856365203857,0.03507625148631632,0.7190551981329918
17981,0.6211826540529728,0.027010482153855264,0.35180685110390186
17982,0.9744932949542999,0.0006339871652016882,0.024872722569853067
17983,0.5087355151772499,0.03832316235639155,0.45294131338596344
17984,0.5517120622098446,0.0313715833472088,0.4169163666665554
17985,0.9765112921595573,0.0013054366572760046,0.022183287772350013
17986,0.2088095685467124,0.03465786622837186,0.7565325498580933
17987,0.8849353194236755,0.019690412562340498,0.09537427732720971
17988,0.8649389147758484,0.0024427890894003212,0.13261829875409603
17989,0.926514707505703,0.014182691229507327,0.05930260336026549
17990,0.9865758195519447,0.0013479076478688512,0.01207627251278609
17991,0.9230161607265472,0.007149150042096153,0.06983468728139997
17992,0.021091086557134986,0.0027742871607188135,0.9761346280574799
17993,0.9761801660060883,0.012317733198869973,0.011502119188662618
17994,0.8980348482728004,0.002827287302352488,0.09913785150274634
17995,0.1562562771141529,0.007799555140081793,0.835944190621376
17996,0.9456657096743584,0.017783093091566116,0.03655117563903332
17997,0.5977902747690678,0.008453515474684536,0.3937562070786953
17998,0.7935407310724258,0.006971671769861132,0.19948759116232395
17999,0.9611375480890274,0.002383250364800915,0.03647922305390239
18000,0.057906567584723234,0.3613374624401331,0.5807559788227081
18001,0.9903669580817223,0.00490567582892254,0.004727397579699755
18002,0.9812015071511269,0.0014915347564965487,0.017306990223005414
18003,0.001484644104493782,0.0010523194687266368,0.9974630549550056
18004,0.011521226027980447,0.0008327311406901572,0.9876460283994675
18005,0.48049816861748695,0.2250443771481514,0.2944574560970068
18006,0.9777299836277962,0.012526492297183722,0.009743528498802334
18007,0.378598066046834,0.18673289753496647,0.43466902151703835
18008,0.9810412377119064,0.0007953675594762899,0.018163394881412387
18009,0.005341565469279885,0.006395550473826006,0.988262876868248
18010,0.4504719041287899,0.015097267110832036,0.5344308316707611
18011,0.22044688370078802,0.020153502584435046,0.7593996226787567
18012,0.050872010411694646,0.034412185137625784,0.9147158116102219
18013,0.9933983087539673,0.0009832214745983947,0.005618459428660572
18014,0.9243841394782066,0.004823287250474095,0.07079259911552072
18015,0.9633244648575783,0.003946194163290784,0.032729335594922304
18016,0.9557394236326218,0.0018792448317981325,0.042381328996270895
18017,0.8001864030957222,0.018610388040542603,0.18120320234447718
18018,0.3102279454469681,0.003681513451738283,0.6860905140638351
18019,0.46436962485313416,0.06139341788366437,0.47423695772886276
18020,0.5021486058831215,0.00166056833404582,0.49619080498814583
18021,0.9700168743729591,0.005687554279575124,0.02429560001473874
18022,0.34331664629280567,0.002488553713192232,0.6541948020458221
18023,0.45625085197389126,0.014838353032246232,0.528910793364048
18024,0.9937844425439835,0.00014091841421759455,0.006074629200156778
18025,0.8823838233947754,0.011078806535806507,0.10653738491237164
18026,0.9517607167363167,0.0013537264094338752,0.04688553628511727
18027,0.950080007314682,0.009772237943252549,0.040147738764062524
18028,0.952233575284481,0.009324131591711193,0.03844229644164443
18029,0.8631744906306267,0.0072479197406210005,0.12957759015262127
18030,0.3747156448662281,0.1837606318295002,0.441523727029562
18031,0.570414062589407,0.004973673727363348,0.42461229488253593
18032,0.772810235619545,0.014629695971962065,0.21256006509065628
18033,0.473945077508688,0.0030852886411594227,0.5229696221649647
18034,0.02530551399104297,0.004383748630061746,0.9703107476234436
18035,0.21176982764154673,0.001681530091445893,0.7865486592054367
18036,0.9354642927646637,0.00437298983160872,0.06016270723193884
18037,0.9875032007694244,0.003670227000839077,0.008826576522551477
18038,0.864282064139843,0.000735575247745146,0.13498234655708075
18039,0.6404427960515022,0.002868700001272373,0.3566885180771351
18040,0.26638861559331417,0.012874243257101625,0.7207371443510056
18041,0.9714206382632256,0.007575773284770548,0.021003603236749768
18042,0.3162500932812691,0.27772245556116104,0.4060274623334408
18043,0.9690106958150864,0.005191125354031101,0.02579818433150649
18044,0.44228536635637283,0.0063506489095743746,0.5513639636337757
18045,0.6652439087629318,0.009243099193554372,0.32551301270723343
18046,0.06912857573479414,0.004420957062393427,0.9264504760503769
18047,0.11289715673774481,0.011948670202400535,0.8751541674137115
18048,0.787552185356617,0.002955779811600223,0.20949204452335835
18049,0.1295416345819831,0.006139396457001567,0.8643189817667007
18050,0.9014710485935211,0.000638341767626116,0.09789061639457941
18051,0.025471656932495534,0.016590240877121687,0.9579381123185158
18052,0.23480291292071342,0.00340069635421969,0.7617963999509811
18053,0.9810963422060013,0.0009621563294786029,0.017941502737812698
18054,0.7001220509409904,0.014467939035966992,0.2854100186377764
18055,0.6342590413987637,0.010814242239575833,0.3549266867339611
18056,0.3587402142584324,0.01658631779719144,0.6246734522283077
18057,0.7756187617778778,0.005691241909516975,0.2186899883672595
18058,0.8728580549359322,0.020836237934418023,0.10630572866648436
18059,0.3533435855060816,0.008440221601631492,0.638216182589531
18060,0.6900363564491272,0.015022876090370119,0.29494078271090984
18061,0.9659863710403442,0.009690981823951006,0.024322650860995054
18062,0.9388148486614227,0.0037255976058077067,0.057459542993456125
18063,0.9825838059186935,0.0007525620258093113,0.016663646907545626
18064,0.49645229429006577,0.004622355321771465,0.49892533197999
18065,0.8918537870049477,0.005930612969677895,0.10221559461206198
18066,0.8992345109581947,0.0021958215947961435,0.09856964368373156
18067,0.029490846442058682,0.007929394603706896,0.9625797346234322
18068,0.9643184393644333,0.007451846293406561,0.02822970796842128
18069,0.9621952921152115,0.0065667178423609585,0.031238005962222815
18070,0.24672776833176613,0.0011437210996518843,0.7521285116672516
18071,0.8118606433272362,0.012910264253150672,0.17522909864783287
18072,0.14744848478585482,0.005232507683103904,0.8473189994692802
18073,0.3791031464934349,0.16569656692445278,0.45520029217004776
18074,0.8469958081841469,0.01891833374975249,0.13408587779849768
18075,0.4741743877530098,0.030276197707280517,0.49554940685629845
18076,0.739393524825573,0.0031837711721891537,0.2574227163568139
18077,0.03612717869691551,0.0014340529523906298,0.962438777089119
18078,0.003204500098945573,0.0011294770301901735,0.9956660196185112
18079,0.6803325265645981,0.006566079740878195,0.3131013847887516
18080,0.8614882975816727,0.008527430822141469,0.12998424470424652
18081,0.9367084503173828,0.0087762480834499,0.05451530637219548
18082,0.9928866326808929,0.0008261595066869631,0.006287201336817816
18083,0.9681848287582397,0.0018717406055657193,0.029943409143015742
18084,0.025329099618829787,0.011502609704621136,0.9631682932376862
18085,0.991679809987545,0.0026561953563941643,0.005663999123498797
18086,0.9901341944932938,0.003805092957918532,0.006060707964934409
18087,0.007929915562272072,0.0008811613733996637,0.9911889135837555
18088,0.21525054145604372,0.2642309032380581,0.5205185413360596
18089,0.9370579347014427,0.0013630989924422465,0.061578945722430944
18090,0.055154655361548066,0.010882263770326972,0.9339630678296089
18091,0.9885271936655045,0.0005161168519407511,0.010956700542010367
18092,0.6811366304755211,0.030265116598457098,0.28859824128448963
18093,0.9334428235888481,0.014725719927810133,0.051831481978297234
18094,0.03493871120736003,0.015507760690525174,0.9495535343885422
18095,0.9928679540753365,0.0005118188983033178,0.006620217172894627
18096,0.08183983573690057,0.0434004245325923,0.8747597336769104
18097,0.829707033932209,0.07689332542940974,0.09339963737875223
18098,0.5975481644272804,0.02720391098409891,0.3752479124814272
18099,0.9954695850610733,0.00014837596518191276,0.004382050188723952
18100,0.7374343499541283,0.11351568112149835,0.14904999546706676
18101,0.8246394917368889,0.01934901310596615,0.1560114910826087
18102,0.9549301788210869,0.0008285453768621664,0.04424129845574498
18103,0.9570550620555878,0.001464601926272735,0.04148033820092678
18104,0.9332405477762222,0.01868695765733719,0.0480725197121501
18105,0.9919646680355072,0.0015007034708105493,0.006534623506013304
18106,0.9533816874027252,0.0325350237544626,0.014083271729759872
18107,0.9258489906787872,0.004068655347509775,0.0700823706574738
18108,0.883256159722805,0.005917647096794099,0.11082618404179811
18109,0.46220386773347855,0.016461055376566947,0.5213350728154182
18110,0.0014740935803274624,0.00038308557486743666,0.9981428012251854
18111,0.7396219819784164,0.005388182937167585,0.2549898512661457
18112,0.0018382490379735827,0.0002593360068203765,0.9979024082422256
18113,0.002287519848323427,0.0004887047871307004,0.9972237795591354
18114,0.9555580317974091,0.002205948199843988,0.04223601799458265
18115,0.23261133208870888,0.005762205910286866,0.7616264894604683
18116,0.44405168667435646,0.002484407552401535,0.5534639209508896
18117,0.8888671025633812,0.039518319768831134,0.07161456951871514
18118,0.7185256108641624,0.009387693658936769,0.2720866873860359
18119,0.970221757888794,0.00022207611073099542,0.02955618523992598
18120,0.8762582838535309,0.0035844898084178567,0.120157222263515
18121,0.9880018979310989,0.00044214996341906954,0.011555944511201233
18122,0.9384167343378067,0.0006585606024600565,0.06092471303418279
18123,0.6346052065491676,0.023179843556135893,0.34221494011580944
18124,0.46090076491236687,0.01736238074954599,0.5217368490993977
18125,0.3218720108270645,0.01636744727147743,0.6617605462670326
18126,0.9568983465433121,0.012021344766253605,0.031080316053703427
18127,0.9453888535499573,0.0033141346066258848,0.05129698337987065
18128,0.9775228127837181,0.00440168593195267,0.018075542524456978
18129,0.42509447038173676,0.02957698015961796,0.5453285537660122
18130,0.6035185493528843,0.047143104718998075,0.34933833964169025
18131,0.06580770434811711,0.008844060532283038,0.9253482297062874
18132,0.15556140337139368,0.004146493782172911,0.8402921110391617
18133,0.98015046864748,0.002481928371707909,0.017367629799991846
18134,0.9625174254179001,0.001101960959204007,0.03638062276877463
18135,0.5743930861353874,0.05952831148169935,0.3660785909742117
18136,0.9560489878058434,0.004220864066155627,0.03973014932125807
18137,0.9738830626010895,0.0007036862916720565,0.025413265801034868
18138,0.8907465040683746,0.0009217500482918695,0.10833172220736742
18139,0.09896249789744616,0.019160339725203812,0.8818771541118622
18140,0.9885178208351135,0.0005630505256704055,0.010919130756519735
18141,0.001406334195053205,0.00016616139146208297,0.998427502810955
18142,0.1433584550395608,0.0009454136816202663,0.8556961119174957
18143,0.9192796051502228,0.008519636059645563,0.07220075093209743
18144,0.056672189151868224,0.006755397887900472,0.936572402715683
18145,0.04715062724426389,0.0036380282836034894,0.9492113441228867
18146,0.9146544560790062,0.009051616943906993,0.0762939308770001
18147,0.759629599750042,0.00877095403848216,0.23159944079816341
18148,0.6707746610045433,0.005126675096107647,0.32409866340458393
18149,0.9580858796834946,0.0007752540659566876,0.041138882050290704
18150,0.07714581489562988,0.004388652421766892,0.9184655472636223
18151,0.9405750930309296,0.04417984583415091,0.015245065675117075
18152,0.9323087334632874,0.0007272230395756196,0.06696402141824365
18153,0.0018715959886321798,0.0003714862159540644,0.9977569356560707
18154,0.3232564814388752,0.13633347349241376,0.5404100604355335
18155,0.957627423107624,0.002348074078327045,0.04002449195832014
18156,0.0015543121917289682,0.0009696066808828618,0.9974760636687279
18157,0.9867764040827751,0.001526431122329086,0.011697153036948293
18158,0.28404165990650654,0.06800818908959627,0.6479501724243164
18159,0.9753048270940781,0.0005559741748584202,0.024139216518960893
18160,0.9581538811326027,0.006013751379214227,0.03583236248232424
18161,0.952430434525013,0.001459609942685347,0.04610996157862246
18162,0.012986557965632528,0.007112415711162612,0.979901023209095
18163,0.05385626177303493,0.16967278439551592,0.7764709368348122
18164,0.9766258373856544,0.00021735578502557473,0.023156790412031114
18165,0.9859181344509125,0.00048735526797827333,0.013594516669400036
18166,0.6347173862159252,0.03991743549704552,0.3253651726990938
18167,0.011298242257907987,0.002287101378897205,0.9864146411418915
18168,0.020463442313484848,0.01045599381905049,0.9690805971622467
18169,0.9582117274403572,0.0025586645715520717,0.03922961023636162
18170,0.024493375793099403,0.005146620387677103,0.9703600257635117
18171,0.041236796183511615,0.006839118403149769,0.9519240856170654
18172,0.9632412269711494,0.0009211506803694647,0.03583764343056828
18173,0.7774869874119759,0.16214742604643106,0.06036557396873832
18174,0.957560271024704,0.0031656656501581892,0.039274067617952824
18175,0.9611492529511452,0.0022180583837325685,0.03663268452510238
18176,0.942437469959259,0.005681861162884161,0.05188068840652704
18177,0.11166665609925985,0.021557743253652006,0.8667756095528603
18178,0.09794501541182399,0.004261877678800374,0.8977931141853333
18179,0.47941721603274345,0.023584445589222014,0.4969983324408531
18180,0.9772963896393776,0.0009794131110538729,0.02172420872375369
18181,0.5479066260159016,0.43207890912890434,0.020014456589706242
18182,0.8334997221827507,0.017601614352315664,0.1488986685872078
18183,0.5397230535745621,0.08844117540866137,0.37183575704693794
18184,0.9786210507154465,0.009207182534737512,0.012171774986200035
18185,0.8300629556179047,0.0017695573405944742,0.16816748213022947
18186,0.7658988386392593,0.007169221236836165,0.22693195939064026
18187,0.9241014793515205,0.0019362968450877815,0.07396225212141871
18188,0.9298092797398567,0.030857721576467156,0.03933301172219217
18189,0.6820330992341042,0.007400178350508213,0.3105667419731617
18190,0.9745133146643639,0.0013663944191648625,0.02412031008861959
18191,0.9497829154133797,0.0027975996490567923,0.04741948843002319
18192,0.7154658287763596,0.02796694473363459,0.25656722858548164
18193,0.9919044598937035,0.001441689171770122,0.00665387258050032
18194,0.920408695936203,0.02210390695836395,0.05748738721013069
18195,0.009291710885008797,0.001915302280394826,0.9887929931282997
18196,0.29781642369925976,0.004350881834398024,0.6978326886892319
18197,0.9494895413517952,0.013810706266667694,0.03669973858632147
18198,0.9753290116786957,0.0021896120306337252,0.02248136594425887
18199,0.9141183942556381,0.005812031420646235,0.08006957592442632
18200,0.8115916922688484,0.009714031999465078,0.17869428265839815
18201,0.7179728262126446,0.00927461514947936,0.272752545773983
18202,0.94979178160429,0.013475601561367512,0.0367326051928103
18203,0.982114776968956,0.0015614362491760403,0.016323807300068438
18204,0.7263366617262363,0.007557030708994716,0.2661062888801098
18205,0.8355879560112953,0.014087862276937813,0.15032418025657535
18206,0.70125462859869,0.008024999930057675,0.29072037152945995
18207,0.005295425144140609,0.0009030258152051829,0.9938015639781952
18208,0.9750194549560547,0.005917484377278015,0.01906304492149502
18209,0.006292861013207585,0.0008871178324625362,0.9928200021386147
18210,0.9624498039484024,0.0010876892119995318,0.03646251675672829
18211,0.9737650901079178,0.002245595445856452,0.0239893130492419
18212,0.42616599053144455,0.06419738428667188,0.5096366330981255
18213,0.9863073006272316,0.002594202582258731,0.01109850313514471
18214,0.9765608385205269,0.011394447064958513,0.012044724135193974
18215,0.8156504034996033,0.01183723274152726,0.1725123729556799
18216,0.9338375329971313,0.008212104148697108,0.05795035790652037
18217,0.7040932551026344,0.029385877307504416,0.26652087084949017
18218,0.9461775049567223,0.0018267668638145551,0.0519957235082984
18219,0.13294714409857988,0.054918606067076325,0.8121342360973358
18220,0.9454576596617699,0.003333232190925628,0.05120910331606865
18221,0.9879441037774086,0.0012556045985547826,0.010800287243910134
18222,0.9545951187610626,0.0011035018069378566,0.04430140554904938
18223,0.23336482606828213,0.010341234650695696,0.7562939450144768
18224,0.9310134202241898,0.004257672146195546,0.06472890404984355
18225,0.9867116659879684,0.0011250413372181356,0.012163284001871943
18226,0.9280271604657173,0.00716986226325389,0.0648029800504446
18227,0.7938497439026833,0.013388228078838438,0.1927620256319642
18228,0.9185246005654335,0.012325611663982272,0.06914978940039873
18229,0.9209540486335754,0.006304870534222573,0.0727410838007927
18230,0.8065541088581085,0.0030817785300314426,0.19036409072577953
18231,0.986089363694191,0.0008027256262721494,0.013107915059663355
18232,0.955467589199543,0.016923495684750378,0.027608895674347878
18233,0.007542166800703853,0.0031742461505928077,0.9892835766077042
18234,0.24522733688354492,0.01049126056022942,0.7442814111709595
18235,0.9783374145627022,0.005283665930619463,0.01637891586869955
18236,0.8227778002619743,0.012028993689455092,0.165193191729486
18237,0.8423957973718643,0.07710092514753342,0.08050326630473137
18238,0.9809023663401604,0.002769290571450256,0.01632835785858333
18239,0.8432719931006432,0.02195706416387111,0.13477094005793333
18240,0.7667228952050209,0.0018742868924164213,0.23140281438827515
18241,0.9795330166816711,0.008182850200682878,0.012284128344617784
18242,0.9373465478420258,0.007611332926899195,0.05504214810207486
18243,0.8577615544199944,0.01817685243440792,0.12406156491488218
18244,0.9564859718084335,0.0019726433893083595,0.04154139547608793
18245,0.9490212202072144,0.005239247082499787,0.045739509630948305
18246,0.963829293847084,0.005757179140346125,0.0304135384503752
18247,0.005360443232348189,0.0021365800566854887,0.9925029650330544
18248,0.9820487052202225,0.0023514244676334783,0.015599875128827989
18249,0.9817116931080818,0.011765927250962704,0.006522380339447409
18250,0.9819823503494263,0.002651408882229589,0.01536625059088692
18251,0.001763021522492636,0.00030880757549311966,0.9979281574487686
18252,0.9837004393339157,0.005092710260214517,0.011206837312784046
18253,0.1819861987605691,0.0063915323407854885,0.8116222620010376
18254,0.3269982133060694,0.011990256141871214,0.6610115319490433
18255,0.77566759288311,0.025983275147154927,0.19834911730140448
18256,0.23493248131126165,0.00870017521083355,0.7563673257827759
18257,0.9676305651664734,0.0029361436027102172,0.029433295596390963
18258,0.6793827265501022,0.025836743414402008,0.29478055611252785
18259,0.9048005938529968,0.009773539553862065,0.08542588539421558
18260,0.06707162456586957,0.001171856558357831,0.9317565187811852
18261,0.9762906357645988,0.0021508669160539284,0.02155849931295961
18262,0.6896134093403816,0.046030274825170636,0.26435630209743977
18263,0.5077336765825748,0.4202915206551552,0.07197479112073779
18264,0.9371925592422485,0.008324137888848782,0.05448331800289452
18265,0.023522960022091866,0.010663059423677623,0.9658139795064926
18266,0.8656653836369514,0.002626205314300023,0.13170842546969652
18267,0.9596821889281273,0.00936567276949063,0.030952146742492914
18268,0.9474969953298569,0.001448329203412868,0.051054678624495864
18269,0.9569524452090263,0.002950225753011182,0.040097315795719624
18270,0.9740891978144646,0.001912935942527838,0.023997847689315677
18271,0.9374376907944679,0.0037190824514254928,0.05884323222562671
18272,0.8131176084280014,0.03766493988223374,0.1492174556478858
18273,0.9433851987123489,0.0029519789532059804,0.05366283701732755
18274,0.8703836500644684,0.012826053192839026,0.11679028067737818
18275,0.8377528488636017,0.016239783610217273,0.146007364615798
18276,0.17140122596174479,0.013815709913615137,0.8147830590605736
18277,0.9950877577066422,0.002271744509926066,0.002640529230120592
18278,0.659546785056591,0.009850429079961032,0.33060277812182903
18279,0.9578715115785599,0.009686739183962345,0.03244173573330045
18280,0.42588308826088905,0.008611978031694889,0.5655049383640289
18281,0.0069995951489545405,0.0036210899052093737,0.9893792942166328
18282,0.8565354123711586,0.007852087903302163,0.13561249524354935
18283,0.7443382143974304,0.0069554257788695395,0.24870636127889156
18284,0.6787102110683918,0.04119234625250101,0.2800974491983652
18285,0.5918105244636536,0.2488768771290779,0.15931260958313942
18286,0.9728323072195053,0.0025241229159291834,0.024643559823744
18287,0.9249558374285698,0.006483004603069276,0.06856114510446787
18288,0.7398287281394005,0.006147433596197516,0.2540238592773676
18289,0.4878978729248047,0.012488831183873117,0.49961329996585846
18290,0.917476236820221,0.004014600504888222,0.07850916031748056
18291,0.9738074541091919,0.0006258843495743349,0.02556666114833206
18292,0.9811533316969872,0.0006760808391845785,0.018170597264543176
18293,0.9260381311178207,0.004359164071502164,0.06960270367562771
18294,0.9767957851290703,0.0004979174173058709,0.02270628313999623
18295,0.9929115995764732,0.0012637129693757743,0.005824670864967629
18296,0.3286276441067457,0.013639888842590153,0.6577324904501438
18297,0.9149852842092514,0.005435716826468706,0.0795789984986186
18298,0.9595669880509377,0.009448845987208188,0.03098414931446314
18299,0.9315679669380188,0.005088005273137242,0.06334403809159994
18300,0.11641706340014935,0.01930417027324438,0.864278756082058
18301,0.9864337518811226,0.00068730932980543,0.012878944457042962
18302,0.9772858321666718,0.004724720434751362,0.017989420564845204
18303,0.9645003601908684,0.001511045018560253,0.03398858429864049
18304,0.6586037762463093,0.028194267069920897,0.31320194713771343
18305,0.893939919769764,0.058270522742532194,0.04778955806978047
18306,0.9786988124251366,0.0030717878689756617,0.018229400389827788
18307,0.9316679164767265,0.002104132086969912,0.06622796086594462
18308,0.694688718765974,0.011885077226907015,0.29342618957161903
18309,0.9027480334043503,0.004197279660729691,0.09305466013029218
18310,0.9548081830143929,0.004409355824464001,0.0407824688591063
18311,0.9678239896893501,0.001140303342253901,0.03103568241931498
18312,0.003109308599960059,0.0006454826143453829,0.9962451979517937
18313,0.8509382903575897,0.007787686248775572,0.1412740247324109
18314,0.47815851122140884,0.0015865917775954586,0.5202548913657665
18315,0.8953839018940926,0.05267274589277804,0.05194337503053248
18316,0.9863487929105759,0.000834338650747668,0.012816858827136457
18317,0.04677813360467553,0.002216216831584461,0.9510056525468826
18318,0.925531767308712,0.001019395756884478,0.0734488358721137
18319,0.9538714438676834,0.001765358101692982,0.04436321975663304
18320,0.7609219402074814,0.008543642179574817,0.23053442686796188
18321,0.9648834094405174,0.0030964658362790942,0.03202012227848172
18322,0.9866316318511963,0.00242216071637813,0.010946216236334294
18323,0.5539226233959198,0.2670935681089759,0.1789838122203946
18324,0.9414785206317902,0.0018026100588031113,0.05671886121854186
18325,0.0135713592171669,0.0018248080668854527,0.9846038147807121
18326,0.9646808877587318,0.0037588561535812914,0.03156025125645101
18327,0.9422597587108612,0.007801158586516976,0.04993909830227494
18328,0.9669929146766663,0.01597671292256564,0.017030369257554412
18329,0.9264468923211098,0.0012486985797295347,0.07230441737920046
18330,0.5452669486403465,0.0008126229040499311,0.4539204314351082
18331,0.9332526996731758,0.04271512781269848,0.024032152839936316
18332,0.9608183354139328,0.01209637665306218,0.027085288893431425
18333,0.9479193836450577,0.0024643897704663686,0.049616243690252304
18334,0.9337512627243996,0.01960716029861942,0.04664157098159194
18335,0.892335444688797,0.022279195429291576,0.0853853621520102
18336,0.9660623669624329,0.001573627581819892,0.03236401197500527
18337,0.9472558349370956,0.003920386501704343,0.048823810182511806
18338,0.016356005682609975,0.012494337279349566,0.9711496904492378
18339,0.7476208955049515,0.03726238338276744,0.2151167169213295
18340,0.9738581255078316,0.003581558834412135,0.022560309851542115
18341,0.7575199455022812,0.02006169513333589,0.22241837345063686
18342,0.27033471316099167,0.03165182506199926,0.698013462126255
18343,0.03789787972345948,0.06560237100347877,0.8964997604489326
18344,0.9527657777070999,0.012429366586729884,0.034804852679371834
18345,0.6547297649085522,0.0140548039926216,0.33121543377637863
18346,0.9433746412396431,0.002722385819652118,0.05390297435224056
18347,0.13621123228222132,0.0045965908211655915,0.8591921925544739
18348,0.3170721121132374,0.002311037518666126,0.6806168556213379
18349,0.7959340885281563,0.00862301595043391,0.1954428954049945
18350,0.8463980108499527,0.015438267611898482,0.1381637305021286
18351,0.992348738014698,0.0010586638636596035,0.006592582154553384
18352,0.7112827524542809,0.019757676986046135,0.2689595948904753
18353,0.8418833836913109,0.0010557589193922468,0.15706085413694382
18354,0.10906784329563379,0.010604367649648339,0.8803278058767319
18355,0.9362574815750122,0.007206912443507463,0.05653560487553477
18356,0.9534232392907143,0.0007891074201324955,0.04578764270991087
18357,0.11502244789153337,0.46001315116882324,0.42496439442038536
18358,0.0685445093549788,0.008432313508819789,0.923023171722889
18359,0.03376227035187185,0.009459073364268988,0.9567786753177643
18360,0.9893131107091904,0.0035931059101130813,0.007093799766153097
18361,0.943105973303318,0.003789097085245885,0.05310493893921375
18362,0.004512978601269424,0.00162554117559921,0.9938614591956139
18363,0.02171187405474484,0.009808144124690443,0.9684799835085869
18364,0.598527330905199,0.058717583771795034,0.34275506995618343
18365,0.9775819256901741,0.0008957885729614645,0.021522285183891654
18366,0.9743718653917313,0.010350584503612481,0.01527753344271332
18367,0.18476283736526966,0.5335418581962585,0.28169529885053635
18368,0.25745285488665104,0.012550243933219463,0.7299969121813774
18369,0.1575784245505929,0.006518722366308793,0.8359028548002243
18370,0.9879149943590164,0.0005245660067885183,0.011560453625861555
18371,0.019775082590058446,0.005355265340767801,0.9748696461319923
18372,0.07864532759413123,0.095292953774333,0.8260617032647133
18373,0.8476288467645645,0.008015930419787765,0.14435522817075253
18374,0.9881074503064156,0.0003806938166235341,0.011511834629345685
18375,0.6384297534823418,0.005090622755233198,0.35647962614893913
18376,0.9434040635824203,0.001962242058652919,0.054633687948808074
18377,0.8678072839975357,0.07168057700619102,0.06051212456077337
18378,0.6952780112624168,0.011444239091360942,0.2932777423411608
18379,0.8824817463755608,0.0012782700687239412,0.11623999197036028
18380,0.9689410775899887,0.0016423880588263273,0.029416533070616424
18381,0.12732906267046928,0.0013447388919303194,0.8713262230157852
18382,0.6254077889025211,0.05533677781932056,0.3192554395645857
18383,0.9636736512184143,0.006622124696150422,0.02970423665829003
18384,0.8780778720974922,0.00649872439680621,0.11542338924482465
18385,0.6058309152722359,0.014342714915983379,0.3798263631761074
18386,0.37109132297337055,0.011828817427158356,0.6170798651874065
18387,0.5362095944583416,0.11432938277721405,0.349461006000638
18388,0.6766790449619293,0.03377050650306046,0.28955043852329254
18389,0.980919323861599,0.0036763725511264056,0.015404286561533809
18390,0.9490465149283409,0.0005132786300237058,0.05044018244370818
18391,0.7722655758261681,0.01208436954766512,0.21565007790923119
18392,0.7345323860645294,0.014788692526053637,0.2506789118051529
18393,0.7227151617407799,0.008807656296994537,0.26847719587385654
18394,0.9032294750213623,0.004558825836284086,0.09221169864758849
18395,0.9721318557858467,0.005702184629626572,0.022165965754538774
18396,0.5893607400357723,0.00346529005037155,0.4071739800274372
18397,0.9887646287679672,0.0023990331537788734,0.008836345106828958
18398,0.02413428551517427,0.004646675632102415,0.9712190330028534
18399,0.9869932308793068,0.0002308602897755918,0.01277591270627454
18400,0.8495802953839302,0.014542190881911665,0.1358774909749627
18401,0.6686683222651482,0.013043176906649023,0.31828849390149117
18402,0.961122952401638,0.002361333114095032,0.03651571203954518
18403,0.9853959307074547,0.0007412976992782205,0.013862768420949578
18404,0.7623869590461254,0.0032960783719317988,0.23431695438921452
18405,0.00962095835711807,0.004373592862975784,0.9860054329037666
18406,0.004675057367421687,0.0008544536067347508,0.9944704845547676
18407,0.9539984241127968,0.00040983190228871536,0.04559174599125981
18408,0.9958649948239326,0.0001384552206218359,0.003996528859715909
18409,0.0034466440993128344,0.00034079851320711896,0.9962125569581985
18410,0.6781085133552551,0.0163030520780012,0.3055884428322315
18411,0.022185444948263466,0.0028627806896110997,0.9749518036842346
18412,0.0044579641544260085,0.0003846788276860025,0.9951573684811592
18413,0.9330222085118294,0.004101428668946028,0.06287636514753103
18414,0.8788165003061295,0.017808660282753408,0.10337484627962112
18415,0.6958541125059128,0.13118958100676537,0.1729562869295478
18416,0.6161571070551872,0.015469308360479772,0.3683735765516758
18417,0.8046717643737793,0.13113910611718893,0.06418912438675761
18418,0.5865139998495579,0.005956246750429273,0.4075297489762306
18419,0.03505766042508185,0.009128843026701361,0.9558134898543358
18420,0.008897051448002458,0.0017876908677862957,0.9893152564764023
18421,0.7187036387622356,0.021322455257177353,0.2599739097058773
18422,0.8422663435339928,0.00873676489572972,0.14899689424782991
18423,0.9712905958294868,0.007884743594331667,0.020824634819291532
18424,0.9216031357645988,0.003456362770521082,0.07494049752131104
18425,0.9882098883390427,0.0005481501593749272,0.011241938336752355
18426,0.9056141600012779,0.007143876340705901,0.08724196255207062
18427,0.005249985086265951,0.0005972997241769917,0.994152694940567
18428,0.9488762021064758,0.002164172114134999,0.0489596223924309
18429,0.586780097335577,0.009595170384272933,0.4036247357726097
18430,0.73820611089468,0.07093497319146991,0.19085890520364046
18431,0.9000953510403633,0.003596047288738191,0.09630860574543476
18432,0.863168329000473,0.012434376636520028,0.1243973015807569
18433,0.1800161451101303,0.004063309344928712,0.8159205392003059
18434,0.9716247469186783,0.00282197464548517,0.025553277577273548
18435,0.7247120961546898,0.0026342440251028165,0.2726536775007844
18436,0.8911563828587532,0.07293670950457454,0.035906898556277156
18437,0.9253658503293991,0.004672732902690768,0.06996139697730541
18438,0.9563108086585999,0.0035830863926094025,0.040106101892888546
18439,0.11266779527068138,0.012756330834235996,0.8745758906006813
18440,0.36308250576257706,0.03597364225424826,0.6009438298642635
18441,0.9072606116533279,0.035508139233570546,0.057231269776821136
18442,0.4547341987490654,0.010388980619609356,0.5348768122494221
18443,0.9675246402621269,0.0021658926707459614,0.030309469089843333
18444,0.8844704702496529,0.004661406215745956,0.11086812242865562
18445,0.38151273876428604,0.05166587745770812,0.5668213851749897
18446,0.45305700972676277,0.006551639526151121,0.5403913483023643
18447,0.9504988119006157,0.0028978474874747917,0.04660333367064595
18448,0.006070878531318158,0.0002346092669540667,0.9936945214867592
18449,0.05295750079676509,0.005164804722880945,0.9418777078390121
18450,0.11734863091260195,0.03122896933928132,0.8514223843812943
18451,0.9231699779629707,0.00727624719729647,0.06955375662073493
18452,0.9114772900938988,0.05815680557861924,0.030365887796506286
18453,0.6150816865265369,0.018567093182355165,0.366351205855608
18454,0.9664897993206978,0.001132001922087511,0.03237822512164712
18455,0.03654601098969579,0.002220986585598439,0.9612329825758934
18456,0.0635490189306438,0.004064117762027308,0.9323868528008461
18457,0.8428788185119629,0.004477469017729163,0.15264369826763868
18458,0.6236254721879959,0.008680567319970578,0.3676939532160759
18459,0.01236584852449596,0.0050770522793754935,0.982557125389576
18460,0.685832854360342,0.005618567694909871,0.30854859948158264
18461,0.8767776265740395,0.007128147466573864,0.11609424883499742
18462,0.13865461479872465,0.009890430141240358,0.851454958319664
18463,0.9913987666368484,0.0010850680628209375,0.0075161674758419394
18464,0.9545372352004051,0.0032001041545299813,0.04226266290061176
18465,0.06153861852362752,0.6067623011767864,0.33169906586408615
18466,0.36043148674070835,0.014057737484108657,0.6255107671022415
18467,0.30848462134599686,0.47060427069664,0.22091110236942768
18468,0.9710641205310822,0.006520739727420732,0.02241513051558286
18469,0.8555457592010498,0.0018598262540763244,0.1425944184884429
18470,0.9819127172231674,0.0002810951409628615,0.017806206247769296
18471,0.8504498228430748,0.011386482394300401,0.13816369231790304
18472,0.984732486307621,0.004884678695816547,0.01038283942034468
18473,0.9688289314508438,0.0032495429477421567,0.02792152832262218
18474,0.9113638922572136,0.016699423707905225,0.07193667162209749
18475,0.9645111784338951,0.0008291706562886247,0.034659646451473236
18476,0.007807103655068204,0.0020133540965616703,0.9901795610785484
18477,0.974718414247036,0.00030780943961872254,0.0249737681588158
18478,0.13269664533436298,0.005218943959334865,0.8620844036340714
18479,0.985973984003067,0.0004953767238475848,0.013530642609111965
18480,0.9845846220850945,0.002941086786449887,0.0124742875341326
18481,0.9722681045532227,0.004424647719133645,0.02330724219791591
18482,0.7898121699690819,0.10973609844222665,0.10045174416154623
18483,0.9759635329246521,0.005011875036871061,0.01902460539713502
18484,0.02328923053573817,0.0032455079053761438,0.9734652563929558
18485,0.7238355576992035,0.02927122067194432,0.2468932308256626
18486,0.01669651409611106,0.0021044093009550124,0.981199100613594
18487,0.3298210334032774,0.04141431231983006,0.6287646666169167
18488,0.8902782052755356,0.009061432618182153,0.1006603604182601
18489,0.11853690724819899,0.017723339493386447,0.8637397736310959
18490,0.8508010059595108,0.0028696005974779837,0.1463293805718422
18491,0.8190846815705299,0.022253989707678556,0.15866132266819477
18492,0.9576472118496895,0.0024517618876416236,0.03990101208910346
18493,0.9428805559873581,0.019359208177775145,0.037760237930342555
18494,0.47351911291480064,0.04526650672778487,0.48121436685323715
18495,0.9925408810377121,0.001425115900929086,0.0060339887568261474
18496,0.3080261815339327,0.2915911078453064,0.40038271248340607
18497,0.3717717006802559,0.06604565843008459,0.5621826536953449
18498,0.004936215293128043,0.007208267983514816,0.9878555238246918
18499,0.9528801366686821,0.004594383179210126,0.04252548748627305
18500,0.14370851777493954,0.001208711095387116,0.8550827652215958
18501,0.7989987879991531,0.021631178678944707,0.1793700335547328
18502,0.9835067018866539,0.0009278679608542006,0.015565449022687972
18503,0.496690284460783,0.006651626987149939,0.4966580756008625
18504,0.983534425497055,0.0008010827950784005,0.015664497565012425
18505,0.9429946839809418,0.001542796533613,0.05546250566840172
18506,0.5495941862463951,0.024179519270546734,0.42622629925608635
18507,0.9733369871973991,0.0039034715009620413,0.02275953837670386
18508,0.6092824898660183,0.01537499378900975,0.3753425031900406
18509,0.5625493936240673,0.011226545146200806,0.4262240640819073
18510,0.8951121345162392,0.014069983561057597,0.09081786125898361
18511,0.9015650153160095,0.01752832724014297,0.08090664306655526
18512,0.986995130777359,0.002042724547209218,0.010962146450765431
18513,0.413658669218421,0.003319061957881786,0.5830222442746162
18514,0.6810327507555485,0.0021912222291575745,0.3167760092765093
18515,0.9229131266474724,0.0006624464622291271,0.07642444036900997
18516,0.9092995151877403,0.011162531503941864,0.07953796302899718
18517,0.9783979505300522,0.0007795798774168361,0.02082248532678932
18518,0.9676500409841537,0.01410073327133432,0.018249218410346657
18519,0.7828721851110458,0.0006941169485799037,0.2164337197318673
18520,0.0107789714820683,0.001419768545019906,0.9878012537956238
18521,0.9897333234548569,0.0025737267424119636,0.007692960381973535
18522,0.9945673942565918,0.0007826536566426512,0.0046499652962666005
18523,0.7589191123843193,0.05400283192284405,0.18707804940640926
18524,0.8983142226934433,0.006921706721186638,0.09476409386843443
18525,0.933275118470192,0.015318693011067808,0.05140619119629264
18526,0.36329111084342003,0.0127550566685386,0.6239538230001926
18527,0.9806343913078308,0.0019343845124240033,0.01743119489401579
18528,0.9277952387928963,0.008229160972405225,0.06397561263293028
18529,0.7710992768406868,0.103657650295645,0.1252430472522974
18530,0.9692360460758209,0.0028662070108111948,0.02789774676784873
18531,0.027524336706846952,0.003879175230395049,0.968596488237381
18532,0.038989402004517615,0.0003687466341943946,0.9606418535113335
18533,0.025477963034063578,0.007137337001040578,0.9673847034573555
18534,0.005268457054626197,0.0016066609678091481,0.9931248724460602
18535,0.008207212435081601,0.0010165326966671273,0.9907762557268143
18536,0.5017096772789955,0.0036464595759753138,0.4946438707411289
18537,0.9754226580262184,0.004917047917842865,0.0196602939395234
18538,0.2613607384264469,0.015087123843841255,0.7235521376132965
18539,0.11721185594797134,0.00969564140541479,0.8730924874544144
18540,0.9433924481272697,0.03275473974645138,0.023852820857428014
18541,0.7007908374071121,0.00789617287227884,0.29131297022104263
18542,0.9359486773610115,0.00581701700866688,0.058234297670423985
18543,0.9885937720537186,0.0013582044848590158,0.010048032971099019
18544,0.3757401164621115,0.021611230447888374,0.6026486493647099
18545,0.8655095994472504,0.10139463655650616,0.033095763297751546
18546,0.9768159165978432,0.011045971885323524,0.012138106336351484
18547,0.9926538169384003,0.0005337384936865419,0.00681244459701702
18548,0.9099412187933922,0.005453423917060718,0.08460535481572151
18549,0.8242725506424904,0.00817245926009491,0.16755499504506588
18550,0.20426064170897007,0.007739953347481787,0.7879994139075279
18551,0.00892961147474125,0.0007775887206662446,0.9902928024530411
18552,0.8811265826225281,0.004506410768954083,0.1143670305609703
18553,0.9054406136274338,0.0072709108935669065,0.08728847280144691
18554,0.9811479300260544,0.0004160868593316991,0.018435963662341237
18555,0.012405460234731436,0.002633973039337434,0.9849605485796928
18556,0.030412363586947322,0.0456907011102885,0.9238969311118126
18557,0.8856643214821815,0.004034076409880072,0.11030160821974277
18558,0.8041026070713997,0.003110749297775328,0.19278664980083704
18559,0.9587546810507774,0.0023998039250727743,0.03884551813825965
18560,0.7153959348797798,0.00541857976350002,0.27918549440801144
18561,0.6913191825151443,0.007293123810086399,0.30138771422207355
18562,0.9118126034736633,0.028544532950036228,0.05964286020025611
18563,0.9044359102845192,0.005328882019966841,0.09023518161848187
18564,0.9629859179258347,0.018774366937577724,0.018239681725390255
18565,0.7831443473696709,0.049947338411584496,0.16690830700099468
18566,0.383524514734745,0.30161129124462605,0.3148641977459192
18567,0.30637553334236145,0.044219541596248746,0.6494049429893494
18568,0.9455469697713852,0.004217391106067225,0.05023563886061311
18569,0.7301965057849884,0.018120322900358588,0.25168318301439285
18570,0.9257842972874641,0.006170227890834212,0.06804545177146792
18571,0.020900106756016612,0.004862547415541485,0.9742373451590538
18572,0.9522706568241119,0.009336504532257095,0.0383928248193115
18573,0.8148057907819748,0.018076365522574633,0.16711784433573484
18574,0.9583859667181969,0.0007058145274640992,0.0409082118421793
18575,0.31224593706429005,0.1965723494067788,0.49118172377347946
18576,0.9440971314907074,0.011472124780993909,0.04443074343726039
18577,0.5928007401525974,0.13314114324748516,0.27405810728669167
18578,0.007999468536581844,0.002627140434924513,0.9893734082579613
18579,0.9457416385412216,0.005455160891870037,0.048803205136209726
18580,0.1805460611358285,0.018385502160526812,0.8010684475302696
18581,0.9581380635499954,0.0016841422111610882,0.04017782723531127
18582,0.9551388695836067,0.00959413789678365,0.035267003579065204
18583,0.9544598385691643,0.004123230275581591,0.041416954481974244
18584,0.3917225170880556,0.010218089912086725,0.5980593785643578
18585,0.9761550799012184,0.003340240378747694,0.020504681393504143
18586,0.9513730481266975,0.003950025886297226,0.044676935067400336
18587,0.18152942974120378,0.0022609284496866167,0.8162096366286278
18588,0.9930901974439621,0.00019581376363930758,0.006714010989526287
18589,0.9271672144532204,0.002669967114343308,0.07016282575204968
18590,0.6893579065799713,0.24036355316638947,0.07027855329215527
18591,0.8349453434348106,0.01031386706745252,0.154740777797997
18592,0.041397999972105026,0.004661691898945719,0.9539402723312378
18593,0.013211281679105014,0.007181406253948808,0.9796073213219643
18594,0.9837985187768936,0.0019969283166574314,0.014204550418071449
18595,0.9440598040819168,0.0029160124686313793,0.05302418069913983
18596,0.9397572875022888,0.001833662681747228,0.05840904847718775
18597,0.06210786057636142,0.004144719248870388,0.9337474331259727
18598,0.6872916147112846,0.04078659042716026,0.2719217911362648
18599,0.9870495498180389,0.002855948740034364,0.010094486002344638
18600,0.34434538148343563,0.0018927142082247883,0.6537619270384312
18601,0.9974610283970833,0.000369328488886822,0.0021696295007131994
18602,0.4554741904139519,0.020292332163080573,0.5242334865033627
18603,0.527009304612875,0.004636022640625015,0.46835465729236603
18604,0.9690048918128014,0.004424487182404846,0.026570636546239257
18605,0.6029215231537819,0.0134250478586182,0.3836534358561039
18606,0.6166419200599194,0.325959287583828,0.05739877698943019
18607,0.9758029282093048,0.0011643686593743041,0.023032691911794245
18608,0.9287755861878395,0.006761513999663293,0.06446291180327535
18609,0.763610228896141,0.016721978085115552,0.21966780442744493
18610,0.37814879044890404,0.0020236150885466486,0.6198275722563267
18611,0.8943904936313629,0.00873766146833077,0.0968718659132719
18612,0.29536808654665947,0.003092552928137593,0.7015393488109112
18613,0.012655446422286332,0.0011814560712082312,0.9861630946397781
18614,0.08877338422462344,0.025024894974194467,0.8862017542123795
18615,0.9335798397660255,0.029227260267362,0.03719288110733032
18616,0.2009016666561365,0.005434884398709983,0.7936634495854378
18617,0.00915704426006414,0.001136214385041967,0.9897067174315453
18618,0.3857782930135727,0.012691788200754672,0.6015299148857594
18619,0.9743300005793571,0.009720656205900013,0.015949311666190624
18620,0.48557792603969574,0.006160448581795208,0.5082616191357374
18621,0.834940105676651,0.009193626639898866,0.15586626715958118
18622,0.3921400345861912,0.00944417406572029,0.5984157845377922
18623,0.02548197633586824,0.0021655956661561504,0.9723524302244186
18624,0.8532442897558212,0.012412800046149641,0.13434291165322065
18625,0.924177885055542,0.002982344085467048,0.07283976161852479
18626,0.9753662496805191,0.003537360782502219,0.021096379379741848
18627,0.5784000121057034,0.0021626863308483735,0.4194373022764921
18628,0.9015676975250244,0.06921443482860923,0.029217855306342244
18629,0.08404284156858921,0.027153049828484654,0.8888041004538536
18630,0.405016515403986,0.015624448657035828,0.5793590359389782
18631,0.9812852144241333,0.0007591458379465621,0.01795562799088657
18632,0.9847018495202065,0.0030573131080018356,0.012240827083587646
18633,0.9905841201543808,0.0037692899350076914,0.005646573175908998
18634,0.9803846478462219,0.0060014768387191,0.013613903662189841
18635,0.7686482667922974,0.034038676298223436,0.19731306564062834
18636,0.9816642925143242,0.00021535740143008297,0.018120348686352372
18637,0.9765111356973648,0.0003531481088430155,0.023135711438953876
18638,0.20653746835887432,0.023842548136599362,0.7696199789643288
18639,0.1977762896567583,0.001736607817292679,0.8004870936274529
18640,0.08452126709744334,0.013445573975332081,0.902033157646656
18641,0.8921913132071495,0.013477214612066746,0.09433144377544522
18642,0.9929458275437355,0.0008260567992692813,0.006228094920516014
18643,0.34206268936395645,0.24818946979939938,0.4097478426992893
18644,0.02066176349762827,0.005574442126089707,0.9737637788057327
18645,0.9750557094812393,0.0024757291976129636,0.02246857015416026
18646,0.5857234597206116,0.008367693691980094,0.4059088323265314
18647,0.9415695667266846,0.006009639939293265,0.05242077447474003
18648,0.9811708778142929,0.0007961621595313773,0.018032947555184364
18649,0.17354200221598148,0.027318492881022394,0.7991394996643066
18650,0.9505531042814255,0.008270448306575418,0.041176456958055496
18651,0.9755198210477829,0.001385136230965145,0.023095055599696934
18652,0.001116195177019108,0.0004377133118396159,0.9984460473060608
18653,0.7720127552747726,0.05486892722547054,0.17311833705753088
18654,0.9155152514576912,0.004529407204245217,0.07995535107329488
18655,0.4481106474995613,0.010352713637985289,0.541536632925272
18656,0.9201779961585999,0.015286215115338564,0.06453578220680356
18657,0.9894970953464508,0.000566257720493013,0.00993664434645325
18658,0.3900061845779419,0.0018030863866442814,0.6081907488405704
18659,0.9874784797430038,0.0011288713867543265,0.011392645712476224
18660,0.9665091410279274,0.0037867408245801926,0.029704114655032754
18661,0.9319556206464767,0.043936932692304254,0.024107457022182643
18662,0.9312165156006813,0.0025447798834647983,0.06623871996998787
18663,0.23529563657939434,0.05005351221188903,0.7146508619189262
18664,0.01510424620937556,0.0018532140966271982,0.9830425605177879
18665,0.680630587041378,0.06237963121384382,0.2569897975772619
18666,0.9790788441896439,0.0008766492828726768,0.020044491393491626
18667,0.9680128693580627,0.00875589915085584,0.023231253027915955
18668,0.8677464127540588,0.0018185315420851111,0.13043505884706974
18669,0.9366294294595718,0.0036137456045253202,0.05975683662109077
18670,0.9202467277646065,0.004183623532298952,0.07556964410468936
18671,0.9810180515050888,0.0004359069098427426,0.018546045990660787
18672,0.8681243062019348,0.0035356665903236717,0.1283400314860046
18673,0.43652980402112007,0.004577447936753742,0.5588927567005157
18674,0.985586129128933,0.0020155997190158814,0.012398249236866832
18675,0.8906595259904861,0.003258308715885505,0.10608219075948
18676,0.9647936895489693,0.005870480672456324,0.029335849918425083
18677,0.9488617107272148,0.013158711546566337,0.037979570450261235
18678,0.61937141045928,0.00430198188405484,0.37632659636437893
18679,0.9924785941839218,0.00021279052361933282,0.007308628148166463
18680,0.9815056994557381,0.0018797757365973666,0.016614531632512808
18681,0.9607949405908585,0.017793328152038157,0.02141173428390175
18682,0.8973440676927567,0.08185889711603522,0.02079701574984938
18683,0.7683191075921059,0.008146441803546622,0.22353445924818516
18684,0.9733143597841263,0.008343797118868679,0.018341836635954678
18685,0.5937374792993069,0.005336637317668647,0.4009258709847927
18686,0.9758958593010902,0.003495775497867726,0.020608358783647418
18687,0.7957319244742393,0.009219242492690682,0.19504882209002972
18688,0.005700478854123503,0.0007597410767630208,0.9935397803783417
18689,0.9363399744033813,0.0036603290791390464,0.059999710880219936
18690,0.7216942608356476,0.04037708742544055,0.23792864382266998
18691,0.3397578038275242,0.10669717052951455,0.553545031696558
18692,0.8985524252057076,0.0037302571727195755,0.09771731216460466
18693,0.15547370444983244,0.07292801421135664,0.771598294377327
18694,0.25054651498794556,0.0277390357805416,0.7217144444584846
18695,0.892141155898571,0.005421732988907024,0.10243711899966002
18696,0.9830465763807297,0.0025820557930273935,0.014371379744261503
18697,0.49490194395184517,0.0023531888582510874,0.5027448609471321
18698,0.8486134707927704,0.07163663883693516,0.07974989200010896
18699,0.9345956072211266,0.007015916839009151,0.05838847137056291
18700,0.2821938078850508,0.04777046525850892,0.6700357347726822
18701,0.41237377002835274,0.028176903491839767,0.5594493262469769
18702,0.9758419468998909,0.01074161723954603,0.013416435569524765
18703,0.8057403340935707,0.05168054183013737,0.14257914014160633
18704,0.9068973287940025,0.0054704288195353,0.08763222862035036
18705,0.7940937280654907,0.0526511378120631,0.1532551348209381
18706,0.9393000900745392,0.0031665043643442914,0.05753340758383274
18707,0.9370719939470291,0.00688532943604514,0.05604267492890358
18708,0.5932580269873142,0.006012946600094438,0.4007290229201317
18709,0.8455953299999237,0.009869661647826433,0.14453500881791115
18710,0.981451615691185,0.000909955742827151,0.017638418008573353
18711,0.9501619040966034,0.001733639343001414,0.048104435205459595
18712,0.01165980490623042,0.0034847336501115933,0.984855480492115
18713,0.899023711681366,0.005218030768446624,0.09575824998319149
18714,0.22640143521130085,0.013290234724991024,0.7603083401918411
18715,0.9340898394584656,0.003936301596695557,0.06197385070845485
18716,0.9839871376752853,0.002188898652093485,0.01382397674024105
18717,0.6519481390714645,0.009688360063591972,0.33836350962519646
18718,0.9740702509880066,0.003020531738002319,0.022909199353307486
18719,0.7719452828168869,0.006066738482331857,0.22198796458542347
18720,0.9782310128211975,0.0003137519606752903,0.021455239970237017
18721,0.8955283910036087,0.0005678268025803845,0.10390377696603537
18722,0.594796746969223,0.003615176334278658,0.4015880823135376
18723,0.021412365254946053,0.012429533468093723,0.9661581292748451
18724,0.9219068512320518,0.004019583822810091,0.07407357171177864
18725,0.7436521500349045,0.012211088906042278,0.24413674138486385
18726,0.9905320927500725,0.00025366714180563577,0.009214254561811686
18727,0.8459982797503471,0.010293049563188106,0.14370864909142256
18728,0.9896755665540695,0.000953660040977411,0.009370761050377041
18729,0.9790723547339439,0.0039455165970139205,0.016982116969302297
18730,0.9407638013362885,0.001170277399069164,0.05806594528257847
18731,0.9665959626436234,0.0006540826507261954,0.032749962294474244
18732,0.8886925727128983,0.0045332188019528985,0.10677420301362872
18733,0.280838206410408,0.008548112673452124,0.7106136679649353
18734,0.9351869523525238,0.012784063117578626,0.052028986625373363
18735,0.8035573363304138,0.06564188841730356,0.13080077804625034
18736,0.9860870689153671,0.0005511217168532312,0.013361827761400491
18737,0.9673489555716515,0.005212602758547291,0.027438424061983824
18738,0.7745719775557518,0.006259290734305978,0.21916873566806316
18739,0.3632688019424677,0.012239301460795105,0.6244919113814831
18740,0.7108412235975266,0.001992140882066451,0.2871666569262743
18741,0.8247085139155388,0.00805604481138289,0.16723543219268322
18742,0.026106903795152903,0.0036855669459328055,0.9702075123786926
18743,0.9465795680880547,0.0005120264268043684,0.05290839588269591
18744,0.6411011666059494,0.02751991245895624,0.33137890323996544
18745,0.11260404717177153,0.0327756442129612,0.8546203076839447
18746,0.9180658906698227,0.006504950288217515,0.07542915269732475
18747,0.7560106739401817,0.02097382489591837,0.22301549464464188
18748,0.9722096920013428,0.008736811636481434,0.019053483963944018
18749,0.789236031472683,0.015169810125371441,0.19559417851269245
18750,0.17188983876258135,0.005527504690689966,0.8225826546549797
18751,0.9572690576314926,0.022555596544407308,0.020175345242023468
18752,0.9525793790817261,0.002414040318399202,0.04500655038282275
18753,0.9763952866196632,0.002474964945577085,0.021129754139110446
18754,0.4218728318810463,0.13866620976477861,0.43946096301078796
18755,0.7361252009868622,0.02090893022250384,0.24296586029231548
18756,0.057261273730546236,0.005989577068248764,0.936749167740345
18757,0.9963589310646057,0.00013011454484512797,0.0035109673626720905
18758,0.8923224061727524,0.000861746484588366,0.10681586340069771
18759,0.005565473024034873,0.0002106454940076219,0.9942238926887512
18760,0.9779279753565788,0.0008499497198499739,0.021222079638391733
18761,0.32487558387219906,0.01572913397103548,0.6593952625989914
18762,0.5767331048846245,0.17438275180757046,0.24888411909341812
18763,0.9098425060510635,0.006452062138123438,0.08370542665943503
18764,0.36942335963249207,0.0023671071394346654,0.6282095424830914
18765,0.6980154551565647,0.013664057711139321,0.2883204910904169
18766,0.9188506156206131,0.0030937221163185313,0.07805564743466675
18767,0.9758897051215172,0.002601024491013959,0.0215092608705163
18768,0.8585915789008141,0.004789432918187231,0.13661896903067827
18769,0.07910163840278983,0.03970329253934324,0.8811950534582138
18770,0.6237745396792889,0.00219607116014231,0.37402937933802605
18771,0.036669529508799314,0.0011465111892903224,0.9621839597821236
18772,0.9562596008181572,0.0015551912656519562,0.04218520317226648
18773,0.9164058491587639,0.032474862644448876,0.05111929355189204
18774,0.1745105879381299,0.05936705903150141,0.766122356057167
18775,0.9690894782543182,0.0024619766045361757,0.028448538156226277
18776,0.9881442189216614,0.0014836113259661943,0.010372164600994438
18777,0.8135101944208145,0.011596311000175774,0.1748935030773282
18778,0.9448647871613503,0.03222340586944483,0.022911806940101087
18779,0.9625032767653465,0.0023937451478559524,0.03510298044420779
18780,0.2528741657733917,0.0158946969313547,0.7312311455607414
18781,0.9090527445077896,0.009928859188221395,0.08101839851588011
18782,0.44323789328336716,0.0018498149293009192,0.5549123138189316
18783,0.7787731662392616,0.03132685972377658,0.18989996425807476
18784,0.8477829396724701,0.005709724879125133,0.14650733675807714
18785,0.9813254103064537,0.006753216381184757,0.01192139321938157
18786,0.5335981734097004,0.014319909270852804,0.45208192616701126
18787,0.9014417976140976,0.034693503053858876,0.06386468932032585
18788,0.9781353622674942,0.011851670336909592,0.010012963728513569
18789,0.9002635031938553,0.043183661182411015,0.0565528217703104
18790,0.9394446834921837,0.00048515243906877004,0.06007017567753792
18791,0.9686920121312141,0.008538430614862591,0.022769558243453503
18792,0.8785696551203728,0.0090175747172907,0.112412772141397
18793,0.9490174502134323,0.006626650923863053,0.044355907710269094
18794,0.9586423709988594,0.003934324689907953,0.03742327494546771
18795,0.9803968220949173,0.0028981767100049183,0.01670501846820116
18796,0.99190354347229,0.0016167298781510908,0.006479720352217555
18797,0.99093958735466,0.000621475774096325,0.008438913966529071
18798,0.33826472610235214,0.02333432948216796,0.6384009346365929
18799,0.0794683936983347,0.0026281309983460233,0.9179034903645515
18800,0.6016175374388695,0.12437955383211374,0.2740029077976942
18801,0.9773090109229088,0.0019143479657941498,0.020776678808033466
18802,0.9851160198450089,0.0010512264707358554,0.013832758064381778
18803,0.9099794924259186,0.0037872012180741876,0.08623329596593976
18804,0.9919804111123085,0.0011018137156497687,0.006917787861311808
18805,0.39792999625205994,0.005808565154438838,0.5962614305317402
18806,0.971369706094265,0.003918335685739294,0.024711945792660117
18807,0.056664116913452744,0.0032852621807251126,0.9400506019592285
18808,0.9540637359023094,0.003356303845066577,0.04257997148670256
18809,0.9584396854043007,0.001256479517905973,0.04030383890494704
18810,0.9519499093294144,0.0030066050530876964,0.04504350200295448
18811,0.006199677620315924,0.0007807102083461359,0.9930196404457092
18812,0.9732379987835884,0.0009810200244828593,0.025780979893170297
18813,0.8761430233716965,0.006933406344614923,0.11692357156425714
18814,0.7743260562419891,0.13146210322156549,0.0942118619568646
18815,0.8684374615550041,0.002762809250270948,0.12879972904920578
18816,0.8415236622095108,0.007869224704336375,0.15060710161924362
18817,0.9961226359009743,0.0005955611850367859,0.0032817931205499917
18818,0.9877727031707764,0.0015439528797287494,0.010683331871405244
18819,0.9844647347927094,0.00030992742904345505,0.015225336886942387
18820,0.9614816531538963,0.0037986456736689433,0.034719730261713266
18821,0.9145054668188095,0.018557174713350832,0.06693736230954528
18822,0.9204071462154388,0.0017432317908969708,0.077849633526057
18823,0.907255508005619,0.0022077396570239216,0.09053674666211009
18824,0.9233581051230431,0.03282504412345588,0.043816844932734966
18825,0.9760152921080589,0.01740307768341154,0.006581637921044603
18826,0.9939747750759125,0.00039773688331479207,0.005627478327369317
18827,0.972791500389576,0.0036848286690656096,0.023523652460426092
18828,0.978463850915432,0.00033918058397830464,0.021196968504227698
18829,0.05865961266681552,0.013578170444816351,0.9277622103691101
18830,0.9767916649580002,0.0030916066280042287,0.020116739789955318
18831,0.9773257821798325,0.0033066579489968717,0.019367588218301535
18832,0.004724797603557818,0.004248582394211553,0.9910266399383545
18833,0.14464127365499735,0.018028978316579014,0.8373297527432442
18834,0.9775384664535522,0.0007647717102372553,0.02169676753692329
18835,0.2587591353803873,0.0031897065200610086,0.7380511686205864
18836,0.0037902714975643903,0.00145892320870189,0.9947507902979851
18837,0.8626155778765678,0.011058946780394763,0.12632549088448286
18838,0.9115533903241158,0.005564752413192764,0.08288184087723494
18839,0.9919392690062523,0.0008770189306233078,0.0071836867718957365
18840,0.9848994165658951,0.0007519486025557853,0.014348634169436991
18841,0.7761194631457329,0.006877359875943512,0.21700319088995457
18842,0.1422951454296708,0.011835078650619835,0.8458697944879532
18843,0.580991093069315,0.0272954031242989,0.3917135111987591
18844,0.45534804835915565,0.026712083141319454,0.5179398581385612
18845,0.979997918009758,0.005050526582635939,0.014951560529880226
18846,0.2730892561376095,0.02427727438043803,0.7026334777474403
18847,0.9933982789516449,0.00045678548667638097,0.006144944811239839
18848,0.9712035655975342,0.002047723493888043,0.02674870495684445
18849,0.9413837194442749,0.006831653183326125,0.05178462294861674
18850,0.13415806461125612,0.01497229584492743,0.8508696407079697
18851,0.9622248187661171,0.005426836636615917,0.03234832966700196
18852,0.673361424356699,0.007841572456527501,0.31879702396690845
18853,0.9690672010183334,0.00677389238262549,0.024158907239325345
18854,0.9004477709531784,0.028079670388251543,0.07147257914766669
18855,0.06415645871311426,0.12140211649239063,0.8144414350390434
18856,0.8892240300774574,0.0014718368693138473,0.10930414265021682
18857,0.9958976060152054,0.00017214802119269734,0.003930264530936256
18858,0.7406128421425819,0.008868900535162538,0.25051828287541866
18859,0.11872505908831954,0.008923383662477136,0.8723515719175339
18860,0.9547041952610016,0.0030432161001954228,0.042252592742443085
18861,0.9863790795207024,0.0034467328514438123,0.010174167982768267
18862,0.0024251569411717355,0.0009404024749528617,0.9966344386339188
18863,0.9784673750400543,0.0004962581078871153,0.02103635191451758
18864,0.10814004903659225,0.0017296905498369597,0.8901302590966225
18865,0.9425875172019005,0.0027789004816440865,0.05463357362896204
18866,0.8767653852701187,0.005926692072534934,0.11730790277943015
18867,0.8858911320567131,0.04108808655291796,0.07302080187946558
18868,0.8597332015633583,0.027140715741552413,0.11312609445303679
18869,0.22300506196916103,0.023661682847887278,0.7533332407474518
18870,0.847855806350708,0.03361209807917476,0.11853212071582675
18871,0.8303393796086311,0.002116284566000104,0.16754432767629623
18872,0.8757244870066643,0.0035367214732104912,0.1207387950271368
18873,0.8132684826850891,0.014805649814661592,0.1719258613884449
18874,0.9461295306682587,0.014664065674878657,0.03920639166608453
18875,0.9208947047591209,0.005396267224568874,0.07370902691036463
18876,0.8132853582501411,0.10607427591457963,0.08064034394919872
18877,0.968602292239666,0.0019643870036816224,0.029433321673423052
18878,0.9768149927258492,0.0012295004853513092,0.021955519798211753
18879,0.9793879464268684,0.0024485597969032824,0.018163475091569126
18880,0.0704912580549717,0.008721905702259392,0.9207868501543999
18881,0.009878072189167142,0.003922734424122609,0.9861991852521896
18882,0.11836184747517109,0.00498751468694536,0.8766506314277649
18883,0.9670432433485985,0.0054566782200708985,0.027500097639858723
18884,0.002775327899144031,0.0014742482235305943,0.9957504197955132
18885,0.08334135729819536,0.03187105664983392,0.8847876042127609
18886,0.9170866310596466,0.001496289078204427,0.08141708094626665
18887,0.9227325692772865,0.005184932117117569,0.07208248507231474
18888,0.9355833530426025,0.040241354960016906,0.024175283149816096
18889,0.8589864745736122,0.09708719700574875,0.04392632911913097
18890,0.9824116602540016,0.006793925742385909,0.010794399946462363
18891,0.9728576317429543,0.004476036032428965,0.022666336270049214
18892,0.01723762706387788,0.0017485579010099173,0.981013797223568
18893,0.9470124393701553,0.0013322304585017264,0.05165535188280046
18894,0.8391341269016266,0.0016233406495302916,0.15924253594130278
18895,0.006031246273778379,0.0047465654206462204,0.9892221614718437
18896,0.9702300131320953,0.003702014684677124,0.026067967293784022
18897,0.8605764210224152,0.007223758060717955,0.13219982106238604
18898,0.42489772103726864,0.02387175802141428,0.5512305311858654
18899,0.07553737564012408,0.006246769451536238,0.9182158634066582
18900,0.7227185517549515,0.22930985502898693,0.04797158483415842
18901,0.6761298440396786,0.0051018050871789455,0.3187683317810297
18902,0.8584994226694107,0.0038257927662925795,0.13767477590590715
18903,0.8720427304506302,0.0028425018972484395,0.12511475291103125
18904,0.9538183510303497,0.00196784405852668,0.04421384399756789
18905,0.9799508154392242,0.0033298405032837763,0.016719338949769735
18906,0.9507047012448311,0.011944380297791213,0.03735091141425073
18907,0.991827629506588,0.0009068814397323877,0.007265480002388358
18908,0.7199600860476494,0.08699500095099211,0.19304491579532623
18909,0.9720027521252632,0.0026168357871938497,0.025380403269082308
18910,0.06578512024134398,0.002096144024108071,0.9321187436580658
18911,0.9452693238854408,0.003651081759016961,0.051079593133181334
18912,0.8400561735033989,0.0009042138262884691,0.15903961285948753
18913,0.2762647643685341,0.006878672924358398,0.7168565541505814
18914,0.38110217452049255,0.004844075738219544,0.6140537485480309
18915,0.9045852795243263,0.06652884045615792,0.028885882580652833
18916,0.9121118858456612,0.003951012680772692,0.0839370796456933
18917,0.005132048710947856,0.0004663955496653216,0.9944015592336655
18918,0.21260552760213614,0.007606169092468917,0.7797882929444313
18919,0.6672861538827419,0.001315231878834311,0.33139863424003124
18920,0.21355377323925495,0.06428281619446352,0.7221634089946747
18921,0.3978804610669613,0.02245603164192289,0.5796635113656521
18922,0.9010466784238815,0.004491404193686321,0.09446190390735865
18923,0.14914617221802473,0.009160562825854868,0.8416932672262192
18924,0.10149069502949715,0.01605020952410996,0.8824591040611267
18925,0.7229165509343147,0.03305562166497111,0.24402783997356892
18926,0.2858919370919466,0.011566871195100248,0.7025412023067474
18927,0.8565635606646538,0.005774436314823106,0.13766199443489313
18928,0.7042684778571129,0.005706929456209764,0.29002457298338413
18929,0.839880146086216,0.02924359601456672,0.13087624870240688
18930,0.9710692688822746,0.019726995611563325,0.009203737077768892
18931,0.9486341252923012,0.002186453260947019,0.049179425463080406
18932,0.9871568977832794,0.002169283958210144,0.010673818876966834
18933,0.03479011496528983,0.010167770029511303,0.9550421237945557
18934,0.9739039018750191,0.00026522123835093225,0.025830877013504505
18935,0.9130666628479958,0.06337175518274307,0.023561564506962895
18936,0.022598783602006733,0.0035133795463480055,0.9738878309726715
18937,0.9238093569874763,0.00047491874647676013,0.07571572111919522
18938,0.6558387316763401,0.08614229201339185,0.25801897421479225
18939,0.9003037512302399,0.015053166542202234,0.08464308641850948
18940,0.9705527499318123,0.0029130173206795007,0.026534243719652295
18941,0.32247715815901756,0.005577434552833438,0.6719454005360603
18942,0.747265636920929,0.00460582145024091,0.24812855012714863
18943,0.16446275170892477,0.0026753260026453063,0.8328619301319122
18944,0.007760234351735562,0.0074732000939548016,0.9847665876150131
18945,0.12733600847423077,0.007330537191592157,0.8653334602713585
18946,0.45777707174420357,0.006111414812039584,0.5361115261912346
18947,0.9596262499690056,0.0034555467282189056,0.03691819543018937
18948,0.8665861710906029,0.0020758811879204586,0.13133795466274023
18949,0.9203002974390984,0.004593582823872566,0.07510611461475492
18950,0.4136023670434952,0.09241946786642075,0.49397817999124527
18951,0.9245005771517754,0.011863290099427104,0.0636361176148057
18952,0.9105625823140144,0.0033170868628076278,0.08612032607197762
18953,0.8526830971240997,0.08700964692980051,0.060307246167212725
18954,0.6750956028699875,0.26408200711011887,0.06082238582894206
18955,0.9910721778869629,0.001484790991526097,0.0074430182576179504
18956,0.9798554182052612,0.0003506526118144393,0.019793919869698584
18957,0.8551637157797813,0.001729644980514422,0.14310663379728794
18958,0.4386290870606899,0.018462989712134004,0.5429079085588455
18959,0.9695987850427628,0.0017169142738566734,0.028684293618425727
18960,0.8671127110719681,0.08965466264635324,0.04323260928504169
18961,0.9722705706954002,0.019096151925623417,0.008633291610749438
18962,0.6336639747023582,0.006248522666282952,0.3600875064730644
18963,0.0048309104749932885,0.003891218308126554,0.991277851164341
18964,0.6993613839149475,0.010209408937953413,0.2904291898012161
18965,0.8811619579792023,0.009121405484620482,0.10971666034311056
18966,0.04498634813353419,0.0063000966620165855,0.9487135633826256
18967,0.7089980766177177,0.011753697879612446,0.2792482264339924
18968,0.5481050610542297,0.09562525292858481,0.35626968182623386
18969,0.03938223025761545,0.008605543000157923,0.952012225985527
18970,0.9623340964317322,0.014661120716482401,0.023004788090474904
18971,0.10361365973949432,0.006755964990588836,0.8896303772926331
18972,0.8453063368797302,0.0078069807204883546,0.14688666258007288
18973,0.08004476968199015,0.03757727611809969,0.8823779672384262
18974,0.9820359349250793,0.0006228488964552525,0.01734122517518699
18975,0.9337206482887268,0.0029788777173962444,0.06330048060044646
18976,0.9598794505000114,0.0065128031419590116,0.033607753459364176
18977,0.989921048283577,0.00014116910551820183,0.009937808092217892
18978,0.8564956709742546,0.0019395308918319643,0.14156480878591537
18979,0.1382606951519847,0.004094590083695948,0.8576447442173958
18980,0.30104376561939716,0.022104910807684064,0.6768513172864914
18981,0.9473871737718582,0.003982695372542366,0.048630124889314175
18982,0.9581391215324402,0.0003952200713683851,0.041465644259005785
18983,0.919481061398983,0.0043615766044240445,0.0761573719792068
18984,0.8940663933753967,0.002761479998298455,0.10317214205861092
18985,0.018468668742571026,0.0009827563335420564,0.9805485606193542
18986,0.6617184989154339,0.018114016740582883,0.32016748934984207
18987,0.9911897629499435,0.0002967866957988008,0.008513450098689646
18988,0.9019768461585045,0.001660862733842805,0.09636230580508709
18989,0.8785435631871223,0.015828352770768106,0.10562808066606522
18990,0.7168904840946198,0.10259707225486636,0.18051242176443338
18991,0.8593971431255341,0.00524135964224115,0.13536152429878712
18992,0.8934699520468712,0.005605948012089357,0.10092412075027823
18993,0.07369235903024673,0.015559928491711617,0.9107477217912674
18994,0.9892577081918716,0.0013230188123998232,0.009419259731657803
18995,0.9799396321177483,0.0010008734461735003,0.01905949495267123
18996,0.9642515555024147,0.0028749544580932707,0.03287346754223108
18997,0.9743961542844772,0.0013454880099743605,0.024258348857983947
18998,0.966727189719677,0.0015952511166688055,0.03167755203321576
18999,0.5564196184277534,0.039443966234102845,0.40413640439510345
19000,0.9644346088171005,0.002045448694843799,0.03351993137039244
19001,0.9934583157300949,0.0007909913147159386,0.005750683980295435
19002,0.007122280192561448,0.0003864920490741497,0.9924912303686142
19003,0.007394432701403275,0.0038093486218713224,0.988796204328537
19004,0.9533051773905754,0.0046327977906912565,0.04206203785724938
19005,0.6411187201738358,0.0020444690890144557,0.3568368088454008
19006,0.018180718063376844,0.007989006873685867,0.9738302826881409
19007,0.967466413974762,0.0014092998899286613,0.03112427913583815
19008,0.8259604796767235,0.004090195812750608,0.16994930617511272
19009,0.978499211370945,0.0005208482634770917,0.020979931228794158
19010,0.9591631516814232,0.011137255234643817,0.029699598671868443
19011,0.6991453617811203,0.05129831749945879,0.24955631792545319
19012,0.5912868678569794,0.013624503510072827,0.39508863538503647
19013,0.8319140896201134,0.003251055779401213,0.16483486257493496
19014,0.8533263057470322,0.001816558142309077,0.1448571439832449
19015,0.9565968811511993,0.0025367258058395237,0.04086640104651451
19016,0.9726134166121483,0.0016489402405568399,0.025737659889273345
19017,0.7561255097389221,0.08963459497317672,0.15423989575356245
19018,0.0010941180007648654,0.00023544695613963995,0.9986704289913177
19019,0.9713883176445961,0.0015925130792311393,0.027019175700843334
19020,0.816596232354641,0.0014520309850922786,0.18195173982530832
19021,0.9487976282835007,0.002858728199498728,0.04834364214912057
19022,0.8672795593738556,0.008704695123014972,0.12401571962982416
19023,0.08211305178701878,0.016206656291615218,0.9016802981495857
19024,0.8807173073291779,0.007144954870454967,0.11213772371411324
19025,0.025312940357252955,0.0026350891785114072,0.9720519855618477
19026,0.8487566038966179,0.03009124076925218,0.12115216348320246
19027,0.8641101941466331,0.05329027445986867,0.08259953232482076
19028,0.7107384353876114,0.011618215183261782,0.2776433452963829
19029,0.3483685329556465,0.022316255373880267,0.6293152049183846
19030,0.9680425152182579,0.0009787285744096152,0.030978757655248046
19031,0.7123957686126232,0.006093118339776993,0.2815111018717289
19032,0.9778328984975815,0.003572495508706197,0.018594588618725538
19033,0.9510713517665863,0.004899432562524453,0.044029227923601866
19034,0.985283188521862,0.004959823039826006,0.009756981628015637
19035,0.8357055559754372,0.004691743568400852,0.15960267931222916
19036,0.9879870712757111,0.0008298381326312665,0.011183093069121242
19037,0.023569231037981808,0.01183903485070914,0.9645917192101479
19038,0.03368668002076447,0.016086499905213714,0.9502268210053444
19039,0.0363694925326854,0.0032043215032899752,0.9604261592030525
19040,0.9814319163560867,0.005496850004419684,0.013071210007183254
19041,0.3541339039802551,0.00423649451113306,0.641629584133625
19042,0.9626244604587555,0.0016243209538515657,0.035751223331317306
19043,0.8964086845517159,0.023492423235438764,0.0800988832488656
19044,0.9935520887374878,0.00018346746037423145,0.00626444278168492
19045,0.6712790913879871,0.005094590480439365,0.32362631522119045
19046,0.9741673693060875,0.004416772804688662,0.021415848867036402
19047,0.889454685151577,0.0015216467872960493,0.10902364738285542
19048,0.7883937954902649,0.0026381566713098437,0.2089680451899767
19049,0.017398894298821688,0.002304336318047717,0.9802967682480812
19050,0.9336138293147087,0.0032319572346750647,0.06315420707687736
19051,0.008144965919200331,0.012857399007771164,0.978997640311718
19052,0.4047314692288637,0.020999648259021342,0.5742688663303852
19053,0.6878748834133148,0.08813936216756701,0.22398576512932777
19054,0.9899348542094231,0.0016528622290934436,0.008412285096710548
19055,0.9932232797145844,0.0001600257301106467,0.006616718077566475
19056,0.9063257053494453,0.0008221579919336364,0.09285218082368374
19057,0.9904056414961815,0.0006782822074455908,0.00891610060352832
19058,0.8371248543262482,0.008182658755686134,0.15469248220324516
19059,0.9225309491157532,0.007372660213150084,0.07009638147428632
19060,0.9699891209602356,0.013662963174283504,0.016347910277545452
19061,0.9922240898013115,0.0017182593292091042,0.006057657243218273
19062,0.8684423640370369,0.021949052810668945,0.10960858687758446
19063,0.45244936645030975,0.21411398332566023,0.333436643704772
19064,0.45183007791638374,0.040033007971942425,0.5081369020044804
19065,0.9105817824602127,0.010367736569605768,0.07905046688392758
19066,0.9922017827630043,0.0007589646302221809,0.0070392249035649
19067,0.3146835267543793,0.0600763923721388,0.6252401061356068
19068,0.9895499274134636,0.0038885530666448176,0.0065615503990557045
19069,0.6922114118933678,0.0633640424348414,0.24442456290125847
19070,0.9501131251454353,0.007423141330946237,0.042463758727535605
19071,0.5842275880277157,0.04221147752832621,0.37356090545654297
19072,0.9278795719146729,0.006460120144765824,0.0656603085808456
19073,0.8016916140913963,0.000838205905893119,0.19747015181928873
19074,0.9261067658662796,0.003087837452767417,0.07080540806055069
19075,0.9418743178248405,0.0059213024214841425,0.052204381208866835
19076,0.9738808274269104,0.0020763813736266457,0.024042783421464264
19077,0.7912030294537544,0.002168770690332167,0.2066281996667385
19078,0.004123297840123996,0.0008021047760848887,0.995074599981308
19079,0.8403889313340187,0.0022643303527729586,0.15734671894460917
19080,0.9444160535931587,0.002317675738595426,0.05326628219336271
19081,0.5547886341810226,0.06541876401752234,0.37979257851839066
19082,0.5296824164688587,0.33737559244036674,0.13294198643416166
19083,0.9320005103945732,0.0013793890466331504,0.06662010005675256
19084,0.9570226892828941,0.003333664601086639,0.03964365762658417
19085,0.1572944838553667,0.011688572238199413,0.831016942858696
19086,0.9916369244456291,0.0004705460414697882,0.007892507361248136
19087,0.01874489604961127,0.0015650341301807202,0.9796901047229767
19088,0.9879842773079872,0.0021083695901324973,0.009907366591505706
19089,0.6594469361007214,0.0027395123906899244,0.3378135412931442
19090,0.9234512075781822,0.0010418694910185877,0.07550688879564404
19091,0.9874312803149223,0.0006761880140402354,0.011892529379110783
19092,0.9490234479308128,0.002004347727051936,0.04897218616679311
19093,0.9310050159692764,0.006442576588597149,0.06255239434540272
19094,0.9790447726845741,0.0010014910767495167,0.019953754963353276
19095,0.613595649600029,0.006313007994322106,0.3800913281738758
19096,0.970138743519783,0.003807951681665145,0.026053286506794393
19097,0.9949997439980507,0.00036410893699212465,0.0046361352142412215
19098,0.18651808891445398,0.04350899416022003,0.7699729204177856
19099,0.9390770345926285,0.005431745055830106,0.05549119831994176
19100,0.982200525701046,0.0006054920777387451,0.017193972133100033
19101,0.9092584699392319,0.03185465867863968,0.058886879589408636
19102,0.0027541798626771197,0.0004351167353888741,0.9968107044696808
19103,0.9846725314855576,0.0016511247304151766,0.013676338130608201
19104,0.3040968794375658,0.005714519153116271,0.6901886239647865
19105,0.16663381457328796,0.017194398096762598,0.8161717802286148
19106,0.9682997912168503,0.0004890308337053284,0.031211193883791566
19107,0.9224216341972351,0.0014202410529833287,0.0761581314727664
19108,0.9122068136930466,0.011892986949533224,0.0759002179838717
19109,0.9881823509931564,0.0049748081946745515,0.006842817645519972
19110,0.7782537117600441,0.002081060618365882,0.21966522186994553
19111,0.951811745762825,0.001119508331612451,0.04706874932162464
19112,0.8152186349034309,0.016328033292666078,0.16845333855599165
19113,0.5165328830480576,0.011869886773638427,0.47159722819924355
19114,0.9811289981007576,0.0021447365870699286,0.01672624796628952
19115,0.9596996754407883,0.0036941189173376188,0.03660620702430606
19116,0.015193215571343899,0.002026374073466286,0.9827804192900658
19117,0.9949194863438606,0.0005016734976379666,0.00457884423667565
19118,0.5299413166940212,0.013125775207299739,0.4569329284131527
19119,0.016553287976421416,0.001219914025568869,0.9822267815470695
19120,0.8124614134430885,0.0007063355042191688,0.1868322603404522
19121,0.9748120829463005,0.0018822161509888247,0.02330572623759508
19122,0.06542351865209639,0.008002632122952491,0.9265738651156425
19123,0.7460086420178413,0.0038667682092636824,0.2501245904713869
19124,0.08083539456129074,0.020535759860649705,0.898628830909729
19125,0.9120581522583961,0.0007214565521280747,0.08722041500732303
19126,0.9452540278434753,0.014655118284281343,0.04009084845893085
19127,0.01705733174458146,0.011206880037207156,0.9717357903718948
19128,0.06844007829204202,0.0037972590507706627,0.9277626723051071
19129,0.8457374349236488,0.13789688982069492,0.016365654999390244
19130,0.8480057865381241,0.005582547542871907,0.14641167409718037
19131,0.956002913415432,0.005735178216127679,0.03826190624386072
19132,0.07563791936263442,0.09691249532625079,0.8274495527148247
19133,0.9813565239310265,0.00021701148625652422,0.0184264718554914
19134,0.002363783904002048,0.0003042459857169888,0.9973319843411446
19135,0.9792868569493294,0.0015668755731894635,0.019146256148815155
19136,0.7219015583395958,0.015119040617719293,0.26297938637435436
19137,0.9644798785448074,0.0072373248694930226,0.02828282047994435
19138,0.07875023456290364,0.001539921693620272,0.9197098538279533
19139,0.008438680262770504,0.0026684068143367767,0.9888929128646851
19140,0.970627672970295,0.00676736980676651,0.022604987025260925
19141,0.9879409223794937,0.005843865845235996,0.006215226399945095
19142,0.8738444149494171,0.02736809174530208,0.09878750192001462
19143,0.9053769931197166,0.005871907284017652,0.0887511046603322
19144,0.5981687717139721,0.15370821952819824,0.24812300316989422
19145,0.12249239254742861,0.007088155427481979,0.8704194501042366
19146,0.988875113427639,0.00423837624839507,0.006886498827952892
19147,0.8985329121351242,0.00546379026491195,0.09600326046347618
19148,0.9357266649603844,0.02053979178890586,0.043733540223911405
19149,0.005481648113345727,0.0005124075214553159,0.9940059632062912
19150,0.5174157693982124,0.0033918092667590827,0.4791923984885216
19151,0.9493343681097031,0.001062789946445264,0.04960285220295191
19152,0.9671532511711121,0.008400128688663244,0.024446635972708464
19153,0.8632437437772751,0.00033966860428336076,0.13641657680273056
19154,0.7730189114809036,0.020718544838018715,0.20626255311071873
19155,0.8821449801325798,0.006831016449723393,0.11102398904040456
19156,0.9661163613200188,0.006004688912071288,0.02787895657820627
19157,0.9478282779455185,0.0037063935887999833,0.04846532782539725
19158,0.986551858484745,0.0013884518484701402,0.012059688626322895
19159,0.9881348758935928,0.006083140382543206,0.00578200607560575
19160,0.022729864227585495,0.0059222198324278,0.971347913146019
19161,0.7437497898936272,0.012227486411575228,0.24402272514998913
19162,0.9524143114686012,0.003177692022291012,0.044408024521544576
19163,0.9350747466087341,0.005206460278714076,0.0597187764942646
19164,0.9598584473133087,0.0028858490113634616,0.037255723495036364
19165,0.8877369612455368,0.004427484949701466,0.10783556289970875
19166,0.980419360101223,0.0014135005112621002,0.018167156260460615
19167,0.9783473163843155,0.0037650673475582153,0.017887633410282433
19168,0.9065980836749077,0.0011947184248128906,0.0922072003595531
19169,0.5288331434130669,0.0304053439758718,0.4407615065574646
19170,0.9497404024004936,0.000984348309430061,0.04927523992955685
19171,0.9927659779787064,0.00038832073005323764,0.0068456935114227235
19172,0.9347342997789383,0.01208188955206424,0.053183804266154766
19173,0.9552978128194809,0.002677229065739084,0.04202494444325566
19174,0.45945072919130325,0.01075192098505795,0.5297973416745663
19175,0.618611466139555,0.0051507208263501525,0.3762378226965666
19176,0.8671873509883881,0.012288001482374966,0.12052463367581367
19177,0.9750782176852226,0.011541683925315738,0.013380110904108733
19178,0.900605171918869,0.007578423188533634,0.09181640297174454
19179,0.6765797659754753,0.006446168234106153,0.3169740606099367
19180,0.956904873251915,0.00942693604156375,0.0336681823246181
19181,0.4918660521507263,0.006072193966247141,0.5020617581903934
19182,0.854513019323349,0.009966130077373236,0.135520838201046
19183,0.9442918077111244,0.004995848081307486,0.05071233585476875
19184,0.6784168854355812,0.02320951607543975,0.2983736041933298
19185,0.9353572875261307,0.002288146140926983,0.06235454278066754
19186,0.9907158762216568,0.0006157357638585381,0.008668365713674575
19187,0.018712886958383024,0.0027742810343625024,0.978512816131115
19188,0.7728035375475883,0.008156936266459525,0.21903954073786736
19189,0.9764797911047935,0.0026820050698006526,0.020838226191699505
19190,0.015451907296665013,0.0020239524892531335,0.982524149119854
19191,0.7162188142538071,0.0018484268221072853,0.2819327637553215
19192,0.332131901755929,0.014791456749662757,0.6530766412615776
19193,0.8659519776701927,0.0013357418720261194,0.13271226175129414
19194,0.7289154827594757,0.0012279989605303854,0.2698565097525716
19195,0.9825498834252357,0.0036549581127474084,0.013795173610560596
19196,0.01648405857849866,0.011079595889896154,0.9724363759160042
19197,0.0629804371856153,0.003953272651415318,0.9330662935972214
19198,0.9101632535457611,0.00551431359781418,0.08432243019342422
19199,0.1893479060381651,0.006895132071804255,0.803756944835186
19200,0.004413479764480144,0.0005818048812216148,0.9950047135353088
19201,0.13073717569932342,0.7000943571329117,0.16916849371045828
19202,0.014208482578396797,0.004861005378188565,0.9809305146336555
19203,0.9776070266962051,0.0035111699253320694,0.01888178789522499
19204,0.7324788123369217,0.05275316024199128,0.21476804092526436
19205,0.9607963711023331,0.0026875872135860845,0.0365160449873656
19206,0.604357723146677,0.0026653048407752067,0.3929769601672888
19207,0.7876349613070488,0.09479310316964984,0.11757193692028522
19208,0.9853653237223625,0.00020367928027553717,0.014430993236601353
19209,0.003131261430098675,0.00030135609267745167,0.99656742811203
19210,0.9305440410971642,0.0018254492824780755,0.06763051869347692
19211,0.8198375850915909,0.0006486991078418214,0.17951372265815735
19212,0.9146112948656082,0.004122034268220887,0.08126666164025664
19213,0.34191541746258736,0.00801297923317179,0.6500716097652912
19214,0.9881891384720802,0.0005183497542020632,0.011292522656731308
19215,0.972422681748867,0.00312868386390619,0.024448620155453682
19216,0.018171301227994263,0.012158050434663892,0.9696706607937813
19217,0.9623113498091698,0.008849581208778545,0.028839044040068984
19218,0.9470080211758614,0.013311451242771,0.03968051727861166
19219,0.6404526084661484,0.01291077642235905,0.3466366082429886
19220,0.5124348290264606,0.035117478808388114,0.45244769006967545
19221,0.9373212233185768,0.004534887877525762,0.058143884874880314
19222,0.7602397128939629,0.021998337120749056,0.21776194125413895
19223,0.9887920543551445,0.00033727970730978996,0.010870679805520922
19224,0.9303988963365555,0.015004013024736196,0.054597077425569296
19225,0.18402148969471455,0.056603413773700595,0.7593750804662704
19226,0.9952619448304176,0.0006582393216376659,0.004079805337823927
19227,0.8193597048521042,0.016158039041329175,0.16448226012289524
19228,0.3462515287101269,0.12125143106095493,0.5324970409274101
19229,0.016897219116799533,0.0036845794966211542,0.9794182106852531
19230,0.9662498310208321,0.0005638120710500516,0.03318637772463262
19231,0.10222738422453403,0.01130974740954116,0.8864628747105598
19232,0.36693339981138706,0.0028668695595115423,0.630199745297432
19233,0.8982558995485306,0.012166414642706513,0.08957770140841603
19234,0.26989297289401293,0.0031941867782734334,0.7269128561019897
19235,0.9956903606653214,0.0003131260618829401,0.003996504354290664
19236,0.7855654954910278,0.0015797097003087401,0.21285478211939335
19237,0.012824830482713878,0.0071646350843366235,0.9800105467438698
19238,0.9557758569717407,0.003163238274282776,0.04106091847643256
19239,0.018536242772825062,0.001804372965125367,0.9796594008803368
19240,0.9865581542253494,0.001992791483644396,0.01144904806278646
19241,0.040977272437885404,0.0056844518694560975,0.9533382952213287
19242,0.06584368133917451,0.0014404044559341855,0.9327159225940704
19243,0.02135232067666948,0.00371035048738122,0.9749373197555542
19244,0.29582185856997967,0.014746951987035573,0.6894311718642712
19245,0.9535240605473518,0.013919041957706213,0.03255688026547432
19246,0.9625514671206474,0.0005045415273343679,0.03694399632513523
19247,0.8836691007018089,0.009444474533665925,0.10688643343746662
19248,0.9537009373307228,0.0026302773039788008,0.04366876045241952
19249,0.8825068771839142,0.006580260494956747,0.1109128836542368
19250,0.9711668342351913,0.006514833235996775,0.022318308474496007
19251,0.9404201507568359,0.0008859507724992,0.058693879982456565
19252,0.5521501824259758,0.1350664091296494,0.3127834014594555
19253,0.9281563833355904,0.00645215722033754,0.06539147347211838
19254,0.4603336900472641,0.051689204294234514,0.487977109849453
19255,0.8828167542815208,0.007243051746627316,0.1099401917308569
19256,0.9423498511314392,0.03634221339598298,0.021307921619154513
19257,0.4558604471385479,0.0034955544397234917,0.5406440086662769
19258,0.9569148048758507,0.004689247507485561,0.038395937299355865
19259,0.799350768327713,0.016400666092522442,0.1842485647648573
19260,0.7628102153539658,0.0038806887896498665,0.2333090789616108
19261,0.9689884781837463,0.0018214559240732342,0.029190055327489972
19262,0.9447779506444931,0.010633054072968662,0.04458899958990514
19263,0.9899792671203613,0.0016529104541405104,0.008367808593902737
19264,0.32014181837439537,0.013891816255636513,0.6659663803875446
19265,0.8417813554406166,0.009115740918787196,0.14910290017724037
19266,0.9726602360606194,0.0015073841277626343,0.025832360377535224
19267,0.289272241294384,0.003961481619626284,0.706766277551651
19268,0.33866980113089085,0.005161932815099135,0.656168270856142
19269,0.8938895538449287,0.0029368598334258422,0.10317358188331127
19270,0.8090158477425575,0.015362729667685926,0.17562143877148628
19271,0.9730370938777924,0.0007821955587132834,0.02618070540484041
19272,0.9542764648795128,0.004084332787897438,0.041639207396656275
19273,0.2775050960481167,0.019870230345986784,0.7026246637105942
19274,0.6572535037994385,0.055474912049248815,0.2872715853154659
19275,0.5356069281697273,0.005292596411891282,0.45910047739744186
19276,0.9730643033981323,0.015751122060464695,0.011184567993041128
19277,0.8635743632912636,0.013205068011302501,0.12322056479752064
19278,0.09317013528198004,0.002771325489447918,0.9040585532784462
19279,0.7466399148106575,0.03253610082902014,0.2208239696919918
19280,0.6502690427005291,0.29804070852696896,0.051690252497792244
19281,0.3824963476508856,0.004937921476084739,0.6125657297670841
19282,0.8308359459042549,0.003564875034498982,0.16559918224811554
19283,0.3570860642939806,0.005414301005657762,0.6374996192753315
19284,0.9588710069656372,0.0014591376457246952,0.039669835940003395
19285,0.9634165242314339,0.0003276324914622819,0.036255839513614774
19286,0.9744596555829048,0.004322565422626212,0.021217765053734183
19287,0.8202636167407036,0.04627768509089947,0.1334587186574936
19288,0.014063536073081195,0.000759529913921142,0.9851769208908081
19289,0.9291623458266258,0.04340931330807507,0.02742834365926683
19290,0.9894201830029488,0.00042300015957152937,0.0101568148820661
19291,0.9831751212477684,0.0018785795691655949,0.014946295996196568
19292,0.044223340693861246,0.00790804137068335,0.9478686079382896
19293,0.9546905532479286,0.01179050380596891,0.033518943237140775
19294,0.9285123646259308,0.009913795918691903,0.061573830898851156
19295,0.9533689841628075,0.0006808435500715859,0.04595016501843929
19296,0.911459170281887,0.005192280514165759,0.0833485466428101
19297,0.793729156255722,0.0029268653597682714,0.20334398560225964
19298,0.0016218322998611256,0.0003804087100434117,0.9979977682232857
19299,0.919949546456337,0.005318061244906858,0.07473239209502935
19300,0.9004268497228622,0.005650249164318666,0.09392291493713856
19301,0.5095547400414944,0.03960146871395409,0.45084378868341446
19302,0.9703984260559082,0.0019016861187992617,0.027699897764250636
19303,0.9311126247048378,0.001102436173823662,0.06778495525941253
19304,0.9893074780702591,0.0006348206115944777,0.010057708248496056
19305,0.7332134917378426,0.012143822037614882,0.25464268028736115
19306,0.991728276014328,0.001544200196804013,0.0067275267210789025
19307,0.9793848022818565,0.004656783741666004,0.015958392759785056
19308,0.05570654617622495,0.00824607620597817,0.936047337949276
19309,0.9252237528562546,0.025404452346265316,0.04937178152613342
19310,0.9882405325770378,0.0018705777620198205,0.009888881468214095
19311,0.18815999198704958,0.04213751992210746,0.7697024717926979
19312,0.9814916029572487,0.0017821892615756951,0.016726222936995327
19313,0.007781926600728184,0.0019565875227272045,0.9902614578604698
19314,0.9362594336271286,0.05527803348377347,0.008462537953164428
19315,0.6638489589095116,0.008680846425704658,0.3274702187627554
19316,0.929984375834465,0.003554871349479072,0.066460732370615
19317,0.5698080807924271,0.014387848088517785,0.41580406576395035
19318,0.08038614969700575,0.00495668058283627,0.9146571829915047
19319,0.4427027776837349,0.0020055194618180394,0.5552916973829269
19320,0.012698303093202412,0.0016651384576107375,0.9856365546584129
19321,0.9828546792268753,0.006826820521382615,0.010318494983948767
19322,0.8281805962324142,0.0636008270084858,0.10821857955306768
19323,0.9940582513809204,0.0007365746860159561,0.00520518486155197
19324,0.21499444916844368,0.07468111952766776,0.7103244513273239
19325,0.9725942686200142,0.0008953659926191904,0.02651035424787551
19326,0.9731621146202087,0.0021273015518090688,0.024710575118660927
19327,0.32477839291095734,0.025545482989400625,0.6496761329472065
19328,0.47957421839237213,0.002113674519932829,0.5183121263980865
19329,0.5420057363808155,0.040603049797937274,0.4173912052065134
19330,0.2175171533599496,0.0015599440448568203,0.7809229046106339
19331,0.9653280004858971,0.002359600635827519,0.03231238527223468
19332,0.8914771527051926,0.0006853502527519595,0.1078375093638897
19333,0.8374915793538094,0.006345672823954374,0.1561627360060811
19334,0.988087385892868,0.004311686439905316,0.007600942044518888
19335,0.06424164422787726,0.01713937788736075,0.9186190068721771
19336,0.9290339723229408,0.005059917632024735,0.06590610230341554
19337,0.7575561031699181,0.009520117484498769,0.23292378522455692
19338,0.9293631315231323,0.005947534285951406,0.06468931771814823
19339,0.8262601420283318,0.005205989960813895,0.16853386349976063
19340,0.9810098856687546,0.0015479527282877825,0.017442171229049563
19341,0.9380129724740982,0.006220462964847684,0.05576655734330416
19342,0.9731714501976967,0.0004501417060964741,0.026378392009064555
19343,0.8795765414834023,0.003135190505417995,0.11728827375918627
19344,0.8826486617326736,0.005509895563591272,0.11184145975857973
19345,0.44023505970835686,0.044144783867523074,0.5156201459467411
19346,0.9665350839495659,0.0033214718278031796,0.030143444892019033
19347,0.9409124851226807,0.03827761020511389,0.020809932379052043
19348,0.9030934199690819,0.00879129592794925,0.08811526047065854
19349,0.81266288459301,0.004783550772117451,0.1825535912066698
19350,0.9785075187683105,0.0033985827467404306,0.018093888880684972
19351,0.01811305747833103,0.002002050547162071,0.9798849076032639
19352,0.9788452237844467,0.002250195415399503,0.018904593074694276
19353,0.7816288843750954,0.0059264369192533195,0.21244468726217747
19354,0.9396224841475487,0.002319521037861705,0.058057966409251094
19355,0.2792539596557617,0.030684322642628103,0.6900617182254791
19356,0.27150449343025684,0.02306831127498299,0.7054271921515465
19357,0.7845738232135773,0.030544884270057082,0.1848812960088253
19358,0.9155114591121674,0.007191535260062665,0.07729700207710266
19359,0.8436555191874504,0.008364767476450652,0.1479797139763832
19360,0.9774426743388176,0.0014881022507324815,0.02106924750842154
19361,0.9942062050104141,0.0009307370928581804,0.004863062174990773
19362,0.19309139624238014,0.020946543663740158,0.7859620749950409
19363,0.40179445780813694,0.003878418996464461,0.5943271219730377
19364,0.9518828690052032,0.0009416056163900066,0.047175528248772025
19365,0.9140132740139961,0.00740769796539098,0.07857902394607663
19366,0.9447724223136902,0.00202942053147126,0.05319815734401345
19367,0.8904478698968887,0.010684750799555331,0.09886736888438463
19368,0.30172919295728207,0.010529597813729197,0.6877411976456642
19369,0.7765575051307678,0.005734423873946071,0.2177080623805523
19370,0.9303090199828148,0.013794059224892408,0.05589693412184715
19371,0.5513539277017117,0.0017274989077122882,0.4469185657799244
19372,0.9910528361797333,0.0026108755555469543,0.00633628384093754
19373,0.39632147923111916,0.009672703745309263,0.5940058156847954
19374,0.8560207709670067,0.0034533407306298614,0.14052588399499655
19375,0.9891941398382187,0.0011988288315478712,0.00960702751763165
19376,0.014291756553575397,0.0019734989327844232,0.9837347492575645
19377,0.7968043982982635,0.007200420455774292,0.19599519576877356
19378,0.9026131108403206,0.04304814152419567,0.05433875089511275
19379,0.7365332096815109,0.006027243216522038,0.2574395574629307
19380,0.2995274532586336,0.002440410797134973,0.6980321519076824
19381,0.9054090231657028,0.009979747177567333,0.08461120491847396
19382,0.8575076684355736,0.004972868831828237,0.13751946669071913
19383,0.014263940276578069,0.010667647060472518,0.9750684201717377
19384,0.9250625148415565,0.00505166663788259,0.06988580897450447
19385,0.9334676489233971,0.0026576680538710207,0.06387468753382564
19386,0.16744393110275269,0.0750295496545732,0.7575265467166901
19387,0.857158288359642,0.11801110068336129,0.0248306174762547
19388,0.06757522514089942,0.025014958751853555,0.9074098244309425
19389,0.9032255336642265,0.001999645246542059,0.09477481851354241
19390,0.890063963830471,0.007612943009007722,0.10232309298589826
19391,0.01598432578612119,0.0017964607250178233,0.9822192192077637
19392,0.06374887935817242,0.012606277305167168,0.9236448407173157
19393,0.9443239644169807,0.03463283146265894,0.021043212851509452
19394,0.9715588986873627,0.020256842457456514,0.008184260688722134
19395,0.9935838356614113,0.0004068385169375688,0.0060093041975051165
19396,0.9347159340977669,0.0006495315683423541,0.06463452894240618
19397,0.9145696014165878,0.0026930265594273806,0.08273738482967019
19398,0.8677187189459801,0.013133373344317079,0.11914790887385607
19399,0.16704499162733555,0.055819238536059856,0.7771357819437981
19400,0.9687004238367081,0.0007540227743447758,0.030545573215931654
19401,0.17727819038555026,0.009213750570779666,0.8135080561041832
19402,0.9762679487466812,0.0009343796591565479,0.022797669982537627
19403,0.8170665204524994,0.11333967186510563,0.06959380954504013
19404,0.6828106790781021,0.007909462350653484,0.30927988328039646
19405,0.5791455172002316,0.027060295455157757,0.39379418455064297
19406,0.9681226089596748,0.004161071759881452,0.027716311044059694
19407,0.006322037079371512,0.0016120861837407574,0.9920658767223358
19408,0.23231797479093075,0.01556318867369555,0.7521188333630562
19409,0.5124869793653488,0.005396584136178717,0.4821164533495903
19410,0.9867401719093323,0.00017935651703737676,0.013080471893772483
19411,0.9857717454433441,0.0010560583759797737,0.01317221624776721
19412,0.7760915532708168,0.11481787217780948,0.10909054987132549
19413,0.002381730286288075,0.00028621081764867995,0.9973320662975311
19414,0.0025680509716039523,0.0007457159590558149,0.9966862499713898
19415,0.0468926215544343,0.08206614293158054,0.8710412234067917
19416,0.9965852349996567,0.001288473758904729,0.002126302002579905
19417,0.7362527251243591,0.12483377382159233,0.13891350850462914
19418,0.09779051598161459,0.0016090712160803378,0.9006004109978676
19419,0.9713437259197235,0.0013479363624355756,0.027308342279866338
19420,0.002168895836803131,0.0005883607555006165,0.9972427487373352
19421,0.8702541440725327,0.03181869676336646,0.09792716009542346
19422,0.9741590246558189,0.0036328694550320506,0.02220811217557639
19423,0.2550878617912531,0.003621098177973181,0.7412910237908363
19424,0.23464184440672398,0.005224260035902262,0.7601338922977448
19425,0.9684487581253052,0.00042136934462178033,0.031129861483350396
19426,0.968002587556839,0.0006597793653781991,0.03133765375241637
19427,0.712324783205986,0.015725723380455747,0.27194948866963387
19428,0.9902060776948929,0.0005925375153310597,0.009201398061122745
19429,0.9453441947698593,0.0017812803489505313,0.052874532993882895
19430,0.5471265874803066,0.029096827725879848,0.4237765818834305
19431,0.9113500416278839,0.015333464252762496,0.07331649260595441
19432,0.9812706708908081,0.002059304664726369,0.016670036362484097
19433,0.06387911434285343,0.08194305514916778,0.854177825152874
19434,0.9699764773249626,0.002854806632967666,0.027168711414560676
19435,0.0428702759090811,0.0014465906206169166,0.9556831493973732
19436,0.0215123986126855,0.002084304636809975,0.9764032810926437
19437,0.7418851256370544,0.09143676934763789,0.16667810920625925
19438,0.9900408014655113,0.0019486770361254457,0.008010512217879295
19439,0.9508831724524498,0.0004028093499073293,0.04871400957927108
19440,0.7518951296806335,0.13257529586553574,0.11552958749234676
19441,0.7627279832959175,0.0042825901036849245,0.23298942670226097
19442,0.6999748200178146,0.01118582021445036,0.28883935511112213
19443,0.08464320609346032,0.011101168231107295,0.9042556136846542
19444,0.8623880594968796,0.01474597689229995,0.12286596279591322
19445,0.9871294870972633,0.0007818380763637833,0.012088680174201727
19446,0.976536937057972,0.0022074928201618604,0.021255588857457042
19447,0.2707721646875143,0.06547651765868068,0.6637513302266598
19448,0.9510448798537254,0.0011545517481863499,0.047800558153539896
19449,0.7302155941724777,0.03474345849826932,0.2350409496575594
19450,0.9833598285913467,0.0030560196610167623,0.013584161293692887
19451,0.01675741421058774,0.0019641651742858812,0.9812784492969513
19452,0.9823454990983009,0.0006084998040023493,0.017045995744410902
19453,0.8822675719857216,0.004243291448801756,0.11348914261907339
19454,0.709546223282814,0.006556566338986158,0.2838972117751837
19455,0.8236754536628723,0.007988767232745886,0.16833578050136566
19456,0.7074465230107307,0.04452340770512819,0.2480300460010767
19457,0.6260354407131672,0.00702824819018133,0.36693630926311016
19458,0.5842390581965446,0.02055621170438826,0.39520471543073654
19459,0.6024013087153435,0.004347632464487106,0.39325105026364326
19460,0.812593050301075,0.057800063164904714,0.12960689514875412
19461,0.9345893859863281,0.009882346028462052,0.05552826588973403
19462,0.8917790055274963,0.0021905956673435867,0.10603037383407354
19463,0.9782911464571953,0.0006636645084654447,0.0210451950551942
19464,0.9851977974176407,0.0047745313349878415,0.010027694050222635
19465,0.8361071869730949,0.08538828324526548,0.07850454095751047
19466,0.8494679406285286,0.030041716527193785,0.12049037218093872
19467,0.900725245475769,0.021437457879073918,0.07783731166273355
19468,0.8735197335481644,0.06341428472660482,0.06306598777882755
19469,0.7390314489603043,0.0010388724112999626,0.2599296569824219
19470,0.9478470906615257,0.0007099706199369393,0.05144293326884508
19471,0.976494275033474,0.0008125854947138578,0.022693155449815094
19472,0.8750134706497192,0.08906024252064526,0.03592625469900668
19473,0.19016212038695812,0.011495819024275988,0.7983420714735985
19474,0.9595135748386383,0.0007584369050164241,0.03972796560265124
19475,0.01952096668537706,0.0030079430143814534,0.9774710759520531
19476,0.9701369851827621,0.014608928526286036,0.015254086931236088
19477,0.9927877485752106,0.00039334419489023276,0.0068188803270459175
19478,0.9832786545157433,0.0044604950526263565,0.012260851333849132
19479,0.08930455055087805,0.019936326309107244,0.8907591328024864
19480,0.21331589668989182,0.011118512658867985,0.7755656093358994
19481,0.9443980157375336,0.003557090210961178,0.0520448898896575
19482,0.9890345111489296,0.0016002350967028178,0.009365254605654627
19483,0.9072653725743294,0.011733370018191636,0.08100129244849086
19484,0.911724217236042,0.004513338208198547,0.08376243943348527
19485,0.7895233631134033,0.16595492279157043,0.044521698728203773
19486,0.7821378260850906,0.014401955413632095,0.20346021745353937
19487,0.9758629128336906,0.0032589639886282384,0.020878107869066298
19488,0.9275349900126457,0.003206821100320667,0.06925818184390664
19489,0.9795385226607323,0.0009583283608662896,0.01950315956491977
19490,0.8959048986434937,0.005725725641241297,0.09836938558146358
19491,0.9509491100907326,0.0024435719242319465,0.04660729458555579
19492,0.842855878174305,0.05409560818225145,0.10304850153625011
19493,0.5577156282961369,0.00821960432222113,0.4340647719800472
19494,0.11060091853141785,0.0024370556420763023,0.8869620338082314
19495,0.666426308453083,0.010260574170388281,0.32331311888992786
19496,0.8729616925120354,0.006318236177321523,0.12072006892412901
19497,0.6283319480717182,0.021589942392893136,0.35007812269032
19498,0.14148382702842355,0.0057252172264270484,0.8527909740805626
19499,0.7841325923800468,0.007337171235121787,0.2085302285850048
19500,0.9845655411481857,0.0018256298208143562,0.013608810608275235
19501,0.08757864870131016,0.00982426357222721,0.9025970920920372
19502,0.04660918237641454,0.009624305181205273,0.9437665045261383
19503,0.9796021953225136,0.010774112772196531,0.009623701917007565
19504,0.9499393701553345,0.0038997812662273645,0.046160867903381586
19505,0.179892691783607,0.06111857620999217,0.7589887529611588
19506,0.9677673578262329,0.004633850971003994,0.027598782442510128
19507,0.08708855649456382,0.007395480060949922,0.9055159911513329
19508,0.9561139270663261,0.0028020985337207094,0.041083984076976776
19509,0.8849433660507202,0.06098800478503108,0.054068641271442175
19510,0.8414067700505257,0.018453251919709146,0.14013996627181768
19511,0.030729167629033327,0.40690432116389275,0.5623665191233158
19512,0.5492487661540508,0.34800061397254467,0.1027506422251463
19513,0.8476794958114624,0.008000790316145867,0.14431972615420818
19514,0.9809949845075607,0.0003736118851520587,0.018631409271620214
19515,0.27915167063474655,0.009224295150488615,0.7116240300238132
19516,0.783726766705513,0.013414343120530248,0.20285888947546482
19517,0.9788449257612228,0.0046929456875659525,0.016462126513943076
19518,0.9047189056873322,0.0022195119818206877,0.09306158637627959
19519,0.8356038182973862,0.08352677896618843,0.08086941484361887
19520,0.962218277156353,0.004378712867037393,0.03340299008414149
19521,0.9152209237217903,0.013718776404857635,0.07106030499562621
19522,0.952764555811882,0.002516363689210266,0.04471909627318382
19523,0.012702036241535097,0.0013282739237183705,0.9859696850180626
19524,0.8870737180113792,0.030163233168423176,0.08276305953040719
19525,0.8989967927336693,0.015270411386154592,0.08573279110714793
19526,0.9590300992131233,0.0004376206507004099,0.040532288840040565
19527,0.9078402370214462,0.06149000208824873,0.03066977602429688
19528,0.9175516292452812,0.026665678713470697,0.05578268622048199
19529,0.4119066409766674,0.0009100062416109722,0.5871833674609661
19530,0.8395749107003212,0.03067814721725881,0.1297469474375248
19531,0.8976943045854568,0.014586888253688812,0.08771880762651563
19532,0.4993806853890419,0.01193830237025395,0.48868099600076675
19533,0.9658970683813095,0.021326452493667603,0.012776470161043108
19534,0.6856723874807358,0.002200704715505708,0.31212688982486725
19535,0.02442801441065967,0.0031157301855273545,0.9724562540650368
19536,0.04771376959979534,0.003396374828298576,0.9488898664712906
19537,0.0014136363752186298,0.0008766667415329721,0.9977096915245056
19538,0.9196304231882095,0.00391169598151464,0.07645788602530956
19539,0.4437372349202633,0.04549812385812402,0.5107646510004997
19540,0.00165023141016718,0.0003422949794185115,0.9980074614286423
19541,0.006330991163849831,0.0009149131728918292,0.9927540794014931
19542,0.9843724742531776,0.0015741430106572807,0.01405338867334649
19543,0.8824616968631744,0.006584351271158084,0.11095395963639021
19544,0.8917481079697609,0.0017840319706010632,0.10646785702556372
19545,0.00910190586000681,0.0019651560141937807,0.9889329373836517
19546,0.8507642671465874,0.0010270005113852676,0.1482087322510779
19547,0.9520008116960526,0.0085742179362569,0.039424981689080596
19548,0.287658654153347,0.020250876666978,0.6920904889702797
19549,0.983480803668499,0.0009970788814825937,0.01552212331444025
19550,0.8925383016467094,0.000741502721211873,0.10672017559409142
19551,0.5364808849990368,0.037640351336449385,0.42587877064943314
19552,0.050369243836030364,0.005637502035824582,0.9439932703971863
19553,0.2848822623491287,0.011477748805191368,0.7036399804055691
19554,0.960340604186058,0.0018462819571141154,0.03781309025362134
19555,0.993902288377285,0.0004040068797621643,0.005693719314876944
19556,0.6329076029360294,0.08805827936157584,0.2790341041982174
19557,0.9798829033970833,0.0018455140016158111,0.018271562352310866
19558,0.8392751067876816,0.034184923744760454,0.12653999030590057
19559,0.3376662489026785,0.0034093239810317755,0.6589244157075882
19560,0.9733009487390518,0.013022718077991158,0.01367633487097919
19561,0.0956385238096118,0.001922848547110334,0.9024386256933212
19562,0.6487622000277042,0.021777692367322743,0.32946011051535606
19563,0.9705852717161179,0.0009855287862592377,0.028429194819182158
19564,0.9516757428646088,0.004591172590153292,0.0437331129796803
19565,0.0015845904490561225,0.0005492295531439595,0.9978661462664604
19566,0.48786748945713043,0.14333625650033355,0.36879624240100384
19567,0.006297147774603218,0.0060600616852752864,0.9876427873969078
19568,0.9838520064949989,0.0016242174460785463,0.014523754944093525
19569,0.9869258254766464,0.0009029212906170869,0.012171261420007795
19570,0.9911289736628532,0.005892685323487967,0.0029783519712509587
19571,0.9256917983293533,0.0019131415319861844,0.07239507883787155
19572,0.8570308908820152,0.03046519838972017,0.11250393278896809
19573,0.9094390571117401,0.007849658897612244,0.08271128218621016
19574,0.9672070890665054,0.0027136565186083317,0.030079252552241087
19575,0.7556397318840027,0.008083956985501572,0.2362762950360775
19576,0.8934328034520149,0.006736310519045219,0.09983088821172714
19577,0.9445842951536179,0.0033776590425986797,0.05203803954645991
19578,0.9850505813956261,0.006745433376636356,0.008203998382668942
19579,0.9865531325340271,0.0015193981016636826,0.011927493935218081
19580,0.9642235413193703,0.0027875220257556066,0.032988931401632726
19581,0.9405342936515808,0.006279339824686758,0.05318635189905763
19582,0.48044174537062645,0.016450374736450613,0.5031078830361366
19583,0.00396336501580663,0.0009930749620252755,0.9950435683131218
19584,0.8170752003788948,0.04380402120295912,0.1391207668930292
19585,0.9183716103434563,0.0113711763988249,0.07025721296668053
19586,0.04475017776712775,0.04521921160630882,0.9100305959582329
19587,0.5800253860652447,0.0033430179464630783,0.4166315905749798
19588,0.9572021588683128,0.007717901957221329,0.03507992974482477
19589,0.9514753818511963,0.0028108624392189085,0.04571377928368747
19590,0.9730074554681778,0.004019386964500882,0.022973158047534525
19591,0.6976871266961098,0.01398302026791498,0.2883298695087433
19592,0.9864803776144981,0.002761115276371129,0.010758502699900419
19593,0.9723160266876221,0.0016419732855865732,0.02604200248606503
19594,0.931778073310852,0.052900208393111825,0.015321692335419357
19595,0.1318845422938466,0.005714915881981142,0.8624005392193794
19596,0.9554800987243652,0.003891691885655746,0.04062822787091136
19597,0.915608175098896,0.004521624592598528,0.07987019792199135
19598,0.08831337373703718,0.011765654693590477,0.8999209925532341
19599,0.9730996116995811,0.012460765254218131,0.014439617283642292
19600,0.003352685336722061,0.0015145853903959505,0.9951327443122864
19601,0.9486820697784424,0.0038641236315015703,0.04745382769033313
19602,0.9427823275327682,0.011706316785421222,0.045511349104344845
19603,0.07600330654531717,0.0069116801605559886,0.9170850291848183
19604,0.08595297671854496,0.011195015162229538,0.9028520062565804
19605,0.7896344438195229,0.02157979318872094,0.18878575321286917
19606,0.7890538722276688,0.17046905308961868,0.04047711077146232
19607,0.9544253721833229,0.01069731853203848,0.03487731143832207
19608,0.3558630235493183,0.012850799539592117,0.6312861889600754
19609,0.7785578072071075,0.007851147034671158,0.21359102241694927
19610,0.9888187050819397,0.0008519332113792188,0.010329364624340087
19611,0.9741503223776817,0.0014856330199108925,0.02436404407490045
19612,0.9487958177924156,0.006195735215442255,0.04500843724235892
19613,0.5169452019035816,0.024032433168031275,0.4590223617851734
19614,0.9837792366743088,0.0016789741202956066,0.01454179105348885
19615,0.20796714443713427,0.015933419635985047,0.7760994359850883
19616,0.2072357339784503,0.02609055896755308,0.7666737213730812
19617,0.9123676717281342,0.0016145517874974757,0.08601779397577047
19618,0.8054010644555092,0.012536524271126837,0.18206242099404335
19619,0.9815606474876404,0.006664633488981053,0.011774719750974327
19620,0.6054977923631668,0.006577414460480213,0.3879247922450304
19621,0.817729577422142,0.004088193585630506,0.1781822219491005
19622,0.9900294467806816,0.0004212596013530856,0.009549292211886495
19623,0.9698972329497337,0.001959991146577522,0.028142779250629246
19624,0.9913519099354744,0.004435564915183932,0.004212539381114766
19625,0.025600658729672432,0.006994586699875072,0.9674047604203224
19626,0.8874359279870987,0.0006276079693634529,0.11193645093590021
19627,0.9507913887500763,0.005882543104235083,0.04332608124241233
19628,0.20893544889986515,0.0040749573381617665,0.7869896069169044
19629,0.9777608886361122,0.005735748782171868,0.016503358026966453
19630,0.4386172518134117,0.0050030488055199385,0.5563796982169151
19631,0.9698764756321907,0.005401025264291093,0.024722510133869946
19632,0.32524959184229374,0.0032220337161561474,0.671528372913599
19633,0.9880146086215973,0.0009978391535696574,0.010987548972479999
19634,0.13666661828756332,0.001473084332246799,0.8618603050708771
19635,0.8979624211788177,0.001820988763938658,0.10021660570055246
19636,0.9627060815691948,0.006028513831552118,0.03126540733501315
19637,0.9295210838317871,0.033936515217646956,0.03654238558374345
19638,0.9081478267908096,0.0014574725028069224,0.09039470599964261
19639,0.9454244077205658,0.0016967422561720014,0.05287886597216129
19640,0.1420312114059925,0.016650109784677625,0.8413186967372894
19641,0.9846294820308685,0.0012719766164082102,0.014098545536398888
19642,0.1918612727895379,0.056488112546503544,0.7516505941748619
19643,0.053973796078935266,0.0025347232003696263,0.9434914737939835
19644,0.8751134499907494,0.009917981253238395,0.11496857926249504
19645,0.9536324813961983,0.026852201612200588,0.01951532287057489
19646,0.874031275510788,0.00733736073016189,0.11863135639578104
19647,0.4384830743074417,0.043311669025570154,0.5182052552700043
19648,0.9314752668142319,0.0021194675791775808,0.0664052520878613
19649,0.8414875715970993,0.0023704329651081935,0.15614198055118322
19650,0.9156358316540718,0.004923730419250205,0.07944043958559632
19651,0.901359811425209,0.05898109404370189,0.03965906845405698
19652,0.6957549378275871,0.023336130543611944,0.28090892545878887
19653,0.9718315005302429,0.01816972449887544,0.009998766705393791
19654,0.6392446905374527,0.00679712847340852,0.3539581783115864
19655,0.9710856452584267,0.006117294047726318,0.022797098266892135
19656,0.9869104996323586,0.0004117311564186821,0.01267776737222448
19657,0.018396695144474506,0.00903113279491663,0.9725721850991249
19658,0.5027754157781601,0.01661236077779904,0.48061222210526466
19659,0.9536088556051254,0.001171067648101598,0.04522006888873875
19660,0.6016642488539219,0.037995932856574655,0.3603398073464632
19661,0.9894554764032364,0.0018009676678047981,0.008743561164010316
19662,0.9183651804924011,0.0012738490986521356,0.08036094671115279
19663,0.9468201845884323,0.0023958300807862543,0.05078398855403066
19664,0.8583640903234482,0.01023883291054517,0.13139709550887346
19665,0.7834014147520065,0.019231159007176757,0.19736742414534092
19666,0.6368651054799557,0.004088942689122632,0.359045946970582
19667,0.8440154418349266,0.0656253166962415,0.09035923518240452
19668,0.08590568462386727,0.008612730482127517,0.9054815918207169
19669,0.9796514511108398,0.0026570131522021256,0.017691538901999593
19670,0.8573993667960167,0.0005297888674249407,0.14207084756344557
19671,0.09385579219087958,0.0017490601894678548,0.9043951481580734
19672,0.6780370511114597,0.006379096652381122,0.315583860501647
19673,0.9092790931463242,0.0027961949817836285,0.08792472118511796
19674,0.988004133105278,0.003331865867949091,0.008663979533594102
19675,0.05173525447025895,0.004924283275613561,0.9433404505252838
19676,0.5378831438720226,0.005009821674320847,0.4571070373058319
19677,0.9931585565209389,0.0018423502624500543,0.004999099124688655
19678,0.05478442506864667,0.018493344774469733,0.9267222434282303
19679,0.0057515484222676605,0.000651275773634552,0.993597187101841
19680,0.02216419216711074,0.01266624717391096,0.9651695489883423
19681,0.8412719219923019,0.002237402310129255,0.1564906556159258
19682,0.975073792040348,0.0018361414113314822,0.02309007872827351
19683,0.0020638391870306805,0.0006360207989928313,0.9973001331090927
19684,0.837687075138092,0.012770462897606194,0.14954247511923313
19685,0.9740778282284737,0.002432625275105238,0.02348951925523579
19686,0.3118675760924816,0.012079194333637133,0.6760532222688198
19687,0.9706021025776863,0.0015641599311493337,0.02783372881822288
19688,0.00725589063949883,0.0024109834994305857,0.9903331324458122
19689,0.6019490398466587,0.11643121391534805,0.28161974996328354
19690,0.9799841940402985,0.0043654217006405815,0.015650396700948477
19691,0.9659705460071564,0.006291205761954188,0.027738239732570946
19692,0.4221181087195873,0.004201157309580594,0.5736807286739349
19693,0.45986242964863777,0.06963036023080349,0.4705072119832039
19694,0.9954527467489243,0.002215330066974275,0.002331920259166509
19695,0.9646112769842148,0.009505128109594807,0.025883615016937256
19696,0.9296794906258583,0.0032967704319162294,0.06702374573796988
19697,0.9442493990063667,0.008827523444779217,0.046923083486035466
19698,0.9299309849739075,0.0034755266970023513,0.06659348635002971
19699,0.46545855328440666,0.02350309956818819,0.5110383443534374
19700,0.9709871336817741,0.0010256964960717596,0.027987180277705193
19701,0.48492084443569183,0.0067204620281700045,0.5083587244153023
19702,0.9708586260676384,0.003698786356835626,0.02544258674606681
19703,0.441831823438406,0.02183288149535656,0.5363353006541729
19704,0.953417532145977,0.0039546224870719016,0.04262782237492502
19705,0.9852449223399162,0.005708360899006948,0.009046707942616194
19706,0.8465852290391922,0.009991060302127153,0.1434237016364932
19707,0.9707693085074425,0.0025643836852395907,0.02666631934698671
19708,0.49438509717583656,0.13531578704714775,0.37029913254082203
19709,0.892832800745964,0.00898543163202703,0.0981817846186459
19710,0.9695214703679085,0.007723871880443767,0.022754672216251493
19711,0.47571774385869503,0.002251176963909529,0.5220310725271702
19712,0.4522882103919983,0.007150309917051345,0.5405614823102951
19713,0.9618782177567482,0.0012565246724989265,0.036865269066765904
19714,0.8819322064518929,0.0886390688829124,0.029428703477606177
19715,0.8834667727351189,0.004753655637614429,0.11177955660969019
19716,0.7929383218288422,0.09211570583283901,0.11494598165154457
19717,0.01930733327753842,0.001974759652512148,0.9787179082632065
19718,0.9762654826045036,0.0007810690622136462,0.022953446838073432
19719,0.02725322567857802,0.004009553435025737,0.9687371999025345
19720,0.9126900136470795,0.0009673999302322045,0.08634262345731258
19721,0.19280003104358912,0.06300509115681052,0.7441948801279068
19722,0.895513191819191,0.06553510739468038,0.038951718946918845
19723,0.33049572817981243,0.6200951896607876,0.049409105675294995
19724,0.9899585023522377,0.0006461914708779659,0.009395294764544815
19725,0.3661602735519409,0.005457849067170173,0.6283818706870079
19726,0.9753406867384911,0.004529622703557834,0.020129704382270575
19727,0.5901595391333103,0.012458978482754901,0.3973814882338047
19728,0.3214833736419678,0.033631053287535906,0.6448855772614479
19729,0.9788683727383614,0.007316148577956483,0.013815493730362505
19730,0.9870934635400772,0.0012122584666940384,0.011694273387547582
19731,0.02866268844809383,0.017993607674725354,0.9533437192440033
19732,0.10903266165405512,0.19340010453015566,0.6975672170519829
19733,0.9487854763865471,0.002731118132942356,0.04848339920863509
19734,0.9603701308369637,0.01880275341682136,0.02082711923867464
19735,0.9680308401584625,0.0009293988878198434,0.031039728433825076
19736,0.019721010117791593,0.0015248416384565644,0.9787541329860687
19737,0.9764470532536507,0.0008194283218472265,0.022733506513759494
19738,0.8554984480142593,0.006679369253106415,0.13782218098640442
19739,0.07481922255828977,0.0019013037599506788,0.9232794791460037
19740,0.9352434948086739,0.0030086193582974374,0.06174789369106293
19741,0.9941511526703835,0.00045527760994446,0.005393575265770778
19742,0.9594319015741348,0.00039047130121616647,0.0401776316575706
19743,0.9736046865582466,0.009466733317822218,0.016928603523410857
19744,0.19149092212319374,0.009660423209425062,0.7988486662507057
19745,0.9501252993941307,0.018160562845878303,0.031714133685454726
19746,0.7386704757809639,0.00991579977562651,0.2514137402176857
19747,0.9696405455470085,0.01663037750404328,0.013729061291087419
19748,0.9759444147348404,0.004265692754415795,0.019789876649156213
19749,0.2497796155512333,0.0829245550557971,0.6672958172857761
19750,0.3733390886336565,0.2641756720840931,0.3624852579087019
19751,0.3974766507744789,0.012136700679548085,0.5903866477310658
19752,0.9234304055571556,0.002835837207385339,0.07373376144096255
19753,0.816065214574337,0.06042217183858156,0.12351262010633945
19754,0.20919995196163654,0.020080578979104757,0.7707194462418556
19755,0.9379859641194344,0.005171019642148167,0.056843025609850883
19756,0.7097910456359386,0.01869254361372441,0.271516403183341
19757,0.9810405820608139,0.0031194757320918143,0.01583994325483218
19758,0.2254922091960907,0.008152061433065683,0.7663557231426239
19759,0.9871974363923073,0.001811730740882922,0.010990849463269114
19760,0.06363076297566295,0.011380577401723713,0.9249886721372604
19761,0.9897880107164383,0.0003909863116859924,0.009820984909310937
19762,0.9915387704968452,0.003169686984620057,0.005291539768222719
19763,0.8394639045000076,0.006131805275799707,0.15440428536385298
19764,0.9516040682792664,0.004217018271447159,0.04417891497723758
19765,0.1365302074700594,0.013517422950826585,0.8499523550271988
19766,0.010873017745325342,0.0006484492405434139,0.9884785562753677
19767,0.029707279172725976,0.001153647135652136,0.9691390618681908
19768,0.9785364344716072,0.0018526206113165244,0.019610970048233867
19769,0.965009018778801,0.000968289423326496,0.03402270399965346
19770,0.8646349385380745,0.023221212381031364,0.11214385740458965
19771,0.8949108421802521,0.0178770445054397,0.08721212390810251
19772,0.525908675044775,0.02963665232528001,0.4444546774029732
19773,0.9927560091018677,0.0009580331388860941,0.006285979179665446
19774,0.4747089296579361,0.025204362929798663,0.5000867024064064
19775,0.4249640814960003,0.2536613894626498,0.32137452252209187
19776,0.951290562748909,0.006126430002041161,0.042583026457577944
19777,0.9110603183507919,0.001443145316443406,0.08749653492122889
19778,0.9336988925933838,0.0018448107330186758,0.06445629894733429
19779,0.6820099279284477,0.10626024473458529,0.2117298487573862
19780,0.26799515448510647,0.009160145244095474,0.7228447087109089
19781,0.971905380487442,0.01332040992565453,0.014774202019907534
19782,0.3678437564522028,0.018988195341080427,0.61316804215312
19783,0.9908123314380646,0.0004536527339951135,0.008733999886317179
19784,0.2555214576423168,0.023310103453695774,0.7211684286594391
19785,0.8823492154479027,0.014701105304993689,0.10294967330992222
19786,0.8726417496800423,0.07543728966265917,0.051920991856604815
19787,0.9160979613661766,0.00486445875139907,0.07903761323541403
19788,0.7189732156693935,0.03820911189541221,0.24281768687069416
19789,0.9785761833190918,0.003216353386960691,0.01820745744043961
19790,0.9823958352208138,0.00150240161747206,0.01610175205860287
19791,0.972280703485012,0.001603041819180362,0.02611626870930195
19792,0.9752926230430603,0.0006176266997499624,0.024089722195640206
19793,0.8801179081201553,0.007320818491280079,0.11256125383079052
19794,0.9070643559098244,0.007905251812189817,0.08503039227798581
19795,0.00830798438983038,0.0014102043132879771,0.9902818202972412
19796,0.034893803531304,0.0026393684383947402,0.9624668210744858
19797,0.07357999542728066,0.0017400286014890298,0.9246799722313881
19798,0.8905412927269936,0.0024947920901468024,0.10696393251419067
19799,0.8790300562977791,0.004264918257831596,0.1167050264775753
19800,0.008962681633420289,0.0026810123745235614,0.988356314599514
19801,0.9283779934048653,0.003413020313018933,0.06820899015292525
19802,0.9783261641860008,0.012150948692578822,0.009522885084152222
19803,0.6381011977791786,0.004061663581524044,0.35783713683485985
19804,0.8380071446299553,0.0038518864021170884,0.1581409676000476
19805,0.9764055237174034,0.0007782081484037917,0.02281625207979232
19806,0.25351833552122116,0.0019456329609965906,0.7445360422134399
19807,0.9660636931657791,0.003882330085616559,0.030053961323574185
19808,0.9823773950338364,0.000360503308911575,0.017262112465687096
19809,0.3226167466491461,0.019074005889706314,0.658309243619442
19810,0.9400022029876709,0.0033691901189740747,0.05662859417498112
19811,0.007581658574054018,0.0002335975486857933,0.9921847432851791
19812,0.974375419318676,0.006526416051201522,0.019098156946711242
19813,0.9731849581003189,0.0008486687438562512,0.025966393761336803
19814,0.7659000977873802,0.004466947662876919,0.22963293828070164
19815,0.9543846547603607,0.005463376379339024,0.04015197209082544
19816,0.9373103082180023,0.0027617879532044753,0.059927900321781635
19817,0.824311874806881,0.004446530976565555,0.171241600997746
19818,0.005058779061073437,0.0009842543258855585,0.9939569756388664
19819,0.8587146103382111,0.0017056431825039908,0.13957976084202528
19820,0.9292930141091347,0.0031509816471952945,0.06755600683391094
19821,0.984312079846859,0.00034134304769395385,0.015346573200076818
19822,0.9825257882475853,0.00305979629047215,0.014414410863537341
19823,0.9524014219641685,0.003664089454105124,0.04393447423353791
19824,0.010054419632069767,0.0011282786035735626,0.9888172969222069
19825,0.7359613478183746,0.005002059391699731,0.25903657265007496
19826,0.41775962337851524,0.02408165135420859,0.5581587217748165
19827,0.1157901301048696,0.1485658437013626,0.7356439977884293
19828,0.901897169649601,0.0024423669674433768,0.09566046250984073
19829,0.986353911459446,0.006497030262835324,0.0071490713162347674
19830,0.857449434697628,0.0023582442372571677,0.14019232336431742
19831,0.9474024102091789,0.013817323138937354,0.03878026152960956
19832,0.11460683913901448,0.266044432297349,0.6193487383425236
19833,0.9754209071397781,0.00042787489655893296,0.02415122464299202
19834,0.9738034382462502,0.0016376465864595957,0.024558936478570104
19835,0.8480950370430946,0.015400207543279976,0.1365047451108694
19836,0.5351052060723305,0.009749087563250214,0.4551456905901432
19837,0.979056678712368,0.012768663698807359,0.008174648392014205
19838,0.30001621320843697,0.004307172494009137,0.6956766285002232
19839,0.9092326685786247,0.003948266967199743,0.08681906387209892
19840,0.9717370420694351,0.00027747208514483646,0.027985500870272517
19841,0.122876837849617,0.0028145830292487517,0.8743085712194443
19842,0.4473487660288811,0.25217593647539616,0.3004753030836582
19843,0.9377508983016014,0.0034848690702347085,0.05876424303278327
19844,0.009844224783591926,0.0025657348924141843,0.9875900372862816
19845,0.9084969162940979,0.025952265597879887,0.06555084465071559
19846,0.025147176696918905,0.00447183393407613,0.9703809767961502
19847,0.10311486944556236,0.004384798463433981,0.8925003334879875
19848,0.017057088087312877,0.004414861556142569,0.9785280376672745
19849,0.9344426319003105,0.0015005862442194484,0.0640567778609693
19850,0.033979293424636126,0.0064709949074313045,0.9595497101545334
19851,0.9919419437646866,0.0013503475784091279,0.006707705382723361
19852,0.9865697920322418,0.001839864911744371,0.011590341804549098
19853,0.9053303524851799,0.0039808750443626195,0.09068878553807735
19854,0.06555605703033507,0.002947612985735759,0.9314963221549988
19855,0.6535061746835709,0.0075952718034386635,0.33889853581786156
19856,0.9853354096412659,0.0024672216968610883,0.012197399337310344
19857,0.8264523893594742,0.11590523924678564,0.0576423704624176
19858,0.9955420568585396,0.0009212282566295471,0.0035367241071071476
19859,0.9756717681884766,0.0024673286825418472,0.021860899520106614
19860,0.9858931601047516,0.0006638499653490726,0.013443001545965672
19861,0.6438957005739212,0.05384232150390744,0.3022619653493166
19862,0.8120184689760208,0.00487947027431801,0.18310205545276403
19863,0.010117767727933824,0.004659921731217764,0.9852223098278046
19864,0.10846768971532583,0.007668823207495734,0.8838635012507439
19865,0.7741501331329346,0.011653924128040671,0.21419593319296837
19866,0.6684598550200462,0.028993643121793866,0.3025464825332165
19867,0.6027254909276962,0.014173647621646523,0.3831008803099394
19868,0.9427165910601616,0.01398761261953041,0.04329579323530197
19869,0.9067964181303978,0.0010064415728265885,0.09219713322818279
19870,0.9850539118051529,0.0028067341772839427,0.0121393563458696
19871,0.8556881695985794,0.001859266747487709,0.14245259016752243
19872,0.41216516494750977,0.01987377693876624,0.5679610632359982
19873,0.4458993040025234,0.011619334749411792,0.5424813665449619
19874,0.6880354359745979,0.015540689462795854,0.29642385616898537
19875,0.9265240952372551,0.003609529958339408,0.06986636435613036
19876,0.9495914354920387,0.00444541935576126,0.04596314067021012
19877,0.00815123354550451,0.0034107200044672936,0.9884380325675011
19878,0.9867989346385002,0.000848433148348704,0.012352636898867786
19879,0.9687997251749039,0.0022042026394046843,0.0289960642112419
19880,0.3829393610358238,0.004648435424314812,0.6124122068285942
19881,0.9574028998613358,0.0028390744992066175,0.03975801425985992
19882,0.9829130321741104,0.000629632389973267,0.016457358025945723
19883,0.9923815578222275,0.0010900420165853575,0.006528387486469001
19884,0.951710470020771,0.0026558872195892036,0.045633621513843536
19885,0.1642145635560155,0.7585577070713043,0.0772277289070189
19886,0.9095491468906403,0.011816327169071883,0.07863452238962054
19887,0.0999350855126977,0.006099871854530647,0.8939650505781174
19888,0.9750458747148514,0.0006231760235095862,0.024330950458534062
19889,0.803350493311882,0.005374951288104057,0.19127453677356243
19890,0.964848205447197,0.0018546190767665394,0.033297169022262096
19891,0.966645210981369,0.002780437425826676,0.03057432803325355
19892,0.04274583561345935,0.0039048123580869287,0.9533493369817734
19893,0.4852694571018219,0.016700020234566182,0.49803052842617035
19894,0.9524219408631325,0.002740786090726033,0.04483726480975747
19895,0.682465136051178,0.006959830119740218,0.3105750251561403
19896,0.880551889538765,0.0013354037728277035,0.11811271100305021
19897,0.9212004020810127,0.006626908463658765,0.07217268738895655
19898,0.9558595716953278,0.0011263138221693225,0.043014111230149865
19899,0.9524563699960709,0.00343707951833494,0.04410656541585922
19900,0.3615691736340523,0.004892971453955397,0.6335378549993038
19901,0.38545507565140724,0.005822353792609647,0.6087225712835789
19902,0.0020344331132946536,0.0003807054272328969,0.9975848719477654
19903,0.9734854400157928,0.0014695757199660875,0.025044970796443522
19904,0.05264537804760039,0.0019107182597508654,0.9454438909888268
19905,0.707746796309948,0.0045112740772310644,0.28774193674325943
19906,0.9561086148023605,0.002146510421880521,0.04174486896954477
19907,0.4771553538739681,0.02793757861945778,0.49490706250071526
19908,0.9118292704224586,0.005064142809715122,0.08310660207644105
19909,0.035697916988283396,0.005561965343076736,0.9587401077151299
19910,0.007847490953281522,0.0008981028659036383,0.9912543967366219
19911,0.9687822312116623,0.009448571188841015,0.021769199869595468
19912,0.6596000455319881,0.0395841971039772,0.3008157480508089
19913,0.3813324458897114,0.028234445373527706,0.5904330834746361
19914,0.016441385843791068,0.021848708856850863,0.9617099165916443
19915,0.1641056351363659,0.016970653203316033,0.8189237266778946
19916,0.00980289577273652,0.0009506413625786081,0.9892464578151703
19917,0.7655417993664742,0.00874823605408892,0.22570995800197124
19918,0.7655426785349846,0.003152154604322277,0.23130518198013306
19919,0.8828923404216766,0.007947819714900106,0.1091598616912961
19920,0.796859547495842,0.08726411662064493,0.11587633984163404
19921,0.8553839549422264,0.06378516927361488,0.08083088835701346
19922,0.0955483028665185,0.0088675421429798,0.8955841511487961
19923,0.7892263904213905,0.002236846361483913,0.2085367664694786
19924,0.2639310248196125,0.009359042800497264,0.7267099544405937
19925,0.861463226377964,0.0049170354614034295,0.13361973874270916
19926,0.980569489300251,0.0031644645787309855,0.01626603363547474
19927,0.48260916769504547,0.016130714095197618,0.5012601241469383
19928,0.9381801187992096,0.009384670294821262,0.052435222547501326
19929,0.8809121698141098,0.011338117939885706,0.10774967866018414
19930,0.9180583357810974,0.01230514538474381,0.0696365162730217
19931,0.9762437716126442,0.005403530987678096,0.018352709710597992
19932,0.32949486188590527,0.2094799242913723,0.4610252045094967
19933,0.9292267486453056,0.000447327091023908,0.07032591290771961
19934,0.9407566785812378,0.004340556508395821,0.054902763571590185
19935,0.9371123611927032,0.003991299119661562,0.058896361850202084
19936,0.7203804776072502,0.0053427065431606025,0.27427678368985653
19937,0.15721656568348408,0.030139261856675148,0.8126441761851311
19938,0.3594888374209404,0.004373808653326705,0.6361373588442802
19939,0.0030451618367806077,0.008632739161839709,0.9883221015334129
19940,0.6879238523542881,0.00740303413476795,0.30467313900589943
19941,0.006389428599504754,0.0010054667945951223,0.9926050901412964
19942,0.9237669333815575,0.017984072561375797,0.058248988818377256
19943,0.9361791163682938,0.019998553674668074,0.04382233344949782
19944,0.9425026997923851,0.04196434048935771,0.015532958030235022
19945,0.9181632548570633,0.004496946959989145,0.07733978470787406
19946,0.6872407086193562,0.07298039484885521,0.23977889027446508
19947,0.974842868745327,0.005381356051657349,0.01977575570344925
19948,0.771399050951004,0.006746723083779216,0.22185423411428928
19949,0.22746863961219788,0.00979440548690036,0.7627369314432144
19950,0.9835293292999268,0.0002664568837644765,0.01620423048734665
19951,0.7577248215675354,0.010306722018867731,0.23196847923099995
19952,0.9885965958237648,0.0004638970385713037,0.010939488711301237
19953,0.9863418415188789,0.0004180651467322605,0.013240112573839724
19954,0.4586924873292446,0.21488689677789807,0.32642060704529285
19955,0.9267089366912842,0.001395280283759348,0.07189578469842672
19956,0.01488288096152246,0.00281832943437621,0.9822987839579582
19957,0.9607902318239212,0.012948385963682085,0.026261381222866476
19958,0.5958677008748055,0.014295097440481186,0.38983720168471336
19959,0.6900205090641975,0.014983097382355481,0.2949963938444853
19960,0.903086356818676,0.006628736795391887,0.09028488444164395
19961,0.8839753121137619,0.0012989207280043047,0.1147257830016315
19962,0.08933256566524506,0.024986435426399112,0.8856810033321381
19963,0.049817594699561596,0.003582522738724947,0.9465998634696007
19964,0.9659367799758911,0.001748696668073535,0.03231453790795058
19965,0.4092496670782566,0.011431129940319806,0.5793192014098167
19966,0.07440981781110168,0.008803674310911447,0.9167865216732025
19967,0.8855274841189384,0.01939013972878456,0.09508235799148679
19968,0.2937584165483713,0.006070831645047292,0.7001707553863525
19969,0.03872413095086813,0.007420037931296974,0.953855849802494
19970,0.8705681040883064,0.019485507858917117,0.109946402721107
19971,0.9462949335575104,0.042483648052439094,0.011221434746403247
19972,0.6851346343755722,0.0034628164721652865,0.31140256114304066
19973,0.061680459417402744,0.03141003823839128,0.9069094806909561
19974,0.01705883943941444,0.009440986381378025,0.9735001623630524
19975,0.9779174402356148,0.0032269037037622184,0.018855666392482817
19976,0.9137543514370918,0.00606671062996611,0.08017894206568599
19977,0.5545056834816933,0.0024848593457136303,0.4430094547569752
19978,0.9397129192948341,0.003151173732476309,0.057135907001793385
19979,0.13638980314135551,0.001717736740829423,0.861892469227314
19980,0.00273281529371161,0.0005606413651548792,0.9967065379023552
19981,0.9767483770847321,0.0010413883064757101,0.022210236988030374
19982,0.5282051041722298,0.021868343697860837,0.44992656260728836
19983,0.8706476092338562,0.001226910448167473,0.12812549993395805
19984,0.9763329401612282,0.011158717155922204,0.012508329469710588
19985,0.9690622612833977,0.004501566174440086,0.026436165906488895
19986,0.9719129130244255,0.00225498902000254,0.025832105078734457
19987,0.9873487278819084,0.00035598922113422304,0.012295290594920516
19988,0.04530804930254817,0.005754559286287986,0.9489373788237572
19989,0.25033912621438503,0.7086142189800739,0.04104664083570242
19990,0.9707112163305283,0.0034009074297500774,0.02588786417618394
19991,0.9805366396903992,0.0007158371809055097,0.018747533322311938
19992,0.7928755879402161,0.008999706333270296,0.19812473095953465
19993,0.9305482134222984,0.003703822789248079,0.06574798468500376
19994,0.07097106799483299,0.0014771183341508731,0.9275517985224724
19995,0.9408209174871445,0.0022022162593202665,0.05697685852646828
19996,0.8665432557463646,0.006937453057616949,0.12651929538697004
19997,0.9820350781083107,0.0003954729654651601,0.01756942900829017
19998,0.9933715015649796,0.00033993108445429243,0.0062885499792173505
19999,0.8409062251448631,0.020919638453051448,0.13817414175719023
20000,0.9674286022782326,0.01333241251995787,0.01923898549284786
20001,0.8525366112589836,0.025440803146921098,0.12202257663011551
20002,0.9947665631771088,0.001736137033731211,0.0034972986177308485
20003,0.977008767426014,0.0003436438837525202,0.022647584788501263
20004,0.9026036411523819,0.0037724570429418236,0.0936238900758326
20005,0.08931037038564682,0.0027551068269531243,0.9079345092177391
20006,0.1576060215011239,0.002950392648926936,0.8394435793161392
20007,0.5382171757519245,0.025053771678358316,0.4367290735244751
20008,0.5787724182009697,0.022152932011522353,0.39907462894916534
20009,0.3553564269095659,0.005676014785422012,0.6389675624668598
20010,0.9816330075263977,0.0016183621701202355,0.016748599940910935
20011,0.05829585460014641,0.24136848747730255,0.7003356665372849
20012,0.5576558746397495,0.013709692400880158,0.4286344274878502
20013,0.9943503811955452,0.0005253728231764399,0.005124238901771605
20014,0.33087557926774025,0.015887810674030334,0.6532366089522839
20015,0.11728371120989323,0.04152431758120656,0.841191977262497
20016,0.94065260887146,0.0017899421582114883,0.057557438500225544
20017,0.9464894533157349,0.02302759955637157,0.030482946895062923
20018,0.17371991835534573,0.0052272804896347225,0.8210528120398521
20019,0.9352008402347565,0.012535580201074481,0.052263577934354544
20020,0.020147311268374324,0.0030887594330124557,0.9767639264464378
20021,0.006718065356835723,0.0025706227315822616,0.9907112941145897
20022,0.013089498621411622,0.0009632062283344567,0.9859473034739494
20023,0.926999069750309,0.00432042678585276,0.06868048803880811
20024,0.38709568604826927,0.013758162618614733,0.599146157503128
20025,0.9455250054597855,0.0036209469253662974,0.05085404822602868
20026,0.47967419400811195,0.002686585357878357,0.5176392085850239
20027,0.5501936227083206,0.016143344226293266,0.4336630366742611
20028,0.7701086178421974,0.0010733712624642067,0.2288180086761713
20029,0.40378230810165405,0.003808581444900483,0.5924091264605522
20030,0.9051316455006599,0.0029251478554215282,0.09194322722032666
20031,0.062268470879644156,0.10966258961707354,0.828068919479847
20032,0.0932474359869957,0.008930082025472075,0.8978224843740463
20033,0.9932731539011002,0.0003104801526205847,0.006416332733351737
20034,0.8682039082050323,0.0070018192927818745,0.12479427363723516
20035,0.9731729701161385,0.000579712534090504,0.026247320463880897
20036,0.24605237692594528,0.023455256829038262,0.7304923683404922
20037,0.7674320712685585,0.06296938471496105,0.16959854122251272
20038,0.9783295542001724,0.005973263585474342,0.01569718774408102
20039,0.042112081428058445,0.0015566900692647323,0.9563312456011772
20040,0.08078869851306081,0.02382811764255166,0.8953831717371941
20041,0.16387347877025604,0.03748611663468182,0.7986404150724411
20042,0.8050845637917519,0.09743394237011671,0.097481474513188
20043,0.04890334187075496,0.04672032466623932,0.9043763354420662
20044,0.6084841936826706,0.028563837753608823,0.36295195668935776
20045,0.38611086271703243,0.0018493166862754151,0.6120398230850697
20046,0.029286810313351452,0.0015295699340640567,0.9691836312413216
20047,0.11183384153991938,0.0014355086386785842,0.8867306634783745
20048,0.8092825263738632,0.008594558166805655,0.18212291318923235
20049,0.9316923320293427,0.015168963000178337,0.05313868774101138
20050,0.9494128823280334,0.001997937841224484,0.048589173005893826
20051,0.980178140103817,0.0014126599271548912,0.018409202457405627
20052,0.026328328298404813,0.001941888447618112,0.9717297628521919
20053,0.5514158718287945,0.1006550844758749,0.3479290511459112
20054,0.9039525240659714,0.005211233365116641,0.09083624230697751
20055,0.5757748670876026,0.0045358849165495485,0.41968925669789314
20056,0.15313757210969925,0.013501791283488274,0.8333606347441673
20057,0.9622715264558792,0.0009427645200048573,0.03678568685427308
20058,0.9889684692025185,0.0005434139548015082,0.010488105996046215
20059,0.9679735079407692,0.01180569309508428,0.02022078074514866
20060,0.9419220462441444,0.0007952077939989977,0.05728275468572974
20061,0.9891424924135208,0.00038159472751431167,0.010475925460923463
20062,0.9599754214286804,0.019749669823795557,0.020274906302802265
20063,0.061226144433021545,0.0023040583910187706,0.9364697858691216
20064,0.9004432484507561,0.0014525075748679228,0.09810425573959947
20065,0.0009366802842123434,0.0001910232185764471,0.998872309923172
20066,0.0012894354440504685,0.00015782155742272153,0.9985527470707893
20067,0.27291439473629,0.007540751190390438,0.7195448502898216
20068,0.9277141690254211,0.005650840292219073,0.066634985152632
20069,0.7370343208312988,0.007735562219750136,0.2552301352843642
20070,0.9832575544714928,0.003865958977257833,0.012876487046014518
20071,0.05181308835744858,0.12042118096724153,0.8277657404541969
20072,0.018118811305612326,0.005374672153266147,0.9765065014362335
20073,0.9802454188466072,0.0006017474570398917,0.019152850261889398
20074,0.9140703827142715,0.016274851514026523,0.0696547799743712
20075,0.363607220351696,0.04654693859629333,0.5898458436131477
20076,0.6725380532443523,0.003733018267666921,0.32372893020510674
20077,0.3902323879301548,0.050956339575350285,0.5588112697005272
20078,0.4098031036555767,0.026112302904948592,0.5640845932066441
20079,0.014514191425405443,0.024197763530537486,0.9612880647182465
20080,0.67896344140172,0.22743930015712976,0.09359726728871465
20081,0.30054146610200405,0.013657735253218561,0.6858008205890656
20082,0.09555019252002239,0.00450312698376365,0.8999466747045517
20083,0.9216803386807442,0.0019337706180522218,0.07638587802648544
20084,0.7311479300260544,0.0019167573700542562,0.26693530939519405
20085,0.9212137535214424,0.004365378466900438,0.07442085957154632
20086,0.02148363587912172,0.0026243228203384206,0.975892037153244
20087,0.9247505962848663,0.003158692648867145,0.07209071004763246
20088,0.9733804315328598,0.002748220445937477,0.023871350451372564
20089,0.2815548796206713,0.03544211445841938,0.6830030009150505
20090,0.5662845857441425,0.03575356747023761,0.3979618586599827
20091,0.13591768871992826,0.005649044876918197,0.85843326151371
20092,0.957721397280693,0.0032163992873393,0.039062218042090535
20093,0.9852341860532761,0.0032221914880210534,0.011543623288162053
20094,0.8789566084742546,0.0024960931041277945,0.11854728311300278
20095,0.9904028922319412,0.0005351360050553922,0.00906200153985992
20096,0.9827345758676529,0.006158905744086951,0.011106524325441569
20097,0.8879168406128883,0.07543863635510206,0.03664451837539673
20098,0.9749307483434677,0.002664510815520771,0.022404744173400104
20099,0.9587141051888466,0.011052683519665152,0.03023322089575231
20100,0.9908123686909676,0.00037773375152028166,0.008809911261778325
20101,0.24163319543004036,0.009132976701948792,0.7492338120937347
20102,0.9799870029091835,0.0008873253464116715,0.019125697552226484
20103,0.21466660872101784,0.015715935151092708,0.7696174681186676
20104,0.0023314251884585246,0.00022787759189668577,0.9974406883120537
20105,0.7400729954242706,0.23141366057097912,0.028513355646282434
20106,0.929547980427742,0.05058686248958111,0.019865172915160656
20107,0.9569507837295532,0.0006194771813170519,0.0424297284334898
20108,0.5577731058001518,0.0045925306039862335,0.4376343581825495
20109,0.9785763844847679,0.0013950467073300388,0.02002855099271983
20110,0.9502155184745789,0.01024907865212299,0.039535403018817306
20111,0.9576670676469803,0.0033143516920972615,0.03901856346055865
20112,0.02608346613124013,0.0055072465329431,0.9684092923998833
20113,0.947230838239193,0.004127027030335739,0.048642094945535064
20114,0.8803694918751717,0.015639017801731825,0.10399149311706424
20115,0.042997400276362896,0.7529277950525284,0.20407480327412486
20116,0.9615284577012062,0.0012907249983982183,0.037180830957368016
20117,0.7947273328900337,0.17881149519234896,0.02646116411779076
20118,0.6638141125440598,0.005320018419297412,0.33086586371064186
20119,0.017487645731307566,0.004266903284587897,0.978245459496975
20120,0.9844899699091911,0.001741143802064471,0.01376888295635581
20121,0.7096434906125069,0.012723037390969694,0.2776334658265114
20122,0.0464218626730144,0.08551557967439294,0.8680625706911087
20123,0.9701057597994804,0.0016178780497284606,0.028276372468098998
20124,0.7069673463702202,0.016047377546783537,0.27698525972664356
20125,0.8160732686519623,0.056664021452888846,0.1272627143189311
20126,0.9928251728415489,0.0017483988776803017,0.005426432617241517
20127,0.002939945043181069,0.0007299619101104327,0.996330089867115
20128,0.8923134431242943,0.0015805909533810336,0.10610596975311637
20129,0.9012903273105621,0.0018491703958716244,0.09686050657182932
20130,0.07942012138664722,0.04071966581977904,0.8798602148890495
20131,0.9911053851246834,0.0007714198909525294,0.008123214589431882
20132,0.976256750524044,0.0004635126442735782,0.023279741290025413
20133,0.8068095445632935,0.11050261557102203,0.08268783008679748
20134,0.42696497589349747,0.0030359052907442674,0.5699991062283516
20135,0.014625827432610095,0.0035002809308934957,0.9818738773465157
20136,0.11539369076490402,0.47343142703175545,0.4111748989671469
20137,0.019398861099034548,0.0005614198598777875,0.980039693415165
20138,0.8371785432100296,0.011242592590861022,0.1515788473188877
20139,0.12185496371239424,0.003600289361202158,0.8745447397232056
20140,0.9766976982355118,0.0035732521064346656,0.019729054532945156
20141,0.7046727016568184,0.006816413631895557,0.28851088881492615
20142,0.01537469180766493,0.003281548139057122,0.9813437461853027
20143,0.9943516477942467,0.0009521742867946159,0.0046961993793956935
20144,0.9602831453084946,0.011103328259196132,0.028613527421839535
20145,0.9760434255003929,0.0056285796163138,0.018327970174141228
20146,0.7352232933044434,0.0042773300083354115,0.26049938797950745
20147,0.9474034607410431,0.006253968138480559,0.04634260223247111
20148,0.21517042815685272,0.0535785430110991,0.7312510386109352
20149,0.795725405216217,0.017235459061339498,0.18703913316130638
20150,0.5097356475889683,0.005087930214358494,0.4851764217019081
20151,0.2672391850501299,0.008547305304091424,0.724213507026434
20152,0.1469603916630149,0.08052277471870184,0.7725168317556381
20153,0.5160671062767506,0.27537964284420013,0.2085532620549202
20154,0.953355997800827,0.014779927209019661,0.031864061718806624
20155,0.005427782976767048,0.0008596212428528816,0.9937125965952873
20156,0.9501332268118858,0.00811285934469197,0.04175388324074447
20157,0.007150211196858436,0.0015014901655376889,0.9913482889533043
20158,0.9019563123583794,0.010731497313827276,0.0873121889308095
20159,0.9801192879676819,0.0017790872807381675,0.01810163340996951
20160,0.41436465829610825,0.024509839713573456,0.5611255131661892
20161,0.015619790880009532,0.0012413179974828381,0.983138881623745
20162,0.7310293391346931,0.04113694909028709,0.2278337050229311
20163,0.9862245321273804,0.00039827797081670724,0.013377200928516686
20164,0.9718125015497208,0.002504853080608882,0.02568264352157712
20165,0.9685008227825165,0.0005894755631743465,0.030909696593880653
20166,0.9598083943128586,0.015661636251024902,0.024529968039132655
20167,0.08161124587059021,0.007426784868584946,0.9109619855880737
20168,0.02303491358179599,0.002304240995727014,0.9746608436107635
20169,0.2525199754163623,0.029632158344611526,0.7178478799760342
20170,0.49642830714583397,0.06683917948976159,0.4367325194180012
20171,0.08740868559107184,0.009632628411054611,0.9029586911201477
20172,0.6943289823830128,0.0018934611216536723,0.30377756990492344
20173,0.8574148416519165,0.05284089269116521,0.08974427031353116
20174,0.900030791759491,0.00472630761214532,0.09524286864325404
20175,0.9956135898828506,0.0003525518022797769,0.004033869743579999
20176,0.8715615272521973,0.04136153927538544,0.08707692753523588
20177,0.4518112577497959,0.02177024877164513,0.5264185145497322
20178,0.9567122384905815,0.0014044577983440831,0.04188330238685012
20179,0.9330409467220306,0.048273379914462566,0.018685643677599728
20180,0.18459955975413322,0.008481590892188251,0.8069188594818115
20181,0.024203301989473403,0.01997389772441238,0.9558228030800819
20182,0.34317336417734623,0.032203658716753125,0.6246229857206345
20183,0.8238276615738869,0.008739683136809617,0.16743268724530935
20184,0.9718754664063454,0.00100144437601557,0.027123088482767344
20185,0.9871791228652,0.0009728989898576401,0.011847974848933518
20186,0.8421289548277855,0.004750639520352706,0.1531204041093588
20187,0.440496776252985,0.020587203791365027,0.5389159992337227
20188,0.9553205072879791,0.001302786618907703,0.04337671538814902
20189,0.9857835024595261,0.0006735591086908244,0.013542943052016199
20190,0.9138092324137688,0.004190473904600367,0.0820002919062972
20191,0.5608988516032696,0.0012279432194191031,0.4378732107579708
20192,0.9588898494839668,0.0116395567310974,0.02947059040889144
20193,0.9733573198318481,0.003911137086106464,0.022731547011062503
20194,0.7595004960894585,0.0043098737369291484,0.23618962988257408
20195,0.9651562198996544,0.003595504575059749,0.031248282175511122
20196,0.955307811498642,0.0034630493610166013,0.04122912487946451
20197,0.17332311812788248,0.6024751774966717,0.22420172207057476
20198,0.05028988281264901,0.01964212756138295,0.9300679787993431
20199,0.9749268591403961,0.00039797629688109737,0.024675151333212852
20200,0.8197508677840233,0.00967459729872644,0.17057451605796814
20201,0.8150495663285255,0.02416367386467755,0.1607867768034339
20202,0.9445041120052338,0.002452797387377359,0.0530430874787271
20203,0.3443523030728102,0.005819099926156923,0.649828601628542
20204,0.8428006321191788,0.014899225323460996,0.14230013638734818
20205,0.9768496602773666,0.0020641917144530453,0.021086131338961422
20206,0.015203149640001357,0.004676869080867618,0.9801199957728386
20207,0.9274898245930672,0.012282185605727136,0.06022799760103226
20208,0.9482294470071793,0.006052040058420971,0.045718512730672956
20209,0.025435550371184945,0.020605843572411686,0.9539586156606674
20210,0.9326600357890129,0.01255855814088136,0.05478141596540809
20211,0.9569450467824936,0.003512352195684798,0.03954259748570621
20212,0.022192655014805496,0.0155836968915537,0.962223656475544
20213,0.9697551056742668,0.004436818038811907,0.025808062055148184
20214,0.7467893287539482,0.018676324747502804,0.23453435860574245
20215,0.950104258954525,0.01511973305605352,0.034776006592437625
20216,0.9364524930715561,0.024875942966900766,0.03867157595232129
20217,0.7726683169603348,0.030785152106545866,0.19654653035104275
20218,0.4110233634710312,0.079100206727162,0.5098764263093472
20219,0.9658175334334373,0.002296813137945719,0.03188566188327968
20220,0.9809503182768822,0.004682466707890853,0.014367216906975955
20221,0.9816991239786148,0.0008537778303434607,0.017447084886953235
20222,0.40162424370646477,0.002946073087514378,0.5954296849668026
20223,0.2263188660144806,0.39316111616790295,0.3805200196802616
20224,0.955109491944313,0.0006982232771406416,0.04419228620827198
20225,0.03446460352279246,0.01609786500921473,0.9494375437498093
20226,0.9321585670113564,0.009134088089922443,0.058707358315587044
20227,0.20538824051618576,0.006280653731664643,0.7883310988545418
20228,0.9850571826100349,0.000503899220348103,0.014438914018683136
20229,0.8076824098825455,0.02435615926515311,0.16796139813959599
20230,0.12456787098199129,0.02353586198296398,0.8518962487578392
20231,0.9932500198483467,0.0013373266192502342,0.0054126601899042726
20232,0.9527553766965866,0.0009020988982229028,0.04634250653907657
20233,0.9619820713996887,0.0026352218264946714,0.035382713889703155
20234,0.9297423735260963,0.005025197460781783,0.06523243617266417
20235,0.46566880121827126,0.03188952337950468,0.5024416521191597
20236,0.6837772205471992,0.02523636049591005,0.2909864094108343
20237,0.9519715756177902,0.00444203894585371,0.04358638729900122
20238,0.960519939661026,0.02356827794574201,0.01591180928517133
20239,0.008272704610135406,0.0009583972350810654,0.9907689020037651
20240,0.9272860437631607,0.010847944533452392,0.06186598679050803
20241,0.9870213717222214,0.0009430546560906805,0.012035548221319914
20242,0.011632509587798268,0.0009727346732688602,0.9873947575688362
20243,0.7024453543126583,0.02783020178321749,0.2697244603186846
20244,0.011253597389440984,0.003898625640431419,0.9848477691411972
20245,0.7876935824751854,0.002370151676586829,0.2099362602457404
20246,0.5226216949522495,0.04488153196871281,0.4324967861175537
20247,0.8185661509633064,0.038918776204809546,0.14251509122550488
20248,0.04990675370208919,0.006885245180455968,0.9432079866528511
20249,0.7936653047800064,0.006309626187430695,0.20002506207674742
20250,0.9278684630990028,0.015596236858982593,0.056535299867391586
20251,0.13382321503013372,0.00133547953737434,0.8648412898182869
20252,0.9741698652505875,0.005602649151114747,0.02022750535979867
20253,0.9633239507675171,0.009399337519425899,0.027276710141450167
20254,0.8701953813433647,0.009562976396409795,0.12024164851754904
20255,0.9469421207904816,0.006141047488199547,0.046916833613067865
20256,0.966845765709877,0.0022716652165399864,0.030882548540830612
20257,0.742865577340126,0.015862988599110395,0.24127144366502762
20258,0.9464515298604965,0.005276971060084179,0.04827150050550699
20259,0.8104990422725677,0.0015806322990101762,0.18792033195495605
20260,0.9916183426976204,0.0008506993581249844,0.007530953851528466
20261,0.37202888540923595,0.008364512206753716,0.6196065992116928
20262,0.9490195959806442,0.006693462884868495,0.044286943040788174
20263,0.14914606511592865,0.004792626743437722,0.8460613116621971
20264,0.99207853525877,0.0014681452230433933,0.006453335605328903
20265,0.9935619384050369,0.0008380307699553668,0.005600022937869653
20266,0.761893168091774,0.0015514217157033272,0.2365554003044963
20267,0.002611636242363602,0.0004461040334717836,0.9969422593712807
20268,0.4316759929060936,0.012975162302609533,0.5553488470613956
20269,0.2715614065527916,0.0196192100411281,0.7088193595409393
20270,0.12180093955248594,0.011787866882514209,0.8664111942052841
20271,0.05275639100000262,0.07115379022434354,0.8760898187756538
20272,0.8944312855601311,0.002987446277984418,0.1025812765583396
20273,0.9053835943341255,0.012501349032390863,0.08211504528298974
20274,0.9814135506749153,0.006968446105020121,0.01161800668342039
20275,0.785233624279499,0.001564354039146565,0.21320202946662903
20276,0.8668223917484283,0.0010898014588747174,0.13208780717104673
20277,0.986777126789093,0.00036378898585098796,0.012859073700383306
20278,0.773624487221241,0.024034734233282506,0.20234077610075474
20279,0.9838661476969719,0.0022389129881048575,0.013894954463467002
20280,0.20801496505737305,0.38389069214463234,0.4080943502485752
20281,0.8925466388463974,0.021277710213325918,0.08617564756423235
20282,0.9238732606172562,0.016349375946447253,0.05977735435590148
20283,0.8720013126730919,0.04693181870970875,0.08106685383245349
20284,0.21687051746994257,0.020964417897630483,0.7621650770306587
20285,0.8194797113537788,0.021594516350887716,0.15892577357590199
20286,0.5896133854985237,0.0063144674932118505,0.404072143137455
20287,0.9923284873366356,0.000656476531730732,0.00701501511503011
20288,0.9648992046713829,0.0004523393072304316,0.034648447297513485
20289,0.9528375715017319,0.02331124769989401,0.02385120082180947
20290,0.9899793267250061,0.005620625015581027,0.0044000296329613775
20291,0.02840590535197407,0.005462716304464266,0.9661313891410828
20292,0.6156125292181969,0.016418113082181662,0.3679693564772606
20293,0.6086404174566269,0.005470752774272114,0.3858888354152441
20294,0.6594041548669338,0.12536058574914932,0.21523525286465883
20295,0.6518860757350922,0.011207083764020354,0.3369068466126919
20296,0.013120210845954716,0.0009389598853886127,0.9859408065676689
20297,0.9922618791460991,0.00189520471758442,0.005842929414939135
20298,0.9542494118213654,0.0007289596505870577,0.0450216312892735
20299,0.005868416104931384,0.0074460284085944295,0.9866855591535568
20300,0.35838161036372185,0.005426729476312175,0.6361916474997997
20301,0.7303030118346214,0.06412362982518971,0.20557336136698723
20302,0.6635732129216194,0.009333981608506292,0.32709280028939247
20303,0.06051229778677225,0.016833910427521914,0.9226537942886353
20304,0.12777865584939718,0.0013597477664006874,0.8708615899085999
20305,0.8330726474523544,0.02472937130369246,0.1421979796141386
20306,0.02172370965126902,0.009837558260187507,0.9684387519955635
20307,0.8281582817435265,0.021289497963152826,0.15055221784859896
20308,0.6214049607515335,0.006577844498679042,0.37201717868447304
20309,0.9834335595369339,0.000733539473003475,0.015832895296625793
20310,0.9930586442351341,0.0005618884315481409,0.006379472237313166
20311,0.9256802573800087,0.015204135910607874,0.05911562475375831
20312,0.007454935053829104,0.0026560152764432132,0.9898890554904938
20313,0.9194311648607254,0.021244246512651443,0.05932459933683276
20314,0.12986259534955025,0.020892573113087565,0.8492448329925537
20315,0.9723939448595047,0.0021286303381202742,0.02547742472961545
20316,0.8999164924025536,0.06895202305167913,0.031131490017287433
20317,0.9794377386569977,0.002644707405124791,0.017917558434419334
20318,0.5625634416937828,0.009625594364479184,0.4278109520673752
20319,0.7908560857176781,0.011351786146406084,0.1977921426296234
20320,0.0025457936426391825,0.0009520236199023202,0.9965021908283234
20321,0.9677053540945053,0.001388724565913435,0.030905923573300242
20322,0.8806208521127701,0.04630361625459045,0.07307555200532079
20323,0.9642124027013779,0.0005931284213147592,0.03519449452869594
20324,0.8437838703393936,0.012751902162563056,0.14346420858055353
20325,0.9900426939129829,0.00034421352575009223,0.009613094152882695
20326,0.9272744432091713,0.006502866483060643,0.06622267956845462
20327,0.9063199609518051,0.00404389516916126,0.08963611908257008
20328,0.9817303940653801,0.001583082128490787,0.016686508897691965
20329,0.1018267311155796,0.1092513280455023,0.7889219298958778
20330,0.47522567212581635,0.19000488426536322,0.3347694296389818
20331,0.9832091853022575,0.0014820850992691703,0.015308724134229124
20332,0.011434373096562922,0.0016641239562886767,0.9869015142321587
20333,0.6446416079998016,0.010855527012608945,0.3445028681308031
20334,0.014042768045328557,0.0013351981178857386,0.9846220463514328
20335,0.010460433957632631,0.0016647349584673066,0.9878748208284378
20336,0.9599344059824944,0.002980867982842028,0.03708472894504666
20337,0.8840285092592239,0.007021222496405244,0.10895025124773383
20338,0.35330983623862267,0.01613660535076633,0.630553562194109
20339,0.9538632333278656,0.002207149300375022,0.04392964346334338
20340,0.9492073282599449,0.005382090952480212,0.0454106202814728
20341,0.9601185321807861,0.0020772424031747505,0.037804216612130404
20342,0.6083614081144333,0.010528920742217451,0.38110965490341187
20343,0.01073437713785097,0.0022347959165927023,0.9870308190584183
20344,0.789870135486126,0.012755004921928048,0.19737487565726042
20345,0.1998283453285694,0.01787699607666582,0.7822946682572365
20346,0.7273506671190262,0.2501728907227516,0.02247646194882691
20347,0.9486974254250526,0.0011131454521091655,0.05018941033631563
20348,0.9589542299509048,0.019347263034433126,0.02169850328937173
20349,0.7361233159899712,0.011307332781143486,0.25256936252117157
20350,0.9503015503287315,0.003500223654555157,0.04619823512621224
20351,0.36183023639023304,0.08597388863563538,0.5521958619356155
20352,0.5154105126857758,0.022125547286123037,0.46246394887566566
20353,0.9491250291466713,0.01389015605673194,0.03698481013998389
20354,0.6211746260523796,0.020585281308740377,0.35824008099734783
20355,0.14875429216772318,0.0031389740615850314,0.8481067419052124
20356,0.2039873031899333,0.0054409227159339935,0.7905717715620995
20357,0.9131171107292175,0.009968533180654049,0.07691434118896723
20358,0.9546167626976967,0.0009087586804525927,0.044474459486082196
20359,0.9023214057087898,0.0025027039664564654,0.09517592657357454
20360,0.6713197976350784,0.009287739463616163,0.3193924594670534
20361,0.14765262976288795,0.011795359518146142,0.8405520394444466
20362,0.9947378560900688,0.0003670976911962498,0.0048950459458865225
20363,0.9917097762227058,0.000292890888886177,0.007997306762263179
20364,0.9778973236680031,0.0018763990301522426,0.020226277178153396
20365,0.5095039904117584,0.012239333882462233,0.478256668895483
20366,0.020978231099434197,0.002691570407478139,0.9763302132487297
20367,0.06689821183681488,0.00336221898032818,0.9297395646572113
20368,0.95498276501894,0.015625386615283787,0.029391840798780322
20369,0.4870392568409443,0.07393510220572352,0.4390256442129612
20370,0.9153125137090683,0.006316571438219398,0.07837090874090791
20371,0.8134120553731918,0.0012910096265841275,0.18529694341123104
20372,0.13325311616063118,0.15648460015654564,0.7102622836828232
20373,0.06879548309370875,0.05799518548883498,0.8732093349099159
20374,0.3086049910634756,0.5103066191077232,0.1810883628204465
20375,0.5951067507266998,0.012980238650925457,0.3919129930436611
20376,0.9775888845324516,0.00145463649823796,0.0209564691176638
20377,0.985151395201683,0.0010637318300723564,0.0137848483864218
20378,0.9841324687004089,0.0013670868902408984,0.014500437304377556
20379,0.9891509786248207,0.001035487417539116,0.009813535318244249
20380,0.879877395927906,0.029792414512485266,0.09033019235357642
20381,0.014957405859604478,0.003922144751413725,0.9811204299330711
20382,0.36453163996338844,0.12406026292592287,0.511408120393753
20383,0.8157380595803261,0.028350614360533655,0.15591130312532187
20384,0.9659823328256607,0.001327912075794302,0.032689775340259075
20385,0.27739671617746353,0.0033108888164861128,0.7192923724651337
20386,0.008461057033855468,0.0035366045631235465,0.9880023151636124
20387,0.7536061182618141,0.0984828476794064,0.14791102334856987
20388,0.9911471903324127,0.0011677656875690445,0.007685058924835175
20389,0.11467684060335159,0.002565976101323031,0.8827571645379066
20390,0.9814591258764267,0.0005855188392160926,0.017955362214706838
20391,0.9895279556512833,0.0004557810098049231,0.01001629006350413
20392,0.9792594388127327,0.002117362295393832,0.018623209442012012
20393,0.912779726088047,0.000939847668632865,0.0862804246135056
20394,0.9806075990200043,0.0006330173528112937,0.018759369500912726
20395,0.6471402235329151,0.010091635980643332,0.342768132686615
20396,0.9925691783428192,0.0016395337952417322,0.005791292816866189
20397,0.4236454851925373,0.5420785769820213,0.03427593479864299
20398,0.8282647877931595,0.005848700297065079,0.16588652599602938
20399,0.016398752690292895,0.0009490096490480937,0.9826522246003151
20400,0.016372153360862285,0.0027683867810992524,0.9808594509959221
20401,0.13777409167960286,0.030830827075988054,0.8313950821757317
20402,0.6168233193457127,0.010292341001331806,0.37288433127105236
20403,0.914847157895565,0.01715913723455742,0.06799369025975466
20404,0.8072260394692421,0.009801514097489417,0.18297243118286133
20405,0.958489865064621,0.0030735265027033165,0.0384365941863507
20406,0.9586440250277519,0.02209673507604748,0.019259245018474758
20407,0.9825982674956322,0.00028475843646447174,0.017117012990638614
20408,0.003537308526574634,0.0024044686724664643,0.9940582290291786
20409,0.9698728546500206,0.00030020887425052933,0.029826923506334424
20410,0.12986755277961493,0.0022915209192433394,0.867840938270092
20411,0.9260321408510208,0.0037449649680638686,0.07022289652377367
20412,0.9692360907793045,0.006641534069785848,0.02412236633244902
20413,0.03121860744431615,0.005599914875347167,0.9631814584136009
20414,0.6053439602255821,0.002573471123469062,0.3920825682580471
20415,0.7877714931964874,0.015935549163259566,0.19629295356571674
20416,0.5740586295723915,0.007448166346875951,0.4184932243078947
20417,0.9045114666223526,0.009409688849700615,0.08607885520905256
20418,0.9865571483969688,0.00036136536709818756,0.013081476325169206
20419,0.8353738263249397,0.12613298185169697,0.03849320509470999
20420,0.9239672496914864,0.0019221612164983526,0.07411058386787772
20421,0.979107141494751,0.0013101352342346217,0.019582710461691022
20422,0.7338376492261887,0.01508487539831549,0.2510774936527014
20423,0.933455765247345,0.0016085468050732743,0.06493568327277899
20424,0.16346449498087168,0.009738541062688455,0.8267969563603401
20425,0.5795537792146206,0.05077179125510156,0.3696744330227375
20426,0.9665993079543114,0.001946066513482947,0.03145463182590902
20427,0.02943259268067777,0.0019861622640746646,0.9685812667012215
20428,0.9228802472352982,0.009527283953502774,0.06759245274588466
20429,0.9537346363067627,0.009510208969004452,0.036755137029103935
20430,0.9531938061118126,0.004115477408049628,0.042690720641985536
20431,0.9552246481180191,0.0009695987027953379,0.04380576801486313
20432,0.9789851531386375,0.001025163732265355,0.019989695982076228
20433,0.016684020403772593,0.001608934937394224,0.9817070439457893
20434,0.9100219011306763,0.0118026600102894,0.0781754544004798
20435,0.9912873283028603,0.0014408934439416043,0.007271751645021141
20436,0.967883862555027,0.008748268592171371,0.023367866640910506
20437,0.33253481797873974,0.051704435725696385,0.6157607473433018
20438,0.301898380741477,0.053592907497659326,0.6445087157189846
20439,0.8332721814513206,0.02308852388523519,0.14363927859812975
20440,0.6677690930664539,0.020131010562181473,0.31209990568459034
20441,0.871552124619484,0.001902132440591231,0.12654572259634733
20442,0.3117415886372328,0.03631911659613252,0.6519392915070057
20443,0.01983371889218688,0.0023356718302238733,0.9778306260704994
20444,0.34104766696691513,0.008892199315596372,0.6500601284205914
20445,0.9068984091281891,0.004717069969046861,0.08838452911004424
20446,0.04829294444061816,0.0008501677511958405,0.9508568793535233
20447,0.9902813360095024,0.0003156581565235683,0.009403033764101565
20448,0.5505463480949402,0.011588901339564472,0.4378647543489933
20449,0.4252622574567795,0.017114193062298,0.5576235391199589
20450,0.9393381997942924,0.004505570977926254,0.05615624296478927
20451,0.8418436348438263,0.008911578333936632,0.14924480020999908
20452,0.8392565250396729,0.004969833244103938,0.155773657374084
20453,0.8215927928686142,0.00362947242683731,0.17477773129940033
20454,0.9924713522195816,0.0010859539834200405,0.006442694226279855
20455,0.7109508067369461,0.007317846058867872,0.28173136338591576
20456,0.004665676999138668,0.0016266917155007832,0.9937076196074486
20457,0.9364738091826439,0.005943940515862778,0.05758224753662944
20458,0.48356303200125694,0.0057335713936481625,0.5107033960521221
20459,0.9734184369444847,0.0011091175256296992,0.02547243668232113
20460,0.9559502452611923,0.0004369552007119637,0.043612792156636715
20461,0.976721003651619,0.002454869609209709,0.02082409500144422
20462,0.5938386879861355,0.0011019612284144387,0.40505935065448284
20463,0.8739519044756889,0.014802048564888537,0.11124603729695082
20464,0.9836363643407822,0.000559128240638529,0.015804494149051607
20465,0.23513392731547356,0.012473924143705517,0.7523921579122543
20466,0.4290093369781971,0.0178137281909585,0.5531769432127476
20467,0.9230409190058708,0.004046325571835041,0.07291276520118117
20468,0.9817591533064842,0.003012141132785473,0.015228698612190783
20469,0.9324142783880234,0.002667262015165761,0.06491846079006791
20470,0.9689162820577621,0.017241142399143428,0.013842568849213421
20471,0.0015227881813189015,0.00017830740216595586,0.9982988834381104
20472,0.9537911489605904,0.004084934713318944,0.0421239179559052
20473,0.016484016086906195,0.002153424473362975,0.9813625663518906
20474,0.5627748928964138,0.012546580663183704,0.424678523093462
20475,0.8408904075622559,0.004553198290523142,0.15455639641731977
20476,0.6665618158876896,0.015319048601668328,0.3181191310286522
20477,0.8731363415718079,0.0014972770004533231,0.12536638788878918
20478,0.18107824865728617,0.00171002653951291,0.8172117322683334
20479,0.03383365785703063,0.07735942117869854,0.888806901872158
20480,0.8604649305343628,0.09609670843929052,0.04343835427425802
20481,0.5694247409701347,0.04628962022252381,0.38428563065826893
20482,0.9704980254173279,0.0047164473799057305,0.024785513058304787
20483,0.9538436830043793,0.0015704680554335937,0.0445858514867723
20484,0.9796855449676514,0.0011438425644882955,0.019170638057403266
20485,0.9179182425141335,0.002241590067569632,0.07984018186107278
20486,0.9902186095714569,0.00017302497326454613,0.009608350810594857
20487,0.9645946174860001,0.002101557096466422,0.03330381750129163
20488,0.16540301777422428,0.04107674420811236,0.7935202419757843
20489,0.6247884780168533,0.01487530954182148,0.3603362049907446
20490,0.9739476516842842,0.01203942100983113,0.014012920088134706
20491,0.9820166826248169,0.0010198466770816594,0.016963470494374633
20492,0.8945794552564621,0.014003427990246564,0.09141711704432964
20493,0.014682223903946579,0.002508307807147503,0.9828094840049744
20494,0.7944761291146278,0.006030268123140559,0.19949361309409142
20495,0.9661161601543427,0.0053688382904510945,0.028514972422271967
20496,0.9195409715175629,0.013297220401000232,0.06716178264468908
20497,0.6639777086675167,0.01768828881904483,0.3183340020477772
20498,0.23599435202777386,0.0032149129547178745,0.7607907429337502
20499,0.05909028276801109,0.005601673241471872,0.9353080242872238
20500,0.4372916352003813,0.00141912807157496,0.5612892471253872
20501,0.6483733765780926,0.020797643228434026,0.33082895912230015
20502,0.9644438177347183,0.019401219789870083,0.01615495583973825
20503,0.5688879489898682,0.0035754746349994093,0.42753658071160316
20504,0.9840918108820915,0.0013560654115281068,0.014552119886502624
20505,0.8982932195067406,0.0076452218418125995,0.09406154230237007
20506,0.9920653477311134,0.0009561713159200735,0.006978494464419782
20507,0.008901117835193872,0.006010431417962536,0.9850884526968002
20508,0.8857517316937447,0.008997239114250988,0.10525102680549026
20509,0.9530200287699699,0.008821043069474399,0.03815893433056772
20510,0.5510457381606102,0.009425886149983853,0.43952837213873863
20511,0.9917235597968102,0.0012724822227028199,0.0070039459969848394
20512,0.6962319575250149,0.009229174873325974,0.2945388723164797
20513,0.9522705152630806,0.007918724470073357,0.03981077391654253
20514,0.9850842654705048,0.0004590577955241315,0.014456675853580236
20515,0.9831297695636749,0.000869553772645304,0.016000677656847984
20516,0.9384088292717934,0.000743024949770188,0.06084813503548503
20517,0.004816757951630279,0.0026413536397740245,0.9925418943166733
20518,0.0558042423799634,0.004701438534539193,0.9394943192601204
20519,0.9604672938585281,0.023806647513993084,0.015726062119938433
20520,0.8487840816378593,0.004841301808482967,0.14637462235987186
20521,0.0859600817784667,0.002773308049654588,0.9112665951251984
20522,0.8976368084549904,0.020545738749206066,0.0818174546584487
20523,0.9793941527605057,0.0016262029675999656,0.018979634391143918
20524,0.5659707076847553,0.008262652962002903,0.42576664313673973
20525,0.9358315765857697,0.003916153087629937,0.060252250637859106
20526,0.9890059232711792,0.0011928166532015894,0.009801267588045448
20527,0.8094464391469955,0.005272901500575244,0.18528067041188478
20528,0.09474451467394829,0.004056604069774039,0.9011988714337349
20529,0.931061863899231,0.002578399158664979,0.06635972764343023
20530,0.8267814069986343,0.00371548073599115,0.1695031225681305
20531,0.9778472036123276,0.011908477521501482,0.010244304430671036
20532,0.950887605547905,0.0018751940297079273,0.04723713593557477
20533,0.9426654651761055,0.003966455347836018,0.05336808366701007
20534,0.2655657045543194,0.0075544826104305685,0.7268798276782036
20535,0.8440570458769798,0.045404894510284066,0.1105380542576313
20536,0.7848891764879227,0.1952617270871997,0.019849094678647816
20537,0.918008603155613,0.004242713272105902,0.0777486995793879
20538,0.0019264295551693067,0.0006590059074369492,0.9974145889282227
20539,0.7875667214393616,0.009439579967875034,0.20299368537962437
20540,0.01645926816854626,0.004134370406973176,0.9794063717126846
20541,0.8836142122745514,0.06878066156059504,0.04760512197390199
20542,0.9146163836121559,0.00363807356916368,0.0817455262877047
20543,0.00618906767340377,0.0005790706381958444,0.9932318478822708
20544,0.016688491101376712,0.005464357396704145,0.9778471365571022
20545,0.9925862327218056,0.0017515995350549929,0.005662173265591264
20546,0.9672041684389114,0.0012305962591199204,0.0315652540884912
20547,0.9723499491810799,0.0017668180662440136,0.025883230147883296
20548,0.9728542491793633,0.011540127859916538,0.01560561265796423
20549,0.1286422135308385,0.018127722549252212,0.8532300516963005
20550,0.8650544062256813,0.0023394167074002326,0.1326061673462391
20551,0.01276722236070782,0.00024185760412365198,0.98699089884758
20552,0.07765168184414506,0.002485732256900519,0.9198625907301903
20553,0.9150204136967659,0.045444111339747906,0.039535494055598974
20554,0.11202024295926094,0.004432324814843014,0.8835474252700806
20555,0.17610927112400532,0.021140351833309978,0.8027504086494446
20556,0.9413305446505547,0.008553699211915955,0.050115746445953846
20557,0.9785524755716324,0.0007104364394763252,0.020737102604471147
20558,0.9421069100499153,0.0026401044888189062,0.055253001395612955
20559,0.7098853215575218,0.008929560601245612,0.2811851054430008
20560,0.9494038596749306,0.017995633330428973,0.0326004734961316
20561,0.9851669892668724,0.0016318288980983198,0.013201165362261236
20562,0.025418240576982498,0.10377675108611584,0.8708049952983856
20563,0.9401191100478172,0.003210340306395665,0.05667053489014506
20564,0.11938514187932014,0.11056237714365125,0.7700524851679802
20565,0.9044685512781143,0.012937135063111782,0.08259430946782231
20566,0.6079267300665379,0.008636847254820168,0.3834364265203476
20567,0.957288108766079,0.01675530814100057,0.025956584606319666
20568,0.9635294824838638,0.01579274726100266,0.020677776890806854
20569,0.9730007499456406,0.0020431171433301643,0.024956129025667906
20570,0.9660305455327034,0.0022852227702969685,0.03168423380702734
20571,0.9805285930633545,0.005138930675457232,0.01433248509420082
20572,0.6165175959467888,0.0011519946274347603,0.38233041018247604
20573,0.626485750079155,0.026718839770182967,0.3467954099178314
20574,0.2966461852192879,0.00619542776257731,0.6971583738923073
20575,0.8828802704811096,0.027979553153272718,0.08914017979986966
20576,0.9448452293872833,0.00180244525836315,0.053352348040789366
20577,0.8275355473160744,0.0067196884483564645,0.16574477590620518
20578,0.8742579147219658,0.08558612130582333,0.040155940456315875
20579,0.9732083380222321,0.0016960713837761432,0.025095582706853747
20580,0.9632326737046242,0.0022646877769147977,0.0345026443246752
20581,0.1983152711763978,0.005216395540628582,0.7964683473110199
20582,0.908457987010479,0.02031553618144244,0.0712264683097601
20583,0.04402363463304937,0.003459014551481232,0.9525173529982567
20584,0.9800944179296494,0.0026342033088440076,0.01727136818226427
20585,0.006020150205586106,0.0015138860762817785,0.99246596544981
20586,0.9849166125059128,0.0014486561667581555,0.01363473478704691
20587,0.14308010507375002,0.022741243825294077,0.8341786563396454
20588,0.8684791475534439,0.024523507454432547,0.10699733346700668
20589,0.6899919621646404,0.001756302677677013,0.30825172178447247
20590,0.9854481220245361,0.00045182598660176154,0.01410003297496587
20591,0.6830511540174484,0.05816880753263831,0.25878006778657436
20592,0.8924117088317871,0.07318397145718336,0.03440432529896498
20593,0.9808991774916649,0.007869823224609718,0.011231025855522603
20594,0.921313188970089,0.00275842088740319,0.07592840446159244
20595,0.45262594521045685,0.004108106164494529,0.5432659424841404
20596,0.035637851571664214,0.003849186294246465,0.9605129584670067
20597,0.9650876745581627,0.0020587794861057773,0.03285356773994863
20598,0.8916290700435638,0.019639940350316465,0.08873099880293012
20599,0.9153060093522072,0.0029983589047333226,0.08169561624526978
20600,0.9728576391935349,0.0008577544322179165,0.026284624123945832
20601,0.9492526203393936,0.006245766126085073,0.04450161010026932
20602,0.9743716046214104,0.0018876886388170533,0.023740699398331344
20603,0.3136269338428974,0.005402897018939257,0.6809701770544052
20604,0.943206250667572,0.006058251659851521,0.05073551880195737
20605,0.24837437085807323,0.015383495716378093,0.7362421452999115
20606,0.9396405220031738,0.0293819319922477,0.030977539718151093
20607,0.9228634163737297,0.002368114648561459,0.07476847106590867
20608,0.14509394764900208,0.001173126081994269,0.8537328988313675
20609,0.9908966645598412,0.0008667535876156762,0.008236587978899479
20610,0.95665492862463,0.002271472942084074,0.041073586558923125
20611,0.7508463636040688,0.03538823686540127,0.21376540698111057
20612,0.841687373816967,0.0008752223402552772,0.1574374120682478
20613,0.9788390696048737,0.006017788371536881,0.01514313300140202
20614,0.9824928194284439,0.0002555715282142046,0.017251631419640034
20615,0.9282606914639473,0.009882321930490434,0.06185697065666318
20616,0.006881973909912631,0.0007933276192488847,0.9923247024416924
20617,0.026697266614064574,0.003260896308347583,0.9700418263673782
20618,0.9375350028276443,0.0035210047208238393,0.05894398782402277
20619,0.26176756247878075,0.007918704475741833,0.7303137183189392
20620,0.6917194426059723,0.171845480799675,0.13643508031964302
20621,0.8953523114323616,0.001614215136214625,0.10303346673026681
20622,0.8726057335734367,0.0014327143362606876,0.12596156168729067
20623,0.9834681004285812,0.006486725571448915,0.010045176139101386
20624,0.38863890059292316,0.5233949013054371,0.08796621626242995
20625,0.4288685340434313,0.009402982948813587,0.5617284849286079
20626,0.005673643376212567,0.0027849127945955843,0.9915414527058601
20627,0.968799389898777,0.02098214183934033,0.010218448704108596
20628,0.020121503388509154,0.02343828382436186,0.9564402028918266
20629,0.9181636869907379,0.009296750125940889,0.0725395679473877
20630,0.9420078694820404,0.0034707263839663938,0.05452140141278505
20631,0.17708742152899504,0.006352143827825785,0.8165604546666145
20632,0.9643650278449059,0.003785398497711867,0.03184958850033581
20633,0.23592696338891983,0.00955916492966935,0.7545138671994209
20634,0.9842111840844154,0.001481050785514526,0.014307779434602708
20635,0.7420692965388298,0.005688252014806494,0.25224246084690094
20636,0.3806921932846308,0.011298748839180917,0.608009047806263
20637,0.21309393644332886,0.005914885667152703,0.7809911742806435
20638,0.7547788619995117,0.08792076073586941,0.1573003875091672
20639,0.9199204668402672,0.03179312264546752,0.0482864233199507
20640,0.9647812247276306,0.0017722812553984113,0.03344649961218238
20641,0.9870471879839897,0.0008871957597875735,0.01206563675077632
20642,0.013541635475121439,0.001451385804102756,0.9850069805979729
20643,0.9372630268335342,0.000995095724647399,0.0617418740876019
20644,0.8153673484921455,0.0034710439504124224,0.1811615852639079
20645,0.018304983852431178,0.005217494297539815,0.9764775186777115
20646,0.07154672546312213,0.030957777285948396,0.8974955007433891
20647,0.8300434052944183,0.009648746810853481,0.1603078655898571
20648,0.9947252869606018,0.001979891792871058,0.003294793947134167
20649,0.08058238076046109,0.003762108535738662,0.9156555086374283
20650,0.9733948856592178,0.0019157502174493857,0.024689374724403024
20651,0.49458038434386253,0.09150326950475574,0.41391632705926895
20652,0.47342590242624283,0.0032301127357641235,0.523343987762928
20653,0.0026147416792809963,0.0005317234245012514,0.9968535453081131
20654,0.941666916012764,0.005410879632108845,0.05292218131944537
20655,0.0016511406065546907,0.00017135754296759842,0.9981774836778641
20656,0.729865275323391,0.028279681806452572,0.2418550457805395
20657,0.8334903568029404,0.01826243766117841,0.1482472214847803
20658,0.9456441104412079,0.001217848614032846,0.05313804023899138
20659,0.9896181002259254,0.0019714888985618018,0.008410386741161346
20660,0.32472239062190056,0.08424192643724382,0.591035682708025
20661,0.9317685663700104,0.013533912948332727,0.054697510320693254
20662,0.8886898383498192,0.0012625591843971051,0.11004759557545185
20663,0.927541084587574,0.000962106256338302,0.07149681402370334
20664,0.9786687269806862,0.009183730813674629,0.012147560075391084
20665,0.5363386198878288,0.014629860525019467,0.4490315392613411
20666,0.974604070186615,0.001714243393507786,0.02368171385023743
20667,0.9518610313534737,0.004013801517430693,0.04412517696619034
20668,0.9803588166832924,0.0007955517212394625,0.018845653627067804
20669,0.11197266867384315,0.003858646741718985,0.8841686844825745
20670,0.9636141061782837,0.017279361723922193,0.019106535939499736
20671,0.8536976873874664,0.001385876050335355,0.14491643570363522
20672,0.969827264547348,0.00725780357606709,0.022914949688129127
20673,0.9293205887079239,0.024739365209825337,0.04594003362581134
20674,0.98972088098526,0.0008731706038815901,0.009405952994711697
20675,0.9219669178128242,0.004482665419345722,0.0735504045151174
20676,0.9530988112092018,0.013274621916934848,0.03362656035460532
20677,0.9719784110784531,0.0022996639090706594,0.02572193555533886
20678,0.884108655154705,0.06486947555094957,0.051021856954321265
20679,0.8763105198740959,0.02130680822301656,0.10238267807289958
20680,0.0021177683083806187,0.0010067987896036357,0.9968754351139069
20681,0.9908043891191483,0.0010305967152817175,0.008165039878804237
20682,0.8445484861731529,0.00919398502446711,0.1462575290352106
20683,0.9506245777010918,0.008666285226354375,0.040709113236516714
20684,0.7582003027200699,0.008879430824890733,0.23292026482522488
20685,0.9760441407561302,0.0018078585271723568,0.022147990413941443
20686,0.5955339632928371,0.19853695016354322,0.2059290912002325
20687,0.8061859458684921,0.006736695795552805,0.1870773509144783
20688,0.6160916425287724,0.04259525565430522,0.34131311625242233
20689,0.9817658811807632,0.0006843329902039841,0.017549809883348644
20690,0.40252666361629963,0.0063108670292422175,0.591162484139204
20691,0.6347149461507797,0.012898571061668918,0.35238649137318134
20692,0.9888356178998947,0.0019000403553945944,0.009264356864150614
20693,0.9815853983163834,0.00811811350286007,0.010296494874637574
20694,0.10840925527736545,0.0063613816746510565,0.8852293491363525
20695,0.9880790114402771,0.0024177035520551726,0.009503260720521212
20696,0.9789247512817383,0.0011212018216610886,0.019954045303165913
20697,0.7028458900749683,0.004107333079446107,0.29304678179323673
20698,0.9707091078162193,0.006872078170999885,0.022418811451643705
20699,0.017440563009586185,0.0005205347006267402,0.9820389151573181
20700,0.7448780089616776,0.020527990302070975,0.23459400795400143
20701,0.9361256211996078,0.0025506757956463844,0.061323683243244886
20702,0.6354199349880219,0.0012892797349195462,0.3632907699793577
20703,0.7466021031141281,0.23704761266708374,0.016350297490134835
20704,0.9699150025844574,0.015683393576182425,0.014401616877876222
20705,0.8535101562738419,0.004962642589816824,0.1415272057056427
20706,0.7004959285259247,0.016046084056142718,0.2834580149501562
20707,0.27998590655624866,0.0516436027828604,0.6683704778552055
20708,0.9733011573553085,0.004888903844403103,0.02180994616355747
20709,0.7012428939342499,0.008132508548442274,0.2906245980411768
20710,0.6935896798968315,0.0056820161116775125,0.30072831362485886
20711,0.991990253329277,0.0007819777565600816,0.007227773778140545
20712,0.9712664559483528,0.0010662368949851952,0.027667287038639188
20713,0.6088298968970776,0.0064678578928578645,0.38470225408673286
20714,0.012615024577826262,0.0014262767872423865,0.9859586954116821
20715,0.9698405042290688,0.0025500760093564168,0.027609421405941248
20716,0.9759389311075211,0.005565753352129832,0.0184953244170174
20717,0.013600578415207565,0.005558232223847881,0.9808411970734596
20718,0.8500858023762703,0.06248860456980765,0.08742559235543013
20719,0.7150716483592987,0.005000704419217072,0.279927646741271
20720,0.20214959233999252,0.015976970084011555,0.7818734422326088
20721,0.27885819412767887,0.013464930467307568,0.7076768949627876
20722,0.6203068010509014,0.038357005920261145,0.3413361757993698
20723,0.1431578411720693,0.013490900688339025,0.8433512598276138
20724,0.9681472629308701,0.002925364053226076,0.02892736764624715
20725,0.9219573736190796,0.0015173198698903434,0.07652532495558262
20726,0.8527984395623207,0.09159088274464011,0.05561068933457136
20727,0.012046418501995504,0.00472188979620114,0.9832317009568214
20728,0.692963682115078,0.08160259108990431,0.22543372586369514
20729,0.9511724561452866,0.022995472885668278,0.02583207911811769
20730,0.9717604964971542,0.0019934277806896716,0.02624605898745358
20731,0.24427352845668793,0.07058554096147418,0.6851409375667572
20732,0.8995758444070816,0.03740687808021903,0.06301728589460254
20733,0.627223826944828,0.10914189741015434,0.263634268194437
20734,0.07924480084329844,0.0049077079456765205,0.9158474877476692
20735,0.14212557207792997,0.002814871768350713,0.8550595566630363
20736,0.2160522323101759,0.007588403590489179,0.7763593643903732
20737,0.9327671676874161,0.003946787561289966,0.0632860567420721
20738,0.9918508306145668,0.00042457944800844416,0.00772460171720013
20739,0.9627069160342216,0.002855052283848636,0.034438024275004864
20740,0.1295015551149845,0.011899317585630342,0.8585991412401199
20741,0.9633660912513733,0.004826584830880165,0.031807337305508554
20742,0.13104187604039907,0.021225142525509,0.8477329686284065
20743,0.9718780592083931,0.0179019725183025,0.010219982941634953
20744,0.6240755096077919,0.015887577086687088,0.3600369058549404
20745,0.6936774030327797,0.0073594830464571714,0.29896311089396477
20746,0.9806115478277206,0.0009264102591259871,0.01846203813329339
20747,0.9564177244901657,0.007902263256255537,0.03568002744577825
20748,0.9807303473353386,0.0025605469418223947,0.016709113377146423
20749,0.013184662791900337,0.0016375717968912795,0.985177755355835
20750,0.8344936743378639,0.004818464629352093,0.16068785544484854
20751,0.08752396702766418,0.004215380642563105,0.9082606732845306
20752,0.5477608256042004,0.0042660440667532384,0.4479731097817421
20753,0.18950909934937954,0.0085902432911098,0.8019006550312042
20754,0.3789841029793024,0.12414075341075659,0.4968751482665539
20755,0.9460721388459206,0.0027101584564661607,0.051217712461948395
20756,0.9908523932099342,0.0008724709314265056,0.008275131811387837
20757,0.9664976745843887,0.004100494523299858,0.02940184436738491
20758,0.022252414375543594,0.0027418158133514225,0.9750057607889175
20759,0.941742978990078,0.010775748000014573,0.04748127516359091
20760,0.8710131123661995,0.0058777192898560315,0.12310918420553207
20761,0.0558353983797133,0.007627320097526535,0.9365372806787491
20762,0.8724118322134018,0.011467445350717753,0.11612073797732592
20763,0.8999854475259781,0.0043593931186478585,0.09565515583381057
20764,0.9212710410356522,0.0030192213744157925,0.07570975366979837
20765,0.6113729402422905,0.010691695963032544,0.37793537601828575
20766,0.49596740305423737,0.00581976625835523,0.4982128366827965
20767,0.8495878428220749,0.1011176174506545,0.04929455183446407
20768,0.982827939093113,0.0002809754314512247,0.01689110603183508
20769,0.9701836854219437,0.002002338267629966,0.027813961496576667
20770,0.6836088933050632,0.0010985806802636944,0.31529252976179123
20771,0.0731766470707953,0.026359087321907282,0.9004642888903618
20772,0.9743854776024818,0.007481771870516241,0.018132763565517962
20773,0.8249146342277527,0.0357864840188995,0.13929888885468245
20774,0.9855776876211166,0.0009140021720668301,0.013508314965292811
20775,0.9771712422370911,0.001097016611311119,0.02173173101618886
20776,0.3790960106998682,0.0018161398693337105,0.6190878376364708
20777,0.38252066634595394,0.11085624620318413,0.506623063236475
20778,0.9604764506220818,0.003138679327093996,0.036384883569553494
20779,0.015665034879930317,0.008260357950348407,0.9760746359825134
20780,0.7879526689648628,0.015524641843512654,0.19652270711958408
20781,0.7620619833469391,0.09395588329061866,0.1439821422100067
20782,0.8559411838650703,0.026490179472602904,0.11756863538175821
20783,0.14487115293741226,0.0243226180318743,0.8308062329888344
20784,0.6702644750475883,0.019186586840078235,0.3105489332228899
20785,0.5135672949254513,0.015896651020739228,0.4705360531806946
20786,0.9816622734069824,0.007498603605199605,0.010839117283467203
20787,0.9827111884951591,0.002851104669389315,0.014437707839533687
20788,0.9318189471960068,0.009406168494024314,0.05877488711848855
20789,0.8100583106279373,0.09829482436180115,0.09164686081930995
20790,0.9658511281013489,0.012315717176534235,0.021833171020261943
20791,0.019481188734062016,0.00643265969119966,0.9740861654281616
20792,0.9704945981502533,0.001759746446623467,0.027745645958930254
20793,0.964792974293232,0.02050348138436675,0.014703556196764112
20794,0.9559439942240715,0.002881960172089748,0.04117404599674046
20795,0.8876744210720062,0.059331095311790705,0.05299447709694505
20796,0.2681871373206377,0.0039066764584276825,0.7279061824083328
20797,0.02003963605966419,0.021179936185944825,0.9587804302573204
20798,0.9544211775064468,0.00958881777478382,0.0359900223556906
20799,0.8837869241833687,0.010348866344429553,0.10586421191692352
20800,0.922892801463604,0.047131676925346255,0.029975520446896553
20801,0.9328929260373116,0.03743112355004996,0.029675952857360244
20802,0.8965729922056198,0.001792974246200174,0.1016340241767466
20803,0.9621035605669022,0.003112359539954923,0.03478407929651439
20804,0.9032732769846916,0.006969414360355586,0.08975732373073697
20805,0.8615131005644798,0.01657957467250526,0.12190732266753912
20806,0.8772332146763802,0.013254282996058464,0.10951247671619058
20807,0.18061464373022318,0.01906810444779694,0.8003172874450684
20808,0.9790569618344307,0.00031199016302707605,0.02063105348497629
20809,0.011785641312599182,0.0026499850500840694,0.9855643659830093
20810,0.9859029799699783,0.0013117477210471407,0.012785252009052783
20811,0.9585040733218193,0.009744130191393197,0.031751798931509256
20812,0.8539454117417336,0.0024309235013788566,0.14362365938723087
20813,0.9830716773867607,0.0007490811731258873,0.016179230995476246
20814,0.9687426388263702,0.0037541686979238875,0.02750320453196764
20815,0.9918125346302986,0.00030457109096460044,0.00788290411583148
20816,0.9018273055553436,0.005307115090545267,0.09286558628082275
20817,0.9934303015470505,0.0003462711010797648,0.0062233954085968435
20818,0.8546062335371971,0.0021039950734120794,0.1432897923514247
20819,0.9808747172355652,0.008239126880653203,0.010886174510233104
20820,0.818812720477581,0.013540643500164151,0.16764663718640804
20821,0.14950977358967066,0.01050398504594341,0.8399862349033356
20822,0.9297518879175186,0.00875890426686965,0.0614891960285604
20823,0.01371657324489206,0.0032879321443033405,0.9829954877495766
20824,0.9901661723852158,0.0017660864250501618,0.008067726739682257
20825,0.9332594126462936,0.0036523333692457527,0.06308825267478824
20826,0.2130714450031519,0.0023618125851498917,0.7845667377114296
20827,0.2990012727677822,0.11642420943826437,0.58457450568676
20828,0.7622602805495262,0.00485598886734806,0.23288371786475182
20829,0.015043447376228869,0.0018923376046586782,0.983064204454422
20830,0.9309556633234024,0.001148339557403233,0.06789597775787115
20831,0.9891883358359337,0.0005663197534886422,0.010245339828543365
20832,0.04495076788589358,0.00986701890360564,0.9451822265982628
20833,0.72791837900877,0.014193837181665003,0.25788777880370617
20834,0.6111515946686268,0.0020518622040981427,0.38679654337465763
20835,0.9803057536482811,0.007863142935093492,0.01183108240365982
20836,0.41403044760227203,0.04224278777837753,0.5437267571687698
20837,0.8647631481289864,0.006457231909735128,0.12877962179481983
20838,0.3716118801385164,0.14980484265834093,0.4785832539200783
20839,0.9936013445258141,0.001778040299541317,0.004620646126568317
20840,0.9524968340992928,0.012338640459347516,0.03516453062184155
20841,0.13173979613929987,0.03070800588466227,0.8375522121787071
20842,0.032001260900869966,0.00517372133617755,0.9628250077366829
20843,0.9091446399688721,0.017291129450313747,0.07356423372402787
20844,0.9580322876572609,0.017513613682240248,0.024454086204059422
20845,0.11011692602187395,0.007848997949622571,0.8820341005921364
20846,0.785679280757904,0.009540741331875324,0.20477996952831745
20847,0.875501736998558,0.013634445436764508,0.11086381878703833
20848,0.9449496939778328,0.016595088120084256,0.03845522040501237
20849,0.7645402252674103,0.0007346361526288092,0.23472514376044273
20850,0.9122166112065315,0.003982844471465796,0.08380056032910943
20851,0.9600338041782379,0.0013492800062522292,0.03861691546626389
20852,0.9429111629724503,0.004945857828715816,0.052142948377877474
20853,0.41227344423532486,0.006207570433616638,0.5815189890563488
20854,0.9957063943147659,9.601848933016299e-05,0.0041975695348810405
20855,0.7970849797129631,0.01745096902595833,0.18546406738460064
20856,0.9546182304620743,0.0273717506788671,0.018010008265264332
20857,0.9808753356337547,0.005573811242356896,0.013550843053963035
20858,0.17805543541908264,0.013042237202171236,0.8089023381471634
20859,0.8439628109335899,0.008558549132430926,0.1474786512553692
20860,0.5729159973561764,0.02668678923510015,0.4003972224891186
20861,0.14751309249550104,0.003079537404119037,0.8494073748588562
20862,0.8063486441969872,0.1179419569671154,0.07570938440039754
20863,0.569219920784235,0.01936403545551002,0.4114160444587469
20864,0.6653374619781971,0.0524935747962445,0.2821689695119858
20865,0.7217183634638786,0.005937024252489209,0.2723445948213339
20866,0.9231060743331909,0.011262938962318003,0.06563098635524511
20867,0.8340230956673622,0.03279621293768287,0.13318067975342274
20868,0.31485977582633495,0.005988094519125298,0.6791521422564983
20869,0.7523128017783165,0.01881393208168447,0.22887328825891018
20870,0.6010034419596195,0.11499167885631323,0.2840048912912607
20871,0.0282061577308923,0.0019524298695614561,0.9698414131999016
20872,0.3481589015573263,0.011921344324946404,0.6399197280406952
20873,0.9164315685629845,0.0012013906598440371,0.0823670681566
20874,0.8084330707788467,0.006947524205315858,0.18461940810084343
20875,0.7274702936410904,0.026338787807617337,0.24619093257933855
20876,0.9681787937879562,0.002038924445514567,0.02978228696156293
20877,0.9204416126012802,0.00561942279455252,0.07393897417932749
20878,0.9919839128851891,0.0008433336952293757,0.007172767247539014
20879,0.22560971044003963,0.02211670548422262,0.7522735819220543
20880,0.8543507158756256,0.006694124982459471,0.13895519450306892
20881,0.9137406721711159,0.003932740131858736,0.08232659427449107
20882,0.9813724160194397,0.0017677688738331199,0.01685980532784015
20883,0.06538350321352482,0.005537047458346933,0.9290794506669044
20884,0.9831944406032562,0.003621239186031744,0.013184343464672565
20885,0.9674059674143791,0.0011287630259175785,0.03146526380442083
20886,0.9343569278717041,0.021375933778472245,0.04426711658015847
20887,0.9737682789564133,0.0021570511016761884,0.024074664106592536
20888,0.9482975974678993,0.005051248081144877,0.04665116872638464
20889,0.2951080482453108,0.0013289169655763544,0.7035630419850349
20890,0.9693991988897324,0.001311118649027776,0.029289700789377093
20891,0.9899380877614021,0.00018651753362064483,0.009875392075628042
20892,0.05966523103415966,0.0041819454345386475,0.936152808368206
20893,0.6401100866496563,0.008744627411942929,0.35114528611302376
20894,0.9366598352789879,0.010366479633376002,0.052973704878240824
20895,0.2732067871838808,0.3672555908560753,0.3595376070588827
20896,0.9552743211388588,0.0031448063673451543,0.04158088122494519
20897,0.9064904004335403,0.003214558309991844,0.09029502375051379
20898,0.8571862652897835,0.007522110710851848,0.1352916369214654
20899,0.9865369573235512,0.0006891455013828818,0.012773882248438895
20900,0.9873578399419785,0.0017315847071586177,0.010910572076682001
20901,0.9852184727787971,0.0013157149296603166,0.013465823198202997
20902,0.7606917098164558,0.006525131335365586,0.23278317879885435
20903,0.07222871948033571,0.0029607915348606184,0.9248104840517044
20904,0.6419941931962967,0.012314568914007396,0.34569124691188335
20905,0.9536577016115189,0.015663968108128756,0.030678323935717344
20906,0.9960540682077408,0.00020742990818689577,0.003738491825060919
20907,0.0013554697361541912,0.0011129818667541258,0.9975315406918526
20908,0.24516513012349606,0.09758908348158002,0.6572457924485207
20909,0.8988849595189095,0.0030495707760564983,0.09806547872722149
20910,0.7568676248192787,0.001521694241091609,0.24161066114902496
20911,0.017489951103925705,0.002474620327120647,0.9800354242324829
20912,0.6954756937921047,0.00986564758932218,0.29465864785015583
20913,0.6204344406723976,0.011270066257566214,0.3682955000549555
20914,0.9770141988992691,0.003141031847917475,0.01984476193320006
20915,0.013183421804569662,0.0008277133310912177,0.9859888702630997
20916,0.43273844197392464,0.03210476692765951,0.5351567938923836
20917,0.9237934276461601,0.03197420167271048,0.04423236311413348
20918,0.9780528619885445,0.007373123517027125,0.014574016560800374
20919,0.8675517812371254,0.0028901828918606043,0.1295580044388771
20920,0.9643300175666809,0.003074056534387637,0.03259593457914889
20921,0.8955604806542397,0.005370173035771586,0.09906935226172209
20922,0.1550750881433487,0.6632354892790318,0.18168942630290985
20923,0.9922713711857796,0.0005429954253486358,0.007185639347881079
20924,0.8773135840892792,0.0034051869006361812,0.11928122397512197
20925,0.8134598955512047,0.03208267339505255,0.15445741545408964
20926,0.74186622351408,0.014752792427316308,0.24338096007704735
20927,0.36735708825290203,0.027030722238123417,0.605612188577652
20928,0.9917421713471413,0.003926556746591814,0.0043312857451383024
20929,0.0017320103725069202,0.0014084960785112344,0.99685949832201
20930,0.8341586366295815,0.008279734989628196,0.15756162907928228
20931,0.3295008949935436,0.00987395370611921,0.6606251522898674
20932,0.7706297263503075,0.007856366049963981,0.22151393070816994
20933,0.971045508980751,0.002035008408711292,0.02691948029678315
20934,0.9662774056196213,0.0007727605807303917,0.03294981154613197
20935,0.9572327211499214,0.0011373249726602808,0.04162996052764356
20936,0.9687540233135223,0.003276101531810127,0.027969884453341365
20937,0.6322275549173355,0.023655070224776864,0.3441173955798149
20938,0.9548134654760361,0.0036474104708759114,0.04153910651803017
20939,0.8972778916358948,0.015349611290730536,0.08737247530370951
20940,0.9769999533891678,0.0023495188652304932,0.020650536520406604
20941,0.9770892411470413,0.007734181534033269,0.015176571090705693
20942,0.9560985714197159,0.005035766866058111,0.038865646347403526
20943,0.8044780492782593,0.07781037781387568,0.11771158035844564
20944,0.57017707452178,0.005320656462572515,0.42450225725769997
20945,0.9879427626729012,0.000682790207065409,0.0113744453410618
20946,0.40806442126631737,0.020472019677981734,0.5714635439217091
20947,0.0013800429223920219,0.0002509342657504021,0.9983690306544304
20948,0.8217447623610497,0.011244452849496156,0.16701077297329903
20949,0.09992073150351644,0.0027446788881206885,0.8973345831036568
20950,0.962016150355339,0.0027089862269349396,0.03527485439553857
20951,0.7714303433895111,0.012502117839176208,0.21606753673404455
20952,0.8295896649360657,0.0016830241584102623,0.16872730385512114
20953,0.9304811134934425,0.009990026825107634,0.05952886212617159
20954,0.978879526257515,0.0031862228715908714,0.017934273462742567
20955,0.9865543097257614,0.0012158608660683967,0.012229832645971328
20956,0.8311820179224014,0.013365377439185977,0.1554526062682271
20957,0.0067964273621328175,0.0011841076375276316,0.9920194819569588
20958,0.836651548743248,0.10864993324503303,0.05469852453097701
20959,0.8970708698034286,0.004654755641240627,0.09827435715124011
20960,0.9858432337641716,0.0001631429659028072,0.013993636996019632
20961,0.9487850964069366,0.004477434034924954,0.04673746298067272
20962,0.9177974313497543,0.004193186512566172,0.07800936978310347
20963,0.03611505008302629,0.0035108538868371397,0.96037407964468
20964,0.929059125483036,0.011015033640433103,0.059925842098891735
20965,0.9704181328415871,0.002636141362017952,0.026945730205625296
20966,0.9644822329282761,0.015809409553185105,0.01970835670363158
20967,0.9897380620241165,0.0004867149837082252,0.009775210171937943
20968,0.7212541922926903,0.006930618023034185,0.2718151733279228
20969,0.9872999638319016,0.0005975947351544164,0.012102456588763744
20970,0.9686811044812202,0.02249927254160866,0.008819642593152821
20971,0.03792295581661165,0.04117512842640281,0.920901894569397
20972,0.9778677448630333,0.0020392531114339363,0.02009300177451223
20973,0.9686033874750137,0.009097355301491916,0.02229926420841366
20974,0.9646690487861633,0.02038542239461094,0.014945531846024096
20975,0.6399378068745136,0.013743678282480687,0.346318531781435
20976,0.9424873888492584,0.009700664842966944,0.04781194613315165
20977,0.8437650054693222,0.010872561251744628,0.1453624377027154
20978,0.960315927863121,0.009879502467811108,0.02980456780642271
20979,0.7304847314953804,0.014005050179548562,0.25551020726561546
20980,0.7183626145124435,0.04866682691499591,0.23297055065631866
20981,0.9611770734190941,0.006076780642615631,0.03274614305701107
20982,0.5303388983011246,0.02097334759309888,0.4486877489835024
20983,0.10256267013028264,0.0032572726340731606,0.8941800445318222
20984,0.9857855588197708,0.00043185625872865785,0.013782581721898168
20985,0.9545245543122292,0.029216074151918292,0.016259353258647025
20986,0.5461106821894646,0.024710671161301434,0.4291786327958107
20987,0.6565002165734768,0.16984693333506584,0.17365286126732826
20988,0.29912344366312027,0.0014176517506712116,0.6994588971138
20989,0.9431498646736145,0.004657584911910817,0.05219259578734636
20990,0.10307857161387801,0.00864486169302836,0.8882765844464302
20991,0.9710759371519089,0.00408738394617103,0.024836697848513722
20992,0.8841139078140259,0.015055903466418386,0.10083019454032183
20993,0.9142782092094421,0.005978623230475932,0.07974317902699113
20994,0.07479299465194345,0.004168541025137529,0.9210384637117386
20995,0.3874522726982832,0.008485611469950527,0.6040621101856232
20996,0.9127230271697044,0.0017311296396655962,0.08554585091769695
20997,0.9845218807458878,0.005184930458199233,0.01029320334782824
20998,0.040088381501846015,0.0044513396569527686,0.9554602652788162
20999,0.3029695861041546,0.006050878175301477,0.6909795217216015
21000,0.9915661886334419,0.0018527101274230517,0.006581100198673084
21001,0.9475426971912384,0.004116791911656037,0.048340500332415104
21002,0.8622427582740784,0.005839561083121225,0.13191768899559975
21003,0.33179252594709396,0.0028797075647162274,0.6653277836740017
21004,0.9561735317111015,0.0061461338482331485,0.03768032439984381
21005,0.9614990800619125,0.002436732975183986,0.03606419241987169
21006,0.9909131228923798,0.0026185719179920852,0.0064683264354243875
21007,0.9853565469384193,0.0018863721779780462,0.012757057207636535
21008,0.15984711050987244,0.006333343160804361,0.8338195383548737
21009,0.309594564139843,0.021101707476191223,0.6693037338554859
21010,0.013052232970949262,0.0006315102000371553,0.9863162711262703
21011,0.9756730273365974,0.0012297404427954461,0.023097236873582006
21012,0.4038555398583412,0.013934363727457821,0.5822101011872292
21013,0.98732890188694,0.0011268878679402405,0.011544208216946572
21014,0.8224673345685005,0.009796550933970138,0.16773611586540937
21015,0.7679442763328552,0.004445328144356608,0.22761039063334465
21016,0.9343453869223595,0.0033461406274000183,0.06230847490951419
21017,0.9829764366149902,0.0008552769104426261,0.016168292961083353
21018,0.9607135951519012,0.006306633411440998,0.03297978802584112
21019,0.9591267928481102,0.0019547093543224037,0.038918468402698636
21020,0.928201213479042,0.0035252231027698144,0.06827354477718472
21021,0.9902015998959541,0.0007497006845369469,0.00904869829537347
21022,0.01941037882352248,0.003935597575036809,0.9766540378332138
21023,0.4495863616466522,0.007308662025025114,0.5431049689650536
21024,0.95008984208107,0.0021774109700345434,0.04773272457532585
21025,0.9849069342017174,0.001694733145995997,0.013398333976510912
21026,0.9969321489334106,0.00043654073124343995,0.002631334908073768
21027,0.9194749966263771,0.003895944348187186,0.0766290482133627
21028,0.25584396719932556,0.03801168192876503,0.706144355237484
21029,0.9685286357998848,0.0004644486962206429,0.031006925739347935
21030,0.15556876827031374,0.0128338688518852,0.8315973654389381
21031,0.8310471251606941,0.021053664502687752,0.14789919462054968
21032,0.9730080813169479,0.0019787841447396204,0.02501312573440373
21033,0.8821604996919632,0.0036882858839817345,0.11415120493620634
21034,0.9860395342111588,0.0007709877954766853,0.013189487042836845
21035,0.884906604886055,0.0208016827236861,0.09429172100499272
21036,0.9539437964558601,0.0007118555586203001,0.045344345504418015
21037,0.7900771647691727,0.004785328696016222,0.20513749960809946
21038,0.9282998889684677,0.004409903602208942,0.06729020550847054
21039,0.7771048843860626,0.08267563162371516,0.1402194770053029
21040,0.8165971115231514,0.019126415718346834,0.16427646297961473
21041,0.8618083149194717,0.008109385205898434,0.13008230552077293
21042,0.9342849627137184,0.0006248314821277745,0.06509023625403643
21043,0.9811080619692802,0.006713238748488948,0.012178701756056398
21044,0.0030885996820870787,0.0015144909848459065,0.9953968971967697
21045,0.9067521318793297,0.00046325377843459137,0.0927845947444439
21046,0.9774218797683716,0.00569240574259311,0.016885702731087804
21047,0.7555099055171013,0.0057479779061395675,0.2387421317398548
21048,0.9808219075202942,0.005213041295064613,0.013965046615339816
21049,0.06660871114581823,0.0799273531883955,0.8534639403223991
21050,0.12943807616829872,0.002116012794431299,0.868445910513401
21051,0.9578014984726906,0.015222106769215316,0.026976384920999408
21052,0.43766721710562706,0.2254717070609331,0.3368610665202141
21053,0.9570832550525665,0.004630240218830295,0.038286520284600556
21054,0.17032930720597506,0.006102455226937309,0.8235682249069214
21055,0.9625131413340569,0.020952125662006438,0.016534742433577776
21056,0.9310771226882935,0.002754164772341028,0.06616872362792492
21057,0.980136089026928,0.00265477376524359,0.017209150712005794
21058,0.8943624123930931,0.02883645484689623,0.076801139395684
21059,0.9727315679192543,0.0020737494196509942,0.0251946821808815
21060,0.35850665345788,0.032403294928371906,0.60909004509449
21061,0.4527215640991926,0.0036918140831403434,0.5435866080224514
21062,0.9958127215504646,0.0007608814266859554,0.003426385810598731
21063,0.8579853549599648,0.0020260561068425886,0.13998858910053968
21064,0.9800321236252785,0.0064529125520493835,0.013514980266336352
21065,0.7650033086538315,0.0022652749030385166,0.2327313981950283
21066,0.9476097673177719,0.001007007074804278,0.05138321407139301
21067,0.024051308748312294,0.3545728176832199,0.6213758662343025
21068,0.11714867316186428,0.005733473692089319,0.8771178424358368
21069,0.9426334351301193,0.0021848629257874563,0.05518171703442931
21070,0.9677850976586342,0.0007578574004583061,0.03145705140195787
21071,0.9674934893846512,0.00949740072246641,0.02300909475889057
21072,0.02424174314364791,0.018607355013955384,0.9571509063243866
21073,0.9300336316227913,0.0021386361040640622,0.06782772694714367
21074,0.9428561925888062,0.004504260039539076,0.052639557514339685
21075,0.7920277565717697,0.0035372139973333105,0.20443502068519592
21076,0.11189895682036877,0.01713588589336723,0.8709651678800583
21077,0.0037516305746976286,0.0008758767144172452,0.9953724965453148
21078,0.990510605275631,0.00019956163669121452,0.009289832727517933
21079,0.13501684833317995,0.054020655108615756,0.8109624832868576
21080,0.0499737448990345,0.007830533286323771,0.9421957060694695
21081,0.9689109027385712,0.002084810330416076,0.029004285112023354
21082,0.9759810864925385,0.0004207225974823814,0.02359820099081844
21083,0.5874143466353416,0.0025136194672086276,0.4100720416754484
21084,0.3478087577968836,0.0688210476655513,0.5833702087402344
21085,0.9777103886008263,0.000244204381488089,0.022045395337045193
21086,0.9257219061255455,0.0043056833383161575,0.06997239543125033
21087,0.9163794219493866,0.0072058114456012845,0.07641477277502418
21088,0.6478439532220364,0.01896686269901693,0.33318919502198696
21089,0.8697757050395012,0.08635863428935409,0.04386567045003176
21090,0.004458979849005118,0.0011174972787557635,0.9944235160946846
21091,0.9698562696576118,0.0031302303832489997,0.027013477636501193
21092,0.9859840124845505,0.0035528378939488903,0.010463141079526395
21093,0.9915319457650185,0.0006736466930306051,0.00779439730104059
21094,0.9879146218299866,0.0008618376050435472,0.011223520908970386
21095,0.9799811616539955,0.002741024101851508,0.017277816077694297
21096,0.9713588207960129,0.005684189964085817,0.02295698900707066
21097,0.9412337318062782,0.003385190386325121,0.055381090845912695
21098,0.9828448668122292,0.005991982645355165,0.011163153743837029
21099,0.9809811264276505,0.0004592164586938452,0.01855966483708471
21100,0.4885207302868366,0.0009971682811737992,0.510482095181942
21101,0.9907945841550827,0.002372596805798821,0.006832810177002102
21102,0.9664006233215332,0.0029270375962369144,0.030672327149659395
21103,0.01930099679157138,0.002709845415665768,0.9779891595244408
21104,0.918729841709137,0.003313150955364108,0.07795700524002314
21105,0.6489195488393307,0.03534172789659351,0.31573873944580555
21106,0.918144091963768,0.0013676267262781039,0.08048827759921551
21107,0.9911211058497429,0.0011659782576316502,0.007712927210377529
21108,0.4266587384045124,0.05783663643524051,0.5155046209692955
21109,0.9763899594545364,0.0007920672724139877,0.022817968390882015
21110,0.028996184701099992,0.0057480653922539204,0.9652557447552681
21111,0.0010794270056067035,0.0002601637588668382,0.9986604154109955
21112,0.9614816159009933,0.018098759930580854,0.02041963138617575
21113,0.9553030654788017,0.0009438965862500481,0.04375303443521261
21114,0.9751623272895813,0.0024984482552099507,0.022339210961945355
21115,0.023134908638894558,0.0014494139250018634,0.9754157066345215
21116,0.06908702477812767,0.006274824030697346,0.9246381521224976
21117,0.979350782930851,0.0023174322486738674,0.018331798259168863
21118,0.7592099979519844,0.008533507236279547,0.23225648701190948
21119,0.8715298101305962,0.009633789712097496,0.1188363702967763
21120,0.7423705235123634,0.1535741500556469,0.10405532037839293
21121,0.9378485828638077,0.00363558204844594,0.05851583229377866
21122,0.8778752535581589,0.05478282319381833,0.06734193349257112
21123,0.9716101735830307,0.007823750202078372,0.020566073595546186
21124,0.9289419502019882,0.01001636014552787,0.06104168528690934
21125,0.9908885285258293,0.0007915640780993272,0.008319920452777296
21126,0.7217482551932335,0.004568074335111305,0.27368366811424494
21127,0.9671986773610115,0.002315874691703357,0.030485459603369236
21128,0.02014503115788102,0.01738707462209277,0.9624679014086723
21129,0.6956826522946358,0.005247579014394432,0.2990697715431452
21130,0.9611894637346268,0.005813470430439338,0.03299705614335835
21131,0.9716362208127975,0.006720078919897787,0.021643705433234572
21132,0.0500230910256505,0.0023125774787331466,0.9476643353700638
21133,0.24762526154518127,0.03387647960335016,0.7184982746839523
21134,0.24283243715763092,0.5980347096920013,0.1591328363865614
21135,0.05538643407635391,0.0005997495700285072,0.944013811647892
21136,0.8344199135899544,0.015321258746553212,0.15025884006172419
21137,0.8255286142230034,0.003778834463446401,0.17069254722446203
21138,0.9042157456278801,0.0016272903012577444,0.09415697772055864
21139,0.9526366665959358,0.0035633727384265512,0.04379996797069907
21140,0.8302839025855064,0.010871956823393703,0.15884414315223694
21141,0.9799536094069481,0.0031546344253001735,0.016891747363843024
21142,0.85240089148283,0.005517629149835557,0.14208147022873163
21143,0.979691706597805,0.003184535074979067,0.01712375320494175
21144,0.5842460282146931,0.01386318012373522,0.40189079195261
21145,0.032287189504131675,0.0022852690890431404,0.9654275327920914
21146,0.9778840243816376,0.008208936953451484,0.013907053042203188
21147,0.6787191554903984,0.03870289656333625,0.28257796354591846
21148,0.8685436174273491,0.004716754570836201,0.1267396192997694
21149,0.695772796869278,0.0015276879639714025,0.3026995174586773
21150,0.9822909235954285,0.007655856621568091,0.010053225269075483
21151,0.7440532892942429,0.01854692306369543,0.23739979043602943
21152,0.4096442013978958,0.003008087704074569,0.5873477272689342
21153,0.9897292926907539,0.0011260204701102339,0.009144681214820594
21154,0.5305428095161915,0.03463126136921346,0.43482592329382896
21155,0.245592899620533,0.012118921498768032,0.7422881796956062
21156,0.9326875507831573,0.0030526047048624605,0.06425984669476748
21157,0.9155204594135284,0.05201794905588031,0.032461563823744655
21158,0.7449948862195015,0.00507319085591007,0.24993191845715046
21159,0.032692025299184024,0.004980915371561423,0.9623270556330681
21160,0.06370982713997364,0.003572288842406124,0.9327178671956062
21161,0.969775877892971,0.002127157320501283,0.028096980648115277
21162,0.9605055749416351,0.021070580813102424,0.0184238376095891
21163,0.9762765914201736,0.0013567221249104477,0.022366686607711017
21164,0.9011418893933296,0.009403790667420253,0.08945431560277939
21165,0.0013298813100846019,0.0006908600098540774,0.9979792535305023
21166,0.9860149770975113,0.0024321425444213673,0.01155287551227957
21167,0.83353091776371,0.0016917120883590542,0.1647773738950491
21168,0.9901076555252075,0.0007755000915494747,0.009116838336922228
21169,0.2092822501435876,0.31601628847420216,0.474701464176178
21170,0.016041710157878697,0.0011133210973639507,0.9828449487686157
21171,0.7532429471611977,0.023708529653958976,0.2230485249310732
21172,0.8774353638291359,0.02191135846078396,0.10065328236669302
21173,0.031027046497911215,0.002046823312412016,0.9669261276721954
21174,0.9870179668068886,0.004177883398369886,0.008804156619589776
21175,0.4507348909974098,0.004093857714906335,0.5451712422072887
21176,0.873072013258934,0.0052114942809566855,0.12171649560332298
21177,0.14966731891036034,0.004827049153391272,0.8455056324601173
21178,0.9530216008424759,0.002810436984873377,0.04416794306598604
21179,0.3326664324849844,0.023399854893796146,0.6439336985349655
21180,0.989388033747673,0.0036959630087949336,0.00691599104902707
21181,0.011231933487579226,0.001016061047266703,0.9877519980072975
21182,0.8844639733433723,0.03370788472238928,0.0818281308747828
21183,0.9577614739537239,0.0021277623454807326,0.040110785048455
21184,0.9938904568552971,0.000995673894067295,0.005113855586387217
21185,0.981849692761898,0.0003662405470095109,0.017784037394449115
21186,0.862165056169033,0.01197911548661068,0.1258558239787817
21187,0.8590303808450699,0.005920834169955924,0.13504875171929598
21188,0.8870068415999413,0.06513389525935054,0.047859266167506576
21189,0.02156955690588802,0.007346871017944068,0.9710835590958595
21190,0.26049431785941124,0.15131338872015476,0.5881922990083694
21191,0.967093214392662,0.000909822789253667,0.03199695760849863
21192,0.36452309787273407,0.0036634056305047125,0.6318135000765324
21193,0.966888539493084,0.008079366583842784,0.02503210911527276
21194,0.7552637010812759,0.013528176350519061,0.23120811767876148
21195,0.8653936311602592,0.0992828980088234,0.03532345546409488
21196,0.9841175302863121,0.001872718523372896,0.014009730541147292
21197,0.016032547689974308,0.003603858611313626,0.9803635701537132
21198,0.9889684766530991,0.0009816693782340735,0.010049877455458045
21199,0.1341141676530242,0.011328617518302053,0.8545571938157082
21200,0.019118208438158035,0.0033076862891903147,0.9775741025805473
21201,0.9710394740104675,0.004839928791625425,0.024120626272633672
21202,0.25704496167600155,0.03641400288324803,0.706541009247303
21203,0.9794744923710823,0.0027762968820752576,0.01774918951559812
21204,0.9906002208590508,0.00039638596535951365,0.0090033775777556
21205,0.8063524663448334,0.14887581393122673,0.04477171413600445
21206,0.942920871078968,0.0025018531741807237,0.05457726679742336
21207,0.04344559437595308,0.006569394434336573,0.9499850496649742
21208,0.7687514200806618,0.07323551760055125,0.15801308304071426
21209,0.24758674018085003,0.022071699728257954,0.7303415834903717
21210,0.9795945659279823,0.0007484472116630059,0.019657010678201914
21211,0.9800929054617882,0.002894889003073331,0.01701221731491387
21212,0.0200288511114195,0.0013201164911151864,0.9786510244011879
21213,0.9833331257104874,0.0005065566183475312,0.016160316998139024
21214,0.34004993736743927,0.0010744776300271042,0.6588755883276463
21215,0.6722767576575279,0.045974923530593514,0.2817483302205801
21216,0.9877079874277115,0.00033455356788181234,0.011957474634982646
21217,0.9786298498511314,0.0028235992504050955,0.018546571605838835
21218,0.016781958285719156,0.0005821338054374792,0.9826359003782272
21219,0.9877411425113678,0.0019890219118678942,0.010269831982441247
21220,0.984734371304512,0.0008035842765821144,0.01446204213425517
21221,0.9517571032047272,0.0009976296569220722,0.047245254972949624
21222,0.1428177459165454,0.006914277415489778,0.8502679914236069
21223,0.9729771092534065,0.0015506747658946551,0.025472203153185546
21224,0.5624588467180729,0.001761786304996349,0.43577936477959156
21225,0.976813904941082,0.002562116627814248,0.02062399487476796
21226,0.9768462926149368,0.0023701941245235503,0.02078351960517466
21227,0.8974861651659012,0.006319304433418438,0.09619452618062496
21228,0.9744635596871376,0.0007205899491964374,0.024815841345116496
21229,0.9563810676336288,0.0040981497295433655,0.03952077962458134
21230,0.8978524878621101,0.010276014392729849,0.09187149628996849
21231,0.9629171043634415,0.002840643843228463,0.034242261899635196
21232,0.5710354298353195,0.008213754248572513,0.42075081169605255
21233,0.15429594088345766,0.013178206456359476,0.8325258642435074
21234,0.5649192035198212,0.41225449182093143,0.022826307569630444
21235,0.014771378948353231,0.0020338543836260214,0.9831947609782219
21236,0.930912010371685,0.001943126702826703,0.0671448577195406
21237,0.5445006713271141,0.0036456272937357426,0.4518537260591984
21238,0.9753633961081505,0.005770677351392806,0.018865926074795425
21239,0.9278502091765404,0.0067797492374666035,0.06537003815174103
21240,0.8426947072148323,0.043408209923654795,0.11389708705246449
21241,0.7901093065738678,0.01218297187006101,0.19770772010087967
21242,0.6460205316543579,0.01889828045386821,0.33508118987083435
21243,0.5286147594451904,0.009547439112793654,0.4618378058075905
21244,0.4621175453066826,0.04678713239263743,0.49109531939029694
21245,0.7871029451489449,0.12984898779541254,0.08304804936051369
21246,0.8851680159568787,0.010036894062068313,0.10479509551078081
21247,0.9653370603919029,0.009670845494838431,0.02499210147652775
21248,0.9212704375386238,0.0012723987820209004,0.07745715696364641
21249,0.0026149916666327044,0.00035366958036320284,0.9970313310623169
21250,0.9159358814358711,0.005345383164240047,0.078718735370785
21251,0.3099928144365549,0.20305804815143347,0.4869491383433342
21252,0.9308517500758171,0.010272455285303295,0.058875813614577055
21253,0.082243368960917,0.00510818453039974,0.9126484468579292
21254,0.9891872480511665,0.001319770461122971,0.009492960351053625
21255,0.9693376198410988,0.0018730350493569858,0.0287893523927778
21256,0.9890914708375931,0.0011686674843076617,0.009739859437104315
21257,0.9897446110844612,0.001719025254715234,0.008536371926311404
21258,0.46576276794075966,0.011360877135302871,0.522876363247633
21259,0.9682692736387253,0.009798747079912573,0.021931982832029462
21260,0.9403923526406288,0.005546901287743822,0.05406073713675141
21261,0.24051718972623348,0.7006736546754837,0.05880916281603277
21262,0.9101580381393433,0.017339369835099205,0.07250260515138507
21263,0.0021573502308456227,0.0005548307599383406,0.9972878471016884
21264,0.20401545986533165,0.06103900680318475,0.7349455319344997
21265,0.2820896077901125,0.04022760665975511,0.6776827834546566
21266,0.9894251003861427,0.0015749093145132065,0.008999973128084093
21267,0.08465560618788004,0.01306925670360215,0.9022751525044441
21268,0.9837966114282608,0.0033226092491531745,0.012880778755061328
21269,0.5462625846266747,0.04851116053760052,0.40522627532482147
21270,0.06282911542803049,0.05494178761728108,0.8822290822863579
21271,0.9170444384217262,0.003128721611574292,0.07982683507725596
21272,0.1554559087380767,0.001955270847247448,0.8425888270139694
21273,0.0949601111933589,0.018892653344664723,0.886147253215313
21274,0.5976801440119743,0.0629919208586216,0.3393279332667589
21275,0.9909937158226967,0.0021503767638932914,0.006855904008261859
21276,0.21009938418865204,0.010699170990847051,0.7792014330625534
21277,0.9729678332805634,0.0016655821818858385,0.025366582442075014
21278,0.8918871581554413,0.07500007888302207,0.033112766686826944
21279,0.06001893524080515,0.0054292872082442045,0.9345517754554749
21280,0.9707455635070801,0.017592428834177554,0.011662010219879448
21281,0.7535167336463928,0.010766687570139766,0.23571656830608845
21282,0.9846357703208923,0.0015411633939947933,0.013823073357343674
21283,0.9900569245219231,0.0009225609319400974,0.009020494238939136
21284,0.008862356131430715,0.003908960992703214,0.9872286841273308
21285,0.9869887307286263,0.0009624335325497668,0.012048829579725862
21286,0.9106905311346054,0.03702045348472893,0.05228899838402867
21287,0.9939063191413879,0.00030841482657706365,0.005785278510302305
21288,0.83023252338171,0.004486705642193556,0.16528077982366085
21289,0.9653230011463165,0.0015445236640516669,0.03313248511403799
21290,0.017807553929742426,0.0008419442565354984,0.9813504964113235
21291,0.016397181316278875,0.011936677794437855,0.9716661348938942
21292,0.5541159547865391,0.27778357081115246,0.1681004762649536
21293,0.00351894527557306,0.0010650830081431195,0.9954159632325172
21294,0.9704445898532867,0.013658997428137809,0.015896409167908132
21295,0.879501186311245,0.006095403543440625,0.11440341174602509
21296,0.027031786856241524,0.007820761326001957,0.9651474356651306
21297,0.44290733709931374,0.04924286878667772,0.5078497938811779
21298,0.35186276212334633,0.012955039157532156,0.6351821944117546
21299,0.8081340342760086,0.012739900208543986,0.17912609316408634
21300,0.940299317240715,0.004373127099825069,0.05532754585146904
21301,0.004857809355598874,0.0014312985731521621,0.9937108978629112
21302,0.7321696430444717,0.04128094739280641,0.2265494167804718
21303,0.12128421664237976,0.014592353603802621,0.8641234561800957
21304,0.7891397699713707,0.01763823628425598,0.19322198629379272
21305,0.988816648721695,0.0024464947055093944,0.008736886433325708
21306,0.7397334650158882,0.006377815021551214,0.25388872250914574
21307,0.8497106730937958,0.04631688725203276,0.10397243918851018
21308,0.030913843074813485,0.0034848924406105652,0.9656012579798698
21309,0.7262037172913551,0.0029655906109837815,0.27083068154752254
21310,0.7270668745040894,0.009419634472578764,0.26351349242031574
21311,0.9781602323055267,0.0025848152727121487,0.019254948711022735
21312,0.3163014426827431,0.0074108149274252355,0.6762877106666565
21313,0.8463232144713402,0.08108665281906724,0.07259014761075377
21314,0.9324005469679832,0.025863739545457065,0.04173571546562016
21315,0.06053934991359711,0.5037657842040062,0.43569485656917095
21316,0.7710942402482033,0.02423092699609697,0.2046748399734497
21317,0.9801540374755859,0.0009873687122308183,0.018858580966480076
21318,0.9173214361071587,0.007537609344581142,0.07514097960665822
21319,0.9320884272456169,0.004605655849445611,0.0633059167303145
21320,0.07668388960883021,0.005068899772595614,0.9182472229003906
21321,0.9790906012058258,0.0003418536925892113,0.02056754636578262
21322,0.723577044904232,0.043853001203387976,0.2325699646025896
21323,0.9572360962629318,0.005390705919126049,0.037373156985268
21324,0.029415801633149385,0.002873046832974069,0.9677111506462097
21325,0.9889028295874596,0.0005658834525092971,0.010531282518059015
21326,0.974715955555439,0.0027456874086055905,0.02253836125601083
21327,0.8942373991012573,0.0016129814903251827,0.10414961259812117
21328,0.9672768861055374,0.002976043935632333,0.02974706538952887
21329,0.6815556734800339,0.0038430570712080225,0.31460125744342804
21330,0.9875188618898392,0.0020714764250442386,0.010409682348836213
21331,0.9007711336016655,0.004636881523765624,0.09459197288379073
21332,0.9503323659300804,0.003040481999050826,0.04662716877646744
21333,0.8714583590626717,0.005711963705834933,0.12282965797930956
21334,0.9165147542953491,0.0014807782936259173,0.08200444234535098
21335,0.9773454517126083,0.002258673426695168,0.02039587206672877
21336,0.9699337109923363,0.0008657853904878721,0.029200503369793296
21337,0.259985426440835,0.07813199982047081,0.6618825942277908
21338,0.5545909404754639,0.14399030338972807,0.30141874589025974
21339,0.11205698689445853,0.012106508016586304,0.8758364915847778
21340,0.9719919264316559,0.0026142000206164084,0.025393887306563556
21341,0.5276018381118774,0.04464033106341958,0.4277578368782997
21342,0.7379873767495155,0.01943251269403845,0.24258012510836124
21343,0.9596159011125565,0.0013544806279242039,0.039029613602906466
21344,0.028227974311448634,0.0020688097865786403,0.9697031676769257
21345,0.8813172429800034,0.0050195706426166,0.11366319935768843
21346,0.42930426076054573,0.004297768697142601,0.5663979724049568
21347,0.4391451980918646,0.057090331334620714,0.5037644729018211
21348,0.2486601620912552,0.0048462745908182114,0.7464935630559921
21349,0.009789657779037952,0.0017911553877638653,0.9884191825985909
21350,0.9622375890612602,0.0006249256584851537,0.037137484876438975
21351,0.10239180363714695,0.002785063727060333,0.8948231413960457
21352,0.578438576310873,0.016594869433902204,0.404966551810503
21353,0.9887930601835251,0.0017805668830987997,0.009426362172234803
21354,0.32081518694758415,0.00917296699481085,0.670011855661869
21355,0.9873774126172066,0.00042592480167513713,0.012196651310659945
21356,0.391556728631258,0.02038856386207044,0.5880547054111958
21357,0.9679330661892891,0.014367282099556178,0.017699680756777525
21358,0.8149692714214325,0.00868337658175733,0.17634733766317368
21359,0.00351224368205294,0.0006100225691625383,0.9958777502179146
21360,0.25692192278802395,0.0061680839280597866,0.7369099855422974
21361,0.00881414592731744,0.0009272831994167063,0.9902585670351982
21362,0.014733461197465658,0.011833272874355316,0.9734332785010338
21363,0.9904309064149857,0.0034817600972019136,0.006087350455345586
21364,0.034087254432961345,0.0031465304346056655,0.9627662301063538
21365,0.017639606725424528,0.0019370602094568312,0.9804233312606812
21366,0.4977453947067261,0.02218810934573412,0.4800664745271206
21367,0.9429652467370033,0.005621272750431672,0.051413487643003464
21368,0.3150115739554167,0.021099435864016414,0.6638889797031879
21369,0.9391890987753868,0.0018421680506435223,0.058968706987798214
21370,0.9864986836910248,0.0008999159799714107,0.012601432157680392
21371,0.35937628522515297,0.02744452899787575,0.6131791807711124
21372,0.7557017728686333,0.006069122871849686,0.23822909034788609
21373,0.9465623497962952,0.003108759701717645,0.05032892036251724
21374,0.9951018989086151,0.0007897237710494664,0.004108367575099692
21375,0.8522164598107338,0.01635108020855114,0.13143245410174131
21376,0.5632735006511211,0.03799138648901135,0.3987351059913635
21377,0.6574178710579872,0.04286019701976329,0.29972194600850344
21378,0.8420863896608353,0.013661932665854692,0.14425167813897133
21379,0.995499387383461,0.00021638937596435426,0.004284236216335557
21380,0.8007906749844551,0.01676447200588882,0.1824448388069868
21381,0.8844320252537727,0.021316017082426697,0.09425196424126625
21382,0.9679423570632935,0.007110299804480746,0.02494734968058765
21383,0.885523185133934,0.04615749837830663,0.0683193146251142
21384,0.9287961572408676,0.006889312469866127,0.06431454978883266
21385,0.8841992095112801,0.0047596992226317525,0.11104108160361648
21386,0.5897005274891853,0.04497186257503927,0.36532759852707386
21387,0.9430269375443459,0.005439609521999955,0.05153343640267849
21388,0.9581051766872406,0.0032637796830385923,0.03863102523609996
21389,0.681133933365345,0.0019556942861527205,0.31691036745905876
21390,0.6992470249533653,0.010996112716384232,0.2897568680346012
21391,0.9280185922980309,0.007830665941582993,0.06415071990340948
21392,0.9045903012156487,0.002507852143025957,0.09290186921134591
21393,0.7155641615390778,0.0017393056186847389,0.2826965432614088
21394,0.12081963755190372,0.0052622724761022255,0.8739180862903595
21395,0.9595978185534477,0.01009532023454085,0.03030687919817865
21396,0.7482734173536301,0.20557174645364285,0.04615483130328357
21397,0.8572739958763123,0.004800779614015482,0.13792524486780167
21398,0.8602756485342979,0.029960272018797696,0.10976408747956157
21399,0.9397855997085571,0.035312778083607554,0.02490159892477095
21400,0.9037115350365639,0.007135256571928039,0.0891531896777451
21401,0.16327294800430536,0.008787954720901325,0.827939085662365
21402,0.9420337602496147,0.004357062018243596,0.05360917327925563
21403,0.9601034075021744,0.00910070986719802,0.030795885948464274
21404,0.9725877270102501,0.00251302812830545,0.02489922591485083
21405,0.9743521213531494,0.005360327806556597,0.02028754015918821
21406,0.9719462990760803,0.002110174660629127,0.025943522108718753
21407,0.02603011194150895,0.003020908683538437,0.9709489718079567
21408,0.15576951205730438,0.003521744118188508,0.8407087400555611
21409,0.3611311577260494,0.0033583702461328357,0.6355104818940163
21410,0.9805845320224762,0.005936883375397883,0.013478572596795857
21411,0.009494292142335325,0.006737081072060391,0.9837686270475388
21412,0.07151416433043778,0.011178746935911477,0.9173070788383484
21413,0.9925117716193199,0.002258015938423341,0.005230245646089315
21414,0.8361451402306557,0.004044803587021306,0.1598100597038865
21415,0.9845851957798004,0.0007859261058911216,0.014628869364969432
21416,0.9905919507145882,0.0009276550081267487,0.0084803884383291
21417,0.9321733936667442,0.0007502104272134602,0.06707640364766121
21418,0.9530075490474701,0.0032665475882822648,0.043725908268243074
21419,0.6138788610696793,0.038317712023854256,0.3478034473955631
21420,0.9750694185495377,0.002871204196708277,0.022059356328099966
21421,0.8114471584558487,0.003557757430826314,0.1849950859323144
21422,0.9559937119483948,0.0032593650394119322,0.040746922604739666
21423,0.8731055706739426,0.007076407433487475,0.1198180140927434
21424,0.8785309791564941,0.07217352977022529,0.04929547745268792
21425,0.14506227429956198,0.041736686835065484,0.8132010325789452
21426,0.06128061097115278,0.1587994573637843,0.7799199372529984
21427,0.9536516070365906,0.003350393715663813,0.042997999815270305
21428,0.9841499775648117,0.004604757094057277,0.011245240573771298
21429,0.9806713834404945,0.0014668368094135076,0.01786177430767566
21430,0.10768594779074192,0.0016093767044367269,0.8907046765089035
21431,0.9410624355077744,0.012676200130954385,0.04626136482693255
21432,0.013938305550254881,0.0019420581811573356,0.9841196537017822
21433,0.9316641464829445,0.012581104092532769,0.055754747707396746
21434,0.8523294553160667,0.01930863002780825,0.12836191430687904
21435,0.6407312005758286,0.015429033141117543,0.34383976832032204
21436,0.2864008005708456,0.0051473712373990566,0.7084518447518349
21437,0.9810694083571434,0.0018034277018159628,0.017127169528976083
21438,0.42448293045163155,0.012482727877795696,0.5630343370139599
21439,0.06503907917067409,0.020742270105984062,0.9142186492681503
21440,0.9848649501800537,0.0010219265677733347,0.01411311945412308
21441,0.002588200382888317,0.0002618444177642232,0.9971499592065811
21442,0.8554834127426147,0.023481618496589363,0.12103496957570314
21443,0.9561519622802734,0.0011657004506560043,0.042682355269789696
21444,0.8910561725497246,0.006748036568751559,0.10219578864052892
21445,0.8736266642808914,0.00538680306635797,0.12098651472479105
21446,0.8630585893988609,0.006059181003365666,0.13088224176317453
21447,0.8127776011824608,0.002761397583526559,0.1844610134139657
21448,0.17882130108773708,0.019695878261700273,0.8014828115701675
21449,0.9573230817914009,0.00265719422895927,0.04001974570564926
21450,0.8955218717455864,0.017197400447912514,0.08728074142709374
21451,0.961313933134079,0.0013748984056292102,0.03731115814298391
21452,0.9440524950623512,0.00512628594879061,0.05082122702151537
21453,0.005902972654439509,0.0021265126124490052,0.9919705092906952
21454,0.33111795596778393,0.002113801514497027,0.6667682565748692
21455,0.5512437596917152,0.0029932520701549947,0.4457629807293415
21456,0.7498695626854897,0.03261108812876046,0.2175193503499031
21457,0.9639724865555763,0.020383083494380116,0.015644434606656432
21458,0.8581862822175026,0.09180297469720244,0.05001073656603694
21459,0.9545616582036018,0.006117740616900846,0.039320603013038635
21460,0.9590587988495827,0.0028476580482674763,0.03809353127144277
21461,0.987884595990181,0.0007757941930321977,0.011339596414472908
21462,0.9552227407693863,0.02928063436411321,0.015496633015573025
21463,0.735505610704422,0.07456263992935419,0.18993175402283669
21464,0.9112376868724823,0.013617828139103949,0.07514449721202254
21465,0.9226635470986366,0.010053542850073427,0.06728292116895318
21466,0.07097458885982633,0.0041773143311729655,0.9248480871319771
21467,0.7676904946565628,0.014668019255623221,0.21764149889349937
21468,0.3453503455966711,0.012194282142445445,0.6424553766846657
21469,0.9571924284100533,0.003208594600437209,0.03959899581968784
21470,0.6289528422057629,0.007213254808448255,0.3638338930904865
21471,0.9939106851816177,0.0003915450488420902,0.005697766231605783
21472,0.15364751778542995,0.012838048220146447,0.8335144519805908
21473,0.001846939092501998,0.00024275999930978287,0.9979103058576584
21474,0.8854356184601784,0.029123104643076658,0.08544127736240625
21475,0.4806992895901203,0.16093896515667439,0.35836173966526985
21476,0.4453278109431267,0.005413536564446986,0.5492586493492126
21477,0.8481373861432076,0.0391676879953593,0.11269492655992508
21478,0.7895507737994194,0.008806305413600057,0.20164293237030506
21479,0.8137274235486984,0.005457906343508512,0.18081466294825077
21480,0.9557832702994347,0.003598261930164881,0.04061846621334553
21481,0.8804086670279503,0.009044391685165465,0.11054694186896086
21482,0.6865323595702648,0.09213644219562411,0.2213312005624175
21483,0.9185032770037651,0.0015149380233197007,0.07998178666457534
21484,0.9838567972183228,0.0013016183947911486,0.01484159124083817
21485,0.9318840205669403,0.0430109912995249,0.025105001055635512
21486,0.9766066893935204,0.0021331803654902615,0.021260134293697774
21487,0.27076883614063263,0.01236527186119929,0.7168658822774887
21488,0.9393327608704567,0.029014705098234117,0.03165255067870021
21489,0.7113187238574028,0.02113985689356923,0.26754142343997955
21490,0.4825190082192421,0.06663884315639734,0.45084214583039284
21491,0.9810516536235809,0.002320421815966256,0.016627897508442402
21492,0.9763847589492798,0.003145455557387322,0.02046979032456875
21493,0.7319779917597771,0.012373715580906719,0.25564829632639885
21494,0.025578815955668688,0.010520668874960393,0.9639005362987518
21495,0.5629393942654133,0.013168443168979138,0.42389216646552086
21496,0.9387441650032997,0.028764859773218632,0.03249098523519933
21497,0.9850461259484291,0.00042521796058281325,0.014528673607856035
21498,0.9113287478685379,0.004206883488222957,0.08446438703685999
21499,0.9535324573516846,0.00031909867811918957,0.04614842985756695
21500,0.6948916912078857,0.027885504998266697,0.27722279354929924
21501,0.9726369082927704,0.0025005424104165286,0.024862548569217324
21502,0.9564102590084076,0.0033770038426155224,0.04021275066770613
21503,0.5160701647400856,0.13062726892530918,0.3533025588840246
21504,0.07175794430077076,0.017198109533637762,0.9110439568758011
21505,0.015067347907461226,0.017001276602968574,0.9679313600063324
21506,0.9744695425033569,0.00047396745867445134,0.025056490674614906
21507,0.9340868443250656,0.0033605224889470264,0.06255264487117529
21508,0.9811478331685066,0.0014804344391450286,0.017371720634400845
21509,0.9932266622781754,0.0001937175929924706,0.006579607608728111
21510,0.5003250427544117,0.03423399501480162,0.4654409661889076
21511,0.020765123306773603,0.0037743988214060664,0.9754604622721672
21512,0.6999224051833153,0.012570408871397376,0.2875071968883276
21513,0.9725502505898476,0.0014208876091288403,0.026028835331089795
21514,0.9519588127732277,0.002395042116404511,0.04564616270363331
21515,0.898064374923706,0.004819618014153093,0.09711599629372358
21516,0.014696300408104435,0.002760347808361985,0.9825433567166328
21517,0.9240388944745064,0.011369927728082985,0.06459119729697704
21518,0.797976128757,0.009840943646850064,0.19218293018639088
21519,0.9885022714734077,0.0005642303294735029,0.01093348243739456
21520,0.9423942193388939,0.0021350207971408963,0.0554707613773644
21521,0.9804617464542389,0.0028360779833747074,0.016702172229997814
21522,0.5438085440546274,0.12807006714865565,0.32812138460576534
21523,0.32016218081116676,0.009107441990636289,0.6707303784787655
21524,0.8723028898239136,0.11263058800250292,0.015066541847772896
21525,0.5735914520919323,0.016911710205022246,0.40949683636426926
21526,0.714455034583807,0.0008110334747470915,0.28473393619060516
21527,0.9892368316650391,0.000591770323808305,0.010171404748689383
21528,0.9807248413562775,0.0007952092091727536,0.018479954916983843
21529,0.0028980408678762615,0.0011005239575752057,0.9960014447569847
21530,0.028786369366571307,0.011732534389011562,0.9594810903072357
21531,0.7034346833825111,0.06497380207292736,0.23159151710569859
21532,0.961126059293747,0.008379392325878143,0.0304945248644799
21533,0.9749469235539436,0.0021528429206227884,0.022900236421264708
21534,0.9219273626804352,0.005353971471777186,0.0727186780422926
21535,0.5181948654353619,0.0034648365108296275,0.4783403053879738
21536,0.3920757006853819,0.18543269857764244,0.4224916286766529
21537,0.6187830083072186,0.004744701582239941,0.3764722906053066
21538,0.9505826458334923,0.03494612587383017,0.01447121927049011
21539,0.9626440405845642,0.0036637843295466155,0.03369216062128544
21540,0.9536765143275261,0.003395293781068176,0.04292818857356906
21541,0.9894200190901756,0.001490641872806009,0.009089317580219358
21542,0.9733083248138428,0.002218869762145914,0.024472823599353433
21543,0.8778150975704193,0.0870583294890821,0.03512655314989388
21544,0.014040366688277572,0.002413004040136002,0.9835466146469116
21545,0.9337971583008766,0.0042369184957351536,0.0619659167714417
21546,0.9110897555947304,0.005769442999735475,0.0831407867372036
21547,0.6044763810932636,0.3413094785064459,0.05421414691954851
21548,0.9140735268592834,0.004738426476251334,0.08118803706020117
21549,0.10413959063589573,0.0031817368289921433,0.8926786705851555
21550,0.9511792436242104,0.031847280682995915,0.01697344658896327
21551,0.6426145657896996,0.18365357164293528,0.17373183276504278
21552,0.9637432843446732,0.0003104381939920131,0.03594626113772392
21553,0.029177856165915728,0.026261670282110572,0.9445604607462883
21554,0.017967390129342675,0.00232781347585842,0.9797048047184944
21555,0.8498879745602608,0.05216518440283835,0.09794683451764286
21556,0.7592834532260895,0.007172876124968752,0.2335436698049307
21557,0.005210955365328118,0.0006191188149387017,0.9941699206829071
21558,0.0131745541584678,0.00129782895965036,0.9855276122689247
21559,0.9247042685747147,0.006497173322713934,0.06879854528233409
21560,0.963381715118885,0.020679425564594567,0.01593885780312121
21561,0.014816990063991398,0.0031281338451663032,0.9820548892021179
21562,0.49902215227484703,0.021653842413797975,0.47932398691773415
21563,0.9176484793424606,0.0031156106997514144,0.0792359160259366
21564,0.9134781584143639,0.0039823979896027595,0.08253944432362914
21565,0.9663753286004066,0.005755864956881851,0.027868814882822335
21566,0.8426460549235344,0.006836650019977242,0.15051730256527662
21567,0.8826017454266548,0.0007902516663307324,0.11660800967365503
21568,0.9752350151538849,0.000898430407687556,0.023866545874625444
21569,0.9714272916316986,0.019788207893725485,0.008784511359408498
21570,0.9328368380665779,0.016796110838185996,0.0503670503385365
21571,0.8409707993268967,0.021877548773773015,0.13715166971087456
21572,0.06565687339752913,0.005937661218922585,0.9284054785966873
21573,0.0033711437426973134,0.00024120143825712148,0.9963876381516457
21574,0.7143173888325691,0.008201536606065929,0.2774810791015625
21575,0.9749770388007164,0.00131384650740074,0.023709111846983433
21576,0.973725900053978,0.0028144242096459493,0.02345967257861048
21577,0.9880337119102478,0.002612598407722544,0.00935368292266503
21578,0.9568304270505905,0.00299769252887927,0.040171870961785316
21579,0.236444391310215,0.06821253290399909,0.6953430771827698
21580,0.9685370698571205,0.00200430687982589,0.02945861837361008
21581,0.9364209324121475,0.0005852393860550364,0.06299380864948034
21582,0.6172953620553017,0.03386025642976165,0.34884437546133995
21583,0.6642944291234016,0.02972723264247179,0.3059783447533846
21584,0.0050201947160530835,0.0013214993523433805,0.9936583191156387
21585,0.9312528967857361,0.003979280416388065,0.064767821226269
21586,0.08653833391144872,0.007382004463579506,0.9060796648263931
21587,0.608410008251667,0.2201301772147417,0.17145980522036552
21588,0.4093681015074253,0.1209029657766223,0.4697289578616619
21589,0.6994635090231895,0.0041029470739886165,0.29643355682492256
21590,0.056157445069402456,0.004312724297051318,0.9395298510789871
21591,0.981350876390934,0.0004371923623693874,0.018211929011158645
21592,0.9759567603468895,0.005864135688170791,0.01817909872625023
21593,0.8358121141791344,0.0040516894368920475,0.1601361809298396
21594,0.44821199774742126,0.5095985047519207,0.0421895042527467
21595,0.8632787317037582,0.006052983706467785,0.13066828809678555
21596,0.7874115332961082,0.08402277855202556,0.12856567418202758
21597,0.9638732895255089,0.0034421615418978035,0.03268453944474459
21598,0.5703781433403492,0.01819688710384071,0.4114249777048826
21599,0.29623094759881496,0.2714168503880501,0.4323521889746189
21600,0.5460742674767971,0.004855304432567209,0.44907041639089584
21601,0.779953621327877,0.0006602667108381866,0.2193861361593008
21602,0.470915999263525,0.003971189929870889,0.5251128301024437
21603,0.9291714355349541,0.007312013069167733,0.06351654324680567
21604,0.9445943459868431,0.011355582624673843,0.044050065567716956
21605,0.9593697786331177,0.0045504834852181375,0.03607973945327103
21606,0.9723556786775589,0.007855812145862728,0.01978852995671332
21607,0.5376049727201462,0.0012132882511650678,0.46118173375725746
21608,0.8849667012691498,0.0015458365742233582,0.11348745226860046
21609,0.8664796054363251,0.009670475963503122,0.12384991906583309
21610,0.9698559269309044,0.013664921134477481,0.016479142475873232
21611,0.9556096717715263,0.0027649799740174785,0.04162534954957664
21612,0.9449340775609016,0.028862472740001976,0.026203444227576256
21613,0.007245386310387403,0.0038031295989640057,0.9889514818787575
21614,0.7079363092780113,0.0022828790824860334,0.2897808123379946
21615,0.9855819121003151,0.0017422958044335246,0.012675794190727174
21616,0.9388893097639084,0.034037147648632526,0.027073550736531615
21617,0.6488274037837982,0.01280414720531553,0.3383684605360031
21618,0.9557664543390274,0.003616431407863274,0.040617129765450954
21619,0.8527844175696373,0.015810570999747142,0.13140501268208027
21620,0.9856300503015518,0.0005283984537527431,0.013841564068570733
21621,0.0296413148753345,0.001948140336025972,0.9684105664491653
21622,0.9735029563307762,0.00237691993243061,0.02412012137938291
21623,0.4132399559020996,0.01932046451838687,0.5674395561218262
21624,0.9966627433896065,0.00011559717950149206,0.0032216682011494413
21625,0.9339157119393349,0.003055010864045471,0.0630292915739119
21626,0.7862028852105141,0.015322641760576516,0.19847447238862514
21627,0.9851617068052292,0.001504375039075967,0.013333899201825261
21628,0.03640208346769214,0.0029132489435141906,0.9606846943497658
21629,0.9789054319262505,0.001388919830787927,0.019705619430169463
21630,0.88729178160429,0.08568389341235161,0.027024339884519577
21631,0.0407690703868866,0.0022831674141343683,0.9569477438926697
21632,0.007723025919403881,0.026161670335568488,0.9661153107881546
21633,0.8481774404644966,0.04141019191592932,0.11041237600147724
21634,0.36931758001446724,0.0024315266782650724,0.628250889480114
21635,0.9336831569671631,0.02490053151268512,0.04141629720106721
21636,0.9767962470650673,0.001034247674397193,0.0221695089712739
21637,0.6939603984355927,0.010077450540848076,0.29596214927732944
21638,0.8308390006422997,0.03132213547360152,0.13783887308090925
21639,0.8861523941159248,0.01624282042030245,0.09760477393865585
21640,0.9885618388652802,0.004597406921675429,0.006840757443569601
21641,0.02500686119310558,0.022403342532925308,0.9525898173451424
21642,0.9253615736961365,0.0017823659436544403,0.07285606302320957
21643,0.042017398634925485,0.044731349451467395,0.9132512509822845
21644,0.5453503765165806,0.007467143761459738,0.4471824839711189
21645,0.034751447616145015,0.0023293144477065653,0.962919257581234
21646,0.7341948002576828,0.08881821529939771,0.1769869877025485
21647,0.924061693251133,0.0021612361379084177,0.07377707632258534
21648,0.31894380412995815,0.01607585872989148,0.6649803519248962
21649,0.8101368024945259,0.003691396370413713,0.1861718026921153
21650,0.7205059304833412,0.016347089782357216,0.2631469741463661
21651,0.214253100566566,0.010228728468064219,0.7755181789398193
21652,0.3614959139376879,0.006342953798593953,0.6321611516177654
21653,0.5157396532595158,0.01887914806138724,0.4653811939060688
21654,0.02367903431877494,0.003770935261854902,0.9725500121712685
21655,0.8980287313461304,0.009361485892441124,0.0926097733899951
21656,0.977085642516613,0.0006204191886354238,0.022293946472927928
21657,0.7325438633561134,0.04595407086890191,0.2215020852163434
21658,0.9346373155713081,0.02820336213335395,0.03715932555496693
21659,0.9527731463313103,0.011190303310286254,0.03603654494509101
21660,0.8963661640882492,0.016515377792529762,0.08711848361417651
21661,0.8130936920642853,0.010626820207107812,0.17627950198948383
21662,0.011516051541548222,0.0014015388005645946,0.9870824292302132
21663,0.9149836748838425,0.0022647605801466852,0.08275158423930407
21664,0.9838726595044136,0.00016174462598428363,0.015965608414262533
21665,0.9352773204445839,0.0027688697882695124,0.06195382820442319
21666,0.9086450859904289,0.0028556220495374873,0.08849929785355926
21667,0.019774210173636675,0.035087534226477146,0.9451382532715797
21668,0.9728207960724831,0.0013490155470208265,0.025830185622908175
21669,0.03692097612656653,0.0033396554208593443,0.9597393646836281
21670,0.8311284929513931,0.0487356074154377,0.12013589311391115
21671,0.07294215681031346,0.006130255846073851,0.9209275841712952
21672,0.9347540885210037,0.0069517015654128045,0.05829423340037465
21673,0.9593645110726357,0.010925042093731463,0.02971044380683452
21674,0.9827108830213547,0.008514471410308033,0.008774644462391734
21675,0.9526958018541336,0.005521895829588175,0.04178231372497976
21676,0.7113220356404781,0.007878108794102445,0.28079985082149506
21677,0.9818155020475388,0.0018221122736576945,0.01636238512583077
21678,0.9599999040365219,0.0026860770158236846,0.03731402428820729
21679,0.7440558224916458,0.06161557463929057,0.19432859681546688
21680,0.9179708883166313,0.015247583854943514,0.066781519446522
21681,0.007236773206386715,0.0008987333021650556,0.9918645098805428
21682,0.8843547850847244,0.07265822123736143,0.042987011605873704
21683,0.9908053055405617,0.0008323421643581241,0.00836236187024042
21684,0.929156132042408,0.0006517644796986133,0.07019210793077946
21685,0.9943839535117149,0.0004451315344340401,0.005170911550521851
21686,0.7855257987976074,0.007588694687001407,0.20688551291823387
21687,0.9491956233978271,0.0025355902907904238,0.048268792452290654
21688,0.9345717653632164,0.004566765623167157,0.06086146039888263
21689,0.9832189157605171,0.0034635929914657027,0.013317486038431525
21690,0.9049171954393387,0.01841837528627366,0.07666443660855293
21691,0.29037458822131157,0.006899302650708705,0.7027260884642601
21692,0.8878815323114395,0.004095747543033212,0.10802270751446486
21693,0.9367469549179077,0.00807610442279838,0.05517693399451673
21694,0.020861633704043925,0.0031709161266917363,0.9759674593806267
21695,0.9640349745750427,0.00347156743373489,0.032493464881554246
21696,0.9582022503018379,0.00892562052467838,0.03287212969735265
21697,0.6939192488789558,0.004105008352780715,0.3019757457077503
21698,0.9720137640833855,0.0008256080091086915,0.027160604135133326
21699,0.9735657274723053,0.0034740183618851006,0.02296025725081563
21700,0.9791327714920044,0.0009359814612253103,0.019931244081817567
21701,0.8092838302254677,0.012778415810316801,0.17793776467442513
21702,0.7572861611843109,0.002644651431182865,0.2400691881775856
21703,0.5205956362187862,0.08396630408242345,0.3954380452632904
21704,0.0808804789558053,0.004033075412735343,0.915086455643177
21705,0.12726760935038328,0.008658980077598244,0.8640734031796455
21706,0.9766065925359726,0.0009137741071754135,0.022479646955616772
21707,0.9855286478996277,0.0014926732183084823,0.012978676124475896
21708,0.3299376405775547,0.006378446356393397,0.6636839136481285
21709,0.9718427509069443,0.001574748232087586,0.026582497404888272
21710,0.8697922229766846,0.0035351308179087937,0.12667262461036444
21711,0.0463100359775126,0.05448565655387938,0.8992042988538742
21712,0.9695757180452347,0.007049494444800075,0.023374792421236634
21713,0.9886452332139015,0.0008127273031277582,0.010542035917751491
21714,0.9927364438772202,0.0008292636921396479,0.006434309238102287
21715,0.8042271956801414,0.004970347494236194,0.19080246705561876
21716,0.6180917210876942,0.04325517872348428,0.33865310437977314
21717,0.1367213074117899,0.007642124692210928,0.8556365668773651
21718,0.9681215435266495,0.011388186307158321,0.02049026038730517
21719,0.07783716032281518,0.0036733107990585268,0.9184895157814026
21720,0.9235694631934166,0.0050274965178687125,0.071403035428375
21721,0.9660949036478996,0.0007135970554372761,0.03319149650633335
21722,0.6467882208526134,0.00926379911834374,0.3439480159431696
21723,0.2342013530433178,0.32735768519341946,0.4384409561753273
21724,0.9911102652549744,0.0015771267862874083,0.007312603003811091
21725,0.9596307128667831,0.013300812453962862,0.02706845453940332
21726,0.44530309177935123,0.2587704658508301,0.29592642933130264
21727,0.9648616388440132,0.0022033536806702614,0.03293500654399395
21728,0.8893109038472176,0.0011656948518066201,0.109523412771523
21729,0.009846944420132786,0.0007695621097809635,0.9893834814429283
21730,0.8636907637119293,0.003760403851629235,0.13254882069304585
21731,0.9861711859703064,0.0003868154926749412,0.013442017021588981
21732,0.988669715821743,0.0008226916179410182,0.010507602710276842
21733,0.9281674474477768,0.025453730835579336,0.04637882555834949
21734,0.019591511925682425,0.003500531238387339,0.976907953619957
21735,0.20247834362089634,0.011294548399746418,0.7862270921468735
21736,0.6619205698370934,0.036426142789423466,0.30165327899158
21737,0.9178776741027832,0.006575481442268938,0.07554684346541762
21738,0.9932061433792114,0.0013257750069897156,0.005468099232530221
21739,0.9574972689151764,0.0024608015082776546,0.040041918866336346
21740,0.13222496584057808,0.004737129173008725,0.8630378991365433
21741,0.9170450642704964,0.0028173106402391568,0.08013763697817922
21742,0.83653424680233,0.019681336474604905,0.14378440659493208
21743,0.8678982704877853,0.006275092891883105,0.1258266493678093
21744,0.988994799554348,0.0066801403008867055,0.0043250531307421625
21745,0.26259489730000496,0.021879733249079436,0.7155253812670708
21746,0.8656289353966713,0.027489452622830868,0.10688162222504616
21747,0.8869228288531303,0.013196403975598514,0.09988079546019435
21748,0.9620732814073563,0.018152033793739974,0.01977471518330276
21749,0.9528892338275909,0.0037221155944280326,0.043388681253418326
21750,0.9824910461902618,0.001667342716245912,0.015841620974242687
21751,0.36507925018668175,0.002569447024143301,0.6323513016104698
21752,0.8179230988025665,0.10591668542474508,0.07616023486480117
21753,0.9679404869675636,0.001248363681952469,0.03081112029030919
21754,0.90439872443676,0.0014406875307031441,0.09416059404611588
21755,0.9777636304497719,0.002233833380159922,0.02000251435674727
21756,0.004716569048468955,0.0004260255282133585,0.9948574304580688
21757,0.11629932560026646,0.03255061584059149,0.8511500507593155
21758,0.9178477451205254,0.0021147904626559466,0.08003746904432774
21759,0.9325928762555122,0.015235830505844206,0.05217129969969392
21760,0.01923615555278957,0.0020484507112996653,0.9787154123187065
21761,0.832240380346775,0.04859019839204848,0.11916940659284592
21762,0.8467459082603455,0.008363122760783881,0.14489098452031612
21763,0.8799837157130241,0.006901148270117119,0.11311513651162386
21764,0.16390812024474144,0.0019343235908308998,0.8341575860977173
21765,0.9294102862477303,0.0037731320335296914,0.06681658420711756
21766,0.5007372573018074,0.0033490580826764926,0.49591366946697235
21767,0.7063032686710358,0.018132506404072046,0.2755642216652632
21768,0.7452535480260849,0.145889388397336,0.10885708220303059
21769,0.9756605625152588,0.0005291624984238297,0.023810271988622844
21770,0.9705345928668976,0.0003495602522889385,0.029115858022123575
21771,0.971329815685749,0.0009847770452324767,0.0276854089461267
21772,0.1386559633538127,0.003664614341687411,0.8576794415712357
21773,0.7573511376976967,0.03549482952803373,0.207154031842947
21774,0.9864391088485718,0.0028056206356268376,0.010755275201518089
21775,0.7864399775862694,0.006582163332495838,0.2069778498262167
21776,0.929049901664257,0.035898123402148485,0.0350519884377718
21777,0.9875757098197937,0.002310922689503059,0.010113360767718405
21778,0.9789832755923271,0.00017467440193286166,0.02084202761761844
21779,0.017184157273732126,0.0006358081227517687,0.9821800217032433
21780,0.9889713525772095,0.0010595203420962207,0.009969121543690562
21781,0.8808456584811211,0.003837328404188156,0.11531698517501354
21782,0.9764423444867134,0.002756657326244749,0.02080101566389203
21783,0.9285466820001602,0.0037369783967733383,0.06771632470190525
21784,0.9934250935912132,0.00014965551781642716,0.006425232597393915
21785,0.5025030188262463,0.21381453797221184,0.2836824357509613
21786,0.881955087184906,0.0023805545642971992,0.1156643545255065
21787,0.09035828150808811,0.00833378970855847,0.9013079255819321
21788,0.9682127311825752,0.012531011598184705,0.01925624825526029
21789,0.9063476175069809,0.005079208349343389,0.08857318479567766
21790,0.7146643102169037,0.027710452559404075,0.2576252222061157
21791,0.9813861697912216,0.002479752045474015,0.016134098172187805
21792,0.005317846953403205,0.0017061487815226428,0.9929759874939919
21793,0.6904911920428276,0.06594729819335043,0.24356151558458805
21794,0.9624065384268761,0.0012988354501430877,0.03629462304525077
21795,0.9644295200705528,0.001748576651152689,0.03382190433330834
21796,0.820638507604599,0.006961204286199063,0.1724002892151475
21797,0.9663505479693413,0.019427112420089543,0.014222352707292885
21798,0.9583247974514961,0.0023809306730981916,0.03929426032118499
21799,0.7479427680373192,0.001287348786718212,0.25076989084482193
21800,0.9734241887927055,0.005832721391925588,0.020743083558045328
21801,0.3502588290721178,0.003659600130049512,0.6460815705358982
21802,0.01565654797013849,0.0018378086606389843,0.9825056418776512
21803,0.3022969178855419,0.004052630138176028,0.6936504431068897
21804,0.9294678494334221,0.003968889534007758,0.06656325561925769
21805,0.0019904535729438066,0.0015482395538128912,0.9964612796902657
21806,0.9644236788153648,0.0005364338885556208,0.03503989288583398
21807,0.8885301947593689,0.006304934562649578,0.10516488645225763
21808,0.0775044106412679,0.038545126910321414,0.883950486779213
21809,0.9667757079005241,0.0011519086838234216,0.03207237599417567
21810,0.9830709472298622,0.0006689913316222373,0.01626005140133202
21811,0.812519408762455,0.034045747481286526,0.15343484096229076
21812,0.8744735196232796,0.008516811765730381,0.11700967513024807
21813,0.8934887126088142,0.00800905714277178,0.09850222524255514
21814,0.867442287504673,0.0009284382176701911,0.13162926770746708
21815,0.6993115991353989,0.0012956224527442828,0.2993927486240864
21816,0.8344219028949738,0.017804987204726785,0.14777312707155943
21817,0.8853636160492897,0.007513558608479798,0.10712284501641989
21818,0.9393062517046928,0.006912470329552889,0.053781270515173674
21819,0.9831966310739517,0.0006339025931083597,0.016169459966477007
21820,0.013880797545425594,0.0015279542240023147,0.9845912680029869
21821,0.01086121005937457,0.007085824647219852,0.9820529520511627
21822,0.9527584239840508,0.004075443692272529,0.043166126823052764
21823,0.9545417502522469,0.0032280176237691194,0.0422302195802331
21824,0.7139653153717518,0.0012640811546589248,0.2847705967724323
21825,0.253017645329237,0.046542771509848535,0.7004395574331284
21826,0.9689070954918861,0.001984597518458031,0.029108305112458766
21827,0.7972074970602989,0.006066475762054324,0.19672601018100977
21828,0.9737804606556892,0.007202246750239283,0.01901730545796454
21829,0.9636818990111351,0.001749771079630591,0.03456834622193128
21830,0.8446054905653,0.010482559475349262,0.14491194766014814
21831,0.5287305377423763,0.035704286536201835,0.43556516058743
21832,0.8441400974988937,0.12452280707657337,0.031337093794718385
21833,0.05922652222216129,0.007521122548496351,0.9332523345947266
21834,0.9213681891560555,0.003065712415263988,0.07556611159816384
21835,0.9902653321623802,0.00030949651318223914,0.009425166179426014
21836,0.9671007692813873,0.0010457659682288067,0.03185346024110913
21837,0.9827913865447044,0.001620889477635501,0.015587726142257452
21838,0.9696500450372696,0.011960171454120427,0.018389769713394344
21839,0.7711283415555954,0.013196203391999006,0.2156754657626152
21840,0.9865497350692749,0.0004313315894250991,0.013018924975767732
21841,0.0398454291280359,0.005461454056785442,0.9546931087970734
21842,0.5209682732820511,0.1615491034463048,0.3174826055765152
21843,0.9436271339654922,0.004664924374083057,0.0517079415731132
21844,0.012644557398743927,0.0014736472294316627,0.9858818203210831
21845,0.9347380697727203,0.001803079321689438,0.06345885572955012
21846,0.5418382622301579,0.08023124793544412,0.37793048471212387
21847,0.8478359505534172,0.005289348890073597,0.14687467832118273
21848,0.9754432514309883,0.011912033602129668,0.012644715665373951
21849,0.005499160324689001,0.0025148155546048656,0.9919860288500786
21850,0.9287640899419785,0.0016389821757911704,0.06959694204851985
21851,0.3309129159897566,0.005427225725725293,0.6636598482728004
21852,0.9308068305253983,0.005849330191267654,0.06334385275840759
21853,0.07587654097005725,0.0021787320874864236,0.921944722533226
21854,0.9923800677061081,0.0006682782586722169,0.006951672723516822
21855,0.07310221390798688,0.0020456009078770876,0.9248522073030472
21856,0.8846351057291031,0.0058776597725227475,0.10948721412569284
21857,0.2645100299268961,0.013891162816435099,0.7215988002717495
21858,0.008743307902477682,0.0017736317386152223,0.9894830584526062
21859,0.984064944088459,0.00415182436699979,0.01178326434455812
21860,0.01691177557222545,0.0037907835212536156,0.979297436773777
21861,0.9583121910691261,0.0021669508278137073,0.0395208653062582
21862,0.8321319222450256,0.006221974501386285,0.16164611093699932
21863,0.8343543112277985,0.008746594830881804,0.15689910855144262
21864,0.002248555436381139,0.0008463884514640085,0.9969050660729408
21865,0.31316863000392914,0.002720823773415759,0.6841105408966541
21866,0.949851743876934,0.019996421528048813,0.0301518386695534
21867,0.4860248826444149,0.0054322923824656755,0.5085428282618523
21868,0.9796785116195679,0.0031916342268232256,0.01712987758219242
21869,0.012651095516048372,0.0023085157736204565,0.9850403815507889
21870,0.8600730076432228,0.006964318425161764,0.13296267157420516
21871,0.8943373933434486,0.007090986764524132,0.09857163298875093
21872,0.9806815311312675,0.00032181039387069177,0.018996644183062017
21873,0.9644773826003075,0.002476273904903792,0.03304635803215206
21874,0.9886432662606239,0.0012657971528824419,0.010090958327054977
21875,0.35090019181370735,0.022035017958842218,0.6270647943019867
21876,0.9809794053435326,0.006616607803152874,0.012403989676386118
21877,0.8769442737102509,0.006917518039699644,0.11613822262734175
21878,0.9630657956004143,0.016824965365231037,0.0201092513743788
21879,0.8511129915714264,0.003916990215657279,0.14497001515701413
21880,0.8923178762197495,0.006931380514288321,0.10075073875486851
21881,0.9522098675370216,0.014096602739300579,0.03369354421738535
21882,0.018068868317641318,0.005691380385542288,0.9762397557497025
21883,0.9545639008283615,0.0033633848070167005,0.0420727280434221
21884,0.19663222413510084,0.01047583163017407,0.7928919643163681
21885,0.0357664932962507,0.001405160131980665,0.9628283679485321
21886,0.9748663902282715,0.0020776702440343797,0.023055961239151657
21887,0.9539967626333237,0.004148074862314388,0.04185515735298395
21888,0.9810809567570686,0.001800585181626957,0.017118469811975956
21889,0.9906893223524094,0.0009053387475432828,0.008405335480347276
21890,0.9872909858822823,0.0006216794645297341,0.012087355251424015
21891,0.9903912842273712,0.0004915249355690321,0.009117189736571163
21892,0.9850512593984604,0.002242697839392349,0.012706039473414421
21893,0.7320817783474922,0.005984820279991254,0.2619334012269974
21894,0.9025889188051224,0.015137103735469282,0.08227396896108985
21895,0.9676664099097252,0.002512409017072059,0.02982119144871831
21896,0.6019695177674294,0.011484498681966215,0.3865459840744734
21897,0.06690004281699657,0.2797152493149042,0.6533847115933895
21898,0.8919827863574028,0.0006484891127911396,0.10736869974061847
21899,0.9896329790353775,0.001057620880601462,0.009309395798482
21900,0.01596210803836584,0.0012739601334033068,0.9827639237046242
21901,0.9717160016298294,0.004576681109028868,0.02370734722353518
21902,0.9317954778671265,0.02109152323100716,0.04711298947222531
21903,0.9114688411355019,0.021025713649578393,0.06750543508678675
21904,0.02430016966536641,0.0024921570366132073,0.9732076525688171
21905,0.18068715557456017,0.0034603529347805306,0.8158525004982948
21906,0.30865565687417984,0.021604225388728082,0.6697401292622089
21907,0.12029668688774109,0.0025997850752901286,0.8771035298705101
21908,0.9225984960794449,0.006434705719584599,0.07096680765971541
21909,0.66030503064394,0.035507366294041276,0.3041875995695591
21910,0.004299575201002881,0.0010819772469403688,0.9946184530854225
21911,0.2568402970209718,0.07510609063319862,0.6680536158382893
21912,0.9895855784416199,0.0007419297580781858,0.009672495711129159
21913,0.9718262404203415,0.003496698584058322,0.024677070672623813
21914,0.8638155311346054,0.06963711394928396,0.0665473472326994
21915,0.8481443002820015,0.1023542289622128,0.049501491943374276
21916,0.0711221182718873,0.004647846522857435,0.9242300316691399
21917,0.13253341056406498,0.0927596534602344,0.7747069373726845
21918,0.9903342425823212,0.0002483404323356808,0.009417433058843017
21919,0.9059605374932289,0.005174574514967389,0.08886492298915982
21920,0.36254226602613926,0.018582310585770756,0.6188754066824913
21921,0.9158631712198257,0.009656275797169656,0.07448052149266005
21922,0.796024888753891,0.025967792607843876,0.17800731118768454
21923,0.9338070079684258,0.002433495974401012,0.06375949550420046
21924,0.5929183401167393,0.009609720960725099,0.39747192710638046
21925,0.19730054959654808,0.008018634282052517,0.7946808189153671
21926,0.9725097194314003,0.012747969361953437,0.014742314233444631
21927,0.9745056480169296,0.0032926689891610295,0.022201695712283254
21928,0.9905818924307823,0.002775374101474881,0.006642705091508105
21929,0.9474614784121513,0.009937172726495191,0.04260135185904801
21930,0.8705129101872444,0.004660328675527126,0.12482676096260548
21931,0.9580757841467857,0.0038237448316067457,0.03810046473518014
21932,0.31759041268378496,0.009372213680762798,0.6730373688042164
21933,0.8812162354588509,0.023583955480717123,0.09519980102777481
21934,0.48359261453151703,0.010959557141177356,0.5054478459060192
21935,0.8441308662295341,0.005002561316359788,0.15086657740175724
21936,0.01917723729275167,0.004101608181372285,0.9767211601138115
21937,0.5271383337676525,0.0036587054637493566,0.4692029692232609
21938,0.19931846298277378,0.0028089582337997854,0.7978725656867027
21939,0.9666819348931313,0.01523168635321781,0.01808636635541916
21940,0.9857106804847717,0.0006000706507620635,0.013689245446585119
21941,0.4347804095596075,0.10910451225936413,0.45611508563160896
21942,0.03116752323694527,0.009413413295987993,0.9594190865755081
21943,0.9488733261823654,0.0032123468263307586,0.0479143257252872
21944,0.8799266368150711,0.029598013265058398,0.09047533432021737
21945,0.8780531138181686,0.0041570779867470264,0.11778981052339077
21946,0.003990468088886701,0.0002724714922806015,0.9957370460033417
21947,0.014072814665269107,0.013202143367379904,0.9727250337600708
21948,0.9259664341807365,0.0036335040640551597,0.07040006201714277
21949,0.9330000579357147,0.0013820642634527758,0.0656178561039269
21950,0.9615830183029175,0.004208524420391768,0.034208458149805665
21951,0.8897541239857674,0.03848862735321745,0.07175725465640426
21952,0.10070314165204763,0.031410931376740336,0.867885909974575
21953,0.7388328313827515,0.08972865343093872,0.17143851332366467
21954,0.8882183507084846,0.07299941219389439,0.03878223220817745
21955,0.9911474958062172,0.004748496343381703,0.004103995219338685
21956,0.028648156905546784,0.006503420707304031,0.9648484140634537
21957,0.984697125852108,0.002105149469571188,0.0131977170240134
21958,0.6501170098781586,0.07940107234753668,0.2704818919301033
21959,0.2656047400087118,0.0034889584057964385,0.7309062853455544
21960,0.015513215214014053,0.0032779883331386372,0.9812087863683701
21961,0.943482905626297,0.0059407590597402304,0.050576329696923494
21962,0.9511149376630783,0.0015585931687382981,0.04732648050412536
21963,0.9734264463186264,0.002518612309359014,0.024054934503510594
21964,0.65675163641572,0.004974517185473815,0.33827383536845446
21965,0.9738570004701614,0.0014223986363504082,0.0247205802006647
21966,0.0017757115201675333,0.00034780568603309803,0.9978764653205872
21967,0.3604495171457529,0.006828805082477629,0.6327216811478138
21968,0.8478350266814232,0.006675907992757857,0.14548905845731497
21969,0.6221661530435085,0.01734492799732834,0.3604889027774334
21970,0.9745127260684967,0.00033301869552815333,0.025154274539090693
21971,0.9737284183502197,0.0022349798236973584,0.02403657673858106
21972,0.9278510957956314,0.0032662698649801314,0.06888264557346702
21973,0.6033171527087688,0.17371137626469135,0.2229714784771204
21974,0.9901963323354721,0.0010365092930442188,0.008767169376369566
21975,0.9287915527820587,0.002075347409117967,0.06913309218361974
21976,0.08591712452471256,0.015584867098368704,0.8984980210661888
21977,0.9883814826607704,0.0003385722629900556,0.01127995370188728
21978,0.7888276875019073,0.07196312327869236,0.13920919224619865
21979,0.016737386235035956,0.0025890648685162887,0.9806735515594482
21980,0.9880674406886101,0.0021068095084046945,0.009825762535911053
21981,0.8793742284178734,0.005323265329934657,0.1153025096282363
21982,0.9146113470196724,0.0034747865865938365,0.0819138684310019
21983,0.06672044284641743,0.02233104920014739,0.9109485372900963
21984,0.953774020075798,0.003313083463581279,0.0429129044059664
21985,0.7307146936655045,0.06044565327465534,0.2088396530598402
21986,0.4573267996311188,0.0023090576141839847,0.5403641425073147
21987,0.029690913623198867,0.00223001266567735,0.9680790528655052
21988,0.8962860554456711,0.0039986614137887955,0.09971527848392725
21989,0.017351575777865946,0.0022380716836778447,0.9804103597998619
21990,0.02846286306157708,0.0047142308903858066,0.966822899878025
21991,0.9874000400304794,0.002555717292125337,0.010044230497442186
21992,0.9437401667237282,0.03830071445554495,0.017959127319045365
21993,0.8573455885052681,0.0065481148776598275,0.13610626943409443
21994,0.32355624809861183,0.6024396866559982,0.0740040666423738
21995,0.9502630680799484,0.0023890441370895132,0.04734790325164795
21996,0.7488472163677216,0.23027070425450802,0.020882061799056828
21997,0.9859479069709778,0.0021245245879981667,0.011927579413168132
21998,0.3786082826554775,0.46000608429312706,0.16138561442494392
21999,0.09988981625065207,0.0029037381027592346,0.8972064480185509
22000,0.15234454721212387,0.013560751162003726,0.8340946957468987
22001,0.9770786762237549,0.0013366600906010717,0.0215846486389637
22002,0.9573800265789032,0.00455878660432063,0.03806120320223272
22003,0.9660829305648804,0.014120104489848018,0.019796986714936793
22004,0.9793366119265556,0.0017564342851983383,0.01890693441964686
22005,0.1243676757439971,0.004066302557475865,0.8715660348534584
22006,0.7234390303492546,0.013952013454400003,0.2626089546829462
22007,0.8525368422269821,0.013882480619940907,0.13358066976070404
22008,0.9672210067510605,0.004816567728994414,0.02796244528144598
22009,0.007261728227604181,0.0004803373376489617,0.9922579079866409
22010,0.35527248308062553,0.0075414462480694056,0.6371860653162003
22011,0.8915374204516411,0.008309791679494083,0.10015279753133655
22012,0.8885172232985497,0.0012397668324410915,0.1102429972961545
22013,0.979473888874054,0.004633074044249952,0.01589302730280906
22014,0.6869808211922646,0.005373740161303431,0.30764545127749443
22015,0.5557484440505505,0.057162378216162324,0.38708914816379547
22016,0.08429324813187122,0.047923999140039086,0.8677827417850494
22017,0.5840674415230751,0.014995014353189617,0.4009375534951687
22018,0.8949369043111801,0.0025734016817295924,0.1024896870367229
22019,0.9858242645859718,0.00304889383551199,0.01112682739039883
22020,0.979501023888588,0.005702022346667945,0.014796949457377195
22021,0.9638183936476707,0.0016076885804068297,0.03457392239943147
22022,0.9783603399991989,0.0028557797559187748,0.018783864215947688
22023,0.9854660481214523,0.00046225519145082217,0.014071686659008265
22024,0.9621944427490234,0.001799895821022801,0.03600565576925874
22025,0.6215662695467472,0.010898210981395096,0.3675355315208435
22026,0.008035676262807101,0.000985055503406329,0.9909792616963387
22027,0.7836043164134026,0.01808889163658023,0.1983067886903882
22028,0.920750617980957,0.034094471484422684,0.04515490774065256
22029,0.9922876432538033,0.00105519578755775,0.006657170713879168
22030,0.9091156274080276,0.006137613279861398,0.08474675472825766
22031,0.9869270697236061,0.0006024450303812046,0.012470486224628985
22032,0.957331083714962,0.00346064695622772,0.03920822334475815
22033,0.9514404758810997,0.027788876788690686,0.020770636154338717
22034,0.9558307453989983,0.0007638205424882472,0.04340541525743902
22035,0.9592081904411316,0.002084157647914253,0.038707644678652287
22036,0.9118634760379791,0.004938865400617942,0.08319765562191606
22037,0.8196862190961838,0.00690421846229583,0.17340955510735512
22038,0.9848484992980957,0.0037499611353268847,0.011401548807043582
22039,0.8260824754834175,0.030860755126923323,0.14305677823722363
22040,0.025036693550646305,0.0050609899626579136,0.9699023365974426
22041,0.983898900449276,0.001138423140218947,0.014962675864808261
22042,0.5995932407677174,0.01965096319327131,0.3807557839900255
22043,0.5724685192108154,0.020001459284685552,0.4075300060212612
22044,0.986247256398201,0.0005311187396728201,0.013221631408669055
22045,0.9638824462890625,0.002553854777943343,0.033563695615157485
22046,0.9915610179305077,0.0014117317186901346,0.007027237996226177
22047,0.8580563738942146,0.016123475274071097,0.12582013569772243
22048,0.976796455681324,0.00042326572838646825,0.022780266939662397
22049,0.9713601097464561,0.003122118258033879,0.02551777067128569
22050,0.9573529064655304,0.0008607580748503096,0.0417863167822361
22051,0.2680449113249779,0.011956032190937549,0.7199990525841713
22052,0.8050451204180717,0.030316269490867853,0.16463860031217337
22053,0.9328582137823105,0.002558012231020257,0.0645837732590735
22054,0.40982190892100334,0.02732850215397775,0.5628495886921883
22055,0.7561448439955711,0.014732913754414767,0.22912221401929855
22056,0.06771489721722901,0.0508400509133935,0.881445050239563
22057,0.06112929619848728,0.21890984941273928,0.7199608460068703
22058,0.8491286411881447,0.010892410296946764,0.1399789396673441
22059,0.970244899392128,0.0007248270740092266,0.029030253528617322
22060,0.9723019525408745,0.0013532912998925894,0.026344749378040433
22061,0.043628616724163294,0.010577176988590509,0.9457942172884941
22062,0.6323053874075413,0.008442424470558763,0.35925218090415
22063,0.9853926077485085,0.0017899218219099566,0.012817457434721291
22064,0.9060622155666351,0.003519811580190435,0.09041797881945968
22065,0.8929232731461525,0.0038188465987332165,0.10325787495821714
22066,0.024437022279016674,0.0030489331838907674,0.9725140333175659
22067,0.7542575672268867,0.028050438850186765,0.21769201196730137
22068,0.9119682610034943,0.0029040474255452864,0.08512770291417837
22069,0.9574591442942619,0.0026935213536489755,0.03984734485857189
22070,0.8002473264932632,0.004287158226361498,0.19546552747488022
22071,0.032737498404458165,0.011803256114944816,0.9554592296481133
22072,0.07657957309857011,0.011454256135039032,0.9119661748409271
22073,0.9643941298127174,0.0013121149131620768,0.03429377009160817
22074,0.8414579629898071,0.03914033342152834,0.1194017082452774
22075,0.9622015431523323,0.0023034459445625544,0.03549502254463732
22076,0.6264044679701328,0.0024548767978558317,0.3711406737565994
22077,0.9442008659243584,0.0014242677061702125,0.05437486665323377
22078,0.8726074695587158,0.0045155791158322245,0.12287693750113249
22079,0.4985612630844116,0.006627309718169272,0.49481141939759254
22080,0.857873409986496,0.021974626928567886,0.1201519574970007
22081,0.845698855817318,0.010116996360011399,0.14418416563421488
22082,0.11519422009587288,0.02270182967185974,0.8621039539575577
22083,0.9803052991628647,0.007907346996944398,0.01178736425936222
22084,0.09053322672843933,0.009640276664867997,0.8998265042901039
22085,0.7136741876602173,0.01220321177970618,0.2741225939244032
22086,0.931049071252346,0.004469285908271559,0.06448165443725884
22087,0.9408113062381744,0.03717514162417501,0.02201356552541256
22088,0.008771678956691176,0.00021034084784332663,0.9910179898142815
22089,0.0928951408714056,0.15312370285391808,0.7539811581373215
22090,0.91249730437994,0.002107514868839644,0.0853951913304627
22091,0.5714428350329399,0.0015577523008687422,0.42699942737817764
22092,0.9448634460568428,0.015069135988596827,0.0400674135889858
22093,0.9902328327298164,0.0003566755349311279,0.009410466009285301
22094,0.7796689718961716,0.021330843213945627,0.19900018349289894
22095,0.989449068903923,0.0003031794276466826,0.010247733735013753
22096,0.8855650797486305,0.02795800263993442,0.08647694205865264
22097,0.5822422839701176,0.01041168044321239,0.4073460269719362
22098,0.2422936037182808,0.08649433124810457,0.6712120696902275
22099,0.9062822312116623,0.0040948979440145195,0.08962287660688162
22100,0.6889453679323196,0.033066858421079814,0.27798778377473354
22101,0.9484402313828468,0.0013417012669378892,0.05021807784214616
22102,0.9539461135864258,0.00527860812144354,0.040775255067273974
22103,0.9894512295722961,0.0006389710688381456,0.009909792395774275
22104,0.008905000053346157,0.06185303535312414,0.929241955280304
22105,0.724542647600174,0.013981045922264457,0.2614763081073761
22106,0.07635162118822336,0.0036790296726394445,0.919969342648983
22107,0.9589896351099014,0.0032114280329551548,0.03779892763122916
22108,0.006699319288600236,0.0011457995788077824,0.9921548813581467
22109,0.8963607102632523,0.026167445583269,0.07747185090556741
22110,0.9778370782732964,0.0017461875831941143,0.02041673578787595
22111,0.980661578476429,0.0046143875806592405,0.014724036678671837
22112,0.8304888010025024,0.008698866527993232,0.1608123481273651
22113,0.18156715389341116,0.03200918377842754,0.7864236533641815
22114,0.5686588436365128,0.03394250443670899,0.3973986655473709
22115,0.9327666833996773,0.004036408266983926,0.0631969291716814
22116,0.7920036762952805,0.15253786649554968,0.05545846279710531
22117,0.9379982426762581,0.006059526349417865,0.055942230159416795
22118,0.9746138155460358,0.001853867041063495,0.023532320512458682
22119,0.9817805290222168,0.007380624563666061,0.010838840738870203
22120,0.8614803403615952,0.08570967940613627,0.05280997231602669
22121,0.8384732827544212,0.009847667592111975,0.15167903900146484
22122,0.8117802292108536,0.01833687163889408,0.16988290194422007
22123,0.8854069858789444,0.0040619434003019705,0.11053105583414435
22124,0.9767085313796997,0.008186921710148454,0.015104552265256643
22125,0.9502327144145966,0.0008072841155808419,0.04895999236032367
22126,0.06853574840351939,0.09448064398020506,0.8369836211204529
22127,0.9079280719161034,0.011736977205146104,0.08033495955169201
22128,0.8733878806233406,0.001760438724886626,0.12485165055841208
22129,0.9921931177377701,0.0004770345476572402,0.007329840678721666
22130,0.9956280887126923,0.0005488029673870187,0.003823152233962901
22131,0.9941186010837555,0.0005713983464374905,0.005309983360348269
22132,0.6896798424422741,0.24523218162357807,0.06508798059076071
22133,0.4037204962223768,0.013309986563399434,0.5829695165157318
22134,0.6868723481893539,0.010445704101584852,0.30268193781375885
22135,0.9900155290961266,0.002080915932310745,0.007903557794634253
22136,0.9450106099247932,0.016822138684801757,0.03816724754869938
22137,0.7317022457718849,0.009243739885278046,0.25905401818454266
22138,0.9195115566253662,0.004639502411009744,0.07584895053878427
22139,0.7330375611782074,0.004730148197268136,0.2622323054820299
22140,0.7863382399082184,0.09210223564878106,0.12155953980982304
22141,0.10404286626726389,0.09082774072885513,0.8051293939352036
22142,0.9761349782347679,0.0009821184430620633,0.022882904391735792
22143,0.9045021459460258,0.008211101405322552,0.08728677593171597
22144,0.3084451649338007,0.022412977879866958,0.6691418811678886
22145,0.00611575145740062,0.0013078148549539037,0.99257642775774
22146,0.5392773561179638,0.08627595426514745,0.37444668635725975
22147,0.16600334830582142,0.003959934663726017,0.8300366923213005
22148,0.005357689195079729,0.003941091155866161,0.9907012283802032
22149,0.9881586283445358,0.0058041375305037946,0.0060372501029632986
22150,0.9359123110771179,0.03197412332519889,0.03211355837993324
22151,0.8831856995820999,0.005060197756392881,0.11175411334261298
22152,0.9372803196310997,0.01428999425843358,0.04842969262972474
22153,0.026563077699393034,0.0035773940762737766,0.9698595032095909
22154,0.16863942705094814,0.014366716146469116,0.81699388474226
22155,0.0037387544434750453,0.0012537627626443282,0.9950074627995491
22156,0.9734579101204872,0.00039335927431238815,0.026148738572373986
22157,0.014500212506391108,0.0011534760487847961,0.9843463152647018
22158,0.006641144893364981,0.0032301609608111903,0.9901287108659744
22159,0.9186368137598038,0.0026978993410011753,0.07866527512669563
22160,0.8231511265039444,0.01339615264441818,0.163452735170722
22161,0.9704931825399399,0.00040020784581429325,0.02910663071088493
22162,0.5919973216950893,0.02580337505787611,0.3821992985904217
22163,0.9223097935318947,0.005601805547485128,0.07208838406950235
22164,0.9867615178227425,0.0008749580811127089,0.012363530229777098
22165,0.19974596425890923,0.0034044857893604785,0.7968495562672615
22166,0.7176607772707939,0.003236608114093542,0.2791026160120964
22167,0.9615335091948509,0.0008221447096730117,0.03764436789788306
22168,0.007912963716080412,0.0014226391213014722,0.9906644076108932
22169,0.7829328626394272,0.0017499919558758847,0.21531715244054794
22170,0.5639616027474403,0.008531745581422001,0.42750663310289383
22171,0.6177873574197292,0.008373815042432398,0.37383883632719517
22172,0.9056153893470764,0.02097155898809433,0.07341303955763578
22173,0.9423269629478455,0.002930165210273117,0.0547428410500288
22174,0.6755213513970375,0.00280515308259055,0.3216735012829304
22175,0.9388388618826866,0.0027291989681543782,0.05843193316832185
22176,0.6787551045417786,0.023589539690874517,0.29765535332262516
22177,0.03589703980833292,0.002055148419458419,0.9620478004217148
22178,0.9288034364581108,0.009075793816009536,0.062120764050632715
22179,0.7414329946041107,0.005769466719357297,0.25279754027724266
22180,0.8260724097490311,0.04993701237253845,0.12399058137089014
22181,0.9934247732162476,0.0010858267232833896,0.00548940259614028
22182,0.09867398347705603,0.030009628739207983,0.8713163733482361
22183,0.981068417429924,0.0007675684246351011,0.018164014210924506
22184,0.7308689132332802,0.19241581205278635,0.07671526446938515
22185,0.9082537665963173,0.007059697149088606,0.08468653401359916
22186,0.5526195652782917,0.008772092260187492,0.4386083148419857
22187,0.92406165599823,0.005369535239879042,0.07056880183517933
22188,0.9771601408720016,0.005357662215828896,0.017482195980846882
22189,0.9859336689114571,0.00036393750269780867,0.013702395255677402
22190,0.9659443348646164,0.00497784314211458,0.029077819315716624
22191,0.8511041030287743,0.1181693016551435,0.030726625816896558
22192,0.9891256392002106,0.00022244742467592005,0.010651940130628645
22193,0.9840768203139305,0.0017754691434674896,0.01414770691189915
22194,0.12097966158762574,0.0039061801217030734,0.8751141652464867
22195,0.9929177761077881,0.0004103034225408919,0.006671925657428801
22196,0.8415495082736015,0.006676713994238526,0.15177379827946424
22197,0.9731564223766327,0.0018391629491816275,0.025004430091939867
22198,0.9362654387950897,0.0028830807277699932,0.060851482674479485
22199,0.04465126269496977,0.007031523069599643,0.9483171999454498
22200,0.88624107837677,0.00775782615528442,0.10600108653306961
22201,0.7839466705918312,0.046013830695301294,0.1700395131483674
22202,0.9443245157599449,0.0021423372672870755,0.05353315640240908
22203,0.6268023140728474,0.004107011569431052,0.3690906595438719
22204,0.9829128012061119,0.0002138187001037295,0.01687338121701032
22205,0.34225111454725266,0.037028436781838536,0.6207204312086105
22206,0.9731039479374886,0.0018216495518572628,0.025074402918107808
22207,0.9137277603149414,0.006189490930410102,0.08008274482563138
22208,0.9428773745894432,0.010569857549853623,0.04655278101563454
22209,0.8968092352151871,0.010187391249928623,0.09300337266176939
22210,0.9574068412184715,0.002575668680947274,0.040017480263486505
22211,0.9952153190970421,0.0005821858467243146,0.004202512762276456
22212,0.9814092665910721,0.0012382557470118627,0.017352478695102036
22213,0.5747911706566811,0.018864115583710372,0.4063447192311287
22214,0.9479537755250931,0.010949269228149205,0.04109694273211062
22215,0.5793940164148808,0.016559407580643892,0.40404657647013664
22216,0.042112613562494516,0.003334162582177669,0.9545532166957855
22217,0.23018015176057816,0.009707368561066687,0.7601124718785286
22218,0.10103957261890173,0.0016052993960329331,0.8973551243543625
22219,0.954409085214138,0.004413362476043403,0.041177560575306416
22220,0.9526987224817276,0.026671046391129494,0.020630233106203377
22221,0.6785409264266491,0.01323405170114711,0.30822502821683884
22222,0.029519415693357587,0.011959335475694388,0.9585212618112564
22223,0.8551997691392899,0.0018356518921791576,0.14296458940953016
22224,0.9962327182292938,0.00021199889943090966,0.0035552936315070838
22225,0.8554111197590828,0.005719376320485026,0.13886948768049479
22226,0.021892211632803082,0.02511821745429188,0.9529895707964897
22227,0.01406187389511615,0.0006135671173979063,0.9853245541453362
22228,0.9513483121991158,0.009321583725977689,0.039330101339146495
22229,0.7305112183094025,0.10011455975472927,0.1693742275238037
22230,0.8941655084490776,0.010365809255745262,0.09546868642792106
22231,0.9212557375431061,0.004156867478741333,0.07458739215508103
22232,0.8264501094818115,0.007389267499092966,0.1661606328561902
22233,0.00384934050089214,0.00035808669417747296,0.99579256772995
22234,0.968251496553421,0.003928429068764672,0.027820048620924354
22235,0.9664656817913055,0.002558064225013368,0.030976267997175455
22236,0.8695384562015533,0.006731734378263354,0.12372981198132038
22237,0.9758544564247131,0.004200702445814386,0.01994482590816915
22238,0.854046031832695,0.004928994210786186,0.14102498721331358
22239,0.5286674313247204,0.017812877893447876,0.45351969450712204
22240,0.013612267328426242,0.014676333637908101,0.9717113971710205
22241,0.04143184470012784,0.004228621255606413,0.9543395340442657
22242,0.9838682413101196,0.0016512375514139421,0.01448049012105912
22243,0.7237720340490341,0.05843990808352828,0.21778807044029236
22244,0.9462377056479454,0.002025308298470918,0.051736977649852633
22245,0.9691033810377121,0.006819239642936736,0.0240773712284863
22246,0.9565891474485397,0.016652098449412733,0.02675873087719083
22247,0.9260801076889038,0.03667956939898431,0.03724030521698296
22248,0.9129157289862633,0.005461525404825807,0.08162276307120919
22249,0.014383874833583832,0.005349087150534615,0.9802670180797577
22250,0.0104790807235986,0.0015154199427342974,0.9880055114626884
22251,0.7434586137533188,0.01493739170837216,0.24160401057451963
22252,0.16175689361989498,0.00709184561856091,0.8311512693762779
22253,0.6745458729565144,0.12672755727544427,0.19872658047825098
22254,0.04208535933867097,0.00399422190093901,0.953920416533947
22255,0.9429129213094711,0.0052541945478878915,0.05183287989348173
22256,0.025516418274492025,0.0033487873297417536,0.9711348116397858
22257,0.9255210384726524,0.014809420856181532,0.05966955958865583
22258,0.9855625033378601,0.0014374344682437368,0.013000080245546997
22259,0.3841841407120228,0.00706491491291672,0.6087509393692017
22260,0.17817181907594204,0.005666781478794292,0.8161613941192627
22261,0.33253481797873974,0.051704435725696385,0.6157607473433018
22262,0.001158980063337367,0.00016930180299823405,0.9986717253923416
22263,0.5629750862717628,0.006552620412549004,0.4304722920060158
22264,0.9853747636079788,0.0006194749294081703,0.01400576054584235
22265,0.8794865161180496,0.019795713596977293,0.10071776295080781
22266,0.9706871286034584,0.015283829008694738,0.014029074227437377
22267,0.9746719747781754,0.007285128260264173,0.018042892450466752
22268,0.9721662476658821,0.00244611686503049,0.02538763708434999
22269,0.9133424982428551,0.001807152686524205,0.0848503545857966
22270,0.02085510129109025,0.0015044586616568267,0.9776404574513435
22271,0.39364760741591454,0.10850653192028403,0.4978458546102047
22272,0.9109469652175903,0.006113385257776827,0.08293966948986053
22273,0.7849718928337097,0.004150161141296849,0.2108779363334179
22274,0.9538275972008705,0.0024466511022183113,0.043725757859647274
22275,0.14290522411465645,0.018085362564306706,0.8390094339847565
22276,0.9902536645531654,0.0005890471693419386,0.009157268912531435
22277,0.9658945724368095,0.015408789389766753,0.018696623854339123
22278,0.9296398609876633,0.0036760758084710687,0.06668406771495938
22279,0.8908839449286461,0.015382364101242274,0.09373369021341205
22280,0.924712099134922,0.0035436669713817537,0.07174425711855292
22281,0.9351498633623123,0.004952834366122261,0.05989733384922147
22282,0.9317800998687744,0.004804292577318847,0.06341561768203974
22283,0.7772617042064667,0.16318792756646872,0.059550353325903416
22284,0.7419379204511642,0.009864479536190629,0.24819760583341122
22285,0.6616786420345306,0.007983136631082743,0.33033820800483227
22286,0.741994883865118,0.0036377229844219983,0.25436738040298223
22287,0.9339113235473633,0.006452053028624505,0.05963662872090936
22288,0.8960164785385132,0.0035626576136564836,0.1004208754748106
22289,0.9844036549329758,0.0019569041396607645,0.013639438315294683
22290,0.8158924654126167,0.010733707167673856,0.17337381094694138
22291,0.8571839779615402,0.004870015836786479,0.13794600311666727
22292,0.9856110438704491,0.0015496579071623273,0.01283931965008378
22293,0.9426265358924866,0.0016388378644478507,0.055734625086188316
22294,0.19275937974452972,0.0031998267222661525,0.8040407970547676
22295,0.9177111014723778,0.006082661479013041,0.07620623940601945
22296,0.7109189629554749,0.028148250305093825,0.2609327845275402
22297,0.8888732120394707,0.0013585584238171577,0.10976822767406702
22298,0.9315625429153442,0.002281125467561651,0.06615633377805352
22299,0.9501204714179039,0.01287655858322978,0.037002980010584
22300,0.07684128871187568,0.001721609201922547,0.9214371144771576
22301,0.9881291016936302,0.004537371278274804,0.007333514105994254
22302,0.9809433296322823,0.0009614339942345396,0.01809523848351091
22303,0.924299530684948,0.013110171421431005,0.06259030010551214
22304,0.9749177992343903,0.0042307253170292825,0.02085148263722658
22305,0.639433316886425,0.0032620657002553344,0.357304610311985
22306,0.04722075746394694,0.0017294174031121656,0.9510498270392418
22307,0.9943457320332527,0.002470196399372071,0.0031840647716308013
22308,0.21096519194543362,0.016080811445135623,0.7729539796710014
22309,0.4140500947833061,0.010756096278782934,0.5751938261091709
22310,0.0028954520385013893,0.00032907925924519077,0.9967754632234573
22311,0.11994162853807211,0.08887538244016469,0.7911830097436905
22312,0.9608585610985756,0.001791670212696772,0.03734977846033871
22313,0.2560217585414648,0.05643248604610562,0.6875457465648651
22314,0.7287760972976685,0.13584703858941793,0.1353768715634942
22315,0.6546255722641945,0.001934232743224129,0.34344019927084446
22316,0.9780564680695534,0.0031565514364046976,0.018786998582072556
22317,0.13992944359779358,0.015545520698651671,0.8445250317454338
22318,0.2933755237609148,0.12867663986980915,0.5779478251934052
22319,0.9568331092596054,0.008658056962303817,0.0345088227186352
22320,0.9959649741649628,0.0006250906590139493,0.0034099390904884785
22321,0.9961528703570366,0.0003515669686748879,0.0034955438459292054
22322,0.9598363935947418,0.0055110357934609056,0.03465257119387388
22323,0.9598270058631897,0.003201588595402427,0.036971420282498
22324,0.9889207854866982,0.0009285801643272862,0.01015064341481775
22325,0.9941285252571106,0.00034870754279836547,0.005522771389223635
22326,0.9821505174040794,0.0015952221874613315,0.01625428511761129
22327,0.9064815118908882,0.0013737346598645672,0.09214474493637681
22328,0.008556801651138812,0.004440168966539204,0.9870030283927917
22329,0.38947732374072075,0.003721135901287198,0.606801550835371
22330,0.9200390353798866,0.02373381145298481,0.05622718017548323
22331,0.023158307652920485,0.011592620809096843,0.9652490541338921
22332,0.9080729559063911,0.0024221818457590416,0.08950487477704883
22333,0.9914440810680389,0.0019446569422143511,0.006611269462155178
22334,0.9215344563126564,0.0037771830247947946,0.07468835543841124
22335,0.02787324204109609,0.00399349388317205,0.968133270740509
22336,0.9693286344408989,0.0017308332826360129,0.028940523858182132
22337,0.5131035037338734,0.03789484687149525,0.44900165870785713
22338,0.011489352444186807,0.0013142990719643421,0.9871963411569595
22339,0.043148286640644073,0.0009881675287033431,0.9558635354042053
22340,0.2742870971560478,0.6654548309743404,0.06025806674733758
22341,0.9447017759084702,0.0031295638909796253,0.052168672205880284
22342,0.4066055119037628,0.003920739080058411,0.5894737392663956
22343,0.8512322381138802,0.0014379646454472095,0.14732978492975235
22344,0.9656059294939041,0.0029327898082556203,0.03146127029322088
22345,0.9628341421484947,0.003888101884513162,0.03327773744240403
22346,0.05843259044922888,0.03186522773467004,0.9097021818161011
22347,0.9604632705450058,0.016672462632413954,0.022864244761876762
22348,0.9376565366983414,0.01942332598264329,0.042920144740492105
22349,0.9182234853506088,0.023149012646172196,0.05862751859240234
22350,0.012848417623899877,0.003283172845840454,0.9838684275746346
22351,0.8895105421543121,0.0024640332121634856,0.10802540741860867
22352,0.9709167629480362,0.011822616565041244,0.017260627122595906
22353,0.3881458528339863,0.005273841321468353,0.6065802946686745
22354,0.036347192828543484,0.007168439275119454,0.9564843773841858
22355,0.8164745420217514,0.0008319593289343175,0.18269348051398993
22356,0.9816191494464874,0.0009899827309709508,0.017390888882800937
22357,0.9878337681293488,0.00024678587942617014,0.011919438431505114
22358,0.9696006327867508,0.0037318565882742405,0.026667527155950665
22359,0.9736260026693344,0.0030449936166405678,0.02332898508757353
22360,0.9223636984825134,0.0038220884889597073,0.07381420163437724
22361,0.9758259132504463,0.0016903802825254388,0.022483687731437385
22362,0.9831891134381294,0.0006083781845518388,0.016202505794353783
22363,0.9761420115828514,0.0104711091844365,0.01338686904637143
22364,0.5329039096832275,0.019308524555526674,0.4477875754237175
22365,0.300924064591527,0.45787783712148666,0.24119809735566378
22366,0.9564307928085327,0.0012429059061105363,0.04232629155740142
22367,0.968506470322609,0.02015309513080865,0.011340403580106795
22368,0.9792856425046921,0.0010980320657836273,0.019616335281170905
22369,0.6988487914204597,0.023334056022576988,0.2778171431273222
22370,0.9261046946048737,0.04321138048544526,0.030683920718729496
22371,0.9712270870804787,0.0011094099390902556,0.027663518209010363
22372,0.921955332159996,0.00214504350151401,0.0758996233344078
22373,0.04316838504746556,0.30748011358082294,0.6493515037000179
22374,0.14320463221520185,0.011195529194083065,0.8455998450517654
22375,0.7746430113911629,0.006151706911623478,0.21920527517795563
22376,0.028175116516649723,0.021883386361878365,0.9499414935708046
22377,0.579639907926321,0.015357034601038322,0.40500306710600853
22378,0.6766934022307396,0.041444838512688875,0.28186176158487797
22379,0.012459465593565255,0.006826691795140505,0.9807138442993164
22380,0.9782333895564079,0.0020688150107162073,0.019697792129591107
22381,0.30372362211346626,0.013620634330436587,0.68265575543046
22382,0.9642285704612732,0.01925997534999624,0.016511468566022813
22383,0.05887130764313042,0.00218649827002082,0.9389421790838242
22384,0.89108095318079,0.004289386502932757,0.10462966188788414
22385,0.004043442953843623,0.00032482287315360736,0.9956317394971848
22386,0.9731658324599266,0.0025701394843054004,0.024264018866233528
22387,0.5170901603996754,0.0034431385720381513,0.4794667027890682
22388,0.9888175427913666,0.0008936953854572494,0.010288771765772253
22389,0.4216846488416195,0.020003877580165863,0.5583114735782146
22390,0.9683320298790932,0.0028723509385599755,0.02879560342989862
22391,0.7679503187537193,0.004118770360946655,0.2279309118166566
22392,0.8571667671203613,0.01592156896367669,0.12691168021410704
22393,0.035429907497018576,0.8127094358205795,0.15186062781140208
22394,0.747217983007431,0.00728161062579602,0.245500392280519
22395,0.9910626709461212,0.00040493340384273324,0.008532400068361312
22396,0.5704327635467052,0.002059414291579742,0.42750781401991844
22397,0.977200910449028,0.0028508109535323456,0.019948270521126688
22398,0.953677736222744,0.005672078288625926,0.04065018752589822
22399,0.18822188209742308,0.002863886460545473,0.8089142218232155
22400,0.6914017759263515,0.05158059409586713,0.25701761431992054
22401,0.013387744198553264,0.002861601984477602,0.9837506413459778
22402,0.13220812007784843,0.021387620945461094,0.8464042618870735
22403,0.012465294043067843,0.011140974645968527,0.9763937294483185
22404,0.9935955628752708,0.0011920932738576084,0.005212326272157952
22405,0.9739252179861069,0.0004256596803315915,0.025649114162661135
22406,0.9899638816714287,0.0010610824829200283,0.008975060540251434
22407,0.8856490403413773,0.006802513496950269,0.10754847805947065
22408,0.9013384431600571,0.001859770178270992,0.09680178249254823
22409,0.45209867134690285,0.0026969669270329177,0.5452043823897839
22410,0.9579440131783485,0.002759400653303601,0.0392965788487345
22411,0.012344343238510191,0.0013196144209359773,0.9863360524177551
22412,0.020706882467493415,0.0020520996331470087,0.9772410020232201
22413,0.938448578119278,0.005986850330373272,0.0555645702406764
22414,0.056856361450627446,0.028205030248500407,0.9149385988712311
22415,0.014264827710576355,0.0011912492118426599,0.9845439195632935
22416,0.057720986660569906,0.0015302364554372616,0.9407488256692886
22417,0.9693999886512756,0.004062502019223757,0.026537501835264266
22418,0.6279806979000568,0.006331953016342595,0.3656873498111963
22419,0.21450965479016304,0.0040681124228285626,0.7814222276210785
22420,0.8894578740000725,0.006334528545266949,0.10420759860426188
22421,0.048703412525355816,0.07385658542625606,0.8774400055408478
22422,0.7790595218539238,0.004650251881685108,0.21629024483263493
22423,0.887736015021801,0.008139903977280483,0.10412411577999592
22424,0.43367695063352585,0.014075118873734027,0.552247941493988
22425,0.0366600991692394,0.011538606631802395,0.9518012851476669
22426,0.831603117287159,0.07667858945205808,0.09171828627586365
22427,0.9890399351716042,0.0021058330530649982,0.008854234009049833
22428,0.5665528513491154,0.00667820789385587,0.4267689324915409
22429,0.33360425382852554,0.008535483153536916,0.6578602492809296
22430,0.21606413647532463,0.7416606694459915,0.04227517242543399
22431,0.05753058078698814,0.055636475794017315,0.886832945048809
22432,0.9550154134631157,0.0003212719639122952,0.04466332634910941
22433,0.9930011481046677,0.0011554273587535135,0.0058434199600014836
22434,0.9451055079698563,0.0076736691407859325,0.047220814041793346
22435,0.46046268939971924,0.49082406610250473,0.04871323797851801
22436,0.9435715675354004,0.0014846628837403841,0.05494376947171986
22437,0.0038140415999805555,0.0013454339932650328,0.994840532541275
22438,0.9873987063765526,0.0006173493238748051,0.011983942473307252
22439,0.2402688218280673,0.01749475166434422,0.7422364130616188
22440,0.5327772088348866,0.0402788317296654,0.42694396153092384
22441,0.2375901360064745,0.14150400925427675,0.6209058463573456
22442,0.004674612951930612,0.0007392556326522026,0.9945861175656319
22443,0.9712124466896057,0.007782822591252625,0.02100470499135554
22444,0.0016791595626273192,0.00048800610238686204,0.9978328347206116
22445,0.9641202688217163,0.002141332079190761,0.033738418482244015
22446,0.8282891735434532,0.01693122647702694,0.15477960649877787
22447,0.003272212066804059,0.0009572788476361893,0.9957705065608025
22448,0.9563867673277855,0.003653706604382023,0.03995954291895032
22449,0.9827643930912018,0.001089484074327629,0.016146128997206688
22450,0.9676450937986374,0.0011815441466751508,0.031173357274383307
22451,0.9645580500364304,0.007515455537941307,0.027926518814638257
22452,0.0174844516441226,0.07055533956736326,0.9119602218270302
22453,0.8600640967488289,0.03645686944946647,0.10347902961075306
22454,0.8760376572608948,0.06207257998175919,0.061889756470918655
22455,0.9377131164073944,0.009420101647265255,0.05286678206175566
22456,0.5280812233686447,0.006761010328773409,0.46515776216983795
22457,0.9435304403305054,0.02370938251260668,0.03276016912423074
22458,0.9353276565670967,0.011620709323324263,0.05305162840522826
22459,0.028215986909344792,0.012549981533084065,0.9592340216040611
22460,0.8572950884699821,0.03228888177545741,0.11041602957993746
22461,0.7660974711179733,0.11406982038170099,0.11983272433280945
22462,0.014253217144869268,0.0014618998029618524,0.9842848554253578
22463,0.8771322220563889,0.015335656935349107,0.10753211099654436
22464,0.5926592200994492,0.01785402768291533,0.38948674499988556
22465,0.9674579277634621,0.0052935169005650096,0.027248568017967045
22466,0.9600598514080048,0.0030065603350521997,0.03693360975012183
22467,0.9559164494276047,0.0024317900970345363,0.0416517227422446
22468,0.708555594086647,0.15941360127180815,0.13203081116080284
22469,0.817019946873188,0.07185436878353357,0.1111257029697299
22470,0.16894542332738638,0.0027743818136514165,0.8282801732420921
22471,0.07659160904586315,0.006891343015013263,0.9165170565247536
22472,0.9786010086536407,0.0042750936263473704,0.017123902798630297
22473,0.6930694878101349,0.003131979057798162,0.3037985321134329
22474,0.9533706307411194,0.0025713351496960968,0.04405802395194769
22475,0.7209465131163597,0.006225152814295143,0.2728283181786537
22476,0.7696629092097282,0.11051866877824068,0.11981844156980515
22477,0.9944268390536308,0.0002783205009109224,0.005294841306749731
22478,0.8943255841732025,0.007523699809098616,0.09815071942284703
22479,0.9897852018475533,0.001657167580560781,0.008557628956623375
22480,0.9630943164229393,0.004055447963764891,0.03285023267380893
22481,0.7231115326285362,0.019682656158693135,0.2572058103978634
22482,0.9864310771226883,0.004006960356491618,0.00956193683668971
22483,0.3604108411818743,0.018832958419807255,0.620756208896637
22484,0.005207679379964247,0.003534339863108471,0.9912579730153084
22485,0.9950346872210503,0.0006943204789422452,0.0042709965782705694
22486,0.9209041446447372,0.002007114890147932,0.07708873087540269
22487,0.950059711933136,0.00275234118453227,0.047187944408506155
22488,0.57439024746418,0.0034143601951655,0.422195378690958
22489,0.9094623625278473,0.0064725854026619345,0.08406507084146142
22490,0.9934430345892906,0.0007155558523663785,0.005841419420903549
22491,0.946352556347847,0.0025035949947778136,0.05114384554326534
22492,0.9064171761274338,0.004758635448524728,0.08882419113069773
22493,0.5238718762993813,0.014486718049738556,0.4616413787007332
22494,0.011037350865080953,0.003796052245888859,0.9851666018366814
22495,0.9145950227975845,0.004315151541959494,0.0810898169875145
22496,0.7255966886878014,0.0013289179769344628,0.27307438664138317
22497,0.8760121986269951,0.0016817632131278515,0.12230605538934469
22498,0.9008368104696274,0.003632911524618976,0.09553028084337711
22499,0.8938138335943222,0.006680896622128785,0.09950525360181928
22500,0.9526800662279129,0.0029361819179030135,0.04438374727033079
22501,0.9683909192681313,0.0006594119113287888,0.030949673848226666
22502,0.6769745089113712,0.00430870646960102,0.3187167849391699
22503,0.9543583169579506,0.0036423954006750137,0.041999286506325006
22504,0.0480179360602051,0.005390045320382342,0.9465920403599739
22505,0.98238954693079,0.0010124612672370858,0.016597974812611938
22506,0.9794787913560867,0.0006254716390685644,0.01989573857281357
22507,0.30637022480368614,0.003148611038341187,0.6904811710119247
22508,0.09700452629476786,0.094172716839239,0.808822751045227
22509,0.9511416703462601,0.0021106043859617785,0.04674772941507399
22510,0.9887589067220688,0.0016078247426776215,0.009633261593990028
22511,0.9266684949398041,0.013474736362695694,0.059856751933693886
22512,0.5256314352154732,0.0023876471968833357,0.47198091819882393
22513,0.9168502166867256,0.004822147457161918,0.07832765532657504
22514,0.7040684670209885,0.017760884715244174,0.27817065082490444
22515,0.8848852142691612,0.018947698175907135,0.0961670815013349
22516,0.9125012084841728,0.04017581674270332,0.04732297617010772
22517,0.5887547396123409,0.005647719546686858,0.4055975452065468
22518,0.7588494047522545,0.05474311881698668,0.18640747293829918
22519,0.9310893788933754,0.027970121940597892,0.04094049637205899
22520,0.9493307545781136,0.008077664591837674,0.042591584380716085
22521,0.8945169299840927,0.0017678273434285074,0.10371523536741734
22522,0.9652053043246269,0.002654264710145071,0.032140432856976986
22523,0.9281710609793663,0.004305154521716759,0.06752377422526479
22524,0.9673259928822517,0.006669795489870012,0.026004202431067824
22525,0.9452071562409401,0.0033743580570444465,0.05141850747168064
22526,0.9237670227885246,0.007794031465891749,0.06843894440680742
22527,0.9439674094319344,0.003441056178417057,0.05259153968654573
22528,0.9854200184345245,0.0010055254751932807,0.01357445609755814
22529,0.9937026351690292,0.00015101201188372215,0.006146353087387979
22530,0.9875582978129387,0.0015836842139833607,0.010858002118766308
22531,0.9827891737222672,0.0021480397990671918,0.015062791644595563
22532,0.16627758461982012,0.005247122317086905,0.8284752890467644
22533,0.9571238309144974,0.002787201417959295,0.04008897254243493
22534,0.9750860556960106,0.001701397130091209,0.02321254531852901
22535,0.1026607034727931,0.029648009222000837,0.8676913157105446
22536,0.9628751799464226,0.003139331063721329,0.033985511399805546
22537,0.9531667083501816,0.012220776989124715,0.03461250872351229
22538,0.99048962444067,0.0012474603208829649,0.008262920542620122
22539,0.7114059552550316,0.011967245256528258,0.2766268029808998
22540,0.7976007238030434,0.006114433708717115,0.19628486223518848
22541,0.5747599229216576,0.013098428491503,0.4121416285634041
22542,0.11993820872157812,0.02178304106928408,0.8582787588238716
22543,0.9231900721788406,0.0005040445103077218,0.07630590349435806
22544,0.9672568216919899,0.00543753185775131,0.027305635157972574
22545,0.799320250749588,0.09326050942763686,0.10741922911256552
22546,0.9045922309160233,0.021697280113585293,0.07371047651395202
22547,0.9712435528635979,0.0009529569942969829,0.027803486329503357
22548,0.5722505711019039,0.014579598733689636,0.41316983103752136
22549,0.996307261288166,0.0005109054109198041,0.003181846856023185
22550,0.9891137778759003,0.0006102634069975466,0.010275935404933989
22551,0.3555058129131794,0.0747119199950248,0.5697822719812393
22552,0.9832450971007347,0.0022504047956317663,0.014504499384202063
22553,0.9436139687895775,0.006539009613334201,0.049847002141177654
22554,0.9299436658620834,0.0016284756347886287,0.06842787540517747
22555,0.9826724082231522,0.0007980969967320561,0.016529487795196474
22556,0.9538478702306747,0.010884978895774111,0.03526716982014477
22557,0.1530015179887414,0.006363811175106093,0.840634673833847
22558,0.04145088419318199,0.004164307887549512,0.9543848112225533
22559,0.445674616843462,0.009880861995043233,0.5444445051252842
22560,0.8921808823943138,0.025299430824816227,0.08251968584954739
22561,0.9833703562617302,0.000919208257982973,0.015710439416579902
22562,0.869134932756424,0.011510793643537909,0.11935426667332649
22563,0.9103153124451637,0.003692447382491082,0.08599224174395204
22564,0.877265602350235,0.004170566011453047,0.11856384202837944
22565,0.35703059285879135,0.04925607773475349,0.5937133058905602
22566,0.0013926491228630766,0.00026021267240139423,0.9983471408486366
22567,0.9123507961630821,0.04396474827080965,0.04368443414568901
22568,0.9901227429509163,0.0004711979090643581,0.00940605893265456
22569,0.8641152232885361,0.0009867077096714638,0.13489807397127151
22570,0.5166333168745041,0.05988116376101971,0.4234854932874441
22571,0.24192063696682453,0.006828465702710673,0.7512508928775787
22572,0.9738677740097046,0.012863082461990416,0.013269125774968415
22573,0.16510115284472704,0.006282599759288132,0.8286162614822388
22574,0.8699150756001472,0.07027362147346139,0.05981129128485918
22575,0.8741008341312408,0.07003471162170172,0.05586442910134792
22576,0.9369843825697899,0.0035024627431994304,0.05951316934078932
22577,0.9866187050938606,0.003197728976374492,0.010183594364207238
22578,0.9887031018733978,0.0023358685721177608,0.00896103511331603
22579,0.4199948161840439,0.0016709033952793106,0.5783343017101288
22580,0.1807789672166109,0.011852435360196978,0.8073686212301254
22581,0.0010141396924154833,0.00013451916493067984,0.9988513439893723
22582,0.9783260449767113,0.0004562378344417084,0.021217719186097383
22583,0.7533316761255264,0.029366979375481606,0.2173013612627983
22584,0.9117808863520622,0.019355355063453317,0.06886376813054085
22585,0.9872923120856285,0.002288723102537915,0.010418972233310342
22586,0.16329088807106018,0.011541218380443752,0.8251678869128227
22587,0.9749013558030128,0.0075258652796037495,0.017572796437889338
22588,0.9474347606301308,0.004089336594915949,0.04847590229474008
22589,0.9076011627912521,0.006642222841037437,0.08575662039220333
22590,0.9750720784068108,0.0028086112870369107,0.02211933140642941
22591,0.5541287772357464,0.022386800730600953,0.4234844073653221
22592,0.04129780433140695,0.009799637191463262,0.9489025548100471
22593,0.8767789825797081,0.01020023797173053,0.11302075814455748
22594,0.12828282872214913,0.005582624609814957,0.8661345615983009
22595,0.9071201533079147,0.021179088740609586,0.07170075224712491
22596,0.7712903171777725,0.04043335153255612,0.1882763234898448
22597,0.9277997314929962,0.0032292722607962787,0.06897102110087872
22598,0.9541584923863411,0.0021137324365554377,0.04372776462696493
22599,0.9064363017678261,0.013539469335228205,0.08002422843128443
22600,0.9410248622298241,0.0036825718998443335,0.05529256910085678
22601,0.9490634500980377,0.005048474762588739,0.045888083754107356
22602,0.012002193019725382,0.005726555158616975,0.9822712615132332
22603,0.3219637703150511,0.012389764189720154,0.6656464748084545
22604,0.6345494091510773,0.09062136197462678,0.27482922561466694
22605,0.0544623713940382,0.05198996211402118,0.8935476616024971
22606,0.8627170026302338,0.003765374713111669,0.13351761829108
22607,0.7817132547497749,0.009768227115273476,0.20851853862404823
22608,0.960578091442585,0.004581178072839975,0.034840737003833055
22609,0.8631022125482559,0.09316596249118447,0.04373182728886604
22610,0.9768465682864189,0.012660688254982233,0.010492745146621019
22611,0.9930021613836288,0.0016548643980058841,0.005342992662917823
22612,0.9139145612716675,0.014576693822164088,0.07150872051715851
22613,0.734083753079176,0.027204869780689478,0.23871136363595724
22614,0.9811549186706543,0.002361286839004606,0.01648379792459309
22615,0.714139923453331,0.02585690247360617,0.26000317744910717
22616,0.9566962197422981,0.0037522251659538597,0.03955154330469668
22617,0.9251535534858704,0.014564879762474447,0.06028156843967736
22618,0.0028665808349614963,0.0006074588891351596,0.9965259730815887
22619,0.6206914409995079,0.0028112488871556707,0.3764973171055317
22620,0.802713431417942,0.001628017947950866,0.1956585580483079
22621,0.00808861295809038,0.001803158622351475,0.9901082143187523
22622,0.946339875459671,0.003967160329921171,0.0496929632499814
22623,0.9877585247159004,0.002584550908068195,0.009656909096520394
22624,0.9326218292117119,0.0017855569458333775,0.06559260515496135
22625,0.9702543839812279,0.00243471307476284,0.027310916921123862
22626,0.9919271618127823,0.001286885169974994,0.0067859519040212035
22627,0.058209698647260666,0.011614111659582704,0.9301761910319328
22628,0.00824348395690322,0.004349765746155754,0.9874067604541779
22629,0.003068651494686492,0.0005785635967185954,0.9963527619838715
22630,0.6814370825886726,0.22410571109503508,0.09445720165967941
22631,0.34182881005108356,0.0435379792470485,0.6146332062780857
22632,0.9871401563286781,0.00032980518153635785,0.012530039821285754
22633,0.9805641621351242,0.0001886743903014576,0.019247164484113455
22634,0.9834620952606201,0.001095416213502176,0.015442483127117157
22635,0.9595734030008316,0.01682972616981715,0.023596887476742268
22636,0.9914107620716095,0.00042537278022791725,0.008163890219293535
22637,0.869496650993824,0.0006629764138779137,0.12984035070985556
22638,0.021511968807317317,0.00471154332626611,0.9737764894962311
22639,0.9818921834230423,0.0009579267061781138,0.017149883089587092
22640,0.9023466482758522,0.049446790013462305,0.04820655728690326
22641,0.961578018963337,0.0036361862730700523,0.03478578710928559
22642,0.9662723913788795,0.0046369151677936316,0.029090679017826915
22643,0.6255998015403748,0.022204942535609007,0.3521952535957098
22644,0.780673436820507,0.005507941503310576,0.213818633928895
22645,0.4102555885910988,0.04620899341534823,0.5435354225337505
22646,0.31761132180690765,0.009323934587882832,0.6730647198855877
22647,0.9850601255893707,0.0038854536978760734,0.011054404254537076
22648,0.9319817870855331,0.004897490842267871,0.06312071811407804
22649,0.9458508938550949,0.019737445807550102,0.034411674132570624
22650,0.9846323728561401,0.0012776414732798003,0.014089983655139804
22651,0.9255394712090492,0.005565766856307164,0.06889477977529168
22652,0.9914983883500099,0.0003072677081945585,0.008194346621166915
22653,0.9664838016033173,0.018565953709185123,0.014950242242775857
22654,0.8500517308712006,0.003554072289261967,0.14639420621097088
22655,0.1782311089336872,0.010008843964897096,0.8117600381374359
22656,0.027709799585863948,0.021144910831935704,0.9511452838778496
22657,0.932848297059536,0.005942289644735865,0.06120942300185561
22658,0.32508877478539944,0.01295408548321575,0.6619571335613728
22659,0.9906961545348167,0.0010175856223213486,0.008286252501420677
22660,0.9869262203574181,0.001795434051018674,0.01127835176885128
22661,0.7327571362257004,0.010035708488430828,0.2572071570903063
22662,0.6215169206261635,0.005195972655201331,0.3732871040701866
22663,0.882886715233326,0.0008224191115004942,0.11629085289314389
22664,0.9898423105478287,0.0017883044492918998,0.008369386370759457
22665,0.6814795471727848,0.005805949680507183,0.3127145040780306
22666,0.9928836226463318,0.0014180342768668197,0.005698346591088921
22667,0.9211696982383728,0.0077443271584343165,0.07108595641329885
22668,0.9850782603025436,0.000377162443328416,0.014544565812684596
22669,0.9562102556228638,0.01828807278070599,0.025501652155071497
22670,0.986560769379139,0.0014158052945276722,0.012023434974253178
22671,0.6224511675536633,0.001907985148136504,0.37564084120094776
22672,0.0674876724369824,0.0015885197135503404,0.9309238195419312
22673,0.044094547629356384,0.0068775826948694885,0.9490278884768486
22674,0.9694688096642494,0.0038342914631357417,0.02669692039489746
22675,0.9836133271455765,0.00046215889597078785,0.01592451857868582
22676,0.8573229163885117,0.003870804430334829,0.13880627416074276
22677,0.011385435471311212,0.0019514419109327719,0.9866631403565407
22678,0.9966204464435577,6.786852532059129e-05,0.003311698790639639
22679,0.9703202992677689,0.006966318585909903,0.022713383892551064
22680,0.9863155335187912,0.0007544886320829391,0.012929958407767117
22681,0.11532704718410969,0.010810729581862688,0.8738622441887856
22682,0.8997993692755699,0.007210262905573472,0.0929903439246118
22683,0.989776998758316,0.0008284366485895589,0.009394561580847949
22684,0.9215653836727142,0.01244051376124844,0.06599408434703946
22685,0.17718532215803862,0.006249701807973906,0.8165649622678757
22686,0.8352194651961327,0.11017054039984941,0.05460999999195337
22687,0.9795427024364471,0.0017680492310319096,0.018689236021600664
22688,0.9476057589054108,0.008140836900565773,0.044253412866964936
22689,0.9525410309433937,0.0048621273308526725,0.04259684169664979
22690,0.6506889835000038,0.004691268695751205,0.34461975656449795
22691,0.9350143447518349,0.003221945953555405,0.06176371779292822
22692,0.7677667438983917,0.026472474681213498,0.20576077979058027
22693,0.9302073046565056,0.005060430747107603,0.06473225075751543
22694,0.9549000710248947,0.009263918938813731,0.035836029797792435
22695,0.9662290886044502,0.0014204146864358336,0.03235049964860082
22696,0.2414325913414359,0.007560252561233938,0.7510071396827698
22697,0.9434221535921097,0.0024138255466823466,0.05416400358080864
22698,0.006655963778030127,0.0017261397442780435,0.9916179180145264
22699,0.9649226665496826,0.004532201128313318,0.030545138753950596
22700,0.9337834492325783,0.010031845071353018,0.056184702552855015
22701,0.6620903611183167,0.0029808227554894984,0.3349288161844015
22702,0.852175883948803,0.010086174559546635,0.13773793913424015
22703,0.9808638170361519,0.007760140288155526,0.011376034060958773
22704,0.9661511853337288,0.011648311163298786,0.02220051479525864
22705,0.008760133176110685,0.0019461633419268765,0.9892937019467354
22706,0.927477166056633,0.003163313725963235,0.06935951812192798
22707,0.5505878254771233,0.005083717260276899,0.4443284794688225
22708,0.9747635051608086,0.009098565264139324,0.016137930215336382
22709,0.9011427834630013,0.005778644670499489,0.09307857509702444
22710,0.9723907560110092,0.0012595985426742118,0.026349655934609473
22711,0.07406436558812857,0.006531116960104555,0.9194045290350914
22712,0.3173492103815079,0.03361734398640692,0.6490334458649158
22713,0.9535002410411835,0.01223521656356752,0.03426456032320857
22714,0.9524740874767303,0.002078568606521003,0.04544733790680766
22715,0.05079318676143885,0.04291915334761143,0.9062876552343369
22716,0.933193176984787,0.015846298541873693,0.050960511434823275
22717,0.9752626791596413,0.003119826258625835,0.021617495687678456
22718,0.9433504268527031,0.026492025703191757,0.03015756350941956
22719,0.9559281915426254,0.0009818134058150463,0.04308999702334404
22720,0.0011561423598323017,0.00015563251417916035,0.9986882284283638
22721,0.014669187949039042,0.0036735296598635614,0.9816572964191437
22722,0.9848512560129166,0.001658717475947924,0.013490047247614712
22723,0.8370670080184937,0.08957733097486198,0.0733556505292654
22724,0.8153243735432625,0.01120667124632746,0.1734689874574542
22725,0.9150447696447372,0.00514360424131155,0.07981161633506417
22726,0.9509034231305122,0.006492357671959326,0.042604220332577825
22727,0.8537443652749062,0.009207376278936863,0.13704826030880213
22728,0.8638876304030418,0.021796393091790378,0.11431600525975227
22729,0.4175436347723007,0.024580351309850812,0.5578760243952274
22730,0.9340984597802162,0.0016349244469893165,0.06426661927253008
22731,0.9614857956767082,0.000312098176436848,0.03820210602134466
22732,0.950515516102314,0.0037752509233541787,0.045709234895184636
22733,0.013424170785583556,0.0016271183339995332,0.9849486947059631
22734,0.9023365154862404,0.014581331022782251,0.08308215020224452
22735,0.933609314262867,0.002479022747138515,0.0639116526581347
22736,0.16219716751948,0.604604821652174,0.2331980001181364
22737,0.7877211794257164,0.00958911923225969,0.20268968399614096
22738,0.7685359343886375,0.01458181079942733,0.21688225492835045
22739,0.0504370394628495,0.0016633393897791393,0.947899617254734
22740,0.01473454525694251,0.0055927147914189845,0.9796727076172829
22741,0.6479794159531593,0.00924917368683964,0.3427714128047228
22742,0.9764131084084511,0.0011531843992997892,0.022433707490563393
22743,0.8806353658437729,0.004946131055476144,0.11441849451512098
22744,0.055132040521129966,0.0005598281604761723,0.9443081170320511
22745,0.9813647195696831,0.003104714778601192,0.015530567965470254
22746,0.035301849944517016,0.0025989493733504787,0.9620991870760918
22747,0.9703322052955627,0.002383055165410042,0.027284728595986962
22748,0.263894384726882,0.4097130224108696,0.32639257051050663
22749,0.6141323149204254,0.021533019724301994,0.36433467641472816
22750,0.9780929237604141,0.0004122839272895362,0.021494785672985017
22751,0.9593324437737465,0.0009456068510189652,0.03972195228561759
22752,0.9340758994221687,0.0033845923899207264,0.06253951275721192
22753,0.9125527143478394,0.0038785500946687534,0.0835687373764813
22754,0.32987604662775993,0.011842473642900586,0.6582815013825893
22755,0.9814324826002121,0.0021361906110541895,0.016431313008069992
22756,0.13711956050246954,0.015552459401078522,0.8473279699683189
22757,0.9650290757417679,0.0021342987311072648,0.03283663070760667
22758,0.6871472857892513,0.006342021719319746,0.30651070177555084
22759,0.8529611825942993,0.007473236881196499,0.13956559542566538
22760,0.9729534760117531,0.0029606877360492945,0.024085812619887292
22761,0.9694655686616898,0.01587007089983672,0.014664352172985673
22762,0.015345642459578812,0.008122758707031608,0.976531594991684
22763,0.9460295885801315,0.024849094450473785,0.029121330473572016
22764,0.9217374846339226,0.011682466021738946,0.06658006273210049
22765,0.9749161005020142,0.0036815902567468584,0.021402306389063597
22766,0.8062608018517494,0.016196069889701903,0.17754315864294767
22767,0.9858842045068741,0.0027731065056286752,0.011342701443936676
22768,0.07063522282987833,0.004054970646393485,0.925309807062149
22769,0.9442802593111992,0.005513263487955555,0.05020649218931794
22770,0.6716684177517891,0.07242966489866376,0.25590192526578903
22771,0.9758245125412941,0.004520370261161588,0.019655108219012618
22772,0.07067685946822166,0.006286663992796093,0.9230364859104156
22773,0.9887807294726372,0.00032697937422199175,0.010892280610278249
22774,0.73582823574543,0.009553274023346603,0.2546184863895178
22775,0.4793321304023266,0.011849723639898002,0.5088181495666504
22776,0.286807581782341,0.02563220087904483,0.6875602155923843
22777,0.6829242743551731,0.004394108371343464,0.3126816228032112
22778,0.7461439147591591,0.010458188655320555,0.2433978971093893
22779,0.9877580031752586,0.0007343659963225946,0.011507618939504027
22780,0.18797948025166988,0.00729363551363349,0.8047268912196159
22781,0.5359068289399147,0.02031604736112058,0.4437771141529083
22782,0.2969799768179655,0.08192661916837096,0.6210933960974216
22783,0.8690712824463844,0.010030592267867178,0.12089812010526657
22784,0.3434660825878382,0.009487383009400219,0.6470465436577797
22785,0.5048385970294476,0.006428131688153371,0.48873326927423477
22786,0.9311866089701653,0.005042080651037395,0.06377130514010787
22787,0.984980009496212,0.001215308358951006,0.013804675196297467
22788,0.90983447432518,0.00381167940213345,0.08635385241359472
22789,0.9355156868696213,0.0016121253138408065,0.06287221098318696
22790,0.8287806212902069,0.0029578498360933736,0.16826151311397552
22791,0.878932848572731,0.0017745727091096342,0.11929258517920971
22792,0.9610811546444893,0.006060107029043138,0.032858735881745815
22793,0.9709578678011894,0.0015204186347546056,0.027521704556420445
22794,0.2081312332302332,0.0037463177868630737,0.7881224527955055
22795,0.9277064129710197,0.0024320176744367927,0.06986155034974217
22796,0.5639788769185543,0.009223297820426524,0.4267978258430958
22797,0.9874273166060448,0.004408169334055856,0.008164506056346
22798,0.9378635138273239,0.012813799898140132,0.049322683829814196
22799,0.013732391642406583,0.0033739691716618836,0.9828936234116554
22800,0.6788592413067818,0.01603516226168722,0.3051056079566479
22801,0.6912823542952538,0.013091839908156544,0.2956258151680231
22802,0.9790799170732498,0.0017080734251067042,0.01921200950164348
22803,0.9592002928256989,0.0022111913422122598,0.0385885089635849
22804,0.9452293515205383,0.024863406782969832,0.02990725077688694
22805,0.1398265501484275,0.009601951693184674,0.8505714684724808
22806,0.710516020655632,0.013336697011254728,0.2761472761631012
22807,0.9631912633776665,0.014849094906821847,0.021959637408144772
22808,0.8223546892404556,0.002022234686592128,0.17562308255583048
22809,0.5759522467851639,0.015300347353331745,0.4087474085390568
22810,0.9617491886019707,0.00589330997900106,0.03235750924795866
22811,0.9714032411575317,0.00260141310718609,0.02599535253830254
22812,0.112921426538378,0.09396968252258375,0.7931088954210281
22813,0.9651209712028503,0.011004035797668621,0.02387496712617576
22814,0.8986582830548286,0.057710194028913975,0.04363152617588639
22815,0.23596571572124958,0.0021826541051268578,0.7618516162037849
22816,0.8879033178091049,0.009554149117320776,0.10254252422600985
22817,0.977297805249691,0.0006425773935916368,0.022059617564082146
22818,0.9736034274101257,0.0018042677620542236,0.024592305766418576
22819,0.001651281665544957,0.00018612380881677382,0.9981625750660896
22820,0.9625484645366669,0.0038245071773417294,0.03362703858874738
22821,0.9891474545001984,0.0005578754280577414,0.010294666804838926
22822,0.5446177273988724,0.005659712885972112,0.449722558259964
22823,0.7418046779930592,0.0010616019062581472,0.2571337316185236
22824,0.9812408611178398,0.0015120627285796218,0.01724704646039754
22825,0.7353233024477959,0.01844278909265995,0.24623390845954418
22826,0.001381360474624671,0.0004091654063813621,0.9982094615697861
22827,0.02087963721714914,0.005860691424459219,0.9732596725225449
22828,0.29981277883052826,0.004747103608679026,0.695440124720335
22829,0.8649938926100731,0.005878392170416191,0.12912770453840494
22830,0.9494094178080559,0.001574860423716018,0.04901570687070489
22831,0.9716920182108879,0.009677485213615,0.018630509381182492
22832,0.5464741066098213,0.0025940003542928025,0.4509318843483925
22833,0.9591831713914871,0.023387067718431354,0.017429747502319515
22834,0.11035693995654583,0.017198956396896392,0.8724441230297089
22835,0.4516081213951111,0.013289816153701395,0.5351020731031895
22836,0.04457463859580457,0.002442731012706645,0.9529826194047928
22837,0.08623430831357837,0.0013089131971355528,0.9124567806720734
22838,0.33108209259808064,0.022061621537432075,0.646856278181076
22839,0.9889412298798561,0.0008194945512514096,0.010239282069960609
22840,0.10519897099584341,0.008670745301060379,0.8861302584409714
22841,0.0011307447421131656,0.00047253617776732426,0.9983967170119286
22842,0.8561807796359062,0.0015134496352402493,0.14230576436966658
22843,0.984808512032032,0.0014532569111906923,0.013738217763602734
22844,0.9904538914561272,0.0012853079279011581,0.008260798873379827
22845,0.0009462892048759386,0.00021757255490229,0.9988361299037933
22846,0.9843634068965912,0.0010252605934510939,0.014611318823881447
22847,0.9615107700228691,0.00434296065941453,0.034146301448345184
22848,0.4681204557418823,0.015790454868692905,0.5160890966653824
22849,0.7161037027835846,0.01572840113658458,0.26816789992153645
22850,0.6554752327501774,0.04776280396617949,0.2967619579285383
22851,0.6695481948554516,0.018557837698608637,0.31189397163689137
22852,0.671154472976923,0.2244217013940215,0.10442383075132966
22853,0.5180324912071228,0.02544347709044814,0.4565240293741226
22854,0.9662783965468407,0.0009807621318032034,0.03274082951247692
22855,0.985178217291832,0.0040735337970545515,0.010748272412456572
22856,0.9498574286699295,0.0028948785475222394,0.047247691079974174
22857,0.9834726825356483,0.0028186462295707315,0.013708653161302209
22858,0.9602579921483994,0.020759257138706744,0.018982737441547215
22859,0.4673648737370968,0.4495599828660488,0.08307515131309628
22860,0.03638582234270871,0.007800806604791433,0.9558133631944656
22861,0.8856052234768867,0.006203367549460381,0.10819137375801802
22862,0.9751732051372528,0.0071102025685831904,0.017716595088131726
22863,0.9661306142807007,0.008084161672741175,0.02578523219563067
22864,0.030950805637985468,0.016956782899796963,0.9520923867821693
22865,0.05433658231049776,0.007228218484669924,0.9384351968765259
22866,0.017642966588027775,0.0024444025475531816,0.979912593960762
22867,0.029342764522880316,0.0016166664827323984,0.96904057264328
22868,0.9636749178171158,0.004317952640121803,0.03200714127160609
22869,0.9680969715118408,0.010149217385333031,0.021753830602392554
22870,0.8487016335129738,0.005801493913168088,0.1454968610778451
22871,0.9393265843391418,0.005495556601090357,0.0551778469234705
22872,0.9696002900600433,0.00256204855395481,0.027837649919092655
22873,0.45428671687841415,0.010240806004730985,0.5354724712669849
22874,0.938210666179657,0.005437446176074445,0.05635189497843385
22875,0.2941608037799597,0.011693558713886887,0.6941456496715546
22876,0.9797693863511086,0.0007249631817103364,0.019505648757331073
22877,0.793699637055397,0.037835337687283754,0.16846503503620625
22878,0.23898816108703613,0.008184608595911413,0.7528272345662117
22879,0.8888472840189934,0.09407681040465832,0.017075914540328085
22880,0.13352682627737522,0.05722753028385341,0.809245653450489
22881,0.9602111726999283,0.002130183725967072,0.037658666260540485
22882,0.9743143320083618,0.00040369406815443654,0.025281990063376725
22883,0.9688624143600464,0.0016448466485599056,0.029492747271433473
22884,0.9882263615727425,0.001894922555948142,0.00987872714176774
22885,0.06766507006250322,0.004297440027585253,0.9280375093221664
22886,0.832224540412426,0.023834172170609236,0.14394128043204546
22887,0.8199159801006317,0.007506935799028724,0.172577110119164
22888,0.9553301855921745,0.004942902596667409,0.039726915769279
22889,0.9473653435707092,0.008202310826163739,0.044432352064177394
22890,0.7369752675294876,0.007740118744550273,0.2552846111357212
22891,0.9148642867803574,0.0010386495778220706,0.08409705525264144
22892,0.9830176457762718,0.001684841226960998,0.015297524281777442
22893,0.7600874677300453,0.012525832222308964,0.2273867093026638
22894,0.9630332216620445,0.022368564154021442,0.014598199166357517
22895,0.9932860136032104,0.0008177095623977948,0.005896298913285136
22896,0.9444981515407562,0.020777322934009135,0.03472453262656927
22897,0.9772492200136185,0.003358418762218207,0.019392381072975695
22898,0.7972865998744965,0.02539625798817724,0.17731713224202394
22899,0.9780708253383636,0.007391254912363365,0.01453793013934046
22900,0.28047062642872334,0.0044830479309894145,0.715046301484108
22901,0.9881835430860519,0.0021500566508620977,0.00966638675890863
22902,0.8853144720196724,0.0050757378921844065,0.10960978455841541
22903,0.141189138405025,0.0030393881170311943,0.855771467089653
22904,0.6023550406098366,0.23424323089420795,0.16340172570198774
22905,0.9589161276817322,0.006279382185311988,0.03480447456240654
22906,0.9824754297733307,0.0025215509376721457,0.015003037289716303
22907,0.9104406982660294,0.0070979102165438235,0.08246139530092478
22908,0.3400394804775715,0.015148395206779242,0.6448121257126331
22909,0.6195513345301151,0.0011725336626113858,0.37927613966166973
22910,0.7070209383964539,0.018423676840029657,0.27455536648631096
22911,0.9975626096129417,0.00012693593907897593,0.002310452808160335
22912,0.986871637403965,0.000507919005030999,0.012620439170859754
22913,0.7827887609601021,0.0008202604512916878,0.21639096830040216
22914,0.021124772843904793,0.002268763884785585,0.9766064509749413
22915,0.9515163972973824,0.0255905466619879,0.02289304812438786
22916,0.019906888366676867,0.0021855805825907737,0.9779075235128403
22917,0.9639242812991142,0.00491474085720256,0.031161006772890687
22918,0.9884341582655907,0.00045566869084723294,0.011110148043371737
22919,0.9918447509407997,0.0009509763476671651,0.007204272551462054
22920,0.5861499570310116,0.0018115168350050226,0.41203853115439415
22921,0.007659540715394542,0.0010257059257128276,0.9913147389888763
22922,0.09324607951566577,0.008141428144881502,0.8986125066876411
22923,0.12196846771985292,0.05064957030117512,0.8273819535970688
22924,0.7025445401668549,0.006854917679447681,0.2906005531549454
22925,0.5861197300255299,0.03447273140773177,0.37940753623843193
22926,0.0804233206436038,0.003949010919313878,0.9156276658177376
22927,0.7853642553091049,0.0175874741980806,0.1970482636243105
22928,0.33741228841245174,0.0032151931955013424,0.6593725010752678
22929,0.6941900551319122,0.001056522443832364,0.3047534190118313
22930,0.7640701308846474,0.004011931421700865,0.23191792704164982
22931,0.7890443354845047,0.007654388376977295,0.20330127980560064
22932,0.460325725376606,0.0031396867125295103,0.5365346036851406
22933,0.7067657113075256,0.0043882610043510795,0.2888460289686918
22934,0.9590733498334885,0.0011143113079015166,0.039812341798096895
22935,0.9801084995269775,0.003608807979617268,0.016282694996334612
22936,0.9918588176369667,0.001138216619438026,0.007002942467806861
22937,0.9168005809187889,0.009196602506563067,0.0740028154104948
22938,0.8548162952065468,0.00576869081123732,0.13941502291709185
22939,0.9785815924406052,0.0011174353348906152,0.02030096808448434
22940,0.029523109318688512,0.009612723195459694,0.9608641490340233
22941,0.5635265707969666,0.010295507148839533,0.426177941262722
22942,0.012716669531073421,0.0031536393871647306,0.9841296896338463
22943,0.3834817335009575,0.004562306159641594,0.6119559854269028
22944,0.9803130552172661,0.0098447494674474,0.009842223720625043
22945,0.9878606721758842,0.0006474046167568304,0.011491930694319308
22946,0.9765545874834061,0.0011978588772763032,0.02224753180053085
22947,0.8378525748848915,0.026881097932346165,0.13526632729917765
22948,0.841146931052208,0.09538562130182981,0.06346745695918798
22949,0.07409886876121163,0.015726769750472158,0.9101743772625923
22950,0.8567054942250252,0.1292234482243657,0.014071034267544746
22951,0.9752020239830017,0.005706375668523833,0.019091606023721397
22952,0.6545944474637508,0.005758432816946879,0.33964713104069233
22953,0.9649040177464485,0.002528856464778073,0.03256711992435157
22954,0.07353379344567657,0.015635752119123936,0.9108304530382156
22955,0.9082634299993515,0.0034479953319532797,0.08828858938068151
22956,0.007677558722207323,0.002956741773232352,0.9893656969070435
22957,0.9909615144133568,0.00014347889100463362,0.008895000501070172
22958,0.26759149972349405,0.004974455776391551,0.7274340465664864
22959,0.9403853863477707,0.005427250434877351,0.05418735952116549
22960,0.9810924232006073,0.00148451016866602,0.01742303289938718
22961,0.9869801998138428,0.00048575001892459113,0.01253405015449971
22962,0.017485243850387633,0.007697534922044724,0.974817231297493
22963,0.4125156383961439,0.40928945876657963,0.1781949084252119
22964,0.9401204958558083,0.0007811661998857744,0.059098327066749334
22965,0.05327802849933505,0.8323367089033127,0.11438527144491673
22966,0.007110464997822419,0.00780297520395834,0.985086552798748
22967,0.8930560871958733,0.007008085143752396,0.09993581427261233
22968,0.9613430052995682,0.0025852600520011038,0.03607170097529888
22969,0.38032620400190353,0.23877089750021696,0.3809028845280409
22970,0.9734368249773979,0.002089513684040867,0.02447368367575109
22971,0.9662203192710876,0.004381408856716007,0.029398294165730476
22972,0.4015804845839739,0.009278311277739704,0.589141208678484
22973,0.9084828123450279,0.009952550288289785,0.0815646406263113
22974,0.6784323677420616,0.0011351758112141397,0.32043246552348137
22975,0.8872275054454803,0.010493039095308632,0.10227945819497108
22976,0.9873678609728813,0.0008994126656034496,0.011732732527889311
22977,0.1826561614871025,0.01246666960651055,0.8048771768808365
22978,0.9754976406693459,0.0007966138873598538,0.023705741274170578
22979,0.3600099477916956,0.0024792187759885564,0.6375108361244202
22980,0.8968361541628838,0.0041120428359135985,0.09905181499198079
22981,0.8209640830755234,0.0031674353522248566,0.1758684804663062
22982,0.9377287924289703,0.011378844326827675,0.05089235678315163
22983,0.9707250744104385,0.004452245193533599,0.024822685518302023
22984,0.30693020299077034,0.005423981943749823,0.6876457966864109
22985,0.9500759169459343,0.028922542929649353,0.021001573652029037
22986,0.21017821319401264,0.07920584850944579,0.7106159329414368
22987,0.9110776484012604,0.003902059717802331,0.08502029394730926
22988,0.7122169211506844,0.025335907586850226,0.26244717463850975
22989,0.0059343205648474395,0.000878863524121698,0.9931868016719818
22990,0.9462815448641777,0.0026305728970328346,0.051087884698063135
22991,0.988469086587429,0.0014043423943803646,0.010126552428118885
22992,0.46223097667098045,0.010024568473454565,0.5277444608509541
22993,0.8597057238221169,0.016239180113188922,0.12405508384108543
22994,0.8497541472315788,0.019787954399362206,0.1304579135030508
22995,0.9411120787262917,0.0010567751232883893,0.057831144426018
22996,0.1298985630273819,0.006191221735207364,0.8639102056622505
22997,0.7786870039999485,0.0021556969004450366,0.2191572766751051
22998,0.9337115436792374,0.022678922803606838,0.043609534623101354
22999,0.5902527906000614,0.05334152956493199,0.3564056847244501
23000,0.030591527232900262,0.0014394957397598773,0.9679689928889275
23001,0.02056940959300846,0.0014905414573149756,0.9779400378465652
23002,0.00798601348651573,0.0010547883503022604,0.9909591898322105
23003,0.03514011297374964,0.20762854162603617,0.7572313696146011
23004,0.9833647385239601,0.00029679350518563297,0.016338475164957345
23005,0.9801409691572189,0.0007712475053267553,0.019087777705863118
23006,0.05424901517108083,0.0037587721890304238,0.9419921934604645
23007,0.9444825127720833,0.0038211103237699717,0.051696357782930136
23008,0.07541543710976839,0.01077271468238905,0.9138118550181389
23009,0.7397513017058372,0.11791286803781986,0.14233584329485893
23010,0.8994100093841553,0.003694247076055035,0.09689572546631098
23011,0.4094504155218601,0.013649177213665098,0.576900415122509
23012,0.8727898076176643,0.026386227225884795,0.10082394815981388
23013,0.8060639426112175,0.0012700752849923447,0.1926659718155861
23014,0.33491156063973904,0.024505768553353846,0.6405826695263386
23015,0.9239297583699226,0.0033472893555881456,0.07272293930873275
23016,0.9789567217230797,0.0011015823693014681,0.019941693055443466
23017,0.9766433909535408,0.0010032545287685934,0.022353345644660294
23018,0.9856262281537056,0.0008663349799462594,0.013507422525435686
23019,0.9965138807892799,0.0005769222443632316,0.002909201619331725
23020,0.30217666923999786,0.00458693114342168,0.6932364106178284
23021,0.9511572793126106,0.009567574656102806,0.039275152841582894
23022,0.9286009892821312,0.005618334049358964,0.06578067201189697
23023,0.9400369301438332,0.0007057991642795969,0.059257288929075
23024,0.18799644615501165,0.00184936064761132,0.8101541921496391
23025,0.7513013705611229,0.009373048902489245,0.23932559415698051
23026,0.972087636590004,0.0020968663156963885,0.02581548609305173
23027,0.9820565953850746,0.0005654531123582274,0.01737795927328989
23028,0.9664815068244934,0.0031575711764162406,0.0303609132533893
23029,0.9207064509391785,0.0019946056345361285,0.07729894248768687
23030,0.9618685021996498,0.006768618710339069,0.03136289585381746
23031,0.9697192907333374,0.003737422899575904,0.02654328290373087
23032,0.005025864084018394,0.0002837004249158781,0.9946904256939888
23033,0.7377718389034271,0.13893370982259512,0.12329446990042925
23034,0.08480775263160467,0.010858845664188266,0.9043333828449249
23035,0.8313947394490242,0.06164361909031868,0.10696163075044751
23036,0.06832059426233172,0.01188959286082536,0.9197897985577583
23037,0.6998566091060638,0.019090874469839036,0.2810524981468916
23038,0.9803457036614418,0.00784699257928878,0.011807326693087816
23039,0.9385429620742798,0.0033648221506155096,0.05809223186224699
23040,0.25823261588811874,0.02889712282922119,0.7128702476620674
23041,0.44399241358041763,0.00146186364145251,0.5545457229018211
23042,0.3819181378930807,0.0035764223866863176,0.6145054362714291
23043,0.07812269870191813,0.21034780889749527,0.711529478430748
23044,0.06248610420152545,0.0013721827781409957,0.936141699552536
23045,0.8879093900322914,0.004157917341217399,0.10793268866837025
23046,0.9795067459344864,0.0030249703268054873,0.017468298552557826
23047,0.9322643503546715,0.003777331148739904,0.063958331476897
23048,0.6417989805340767,0.017505492316558957,0.3406955152750015
23049,0.7810512706637383,0.014023015042766929,0.20492573454976082
23050,0.5268842540681362,0.01847924815956503,0.45463650673627853
23051,0.9489131197333336,0.0010242756106890738,0.05006259889341891
23052,0.9070467352867126,0.01107919157948345,0.08187408233061433
23053,0.6351002939045429,0.3125873040407896,0.052312397165223956
23054,0.920728288590908,0.01024211460025981,0.06902961619198322
23055,0.9245224520564079,0.0011684480450639967,0.07430909154936671
23056,0.026624567690305412,0.003892154374625534,0.9694832637906075
23057,0.004863004665821791,0.000545868206245359,0.9945911169052124
23058,0.9217643216252327,0.0018889289640355855,0.07634676666930318
23059,0.925055168569088,0.03736798441968858,0.03757682954892516
23060,0.28842957876622677,0.0053859576873946935,0.706184446811676
23061,0.9867757633328438,0.0020732640114147216,0.011150971811730415
23062,0.925621971487999,0.0192337526823394,0.05514429183676839
23063,0.8018135279417038,0.021781311836093664,0.1764051727950573
23064,0.01158072124235332,0.001169052324257791,0.9872502163052559
23065,0.9600155279040337,0.0017146396421594545,0.03826981643214822
23066,0.023233427200466394,0.003960786270909011,0.9728057980537415
23067,0.9794628471136093,0.0010266953795508016,0.01951046916656196
23068,0.30091642402112484,0.020713219768367708,0.6783703342080116
23069,0.9220314919948578,0.01046048995340243,0.067508015781641
23070,0.06371831987053156,0.003238645294914022,0.9330430403351784
23071,0.6117835007607937,0.028381859185174108,0.359834648668766
23072,0.9907312840223312,0.0018322924588574097,0.007436449697706848
23073,0.9376068189740181,0.003988635493442416,0.05840452015399933
23074,0.8597117215394974,0.0038053927419241518,0.1364828823134303
23075,0.6348722912371159,0.13116756919771433,0.23396013863384724
23076,0.8607294335961342,0.08070948254317045,0.058561105746775866
23077,0.6459692120552063,0.020105014787986875,0.33392576314508915
23078,0.9383799433708191,0.01260713761439547,0.049012923147529364
23079,0.40242354199290276,0.012006601202301681,0.5855698585510254
23080,0.49084328673779964,0.48945350386202335,0.01970318437088281
23081,0.9586002826690674,0.01560157781932503,0.025798119604587555
23082,0.08306510746479034,0.13161895517259836,0.7853159308433533
23083,0.44323875568807125,0.007744760601781309,0.5490164831280708
23084,0.9607018008828163,0.0020490186288952827,0.03724916558712721
23085,0.9639126807451248,0.013012039940804243,0.02307527733501047
23086,0.9642623960971832,0.0017664755941950716,0.033971116412431
23087,0.738652840256691,0.009543796360958368,0.251803370192647
23088,0.9671491608023643,0.0010725106403697282,0.03177832951769233
23089,0.9468037784099579,0.0007177978295658249,0.052478430327028036
23090,0.7134150117635727,0.0666086480487138,0.21997635252773762
23091,0.004832255362998694,0.0023644254251848906,0.9928033500909805
23092,0.954144798219204,0.0030554920522263274,0.042799727292731404
23093,0.9123983830213547,0.013187226431909949,0.0744144101627171
23094,0.9489799290895462,0.0031866955396253616,0.047833384945988655
23095,0.9434166178107262,0.02989353972952813,0.02668983826879412
23096,0.9937337189912796,0.0005873232003068551,0.005678963847458363
23097,0.9626776650547981,0.0006041224332875572,0.036718232091516256
23098,0.20629585906863213,0.002052857569651678,0.7916512563824654
23099,0.9853762611746788,0.001061241448041983,0.013562501990236342
23100,0.810053862631321,0.00791619106894359,0.18202995136380196
23101,0.0015752392646390945,0.00044129947309556883,0.9979834631085396
23102,0.18650113511830568,0.009138912544585764,0.8043599352240562
23103,0.9802163764834404,0.001584866775374394,0.018198762321844697
23104,0.8154680132865906,0.1028901357203722,0.08164185145869851
23105,0.9525000900030136,0.00603886364842765,0.04146103234961629
23106,0.8755630850791931,0.010907563904765993,0.11352933943271637
23107,0.9936214238405228,0.0007773697088850895,0.00560120734735392
23108,0.8462132811546326,0.07792816404253244,0.07585855387151241
23109,0.273887537419796,0.00900319218635559,0.7171092703938484
23110,0.8810916915535927,0.05439790990203619,0.0645103887654841
23111,0.7482387498021126,0.016627943143248558,0.23513329029083252
23112,0.9820276126265526,0.0002826125237334054,0.01768975076265633
23113,0.9321290105581284,0.0006743089033989236,0.06719664158299565
23114,0.7065106108784676,0.0061199709816719405,0.2873694095760584
23115,0.37440476939082146,0.08101061382330954,0.5445846132934093
23116,0.09382859151810408,0.04076234926469624,0.8654090762138367
23117,0.7008925825357437,0.004860416287556291,0.29424699395895004
23118,0.8782661408185959,0.0018965190174640156,0.11983734555542469
23119,0.8759092539548874,0.017950651817955077,0.10614010319113731
23120,0.9885531291365623,0.00022533366336574545,0.011221534165088087
23121,0.004172075889073312,0.0008786330326984171,0.9949492737650871
23122,0.9605723470449448,0.00040377373625233304,0.03902386920526624
23123,0.2733871806412935,0.02319513278780505,0.7034176960587502
23124,0.414832204580307,0.0047850332339294255,0.5803827717900276
23125,0.05647811479866505,0.012538383190985769,0.9309835210442543
23126,0.7604640200734138,0.03665027511306107,0.20288571063429117
23127,0.9780996143817902,0.002409886321402155,0.019490498467348516
23128,0.08885747846215963,0.008773347100941464,0.9023691788315773
23129,0.20839869230985641,0.006667648325674236,0.7849336639046669
23130,0.9427691400051117,0.0028273660864215344,0.05440349830314517
23131,0.77979376912117,0.006773230794351548,0.21343299373984337
23132,0.00517773226602003,0.0006751966902811546,0.9941470623016357
23133,0.025812722160480917,0.025962758460082114,0.9482245296239853
23134,0.13201648276299238,0.0025525881064822897,0.8654309213161469
23135,0.8385245949029922,0.002367871318710968,0.1591075211763382
23136,0.941884271800518,0.0022584748221561313,0.055857250932604074
23137,0.713222362101078,0.007769060204736888,0.2790085878223181
23138,0.926476813852787,0.008860765141434968,0.06466241413727403
23139,0.45238500088453293,0.007981330389156938,0.5396336764097214
23140,0.9864029288291931,0.000533861733856611,0.013063192425761372
23141,0.971523605287075,0.0007883333491918165,0.027688068570569158
23142,0.9811414405703545,0.004536814929451793,0.014321753638796508
23143,0.04621404688805342,0.008883585105650127,0.9449023604393005
23144,0.1859455108642578,0.018182147934567183,0.7958723530173302
23145,0.9922202154994011,0.0008026865252759308,0.006977092998567969
23146,0.41734079644083977,0.010925360373221338,0.5717338472604752
23147,0.9776223674416542,0.0033169152156915516,0.019060707418248057
23148,0.9715052992105484,0.003279287106124684,0.02521542028989643
23149,0.5478667393326759,0.021509478567168117,0.43062378838658333
23150,0.8586471378803253,0.0034194528707303107,0.1379334218800068
23151,0.9921019077301025,0.000976979426923208,0.006921080814208835
23152,0.7430167123675346,0.012003284937236458,0.244980001822114
23153,0.11934240255504847,0.04684706509578973,0.833810530602932
23154,0.9418917521834373,0.005136133229825646,0.05297212116420269
23155,0.962538830935955,0.0007655034642084502,0.036695680813863873
23156,0.8254527226090431,0.012619012617506087,0.16192826721817255
23157,0.8858575448393822,0.004548334429273382,0.10959411691874266
23158,0.9422533586621284,0.000656705662549939,0.05708992900326848
23159,0.8285790830850601,0.1089454242028296,0.06247548898681998
23160,0.8498396351933479,0.08286798093467951,0.06729237921535969
23161,0.9664304777979851,0.010137754608877003,0.02343175804708153
23162,0.8149679601192474,0.008970940136350691,0.17606110591441393
23163,0.9481293261051178,0.007132352431653999,0.04473832529038191
23164,0.9688145369291306,0.004114239200134762,0.027071229880675673
23165,0.6116435416042805,0.00348015537019819,0.3848763182759285
23166,0.9777050465345383,0.0011892311231349595,0.021105751395225525
23167,0.979576863348484,0.0023046938949846663,0.01811842736788094
23168,0.5847203806042671,0.3188031539320946,0.09647645521908998
23169,0.8616092130541801,0.02507206262089312,0.1133186905644834
23170,0.8415128961205482,0.0036233463906683028,0.15486376266926527
23171,0.03434005565941334,0.0027816281508421525,0.9628782942891121
23172,0.9427423179149628,0.007256807293742895,0.050000874791294336
23173,0.9948264062404633,0.0015986011640052311,0.0035749990347540006
23174,0.8348187133669853,0.005088174453703687,0.16009308956563473
23175,0.8352428004145622,0.019791144412010908,0.14496605563908815
23176,0.9036084115505219,0.0027854729123646393,0.09360611252486706
23177,0.8332339376211166,0.02418620407115668,0.14257984794676304
23178,0.9904783442616463,0.003474197583273053,0.006047460017725825
23179,0.917445071041584,0.055353591684252024,0.027201340766623616
23180,0.08307229541242123,0.09711833158507943,0.8198093920946121
23181,0.30802050791680813,0.0165750989690423,0.6754044145345688
23182,0.9768547862768173,0.0033584004413569346,0.019786816206760705
23183,0.986700065433979,0.00031571325052937027,0.0129842214519158
23184,0.01794394466560334,0.004108145949430764,0.9779479056596756
23185,0.9656552225351334,0.010795330832479522,0.02354942844249308
23186,0.021499553695321083,0.001710333970549982,0.9767901226878166
23187,0.4856821745634079,0.01767227635718882,0.49664555862545967
23188,0.9565444961190224,0.004205840523354709,0.03924965555779636
23189,0.7611532807350159,0.03251421405002475,0.20633248705416918
23190,0.011155388230690733,0.0010242795760859735,0.9878203347325325
23191,0.9620305448770523,0.004237650049617514,0.03373181261122227
23192,0.9898636490106583,0.0008343492190761026,0.009302013262640685
23193,0.7385173588991165,0.015178276808001101,0.2463043574243784
23194,0.9100341498851776,0.0022496498859254643,0.08771616453304887
23195,0.988699808716774,0.002000433116336353,0.009299765748437494
23196,0.9096397161483765,0.013970791944302619,0.07638948876410723
23197,0.28418389707803726,0.002122339399647899,0.7136937491595745
23198,0.47257693484425545,0.0797850601375103,0.44763799011707306
23199,0.8843221813440323,0.002850874821888283,0.11282692337408662
23200,0.11987636890262365,0.46979549154639244,0.4103281535208225
23201,0.14069532603025436,0.010769049258669838,0.8485356122255325
23202,0.14977609179913998,0.004966175853041932,0.8452577218413353
23203,0.8385888040065765,0.007366720994468778,0.15404447726905346
23204,0.9726646766066551,0.00042675709119066596,0.026908574858680367
23205,0.9313344061374664,0.001739249099045992,0.06692637037485838
23206,0.769863523542881,0.005125276657054201,0.22501120530068874
23207,0.9427658021450043,0.0427665903698653,0.014467621862422675
23208,0.8690221533179283,0.03690319915767759,0.09407464694231749
23209,0.1255553001537919,0.027453025453723967,0.8469916731119156
23210,0.9176587015390396,0.005734567326726392,0.07660673512145877
23211,0.9384346976876259,0.023592727025970817,0.03797256923280656
23212,0.9734632149338722,0.001734274221234955,0.024802515981718898
23213,0.12614093907177448,0.007985317060956731,0.8658737391233444
23214,0.0047205439186654985,0.0008955473385867663,0.9943839311599731
23215,0.9845673888921738,0.0022201617539394647,0.013212446821853518
23216,0.9734546765685081,0.0037283958808984607,0.022816915181465447
23217,0.9862277880311012,0.004964428720995784,0.008807782141957432
23218,0.9854501783847809,0.0011741858688765205,0.013375655049458146
23219,0.6429790519177914,0.003587083119782619,0.35343386605381966
23220,0.9873218014836311,0.0013165740892873146,0.011361626733560115
23221,0.9846580103039742,0.00327802482934203,0.012063984118867666
23222,0.08914189459756017,0.0029898347129346803,0.907868281006813
23223,0.939508356153965,0.0006999527067819145,0.05979170184582472
23224,0.45278460159897804,0.1469643833115697,0.4002510067075491
23225,0.9356969371438026,0.0031167308043222874,0.06118635321035981
23226,0.9387079626321793,0.007492095901397988,0.053799946792423725
23227,0.9757276922464371,0.0009464699032832868,0.023325815447606146
23228,0.9451434165239334,0.004042103653773665,0.05081445863470435
23229,0.412950050085783,0.007159571134252474,0.5798903927206993
23230,0.8127190619707108,0.00289792782132281,0.18438300117850304
23231,0.8149994611740112,0.005416755942860618,0.1795837776735425
23232,0.9012377485632896,0.0035389342083362862,0.09522331599146128
23233,0.9406422898173332,0.011551295290701091,0.047806440852582455
23234,0.9558280035853386,0.006798572459956631,0.03737343801185489
23235,0.006477053830167279,0.02874801808502525,0.964774914085865
23236,0.9228353872895241,0.0011327056454319973,0.07603189814835787
23237,0.6752762123942375,0.0040026491769822314,0.3207211531698704
23238,0.7740141078829765,0.013932835077866912,0.21205305866897106
23239,0.954145185649395,0.017194945365190506,0.02865988714620471
23240,0.9770829379558563,0.0009205609676428139,0.021996496128849685
23241,0.9884523376822472,0.00044674594573734794,0.011100940813776106
23242,0.9876898676156998,0.0023291409597732127,0.009980971924960613
23243,0.9004429876804352,0.003407647818676196,0.0961493575014174
23244,0.6687978282570839,0.013827754417434335,0.31737440824508667
23245,0.920017845928669,0.003334472799906507,0.07664767652750015
23246,0.9693718999624252,0.007971841900143772,0.022656257497146726
23247,0.7487783581018448,0.037800633581355214,0.21342100575566292
23248,0.9804454073309898,0.0008687767694937065,0.018685799790546298
23249,0.9626020044088364,0.0005525206834136043,0.036845453549176455
23250,0.9752399921417236,0.004635215969756246,0.020124773727729917
23251,0.48099305108189583,0.003437827224843204,0.5155691020190716
23252,0.9930780380964279,0.0006463409008574672,0.006275612802710384
23253,0.8580531924962997,0.018989649426657706,0.12295716069638729
23254,0.34936875849962234,0.03864844120107591,0.611982811242342
23255,0.5437784604728222,0.02778835652861744,0.42843318171799183
23256,0.9628004133701324,0.0014613944076700136,0.03573818295262754
23257,0.6653599366545677,0.004782822885317728,0.32985722832381725
23258,0.7071033827960491,0.006445669190725312,0.28645092993974686
23259,0.9852197766304016,0.001953291197423823,0.01282694551628083
23260,0.986762598156929,0.0007841271508368663,0.012453302391804755
23261,0.9604011625051498,0.004096104443306103,0.03550273086875677
23262,0.16841442277655005,0.0009819434199016541,0.8306036293506622
23263,0.08468377497047186,0.01764191861730069,0.8976743072271347
23264,0.9676525816321373,0.003186677859048359,0.029160730773583055
23265,0.6566024646162987,0.007629388652276248,0.33576812967658043
23266,0.4186137691140175,0.004297204286558554,0.5770890191197395
23267,0.03149679023772478,0.004028925439342856,0.9644742757081985
23268,0.7320715636014938,0.0015512214667978697,0.26637723110616207
23269,0.10414409777149558,0.007773726814775728,0.8880821615457535
23270,0.5331408977508545,0.06792116654105484,0.39893794246017933
23271,0.9397150725126266,0.021067419787868857,0.03921753237955272
23272,0.8147707059979439,0.007323921308852732,0.17790537606924772
23273,0.6852930039167404,0.011008334869984537,0.3036986570805311
23274,0.553248718380928,0.07048901077359915,0.376262279227376
23275,0.6993926241993904,0.027510120067745447,0.27309724874794483
23276,0.95867670327425,0.004025957794510759,0.03729734686203301
23277,0.9104638248682022,0.0019557489576982334,0.08758044987916946
23278,0.20383601635694504,0.012062402674928308,0.7841015830636024
23279,0.6828026250004768,0.007763481989968568,0.3094338867813349
23280,0.9107136055827141,0.006372789095621556,0.08291359292343259
23281,0.9547294676303864,0.02783136605285108,0.017439169459976256
23282,0.8594708368182182,0.00964379811193794,0.13088535983115435
23283,0.9135878905653954,0.0024692037841305137,0.08394290111027658
23284,0.9109881892800331,0.0050957355997525156,0.08391607785597444
23285,0.5310160927474499,0.02126669231802225,0.44771721959114075
23286,0.005305768252583221,0.0008874509803717956,0.9938067644834518
23287,0.0162514858529903,0.0004797823348781094,0.9832687452435493
23288,0.8940384536981583,0.0035489326546667144,0.1024126154370606
23289,0.6927871741354465,0.012850731378421187,0.294362086802721
23290,0.2689342796802521,0.02096333319786936,0.7101023718714714
23291,0.022050516214221716,0.0017577925027580932,0.9761917069554329
23292,0.06623107520863414,0.0177401079563424,0.9160287976264954
23293,0.9745263531804085,0.0021191895357333124,0.02335444593336433
23294,0.9553389102220535,0.001966426621947903,0.042694654781371355
23295,0.2962368242442608,0.011717980669345707,0.6920451894402504
23296,0.9841842800378799,0.0008581769379816251,0.014957571169361472
23297,0.0017416857444914058,0.0013054600640316494,0.9969528615474701
23298,0.9852268472313881,0.0002602189215394901,0.014512922090943903
23299,0.8926963433623314,0.006502008531242609,0.10080162808299065
23300,0.9630163609981537,0.0072390298009850085,0.029744580620899796
23301,0.9608928933739662,0.002269905831781216,0.036837216932326555
23302,0.9832844212651253,0.0031887613149592653,0.013526816677767783
23303,0.9475481659173965,0.01549288583919406,0.036958948243409395
23304,0.164596538990736,0.007229553535580635,0.8281738981604576
23305,0.8827231824398041,0.007057200302369893,0.1102196229621768
23306,0.31008889712393284,0.03086902224458754,0.659042090177536
23307,0.990753561258316,0.0013268186085042544,0.007919606228824705
23308,0.07719088206067681,0.029556114081060514,0.89325300604105
23309,0.09622010495513678,0.0027207161620026454,0.9010591953992844
23310,0.9803559333086014,0.0011467516742413864,0.018497300799936056
23311,0.4399270750582218,0.0816544892732054,0.4784184470772743
23312,0.3813179526478052,0.00550959724932909,0.6131724640727043
23313,0.08300202246755362,0.0020163638837402686,0.9149816110730171
23314,0.9847082570195198,0.00021294771067914553,0.015078798751346767
23315,0.982021763920784,0.0037704808928538114,0.01420776720624417
23316,0.43993113189935684,0.08891253173351288,0.4711563363671303
23317,0.9633259400725365,0.0025177432980854064,0.03415630338713527
23318,0.9303091987967491,0.003541631274856627,0.06614914909005165
23319,0.535721093416214,0.05242054723203182,0.41185835376381874
23320,0.9643122181296349,0.005082769537693821,0.03060500673018396
23321,0.9398011267185211,0.007067889178870246,0.05313100595958531
23322,0.9482648074626923,0.008205655496567488,0.04352953168563545
23323,0.9191830158233643,0.012675871199462563,0.06814110931009054
23324,0.8685643374919891,0.025168604915961623,0.10626707691699266
23325,0.8047865107655525,0.005946364544797689,0.18926709983497858
23326,0.0907564708031714,0.008442490187007934,0.900801032781601
23327,0.6296642906963825,0.003950373793486506,0.3663853444159031
23328,0.9414499029517174,0.02493945084279403,0.033610653365030885
23329,0.05886915046721697,0.0022781201187171973,0.9388527199625969
23330,0.9915616884827614,0.0011676050562527962,0.007270721776876599
23331,0.6662048473954201,0.003556780284270644,0.33023835718631744
23332,0.5712382309138775,0.12941303988918662,0.2993487250059843
23333,0.9640795886516571,0.002172838183469139,0.03374757640995085
23334,0.021554792998358607,0.004252606362570077,0.9741926118731499
23335,0.3168761469423771,0.0022248264140216634,0.6808990240097046
23336,0.8608994111418724,0.04967366950586438,0.08942691422998905
23337,0.9030991941690445,0.017713709152303636,0.07918710773810744
23338,0.8802418261766434,0.00539022937300615,0.1143679334782064
23339,0.9915784746408463,0.0016201147955143824,0.006801361858379096
23340,0.9074671342968941,0.0042313952872063965,0.08830146491527557
23341,0.11925032921135426,0.5478313080966473,0.3329183757305145
23342,0.9895642623305321,0.00031237778603099287,0.010123373474925756
23343,0.009004159597679973,0.0007769424191792496,0.990218885242939
23344,0.8654081672430038,0.00540982122765854,0.12918202951550484
23345,0.9880804345011711,0.0034222842077724636,0.008497253234963864
23346,0.9933328181505203,0.0028167960554128513,0.003850395849440247
23347,0.985396258533001,0.0007210945350379916,0.013882639934308827
23348,0.9776173979043961,0.0024364596465602517,0.01994615246076137
23349,0.8079724311828613,0.014864251483231783,0.17716328613460064
23350,0.9749399647116661,0.002611939824419096,0.022448093513958156
23351,0.9637755900621414,0.003062541552935727,0.03316186065785587
23352,0.9557641744613647,0.0007350407722697128,0.04350078362040222
23353,0.985000729560852,0.006500890478491783,0.00849838403519243
23354,0.9816669076681137,0.007530419039539993,0.010802680684719235
23355,0.015755569678731263,0.0027654353907564655,0.9814790040254593
23356,0.8415427878499031,0.017907170578837395,0.1405500639230013
23357,0.9627013429999352,0.0009690288279671222,0.03632963332347572
23358,0.06513560470193624,0.006227928941370919,0.9286364689469337
23359,0.9800045564770699,0.0008656058889755514,0.019129834952764213
23360,0.9774294570088387,0.002789528705761768,0.019781015929766
23361,0.9824194312095642,0.0021969618428556714,0.015383631514851004
23362,0.8236303925514221,0.000972774996625958,0.17539682798087597
23363,0.9792861789464951,0.0010903752845479175,0.01962343859486282
23364,0.9617671146988869,0.013460888585541397,0.024771985597908497
23365,0.9923239126801491,0.0006805439879826736,0.006995521136559546
23366,0.9790622293949127,0.0033847639424493536,0.017552990932017565
23367,0.9893426597118378,0.0006351263673423091,0.010022214788477868
23368,0.9438055828213692,0.0025052817800315097,0.05368912918493152
23369,0.8088768050074577,0.038334022159688175,0.15278918016701937
23370,0.755524031817913,0.0038929080474190414,0.24058303982019424
23371,0.03369008703157306,0.003253090733778663,0.9630568400025368
23372,0.8484574556350708,0.042674436466768384,0.10886811651289463
23373,0.9730599299073219,0.00873394258087501,0.018206155858933926
23374,0.9270242229104042,0.002914327444159426,0.07006143126636744
23375,0.9786077961325645,0.0006037107559677679,0.020788514870218933
23376,0.10297053540125489,0.008920727035729215,0.8881087228655815
23377,0.834329217672348,0.036058352794498205,0.1296124206855893
23378,0.025493519380688667,0.003117882544756867,0.971388652920723
23379,0.33234941959381104,0.005009031883673742,0.6626415550708771
23380,0.7061555832624435,0.007609002175740898,0.28623539581894875
23381,0.9827915132045746,0.0004006869476143038,0.01680779387243092
23382,0.35053473711013794,0.01971397316083312,0.6297512948513031
23383,0.9319316297769547,0.006623321009101346,0.06144505040720105
23384,0.6710357144474983,0.03348257439211011,0.2954817097634077
23385,0.01821204146835953,0.002983290411066264,0.9788046553730965
23386,0.4881841652095318,0.020951277227140963,0.4908645525574684
23387,0.7289277389645576,0.016952472738921642,0.25411978736519814
23388,0.11006237892434001,0.011414027423597872,0.8785236105322838
23389,0.12985495012253523,0.007107630051905289,0.8630373999476433
23390,0.9923926666378975,0.0007597347339469707,0.006847623153589666
23391,0.6735706366598606,0.07660998404026031,0.24981937184929848
23392,0.6945932060480118,0.11620236653834581,0.18920442834496498
23393,0.4869915209710598,0.14543320843949914,0.367575254291296
23394,0.013316766126081347,0.0018156483347411267,0.9848675727844238
23395,0.10161624010652304,0.0028384528268361464,0.8955453038215637
23396,0.858034297823906,0.003976696083554998,0.13798900973051786
23397,0.008650983043480664,0.0007733163511147723,0.9905756935477257
23398,0.9815093129873276,0.0005709719007427339,0.0179196922108531
23399,0.04232446663081646,0.006767090933863074,0.9509084597229958
23400,0.09069781424477696,0.0038762514013797045,0.9054259359836578
23401,0.9585670232772827,0.004169077830738388,0.037263937294483185
23402,0.8652224317193031,0.0012517025315901265,0.13352586887776852
23403,0.6147971823811531,0.001953357466845773,0.38324945978820324
23404,0.003129432676360011,0.0006494479384855367,0.9962211176753044
23405,0.838726781308651,0.059530271450057626,0.10174295492470264
23406,0.9462699890136719,0.015665318816900253,0.03806470357812941
23407,0.9884892478585243,0.0010850434118765406,0.01042569795390591
23408,0.006739704578649253,0.001943160779774189,0.9913171529769897
23409,0.15446922928094864,0.008801816788036376,0.8367289677262306
23410,0.7919445335865021,0.02420902147423476,0.18384644389152527
23411,0.13925014436244965,0.16090752743184566,0.699842307716608
23412,0.8869785889983177,0.060392146930098534,0.05262925801798701
23413,0.9736554771661758,0.012263429292943329,0.01408107706811279
23414,0.7815278619527817,0.003753794531803578,0.2147183334454894
23415,0.9853490740060806,0.003894546302035451,0.010756387317087501
23416,0.9680057391524315,0.0021200756455073133,0.02987417601980269
23417,0.9432460069656372,0.00848189281532541,0.04827211471274495
23418,0.1366428527981043,0.008751393324928358,0.8546057567000389
23419,0.006379025289788842,0.0053512147860601544,0.9882697612047195
23420,0.009739974222611636,0.0008620134794909973,0.9893980249762535
23421,0.6719647832214832,0.017452343367040157,0.31058289483189583
23422,0.9888389483094215,0.0003124765989923617,0.010848593956325203
23423,0.05507512670010328,0.0034211774764116853,0.9415037035942078
23424,0.8075326159596443,0.028024424565955997,0.16444296203553677
23425,0.924682267010212,0.02633413567673415,0.04898359579965472
23426,0.9628023877739906,0.002385406318353489,0.034812204306945205
23427,0.08014918258413672,0.03728245047386736,0.8825683444738388
23428,0.1132247680798173,0.009491951059317216,0.8772832825779915
23429,0.9628885015845299,0.0011952773056691512,0.03591620409861207
23430,0.9675838649272919,0.001085291092749685,0.03133084927685559
23431,0.0023172063229139894,0.001706388771708589,0.9959764033555984
23432,0.002979269585921429,0.00038846897950861603,0.9966322556138039
23433,0.578886229544878,0.010147659544600174,0.4109660964459181
23434,0.984034813940525,0.0006830781385360751,0.015282101812772453
23435,0.9602597579360008,0.013599274563603103,0.026140970294363797
23436,0.9783024489879608,0.0037464633569470607,0.017951074056327343
23437,0.9850581735372543,0.0013788178766844794,0.013562996056862175
23438,0.016366471769288182,0.0031816904156585224,0.9804518297314644
23439,0.7851663753390312,0.0035920223454013467,0.21124162897467613
23440,0.7952769994735718,0.007373038039077073,0.19734998047351837
23441,0.23426656611263752,0.003041068368474953,0.7626923844218254
23442,0.9512291923165321,0.024115570238791406,0.024655220680870116
23443,0.6487051956355572,0.04349403828382492,0.3078007698059082
23444,0.30345872044563293,0.011385564226657152,0.6851557195186615
23445,0.9711867943406105,0.010105010878760368,0.018708211020566523
23446,0.4355606399476528,0.004867280833423138,0.5595720745623112
23447,0.7520393431186676,0.00622309822938405,0.24173755571246147
23448,0.9614809975028038,0.0012920923400088213,0.03722690185531974
23449,0.08210460562258959,0.3011287972331047,0.6167665980756283
23450,0.008903318550437689,0.004630398208973929,0.9864662736654282
23451,0.7763847410678864,0.0103215990238823,0.21329365763813257
23452,0.9812005311250687,0.0003788557451116503,0.01842063490767032
23453,0.08322873571887612,0.0190919553861022,0.8976793065667152
23454,0.4563141316175461,0.005809280526591465,0.5378765873610973
23455,0.07089202478528023,0.003012428860529326,0.9260955676436424
23456,0.208449799567461,0.031083696288987994,0.760466493666172
23457,0.955324575304985,0.0022588488791370764,0.042416572105139494
23458,0.986277662217617,0.0064918371208477765,0.007230505463667214
23459,0.9165972545742989,0.05590746342204511,0.027495292481034994
23460,0.8209681212902069,0.006536297092679888,0.17249558493494987
23461,0.1252576531842351,0.004583348432788625,0.8701589927077293
23462,0.7715413272380829,0.019650881411507726,0.2088077636435628
23463,0.8423232808709145,0.00883302092552185,0.1488436944782734
23464,0.035262012388557196,0.00251254033355508,0.9622254520654678
23465,0.08058365946635604,0.016517614189069718,0.9028987362980843
23466,0.31495335698127747,0.012286408105865121,0.6727602370083332
23467,0.10175414569675922,0.05596095649525523,0.8422849029302597
23468,0.003469919494818896,0.0012995260403840803,0.9952305406332016
23469,0.7886565178632736,0.02643614716362208,0.184907341375947
23470,0.9613423943519592,0.009784575086086988,0.028873026371002197
23471,0.9972296208143234,0.0006335155867418507,0.0021368569578044116
23472,0.9797634035348892,0.0030075359100010246,0.017229089862667024
23473,0.8418151587247849,0.012379802588839084,0.14580502035096288
23474,0.8822730928659439,0.003482578176772222,0.11424433346837759
23475,0.9850618466734886,0.0005134884486324154,0.014424666471313685
23476,0.24077110085636377,0.07377208024263382,0.6854568235576153
23477,0.9245824441313744,0.005340384639566764,0.07007713848724961
23478,0.9822382852435112,0.006561796762980521,0.011199925909750164
23479,0.24085850827395916,0.6529064364731312,0.10623505106195807
23480,0.8921619430184364,0.00201117940741824,0.10582690499722958
23481,0.9332427680492401,0.006053568475181237,0.06070368364453316
23482,0.7245024405419827,0.021527643548324704,0.2539698909968138
23483,0.2557698357850313,0.04436565865762532,0.6998645104467869
23484,0.2783995922654867,0.008981383172795177,0.7126190215349197
23485,0.36610838770866394,0.01811198832001537,0.615779634565115
23486,0.3017320353537798,0.014202434453181922,0.6840655282139778
23487,0.9029974117875099,0.006982786057051271,0.09001980861648917
23488,0.9639115557074547,0.002784012191114016,0.03330443543381989
23489,0.10126743838191032,0.00437786674592644,0.8943547159433365
23490,0.9722594022750854,0.002644416381372139,0.025096151744946837
23491,0.6634979322552681,0.007041948672849685,0.32946011051535606
23492,0.9042469561100006,0.0031579168571624905,0.09259513858705759
23493,0.002038757302216254,0.000244805371039547,0.997716449201107
23494,0.06435749912634492,0.009842444735113531,0.925800047814846
23495,0.9187970086932182,0.00638586501008831,0.0748171485029161
23496,0.4218005947768688,0.008214944042265415,0.569984458386898
23497,0.7053699418902397,0.00457452995760832,0.29005552642047405
23498,0.4832954704761505,0.004487982019782066,0.5122165568172932
23499,0.5030078329145908,0.48551440238952637,0.011477748397737741
23500,0.6166410446166992,0.003756985068321228,0.37960197776556015
23501,0.8577958643436432,0.025120645412243903,0.11708348570391536
23502,0.06657669926062226,0.04455596464686096,0.8888673186302185
23503,0.983243890106678,0.0005425471572380047,0.01621358608826995
23504,0.9048225656151772,0.008468068845104426,0.08670935221016407
23505,0.008515955822076648,0.000694182232109597,0.9907898753881454
23506,0.4444313123822212,0.23905747383832932,0.316511208191514
23507,0.01796917337924242,0.04417509469203651,0.9378557652235031
23508,0.7141619399189949,0.01931224437430501,0.2665258105844259
23509,0.5205104537308216,0.013698510942049325,0.465791042894125
23510,0.6233852170407772,0.22204670310020447,0.15456810407340527
23511,0.9527851417660713,0.0038875080354046077,0.043327337596565485
23512,0.8846747875213623,0.015088903019204736,0.10023629851639271
23513,0.978906162083149,0.002148533756553661,0.018945309100672603
23514,0.6393316201865673,0.0170540907420218,0.3436142932623625
23515,0.9527355283498764,0.019752926600631326,0.027511527994647622
23516,0.9534023702144623,0.0012559405804495327,0.04534169449470937
23517,0.20109566394239664,0.011215396341867745,0.7876889109611511
23518,0.9153325110673904,0.002507230150513351,0.08216026704758406
23519,0.7966089323163033,0.031168028013780713,0.17222304362803698
23520,0.9914262518286705,0.0007433600694639608,0.007830363407265395
23521,0.9569459781050682,0.003610398038290441,0.03944362886250019
23522,0.9804758355021477,0.0022748857882106677,0.017249276745133102
23523,0.9706811904907227,0.0021025481837568805,0.027216256130486727
23524,0.6444871611893177,0.05289240600541234,0.3026204351335764
23525,0.960898257791996,0.0026740813918877393,0.03642764431424439
23526,0.977826751768589,0.002141367192962207,0.02003189129754901
23527,0.6555338129401207,0.013901437137974426,0.3305647596716881
23528,0.20180096197873354,0.01129603642039001,0.7869030013680458
23529,0.7489009499549866,0.027160848840139806,0.22393819969147444
23530,0.7294878661632538,0.013857140322215855,0.25665498804301023
23531,0.2841356210410595,0.02737133577466011,0.6884930469095707
23532,0.13254115544259548,0.013994801964145154,0.8534640297293663
23533,0.9055205509066582,0.0008529700244253036,0.09362648194655776
23534,0.7488487437367439,0.17837352585047483,0.07277773832902312
23535,0.0031878476293059066,0.000951111942413263,0.9958610311150551
23536,0.7955735698342323,0.0025083863001782447,0.20191804133355618
23537,0.9009504616260529,0.0038452906883321702,0.09520425740629435
23538,0.7144248858094215,0.04536271351389587,0.24021239392459393
23539,0.8727161809802055,0.005468374642077833,0.12181542720645666
23540,0.5767008066177368,0.012848729791585356,0.4104504771530628
23541,0.2008103933185339,0.009792037191800773,0.7893975526094437
23542,0.7768391221761703,0.16922090156003833,0.05393998511135578
23543,0.0840455531142652,0.7131257019937038,0.20282873325049877
23544,0.9831394106149673,0.0008175537586794235,0.016043026698753238
23545,0.4607119970023632,0.011157057102536783,0.5281309373676777
23546,0.8899139314889908,0.005158372514415532,0.10492770001292229
23547,0.9241675361990929,0.005002565972972661,0.07082990510389209
23548,0.1661110883578658,0.017417178489267826,0.8164717182517052
23549,0.917377844452858,0.012115153600461781,0.07050701230764389
23550,0.993926651775837,0.0014099164909566753,0.004663435451220721
23551,0.9543634206056595,0.0020597052352968603,0.04357687756419182
23552,0.00775524036725983,0.0007779375373502262,0.9914668202400208
23553,0.8819609209895134,0.0038664937164867297,0.11417259369045496
23554,0.9810021296143532,0.007450044678989798,0.011547821224667132
23555,0.016989046591334045,0.0012466906555346213,0.9817642644047737
23556,0.9809321239590645,0.0027683329244609922,0.016299542621709406
23557,0.9734076485037804,0.0004809928486793069,0.026111327344551682
23558,0.0033124200417660177,0.0004242794311721809,0.9962632954120636
23559,0.9761573895812035,0.00029685921526834136,0.023545725620351732
23560,0.5369703359901905,0.005623829609248787,0.45740583539009094
23561,0.6905011013150215,0.0028156588232377544,0.30668324790894985
23562,0.012995388300623745,0.0016817658106447197,0.9853228405117989
23563,0.9676974266767502,0.0011000264457834419,0.031202560290694237
23564,0.2252543307840824,0.06665912619791925,0.7080865576863289
23565,0.8443657085299492,0.01050985517213121,0.14512442518025637
23566,0.979400210082531,0.0005595907605311368,0.020040198578499258
23567,0.7750475406646729,0.12881560064852238,0.09613685496151447
23568,0.5318930484354496,0.028045252547599375,0.44006169959902763
23569,0.009470267337746918,0.0020707039366243407,0.9884590357542038
23570,0.9926150068640709,0.0010872235579881817,0.006297772866673768
23571,0.5024119988083839,0.07892723334953189,0.4186607748270035
23572,0.9577434360980988,0.007435640960466117,0.03482092195190489
23573,0.6244387812912464,0.10248383181169629,0.27307738177478313
23574,0.9564424827694893,0.004516998968028929,0.03904053824953735
23575,0.012137754005379975,0.0012270992519916035,0.9866351336240768
23576,0.9490855038166046,0.003053612890653312,0.04786088038235903
23577,0.9592999517917633,0.0015994495697668754,0.03910058969631791
23578,0.14490430522710085,0.04043778171762824,0.8146579191088676
23579,0.015930396388284862,0.003593433939386159,0.9804761931300163
23580,0.30186193622648716,0.011216256185434759,0.6869217902421951
23581,0.02186264982447028,0.07492260122671723,0.9032147452235222
23582,0.1146209049038589,0.02564767189323902,0.8597314432263374
23583,0.014817394374404103,0.0014340172056108713,0.9837485924363136
23584,0.7126694098114967,0.03801731509156525,0.24931327998638153
23585,0.6050499081611633,0.050481789745390415,0.3444682788103819
23586,0.7343652918934822,0.0074281509150750935,0.25820655189454556
23587,0.9961706846952438,0.0004118331580684753,0.00341749656945467
23588,0.9720853939652443,0.0005654322521877475,0.027349179843440652
23589,0.4113713316619396,0.0060869730659760535,0.5825416930019855
23590,0.9607539996504784,0.008289002202218398,0.030957012670114636
23591,0.0033536845294293016,0.0007214546767499996,0.9959248453378677
23592,0.3059483505785465,0.018173114047385752,0.6758785173296928
23593,0.9801671579480171,0.0016425470676040277,0.018190285773016512
23594,0.0411462711635977,0.006130670342827216,0.952723041176796
23595,0.9825073629617691,0.0043933912384090945,0.013099256088025868
23596,0.6726431325078011,0.01814527262467891,0.3092115707695484
23597,0.9564596265554428,0.0025840641756076366,0.04095630859956145
23598,0.9913932532072067,0.002489861952199135,0.0061168673855718225
23599,0.06757097505033016,0.0023775244771968573,0.9300514981150627
23600,0.014255775371566415,0.003193274824297987,0.9825509637594223
23601,0.9583733826875687,0.0025057770253624767,0.03912084037438035
23602,0.3210428413003683,0.006593015190446749,0.6723641380667686
23603,0.8779213279485703,0.07215778762474656,0.049920888151973486
23604,0.983904704451561,0.00093741660748492,0.015157871064729989
23605,0.9733738899230957,0.014922071830369532,0.011704051401466131
23606,0.9802630171179771,0.0023874899052316323,0.017349505505990237
23607,0.79316196590662,0.0022663639683742076,0.20457167737185955
23608,0.9428635016083717,0.005836133233970031,0.051300348713994026
23609,0.5446935892105103,0.007274119765497744,0.44803227484226227
23610,0.14637870341539383,0.006746567465597764,0.8468747287988663
23611,0.9775051325559616,0.0004786215340573108,0.02201624750159681
23612,0.4275691770017147,0.026189809781499207,0.5462410002946854
23613,0.9031325802206993,0.005939267750363797,0.09092813404276967
23614,0.011584492167457938,0.0017258995358133689,0.9866896122694016
23615,0.7843437120318413,0.021142715006135404,0.19451355561614037
23616,0.9786869511008263,0.00814495759550482,0.013168083387427032
23617,0.9627357348799706,0.006274194485740736,0.03099006018601358
23618,0.860309973359108,0.015362211968749762,0.12432781420648098
23619,0.9672163054347038,0.0015384515572804958,0.031245239544659853
23620,0.8451436907052994,0.06247439794242382,0.0923819039016962
23621,0.8171659559011459,0.015179731301032007,0.16765430103987455
23622,0.9526349306106567,0.009163573908153921,0.03820148506201804
23623,0.016823064419440925,0.0011449317098595202,0.9820319712162018
23624,0.9438478872179985,0.006219885020982474,0.04993221443146467
23625,0.7586548179388046,0.041327281622216105,0.2000178685411811
23626,0.5605512633919716,0.005627071368508041,0.4338216707110405
23627,0.9757861644029617,0.0018300333686056547,0.022383815608918667
23628,0.9757483527064323,0.002789375255815685,0.021462280303239822
23629,0.0021593304409179837,0.0015464894531760365,0.9962941855192184
23630,0.9733144640922546,0.007729547272901982,0.018955971230752766
23631,0.004258609871612862,0.0009246917252312414,0.9948166981339455
23632,0.8687421232461929,0.04300888767465949,0.08824899280443788
23633,0.8999812975525856,0.006759564130334184,0.09325914550572634
23634,0.9350166022777557,0.009225915593560785,0.05575747485272586
23635,0.012987377704121172,0.0023225472832564265,0.9846900627017021
23636,0.9931416139006615,0.0012869027341366746,0.005571472313022241
23637,0.9909511804580688,0.0008147756507241866,0.008234020264353603
23638,0.021674452116712928,0.016286768834106624,0.9620387703180313
23639,0.8655524849891663,0.04388102097436786,0.09056652104482055
23640,0.9857183024287224,0.0012696837802650407,0.013012014562264085
23641,0.9813793450593948,0.005723013804527,0.012897647800855339
23642,0.4594627171754837,0.03861557913478464,0.5019216910004616
23643,0.9166205152869225,0.0019891660631401464,0.081390337087214
23644,0.9349925890564919,0.0025965502063627355,0.06241088127717376
23645,0.9555361121892929,0.0018074701220029965,0.04265641630627215
23646,0.01352427207166329,0.0008435772251687013,0.9856321513652802
23647,0.80328319221735,0.00634874717798084,0.1903680907562375
23648,0.9857280850410461,0.0006955499011382926,0.013576339581049979
23649,0.9867967441678047,0.00039675357766100205,0.012806508399080485
23650,0.8673912212252617,0.013685274694580585,0.11892349179834127
23651,0.8434265330433846,0.08187674498185515,0.07469672430306673
23652,0.9903163760900497,0.000861246844579,0.008822354837320745
23653,0.979539766907692,0.002952533512143418,0.01750771189108491
23654,0.9216082245111465,0.0071267450985033065,0.07126501528546214
23655,0.1783320102840662,0.011379983217921108,0.8102879971265793
23656,0.3411137815564871,0.008268091973150149,0.6506181061267853
23657,0.1415168959647417,0.0113395971711725,0.8471435159444809
23658,0.9536642953753471,0.002396627896814607,0.043939071940258145
23659,0.03853508783504367,0.0036835325590800494,0.9577813819050789
23660,0.0032245484180748463,0.00026679768780013546,0.9965086579322815
23661,0.5747134797275066,0.02149127738084644,0.4037952348589897
23662,0.40195332467556,0.015942854981403798,0.5821038149297237
23663,0.960057333111763,0.0007053219851513859,0.03923734906129539
23664,0.0933531909249723,0.5038917437195778,0.40275505371391773
23665,0.01238974678562954,0.0018434872108628042,0.9857667610049248
23666,0.08001000992953777,0.004444845195394009,0.9155451357364655
23667,0.6333294436335564,0.06700950162485242,0.29966106824576855
23668,0.009805610752664506,0.0059493881271919236,0.9842449873685837
23669,0.9587353765964508,0.004263460083166137,0.037001185817644
23670,0.6747025661170483,0.002862750494387001,0.3224346935749054
23671,0.01815079082734883,0.0012713851319858804,0.9805778115987778
23672,0.47663188353180885,0.04032889008522034,0.4830392263829708
23673,0.1270949775353074,0.013560805120505393,0.8593442067503929
23674,0.752226434648037,0.006552786799147725,0.2412207741290331
23675,0.7241380959749222,0.010370553471148014,0.26549135334789753
23676,0.9163903966546059,0.003975143394200131,0.07963445037603378
23677,0.5951738022267818,0.026558796758763492,0.3782673981040716
23678,0.9862294495105743,0.00032026797452999745,0.013450274243950844
23679,0.8695553839206696,0.013514134945580736,0.1169304484501481
23680,0.9861516579985619,0.0021049945353297517,0.011743324750568718
23681,0.8630519658327103,0.10483596008270979,0.03211207198910415
23682,0.9855094403028488,0.0003227591805625707,0.014167775749228895
23683,0.11899711564183235,0.40160709619522095,0.4793957844376564
23684,0.8259319141507149,0.002072410556138493,0.17199565609917045
23685,0.9844751060009003,0.0022414743580156937,0.013283425709232688
23686,0.9796371087431908,0.0016974732861854136,0.01866538659669459
23687,0.003233907904359512,0.0004266265532351099,0.9963394552469254
23688,0.5342439450323582,0.002135318602086045,0.46362074464559555
23689,0.013868324516806751,0.00358855961530935,0.9825431331992149
23690,0.37184350565075874,0.522273562848568,0.10588294174522161
23691,0.8602451905608177,0.0034416590788168833,0.1363131431862712
23692,0.06072628824040294,0.004235084430547431,0.9350386187434196
23693,0.9491532295942307,0.0010984390755766071,0.04974833829328418
23694,0.09227110911160707,0.008286631084047258,0.8994422629475594
23695,0.9947808906435966,0.00016986814353003865,0.005049225699622184
23696,0.9618728831410408,0.0006577551503141876,0.037469350500032306
23697,0.8816731870174408,0.007631414337083697,0.11069539934396744
23698,0.9381423071026802,0.003397751846932806,0.05845994409173727
23699,0.9853026419878006,0.002969175315229222,0.01172817958286032
23700,0.8883621022105217,0.004138265925575979,0.1074996255338192
23701,0.9306441321969032,0.021701705059967935,0.047654175432398915
23702,0.4984837621450424,0.010526878933887929,0.4909893609583378
23703,0.009305637620855123,0.0014223874168237671,0.9892719686031342
23704,0.3880427535623312,0.009895136579871178,0.6020621135830879
23705,0.9665204435586929,0.0023917820799397305,0.03108777734450996
23706,0.9949506148695946,0.00024940516232163645,0.004799969698069617
23707,0.69192685931921,0.07670553959906101,0.23136761784553528
23708,0.9747210368514061,0.001849086198490113,0.02342987316660583
23709,0.9931702390313148,0.0004978106153430417,0.006331941258395091
23710,0.01674705697223544,0.007742684247205034,0.9755102470517159
23711,0.9593385607004166,0.0018032631851383485,0.03885817830450833
23712,0.1601565321907401,0.00805764168035239,0.8317858502268791
23713,0.8289361745119095,0.0047768186195753515,0.1662870217114687
23714,0.9437771737575531,0.005350891791749746,0.05087191937491298
23715,0.9793913215398788,0.004188465507468209,0.01642022212035954
23716,0.012273522443138063,0.0016640422400087118,0.9860624372959137
23717,0.008827397658023983,0.006150571396574378,0.9850220531225204
23718,0.97593904286623,0.002174092529457994,0.021886836853809655
23719,0.9235964268445969,0.002170349529478699,0.07423323439434171
23720,0.9704719930887222,0.0004433284775586799,0.029084668960422277
23721,0.9507233798503876,0.003918712449376471,0.045357916969805956
23722,0.010637138388119638,0.0009670675644883886,0.9883957952260971
23723,0.0058977488515665755,0.0006682799121335847,0.9934339597821236
23724,0.9528191089630127,0.024159904452972114,0.023020981927402318
23725,0.26696592569351196,0.04557291837409139,0.6874611526727676
23726,0.9115051105618477,0.003722807188751176,0.08477209880948067
23727,0.5966639034450054,0.022231988376006484,0.3811040986329317
23728,0.7868669256567955,0.022369483718648553,0.1907635945826769
23729,0.8955104202032089,0.00451068629627116,0.09997888840734959
23730,0.8432284072041512,0.05713688163086772,0.09963469952344894
23731,0.42941682413220406,0.039792747935280204,0.5307904183864594
23732,0.013817398634273559,0.0029090852476656437,0.9832735136151314
23733,0.9827980622649193,0.00023898862855276093,0.01696294720750302
23734,0.7193359732627869,0.2503527933731675,0.03031123266555369
23735,0.5918127633631229,0.017174372333101928,0.39101285114884377
23736,0.9821293875575066,0.000736969945137389,0.01713364291936159
23737,0.959252379834652,0.0014294664943008684,0.03931816713884473
23738,0.9708869829773903,0.005625798221444711,0.02348722331225872
23739,0.9601109996438026,0.0006834977284597699,0.039205490378662944
23740,0.8940382227301598,0.006519164104247466,0.09944261703640223
23741,0.8741118237376213,0.0031743979052407667,0.12271380051970482
23742,0.004152954425080679,0.0004719458374893293,0.9953751116991043
23743,0.8655557334423065,0.01325489766895771,0.12118937633931637
23744,0.7641566023230553,0.002547941679949872,0.23329546861350536
23745,0.48573749884963036,0.15195891819894314,0.36230358481407166
23746,0.8974861279129982,0.020986439543776214,0.08152744127437472
23747,0.4723597690463066,0.015192104619927704,0.5124481469392776
23748,0.45997773855924606,0.011897728603798896,0.5281245149672031
23749,0.9839255139231682,0.00048575023538433015,0.015588735463097692
23750,0.9840456247329712,0.0006822395298513584,0.015272105811163783
23751,0.9167517721652985,0.046847407007589936,0.036400829907506704
23752,0.9874877110123634,0.0023879992295405827,0.010124277090653777
23753,0.8004316985607147,0.03611253877170384,0.16345577128231525
23754,0.6894172020256519,0.0043563223734963685,0.30622647516429424
23755,0.9527793079614639,0.003386372365639545,0.04383430886082351
23756,0.8962524607777596,0.002487813835614361,0.10125973029062152
23757,0.6106177605688572,0.04410317318979651,0.3452790752053261
23758,0.08131812792271376,0.0033922520669875666,0.9152896255254745
23759,0.9889643788337708,0.005318212177371606,0.005717417690902948
23760,0.01624348876066506,0.006378621881594881,0.9773779064416885
23761,0.10204013204202056,0.17526025231927633,0.7226996086537838
23762,0.1927937101572752,0.004658552148612216,0.8025477379560471
23763,0.9867604523897171,0.0016977505874820054,0.011541789921466261
23764,0.9656241163611412,0.02359701448585838,0.010778859257698059
23765,0.6435575410723686,0.004441236000275239,0.3520012330263853
23766,0.010369926108978689,0.002766741716186516,0.986863300204277
23767,0.8879864141345024,0.00361635148874484,0.10839723888784647
23768,0.9830093756318092,0.004119754914427176,0.012870873149950057
23769,0.0052699759835377336,0.0008863940711307805,0.9938436448574066
23770,0.977973610162735,0.0010410293289169203,0.0209853668930009
23771,0.7829073816537857,0.009057133866008371,0.20803547650575638
23772,0.14070426858961582,0.07974327215924859,0.7795524597167969
23773,0.9456741288304329,0.0013590710368589498,0.052966784220188856
23774,0.9632631540298462,0.0014342343201860785,0.03530260408297181
23775,0.14558613765984774,0.042900993721559644,0.8115128427743912
23776,0.9390157908201218,0.0031755818490637466,0.05780862830579281
23777,0.0018074173713102937,0.0003371712864463916,0.9978554248809814
23778,0.9799985289573669,0.0008176084484148305,0.01918387063778937
23779,0.5914608612656593,0.003365573094924912,0.40517354756593704
23780,0.9467840194702148,0.00823152088560164,0.044984456384554505
23781,0.9915442615747452,0.0010124497748620342,0.007443288573995233
23782,0.005533668329007924,0.0007607024126627948,0.9937056303024292
23783,0.913745641708374,0.012166010099463165,0.07408832665532827
23784,0.837768629193306,0.006403085048077628,0.15582829248160124
23785,0.17555936519056559,0.006389578804373741,0.8180510699748993
23786,0.9684384316205978,0.000400716589865624,0.031160851707682014
23787,0.925991877913475,0.0024663549847900867,0.0715417661704123
23788,0.24303237162530422,0.013269494229461998,0.743698138743639
23789,0.14322808105498552,0.3630369510501623,0.4937349706888199
23790,0.29752322286367416,0.6230649426579475,0.07941183354705572
23791,0.8649505451321602,0.024867282016202807,0.11018215585500002
23792,0.004756206966703758,0.002063831954728812,0.9931799694895744
23793,0.6613766513764858,0.0049316760851070285,0.33369166404008865
23794,0.014381618006154895,0.015545821050181985,0.9700725451111794
23795,0.8922209069132805,0.029628627584315836,0.078150465618819
23796,0.5915571339428425,0.006992450274992734,0.40145042538642883
23797,0.3975614346563816,0.007161088811699301,0.595277477055788
23798,0.6453840285539627,0.0027505333709996194,0.3518654312938452
23799,0.9266475960612297,0.0011010272210114636,0.07225137855857611
23800,0.9664688631892204,0.0024764995905570686,0.031054632272571325
23801,0.595053281635046,0.021634656353853643,0.3833120632916689
23802,0.8164995312690735,0.0033673419093247503,0.18013313133269548
23803,0.8559618890285492,0.018711020122282207,0.12532710283994675
23804,0.001953256614797283,0.0023731454493827187,0.9956736117601395
23805,0.001174127264675917,0.0002898023012676276,0.9985360726714134
23806,0.9747281521558762,0.0006230722265172517,0.024648777907714248
23807,0.7132444381713867,0.007892388413893059,0.27886317297816277
23808,0.7776466980576515,0.0033518349082442,0.21900146920233965
23809,0.009859898884315044,0.009006187901832163,0.9811339154839516
23810,0.9717798456549644,0.0032388617983087897,0.024981297552585602
23811,0.009195387421641499,0.0029378207109402865,0.9878668114542961
23812,0.9552167281508446,0.0034887342917500064,0.04129455843940377
23813,0.47466959431767464,0.09556186944246292,0.429768530651927
23814,0.03771338704973459,0.0013700058771064505,0.9609166085720062
23815,0.12808440439403057,0.05859865574166179,0.8133169263601303
23816,0.925397165119648,0.00488415959989652,0.0697186547331512
23817,0.962094210088253,0.0025539998459862545,0.035351801896467805
23818,0.99050622433424,0.0010632933990564197,0.008430490153841674
23819,0.9723842367529869,0.001566538769111503,0.026049188803881407
23820,0.904184103012085,0.004445343773113564,0.09137055790051818
23821,0.28070852532982826,0.08231755718588829,0.6369739174842834
23822,0.010249465762171894,0.0036498013796517625,0.9861007407307625
23823,0.9459227249026299,0.014307064237073064,0.03977023949846625
23824,0.9817230626940727,0.0017427452403353527,0.0165342113468796
23825,0.977032758295536,0.0005942985480942298,0.022372912382707
23826,0.23948770854622126,0.011210706201381981,0.7493015974760056
23827,0.9103439375758171,0.007219833292765543,0.08243620814755559
23828,0.7661556303501129,0.010488091094885021,0.22335627488791943
23829,0.7276671305298805,0.08859435096383095,0.1837385045364499
23830,0.7690055146813393,0.10026849061250687,0.13072600960731506
23831,0.9772304594516754,0.0029487327265087515,0.01982082729227841
23832,0.9390313848853111,0.01057837373809889,0.05039024003781378
23833,0.9655382186174393,0.005301262339344248,0.029160529375076294
23834,0.9866975173354149,0.0009474373291595839,0.012355088023468852
23835,0.49308033287525177,0.004999809811124578,0.5019198544323444
23836,0.018538768170401454,0.0033469897462055087,0.9781142473220825
23837,0.9254700094461441,0.008653546974528581,0.06587642803788185
23838,0.9711132496595383,0.0011650566375465132,0.027721707010641694
23839,0.6025836206972599,0.16714536491781473,0.2302710060030222
23840,0.9582570269703865,0.004627557791536674,0.037115412997081876
23841,0.9647441059350967,0.00032130149884324055,0.03493457869626582
23842,0.5926560014486313,0.0057165081379935145,0.40162748470902443
23843,0.3074265383183956,0.006758947507478297,0.6858145296573639
23844,0.8982283622026443,0.008376525802304968,0.09339511953294277
23845,0.8656270578503609,0.0038349177630152553,0.1305380230769515
23846,0.9461032003164291,0.006402542581781745,0.047494256403297186
23847,0.3259217217564583,0.045593862887471914,0.6284844093024731
23848,0.2840833868831396,0.2657721256837249,0.4501444771885872
23849,0.8313231319189072,0.012820971489418298,0.15585591550916433
23850,0.7950630411505699,0.007811710878740996,0.19712521973997355
23851,0.9555451944470406,0.0010354114092478994,0.04341937880963087
23852,0.017583987792022526,0.002135538525180891,0.9802804663777351
23853,0.2249105628579855,0.003998837230028585,0.7710905969142914
23854,0.9020918384194374,0.008396459743380547,0.08951169485226274
23855,0.954239584505558,0.0010668558643374126,0.044693563831970096
23856,0.37010730616748333,0.01906912459526211,0.6108235567808151
23857,0.0676057655364275,0.0014685449059470557,0.9309257045388222
23858,0.8947230726480484,0.004801746254088357,0.10047520138323307
23859,0.9787546843290329,0.0017383178055752069,0.019506984390318394
23860,0.9878899082541466,0.0006683012506982777,0.011441792885307223
23861,0.6538843438029289,0.00619674677727744,0.33991891145706177
23862,0.9933597669005394,0.0008366102447325829,0.005803642648970708
23863,0.9697436541318893,0.006234967382624745,0.024021382676437497
23864,0.9207516983151436,0.0082689433475025,0.07097938004881144
23865,0.9693955779075623,0.014311216189526021,0.01629319740459323
23866,0.9602143242955208,0.0018052158193313517,0.03798044193536043
23867,0.796158067882061,0.01219078985741362,0.19165114499628544
23868,0.9847206845879555,0.004320233507314697,0.010959097417071462
23869,0.6395689584314823,0.004914370336337015,0.3555166535079479
23870,0.9599698409438133,0.004262533999281004,0.03576762578450143
23871,0.799122266471386,0.04125596350058913,0.15962177328765392
23872,0.42012106254696846,0.04098648112267256,0.5388924404978752
23873,0.07993817096576095,0.0030901520512998104,0.9169716909527779
23874,0.01923027657903731,0.0068916551826987416,0.9738780856132507
23875,0.9736147224903107,0.004454188048839569,0.02193110343068838
23876,0.12349817808717489,0.00729163660435006,0.8692101985216141
23877,0.8802446201443672,0.005231549148447812,0.11452385224401951
23878,0.7296923771500587,0.003587116254493594,0.2667205445468426
23879,0.8910797014832497,0.02447064674925059,0.08444962883368134
23880,0.9568428248167038,0.00033810849345172755,0.042819065041840076
23881,0.37711562402546406,0.06416612444445491,0.5587182603776455
23882,0.8805430233478546,0.009042787918588147,0.11041417671367526
23883,0.6824722811579704,0.15441811084747314,0.1631095865741372
23884,0.007271087029948831,0.0008907948758860584,0.9918381124734879
23885,0.9020403102040291,0.0011025567437172867,0.09685714915394783
23886,0.43335822969675064,0.004469302133657038,0.5621724724769592
23887,0.16521554859355092,0.010196998482570052,0.8245874419808388
23888,0.49684589356184006,0.03240944701246917,0.47074466571211815
23889,0.590920303016901,0.0031119682971620932,0.40596771985292435
23890,0.7841279804706573,0.010964306129608303,0.20490771904587746
23891,0.08632020466029644,0.003999440494226292,0.9096803441643715
23892,0.9798621907830238,0.0019927998437196948,0.018145013717003167
23893,0.7746618092060089,0.1035461756400764,0.12179203145205975
23894,0.9310397282242775,0.0063163726445054635,0.06264390423893929
23895,0.206820173189044,0.005475732672493905,0.7877040952444077
23896,0.39304742962121964,0.04748075734823942,0.5594718083739281
23897,0.9419553503394127,0.0044332395191304386,0.05361139960587025
23898,0.8691939860582352,0.0013418275557341985,0.129464210011065
23899,0.5904534123837948,0.013280166953336447,0.39626642502844334
23900,0.9923514425754547,0.0004440864868229255,0.007204478024505079
23901,0.5817331522703171,0.006615563004743308,0.4116512890905142
23902,0.2982228100299835,0.03447188693098724,0.667305301874876
23903,0.948324054479599,0.006580026296433061,0.04509593336842954
23904,0.8525380343198776,0.03357100975699723,0.11389096640050411
23905,0.16820592526346445,0.5241637676954269,0.3076303042471409
23906,0.8791678324341774,0.0058975474967155606,0.1149345925077796
23907,0.9707026183605194,0.0018857621325878426,0.027411627932451665
23908,0.9671085700392723,0.0038025888934498653,0.02908885315991938
23909,0.7554916664958,0.0033410923497285694,0.24116723611950874
23910,0.7586931213736534,0.00976539240218699,0.23154151160269976
23911,0.9553595334291458,0.0006370496557792649,0.044003423070535064
23912,0.012432080984581262,0.0020798384357476607,0.9854880720376968
23913,0.9867317751049995,0.0023854819883126765,0.010882735659833997
23914,0.011638551135547459,0.0018946481723105535,0.9864667654037476
23915,0.982404313981533,0.0004559001317829825,0.017139782779850066
23916,0.9402378126978874,0.0056511349976062775,0.054111046716570854
23917,0.45517193898558617,0.0093758434522897,0.5354522094130516
23918,0.8835646137595177,0.008423432213021442,0.10801196750253439
23919,0.9554152339696884,0.01944371359422803,0.025141062738839537
23920,0.7633896544575691,0.180485675111413,0.05612467136234045
23921,0.9606244415044785,0.006161763070849702,0.03321377793326974
23922,0.670632928609848,0.046361677814275026,0.2830053996294737
23923,0.7710866034030914,0.0067123025364708155,0.22220107726752758
23924,0.2653585560619831,0.017561266315169632,0.7170801758766174
23925,0.9138298630714417,0.0013938500851509161,0.08477629674598575
23926,0.5562189370393753,0.0059618216182570904,0.437819242477417
23927,0.5629760511219501,0.10359660489484668,0.33342733047902584
23928,0.9745509922504425,0.00040387982699030545,0.025045125046744943
23929,0.7643194124102592,0.008775881258770823,0.2269047126173973
23930,0.8360085487365723,0.004631226911442354,0.15936020854860544
23931,0.8421739339828491,0.006248744466574863,0.1515773357823491
23932,0.9201530516147614,0.022818838828243315,0.05702811386436224
23933,0.917363129556179,0.002618672137032263,0.08001822838559747
23934,0.4314267858862877,0.2556603793054819,0.31291283667087555
23935,0.912137471139431,0.012290764483623207,0.07557177543640137
23936,0.07611242961138487,0.021953964373096824,0.9019335880875587
23937,0.7996319383382797,0.009438995213713497,0.19092909805476665
23938,0.9870354235172272,0.0015234397433232516,0.011441134673077613
23939,0.9895213916897774,0.0003445224747338216,0.01013406497077085
23940,0.9519520998001099,0.0064373628119938076,0.04161056294105947
23941,0.9840666204690933,0.0030183173075783998,0.012915063998661935
23942,0.7018401920795441,0.016338475979864597,0.28182134218513966
23943,0.012148074922151864,0.001933239989739377,0.9859186932444572
23944,0.9292292073369026,0.004173745313892141,0.06659703142940998
23945,0.5891507305204868,0.004279992077499628,0.4065692871809006
23946,0.9623197913169861,0.00035703429421118926,0.03732316172681749
23947,0.4822710379958153,0.05433364794589579,0.46339529752731323
23948,0.89791439473629,0.0022403059556381777,0.09984529996290803
23949,0.1494136517867446,0.0038219202251639217,0.8467644304037094
23950,0.9721357151865959,0.0008272246413980611,0.027037059888243675
23951,0.992663286626339,0.00020643942116294056,0.007130266661988571
23952,0.23957381770014763,0.030686245998367667,0.7297399416565895
23953,0.9511394053697586,0.02028718905057758,0.028573397547006607
23954,0.9236620664596558,0.006124803563579917,0.07021313207224011
23955,0.9809301272034645,0.0015883462947385851,0.01748152996879071
23956,0.5107278414070606,0.016445489367470145,0.47282667830586433
23957,0.9697089195251465,0.002743537101196125,0.02754754084162414
23958,0.7973846346139908,0.0023090809409040958,0.20030628144741058
23959,0.3674851804971695,0.27906998060643673,0.353444816544652
23960,0.5238729491829872,0.004621101397788152,0.4715059455484152
23961,0.003183555367286317,0.0004166037524555577,0.9963998571038246
23962,0.973943255841732,0.010377789789345115,0.0156789404572919
23963,0.177146689966321,0.02811524411663413,0.7947380617260933
23964,0.3996553272008896,0.4101877622306347,0.19015689566731453
23965,0.08221136219799519,0.0029709849040955305,0.9148176461458206
23966,0.7736657559871674,0.004647484951419756,0.22168674878776073
23967,0.9592842906713486,0.014689602074213326,0.026026122854091227
23968,0.4887220449745655,0.13447731966152787,0.37680065259337425
23969,0.9774485751986504,0.0031510169355897233,0.019400417571887374
23970,0.9202913492918015,0.002627562469569966,0.07708109822124243
23971,0.02554047608282417,0.011049660970456898,0.9634098559617996
23972,0.9707909226417542,0.00037919592432444915,0.02882986911572516
23973,0.923176109790802,0.008081253326963633,0.06874263589270413
23974,0.07839497877284884,0.1422872538678348,0.7793177366256714
23975,0.9676880091428757,0.016131067764945328,0.016180913313291967
23976,0.9861473515629768,0.0014996711179264821,0.012352951627690345
23977,0.9420371204614639,0.0033675854792818427,0.05459529347717762
23978,0.008284166891826317,0.0012927591596962884,0.9904230684041977
23979,0.7530551850795746,0.018362718867138028,0.22858210280537605
23980,0.8861933052539825,0.07903733057901263,0.03476936649531126
23981,0.2588218916207552,0.041013710550032556,0.7001644037663937
23982,0.03521770902443677,0.005226114692050032,0.9595561921596527
23983,0.982748456299305,0.001555441485834308,0.01569610193837434
23984,0.31832257844507694,0.02590423624496907,0.6557731851935387
23985,0.9624626561999321,0.0007439752844220493,0.03679337562061846
23986,0.9764934107661247,0.0032840368075994775,0.02022255293559283
23987,0.012172099086456,0.0014674884150736034,0.9863604083657265
23988,0.06889274111017585,0.011040548037271947,0.9200667291879654
23989,0.9290330708026886,0.0013964871905045584,0.06957043311558664
23990,0.008726209722226486,0.000894131666427711,0.9903796389698982
23991,0.6952214129269123,0.001320525821938645,0.30345806293189526
23992,0.6489193998277187,0.03901924367528409,0.31206135265529156
23993,0.966261550784111,0.006603786983760074,0.027134646428748965
23994,0.355171836912632,0.016170674352906644,0.6286574825644493
23995,0.7957708984613419,0.0006376080218615243,0.20359148923307657
23996,0.2886791694909334,0.008072549826465547,0.7032482624053955
23997,0.10252818558365107,0.004900143860140815,0.8925716578960419
23998,0.4981539882719517,0.018360744696110487,0.48348525539040565
23999,0.9912835881114006,0.00019522088041412644,0.008521193987689912
24000,0.07486532675102353,0.007222850283142179,0.9179118350148201
24001,0.9927290380001068,0.0023020993394311517,0.0049688571016304195
24002,0.03350859053898603,0.006649065850069746,0.9598423466086388
24003,0.005996861029416323,0.0009144840569206281,0.9930886551737785
24004,0.32659525983035564,0.0752936564385891,0.5981110967695713
24005,0.4325269050896168,0.1112267579883337,0.4562463350594044
24006,0.9058199152350426,0.007918942748801783,0.08626117091625929
24007,0.9425910338759422,0.004957647295668721,0.0524513078853488
24008,0.9068961217999458,0.04220687714405358,0.05089699337258935
24009,0.00443011280731298,0.005303515295963734,0.9902663677930832
24010,0.6352748535573483,0.0061769598396494985,0.35854819044470787
24011,0.5010392554104328,0.02955684275366366,0.4694038890302181
24012,0.968797542154789,0.0009689992475614417,0.0302334763109684
24013,0.9595446139574051,0.0015186383971013129,0.03893675212748349
24014,0.9597875773906708,0.008411249204073101,0.03180116740986705
24015,0.6837154105305672,0.0035768400121014565,0.31270776130259037
24016,0.9793344661593437,0.008367653645109385,0.012297892128117383
24017,0.8789662197232246,0.00789111852645874,0.11314266314730048
24018,0.8222050666809082,0.03141754469834268,0.14637737441807985
24019,0.940483458340168,0.005525749205844477,0.05399078316986561
24020,0.9043755829334259,0.0025298000255133957,0.0930946166627109
24021,0.03557520778849721,0.003147463401546702,0.9612773507833481
24022,0.8554561883211136,0.019149463740177453,0.1253943331539631
24023,0.1558662559837103,0.2823362145572901,0.5617975443601608
24024,0.03796373913064599,0.0028687216981779784,0.9591675102710724
24025,0.9883191883563995,0.000397302759665763,0.011283508909400553
24026,0.001973179736523889,0.0009398813563166186,0.9970869645476341
24027,0.2925430405884981,0.002586576505564153,0.7048703730106354
24028,0.7741281315684319,0.006438243202865124,0.219433618709445
24029,0.9697398021817207,0.0015347043008659966,0.028725469950586557
24030,0.7597538381814957,0.1797143518924713,0.06053179409354925
24031,0.004495709843467921,0.000535977836989332,0.9949682801961899
24032,0.9475440979003906,0.034304759465157986,0.01815113751217723
24033,0.04018054925836623,0.002136662194970995,0.957682803273201
24034,0.023081767372787,0.002361438746447675,0.9745567962527275
24035,0.9675135314464569,0.005672753439284861,0.02681371127255261
24036,0.6566653177142143,0.022875850554555655,0.320458821952343
24037,0.9747152179479599,0.0024001306883292273,0.02288466482423246
24038,0.9809852614998817,0.0008070350995694753,0.018207706743851304
24039,0.9753821268677711,0.002404697486781515,0.022213158779777586
24040,0.8929055482149124,0.0019497118701110594,0.10514472797513008
24041,0.7603606358170509,0.0037906655779806897,0.235848693177104
24042,0.978760115802288,0.0009042543206305709,0.02033564366865903
24043,0.9934656098484993,0.0011112559950561263,0.005423157679615542
24044,0.678613942116499,0.062253080774098635,0.259132981300354
24045,0.011387179140001535,0.0032334859133698046,0.9853793531656265
24046,0.013444005278870463,0.0009384011937072501,0.9856176003813744
24047,0.9674982503056526,0.0020507718218141235,0.030450967140495777
24048,0.9252834096550941,0.006014739308739081,0.06870185071602464
24049,0.8407733291387558,0.0031182622478809208,0.1561083998531103
24050,0.9406692683696747,0.00494842734769918,0.05438229022547603
24051,0.892870619893074,0.0037787123801535927,0.1033506728708744
24052,0.93390092253685,0.0038177464302862063,0.06228133523836732
24053,0.9646270796656609,0.00419802765827626,0.031174878706224263
24054,0.05753528792411089,0.0016366980635211803,0.9408280178904533
24055,0.6891053579747677,0.006860315566882491,0.3040343541651964
24056,0.01450870867120102,0.0008647683134768158,0.984626516699791
24057,0.09729637484997511,0.0040916289581218734,0.8986120000481606
24058,0.7370474636554718,0.0032642079022480175,0.2596883065998554
24059,0.9434777870774269,0.007927203841973096,0.04859498352743685
24060,0.9283975288271904,0.00214364528801525,0.06945880968123674
24061,0.9165940880775452,0.008317011437611654,0.07508889259770513
24062,0.9163819402456284,0.012509513646364212,0.07110853865742683
24063,0.055929267313331366,0.0013655582879437134,0.9427051767706871
24064,0.8665357306599617,0.012860252638347447,0.12060397583991289
24065,0.9524919167160988,0.0035028046258958057,0.04400526452809572
24066,0.897114522755146,0.006416648015147075,0.09646885003894567
24067,0.043518607039004564,0.061015084211248904,0.8954663351178169
24068,0.010780171083752066,0.002256279709399678,0.986963540315628
24069,0.9923581629991531,0.0012677974955295213,0.006374024960678071
24070,0.7980632334947586,0.013108971121255308,0.1888277968391776
24071,0.9845370799303055,0.0010898462060140446,0.01437308790627867
24072,0.9799645692110062,0.004429295979207382,0.01560615946073085
24073,0.9682411104440689,0.0019378930592210963,0.029820998897776008
24074,0.6927094981074333,0.05068550002761185,0.25660499557852745
24075,0.9879696741700172,0.004340165920439176,0.007690157653996721
24076,0.9015830978751183,0.004300458007492125,0.09411643911153078
24077,0.005798069381853566,0.003323827368149068,0.9908780977129936
24078,0.7994913309812546,0.027436610485892743,0.17307206988334656
24079,0.9341543987393379,0.002181688047130592,0.06366389011964202
24080,0.0993101301137358,0.0176002299413085,0.8830896615982056
24081,0.9351086989045143,0.03210805170238018,0.03278324916027486
24082,0.008285549294669181,0.0037717692321166396,0.9879426807165146
24083,0.8841083943843842,0.005155254824785516,0.11073633749037981
24084,0.9822680205106735,0.0011892371257999912,0.01654273213353008
24085,0.9709728509187698,0.0010114681172126438,0.028015694580972195
24086,0.9110014736652374,0.013651900924742222,0.07534662075340748
24087,0.35286966152489185,0.03716318146325648,0.6099671721458435
24088,0.5811527445912361,0.013562647975049913,0.40528461895883083
24089,0.9711884558200836,0.002517891931347549,0.026293667731806636
24090,0.9652863517403603,0.003984226626926102,0.030729425023309886
24091,0.901835985481739,0.012963025132194161,0.08520100312307477
24092,0.8683770671486855,0.00886389403603971,0.12275903485715389
24093,0.9605621993541718,0.0024428289470961317,0.03699497855268419
24094,0.6685867793858051,0.0016344139694410842,0.3297788165509701
24095,0.9487393349409103,0.0024844698782544583,0.048776194686070085
24096,0.3608938716351986,0.035258115734905005,0.6038480065762997
24097,0.78852429240942,0.01102421130053699,0.2004514690488577
24098,0.036989440908655524,0.009825014567468315,0.95318553596735
24099,0.9906542971730232,0.0015886049368418753,0.0077570834691869095
24100,0.4698379784822464,0.008760861062910408,0.5214011520147324
24101,0.15909872483462095,0.02527599537279457,0.815625287592411
24102,0.9412656798958778,0.00952684402000159,0.04920748062431812
24103,0.01864728709915653,0.006188456856762059,0.9751642718911171
24104,0.9650296419858932,0.0020366502430988476,0.032933719689026475
24105,0.9065822288393974,0.016125894733704627,0.07729188259691
24106,0.0290101224090904,0.00873766461154446,0.9622522071003914
24107,0.9826099574565887,0.0024069250212050974,0.014983125729486346
24108,0.7630194202065468,0.012521483469754457,0.2244591135531664
24109,0.9888487309217453,0.0012586149023263715,0.009892661415506154
24110,0.6498621664941311,0.035027166828513145,0.31511067412793636
24111,0.9121256172657013,0.0014975131998653524,0.08637687377631664
24112,0.9776860848069191,0.0011592161790758837,0.021154718939214945
24113,0.9907140806317329,0.000884042168763699,0.008401887840591371
24114,0.9658481627702713,0.001972717000171542,0.03217910777311772
24115,0.9902453720569611,0.0007723088456259575,0.00898231694009155
24116,0.5233022123575211,0.001808111643185839,0.47488967329263687
24117,0.942129947245121,0.00325498562597204,0.054615067318081856
24118,0.9925404265522957,0.0017061606558854692,0.005753410921897739
24119,0.5842959731817245,0.016257083625532687,0.399446964263916
24120,0.9124505966901779,0.017626966233365238,0.06992243509739637
24121,0.8056635558605194,0.032231657300144434,0.16210478823632002
24122,0.5115245953202248,0.016469309921376407,0.47200608253479004
24123,0.9500503167510033,0.00398453044181224,0.04596515744924545
24124,0.9679003357887268,0.0011555830060387962,0.03094408754259348
24125,0.9613014161586761,0.0006882061170472298,0.03801038779783994
24126,0.93781328946352,0.00417780717543792,0.05800890643149614
24127,0.44667285680770874,0.0037830479413969442,0.5495441071689129
24128,0.9714395180344582,0.01306343509349972,0.0154970494331792
24129,0.9735355451703072,0.002123311351169832,0.024341125739738345
24130,0.5247519910335541,0.030508045107126236,0.4447399638593197
24131,0.10596203105524182,0.01210114627610892,0.8819368183612823
24132,0.9862104207277298,0.0011998382469755597,0.012589760648552328
24133,0.8647814467549324,0.006140323588624597,0.12907822709530592
24134,0.2304159179329872,0.019591373740695417,0.7499926760792732
24135,0.9655999839305878,0.025306886062026024,0.009093128959648311
24136,0.4715384542942047,0.31493653915822506,0.2135249860584736
24137,0.9788245037198067,0.0027528923528734595,0.01842262619175017
24138,0.07192145241424441,0.014165414730086923,0.9139131382107735
24139,0.8215882703661919,0.13854965567588806,0.039862087927758694
24140,0.874998539686203,0.018741995736490935,0.10625945776700974
24141,0.5642552264034748,0.012259389739483595,0.42348537966609
24142,0.559227354824543,0.06397798610851169,0.37679464742541313
24143,0.8123326003551483,0.010865226213354617,0.17680215649306774
24144,0.9734272807836533,0.0005469840725709219,0.026025739265605807
24145,0.9550993219017982,0.0010529161008889787,0.0438477776478976
24146,0.7951611131429672,0.005548363289562985,0.19929052703082561
24147,0.29216786101460457,0.015152963460423052,0.6926791667938232
24148,0.8277750909328461,0.0046741607948206365,0.16755076218396425
24149,0.9857329428195953,0.0023805967502994463,0.011886449705343693
24150,0.9762638509273529,0.0012789269367203815,0.02245723456144333
24151,0.9484893679618835,0.011176731146406382,0.040333886398002505
24152,0.9676773995161057,0.001363581272016745,0.030959004536271095
24153,0.9946879893541336,0.0015201753049041145,0.00379185909696389
24154,0.9499445855617523,0.02063411008566618,0.02942130109295249
24155,0.8407272696495056,0.006759250623872504,0.152513456530869
24156,0.7619367986917496,0.004415251009049825,0.23364794626832008
24157,0.4711268413811922,0.0051178027933929116,0.523755356669426
24158,0.011797693558037281,0.0004464220837689936,0.9877558946609497
24159,0.9837324470281601,0.004401341953780502,0.01186619495274499
24160,0.7502643689513206,0.03181152301840484,0.2179241105914116
24161,0.6777279078960419,0.019066183362156153,0.30320590920746326
24162,0.3433038014918566,0.004750641790451482,0.651945561170578
24163,0.45073799788951874,0.004294517304515466,0.5449674688279629
24164,0.004373190298792906,0.0003627755540946964,0.995264045894146
24165,0.40395974554121494,0.04107684036716819,0.5549634173512459
24166,0.9585514590144157,0.004716532916063443,0.03673200588673353
24167,0.050910575315356255,0.008668769034557045,0.9404206722974777
24168,0.9697330370545387,0.0012701115410891362,0.028996888315305114
24169,0.9632357582449913,0.023795427987352014,0.012968833674676716
24170,0.9868297949433327,0.0005528409910766641,0.012617354863323271
24171,0.9686101824045181,0.00026777122184284963,0.031122055486775935
24172,0.36939288675785065,0.017952985304873437,0.6126541346311569
24173,0.9678358510136604,0.0165983036858961,0.01556583063211292
24174,0.014900358277373016,0.0017759326001396403,0.9833237156271935
24175,0.8507111072540283,0.019220938556827605,0.13006796035915613
24176,0.9819756597280502,0.006284281960688531,0.01174007001100108
24177,0.11612836178392172,0.001984127884497866,0.8818875104188919
24178,0.9898195862770081,0.0001461352985643316,0.010034246777649969
24179,0.21449751500040293,0.009876691969111562,0.7756257802248001
24180,0.008002827991731465,0.010250059538520873,0.9817470982670784
24181,0.1717344792559743,0.0044382895866874605,0.8238272443413734
24182,0.9923502057790756,0.0014150096685625613,0.006234763393877074
24183,0.9595328494906425,0.0029967624286655337,0.037470398703590035
24184,0.7705245316028595,0.026079549686983228,0.2033958937972784
24185,0.8905926793813705,0.035266763996332884,0.07414056407287717
24186,0.3801814243197441,0.024000342353247106,0.5958182476460934
24187,0.23475382290780544,0.02241018391214311,0.7428359910845757
24188,0.9865369647741318,0.004721310811873991,0.008741736935917288
24189,0.006777669652365148,0.002748152648564428,0.990474171936512
24190,0.13765593152493238,0.008355602738447487,0.8539884686470032
24191,0.11881124135106802,0.009493917168583721,0.8716948255896568
24192,0.016427161288447678,0.0019012556440429762,0.9816716015338898
24193,0.9670397490262985,0.008912843157304451,0.024047404760494828
24194,0.08887618267908692,0.012285393720958382,0.8988384455442429
24195,0.9803755953907967,0.001421511777152773,0.018202886101789773
24196,0.87409408390522,0.00918156749685295,0.11672435142099857
24197,0.9349721893668175,0.005271657748380676,0.059756144881248474
24198,0.8336989879608154,0.02335340075660497,0.1429476123303175
24199,0.9926904439926147,0.0002531317386456067,0.007056443719193339
24200,0.9748465642333031,0.001035128330840962,0.024118307745084167
24201,0.9629957675933838,0.00351582930306904,0.0334883751347661
24202,0.9829208925366402,0.00018315366014576284,0.01689594448544085
24203,0.18128956481814384,0.006778108421713114,0.8119323030114174
24204,0.9856662228703499,0.000604537137405714,0.013729243713896722
24205,0.9873467981815338,0.0015351545662269928,0.011118031456135213
24206,0.8058852329850197,0.03466898715123534,0.159445789642632
24207,0.043624197714962065,0.0028349079948384315,0.9535408988595009
24208,0.9451677575707436,0.0025963631487684324,0.052235861076042056
24209,0.6882149130105972,0.03426829434465617,0.27751679345965385
24210,0.9615384861826897,0.0007710621066507883,0.03769047115929425
24211,0.6343656592071056,0.006856419146060944,0.3587779328227043
24212,0.8095561489462852,0.007861679361667484,0.1825821753591299
24213,0.020430554053746164,0.003110279554675799,0.9764591678977013
24214,0.8839250728487968,0.04447066504508257,0.07160424906760454
24215,0.936486504971981,0.0007884229926276021,0.06272506690584123
24216,0.08330517029389739,0.011527263559401035,0.9051675498485565
24217,0.9501535594463348,0.0033080991270253435,0.04653833154588938
24218,0.7527404800057411,0.007394368585664779,0.2398651521652937
24219,0.9841912463307381,0.000934948206122499,0.014873792883008718
24220,0.9723444133996964,0.0018974056438310072,0.025758171686902642
24221,0.9949415549635887,0.0006412759466911666,0.004417164076585323
24222,0.737831711769104,0.08297683019191027,0.17919146735221148
24223,0.519664965569973,0.005795728851808235,0.47453929483890533
24224,0.03722380055114627,0.34296412020921707,0.6198120787739754
24225,0.9880919232964516,0.0003400539790163748,0.01156802661716938
24226,0.9585245251655579,0.004213268432067707,0.037262195721268654
24227,0.010950530064292252,0.0010037141182692721,0.9880457744002342
24228,0.9704926162958145,0.000722426142601762,0.028784942347556353
24229,0.0009434980674996041,0.00019599240840761922,0.9988605231046677
24230,0.9825416505336761,0.0019215073698433116,0.015536866034381092
24231,0.2807167172431946,0.0019164484474458732,0.7173668220639229
24232,0.9782926216721535,0.0030805534770479426,0.01862682611681521
24233,0.9174596518278122,0.03558186604641378,0.04695849819108844
24234,0.9038744270801544,0.013848546193912625,0.08227703953161836
24235,0.6388618499040604,0.008198313356842846,0.3529398236423731
24236,0.6729713529348373,0.01235172594897449,0.31467693112790585
24237,0.88424002379179,0.0662204788532108,0.04953948385082185
24238,0.017368893837556243,0.0017557297105668113,0.9808753952383995
24239,0.9663364887237549,0.006783233140595257,0.026880302000790834
24240,0.970487616956234,0.009162656031548977,0.020349737256765366
24241,0.02233993844129145,0.0016061519636423327,0.9760539084672928
24242,0.5990291126072407,0.002174973822548054,0.3987959288060665
24243,0.9219186753034592,0.00891523837344721,0.06916608056053519
24244,0.873860239982605,0.002239369263406843,0.12390039442107081
24245,0.9609427526593208,0.008122618310153484,0.030934619717299938
24246,0.9424145370721817,0.0025690940965432674,0.055016368394717574
24247,0.7894838973879814,0.027107930509373546,0.1834081681445241
24248,0.15576960984617472,0.019644999701995403,0.8245854005217552
24249,0.9588926881551743,0.008693371550180018,0.03241395438089967
24250,0.21247676946222782,0.03563678590580821,0.7518864572048187
24251,0.6472005508840084,0.0017072959235520102,0.3510921485722065
24252,0.3211842402815819,0.310157248750329,0.36865850538015366
24253,0.8135658577084541,0.0022170841257320717,0.18421704415231943
24254,0.7726141512393951,0.015591278264764696,0.21179457288235426
24255,0.017718474729917943,0.001258732911082916,0.981022797524929
24256,0.9922390878200531,0.0006759299176337663,0.007084990502335131
24257,0.9419659599661827,0.03808860806748271,0.01994542859029025
24258,0.7553301081061363,0.008301080204546452,0.23636882193386555
24259,0.9774003401398659,0.0003738090344995726,0.022225862951017916
24260,0.9705193862318993,0.0032772442864370532,0.02620336937252432
24261,0.9747635051608086,0.009098565264139324,0.016137930215336382
24262,0.10489303758367896,0.006207245518453419,0.8888997212052345
24263,0.5543216913938522,0.236114589497447,0.20956371631473303
24264,0.9868853092193604,0.0010039144199254224,0.012110767653211951
24265,0.9707164913415909,0.0009024500832310878,0.02838104753755033
24266,0.8970988318324089,0.0869640652090311,0.01593708840664476
24267,0.9601246193051338,0.004466101207071915,0.03540928242728114
24268,0.9556382820010185,0.0025372771924594417,0.04182443651370704
24269,0.042445969535037875,0.09043870214372873,0.8671153038740158
24270,0.9623167738318443,0.01044684139196761,0.027236371068283916
24271,0.8878227025270462,0.005339873139746487,0.10683740768581629
24272,0.9661302492022514,0.002261039309814805,0.03160868736449629
24273,0.9678581580519676,0.002249899538583122,0.02989194355905056
24274,0.9381173774600029,0.005467421637149528,0.0564151993021369
24275,0.966041125357151,0.004927263857098296,0.02903162781149149
24276,0.9383938834071159,0.006404941494110972,0.05520118004642427
24277,0.018382133450359106,0.0019320041465107352,0.979685865342617
24278,0.2886891271919012,0.012725982232950628,0.698584895581007
24279,0.09260619385167956,0.01839107263367623,0.8890027552843094
24280,0.0234698629938066,0.007820272003300488,0.968709871172905
24281,0.9818907678127289,0.0007679341288167052,0.017341278726235032
24282,0.20693614706397057,0.026292903115972877,0.7667709589004517
24283,0.020608029677532613,0.0021904717723373324,0.9772015064954758
24284,0.8750099092721939,0.0032927219290286303,0.12169737555086613
24285,0.9133806303143501,0.005177884217118844,0.0814414694905281
24286,0.9792808592319489,0.001462010339309927,0.019257131847552955
24287,0.9707726910710335,0.0067977699800394475,0.022429526317864656
24288,0.9895409941673279,0.0006464406833401881,0.009812554519157857
24289,0.9727324992418289,0.005206472123973072,0.022061023162677884
24290,0.9671444147825241,0.016178058926016092,0.016677528736181557
24291,0.9508602097630501,0.0015711791274952702,0.047568632988259196
24292,0.9073377102613449,0.007942300464492291,0.08471996989101171
24293,0.9307010024785995,0.007146421121433377,0.0621525589376688
24294,0.9749828577041626,0.0003121086447208654,0.02470503351651132
24295,0.9643723964691162,0.0006612043034692761,0.034966400591656566
24296,0.04314897605217993,0.0016475886950502172,0.9552034437656403
24297,0.06393959000706673,0.04536021896637976,0.8907001987099648
24298,0.05915408977307379,0.03617678699083626,0.9046691209077835
24299,0.5243197195231915,0.014962459565140307,0.4607178047299385
24300,0.9601751863956451,0.0003306237358629005,0.03949420084245503
24301,0.036758683156222105,0.001838971278630197,0.9614023193717003
24302,0.9249300733208656,0.00883165665436536,0.06623827060684562
24303,0.10924825398251414,0.2417855327948928,0.6489662267267704
24304,0.9761568754911423,0.008058240840910003,0.015784880961291492
24305,0.9425069466233253,0.01501269795699045,0.0424803514033556
24306,0.8867107927799225,0.00565679554711096,0.10763242654502392
24307,0.10835505370050669,0.03163670399226248,0.8600082322955132
24308,0.9362939074635506,0.0027799654853879474,0.06092613050714135
24309,0.01075160241452977,0.001533452385046985,0.9877149537205696
24310,0.9856642559170723,0.0022956232423894107,0.012040114554110914
24311,0.9917537719011307,0.0008580247667850927,0.0073882180149666965
24312,0.9895678535103798,0.005137244239449501,0.00529488138272427
24313,0.5703986287117004,0.005738610838307068,0.4238627441227436
24314,0.9855681881308556,0.0008591404985054396,0.013572689204011112
24315,0.980216272175312,0.0002299577336088987,0.019553784863092005
24316,0.9604013189673424,0.0005310231827024836,0.039067643228918314
24317,0.9663845971226692,0.012587574776262045,0.021027808194048703
24318,0.005160154163604602,0.0009648703926359303,0.9938749670982361
24319,0.8671518936753273,0.0022593253233935684,0.13058878388255835
24320,0.9635160490870476,0.0008264731040981133,0.03565748501569033
24321,0.973593071103096,0.001375635307340417,0.025031293276697397
24322,0.8258562311530113,0.0023707875807303935,0.17177297919988632
24323,0.9603785946965218,0.001453710370697081,0.038167689461261034
24324,0.8660597950220108,0.00980380194960162,0.12413639761507511
24325,0.9846539720892906,0.0014521647535730153,0.013893868308514357
24326,0.5355045534670353,0.00955033308127895,0.4549451060593128
24327,0.9896313175559044,0.0007444138864229899,0.009624270198401064
24328,0.8052415549755096,0.0238564379978925,0.17090199515223503
24329,0.4835543930530548,0.3774619698524475,0.13898363057523966
24330,0.8154337480664253,0.020723029389046133,0.1638432089239359
24331,0.9585125595331192,0.00572857802035287,0.03575886087492108
24332,0.8912968635559082,0.0013413257111096755,0.10736180655658245
24333,0.791301928460598,0.055581051390618086,0.1531170131638646
24334,0.8947271779179573,0.004431236971868202,0.10084159020334482
24335,0.9616218730807304,0.00975901703350246,0.028619112679734826
24336,0.9667092710733414,0.001152869052020833,0.032137867994606495
24337,0.9939898252487183,0.0014282854463090189,0.004581905523082241
24338,0.9688606858253479,0.0013262843349366449,0.029813019675202668
24339,0.6830403134226799,0.003940373222576454,0.31301931850612164
24340,0.9693398699164391,0.0004951890077791177,0.030164924915879965
24341,0.3513395320624113,0.00585097330622375,0.6428094953298569
24342,0.5461783185601234,0.0563644771464169,0.39745720103383064
24343,0.5973913036286831,0.03042725007981062,0.3721814565360546
24344,0.1312857996672392,0.0038681388541590422,0.8648460656404495
24345,0.012754055671393871,0.000729626597603783,0.9865163341164589
24346,0.00952681025955826,0.012393998680636287,0.9780791774392128
24347,0.9628134220838547,0.0035600098344730213,0.03362657898105681
24348,0.4684983566403389,0.06141523690894246,0.4700864106416702
24349,0.985843725502491,0.002323198234080337,0.011833064025267959
24350,0.2733204383403063,0.03792534430976957,0.6887542381882668
24351,0.7557831034064293,0.006647807022091001,0.237569073215127
24352,0.9178619384765625,0.0006535042739415076,0.08148453757166862
24353,0.9204997718334198,0.022464192588813603,0.05703603173606098
24354,0.01712446170859039,0.002926454952103086,0.9799490943551064
24355,0.9872357696294785,0.002605794245027937,0.010158408316783607
24356,0.013037903350777924,0.0009626280880183913,0.9859994649887085
24357,0.9362826496362686,0.0023119096003938466,0.06140542961657047
24358,0.006477117596659809,0.0024588344094809145,0.9910640493035316
24359,0.8527567312121391,0.00754284905269742,0.13970042299479246
24360,0.9696565121412277,0.01122409087838605,0.019119414500892162
24361,0.803300179541111,0.11417997302487493,0.08251984603703022
24362,0.9294976592063904,0.009403048257809132,0.06109930668026209
24363,0.9681841656565666,0.015850314870476723,0.015965535247232765
24364,0.9781984314322472,0.0004808441735804081,0.021320727770216763
24365,0.9475864320993423,0.004013054029201157,0.0484004954341799
24366,0.792758397758007,0.025573227554559708,0.18166839331388474
24367,0.4804531931877136,0.018810368375852704,0.5007364377379417
24368,0.26513098180294037,0.6571105681359768,0.07775846915319562
24369,0.7763225361704826,0.0048356321203755215,0.2188418386504054
24370,0.7211388051509857,0.01432110188761726,0.264540096744895
24371,0.9957890957593918,0.0002333952306798892,0.003977520653279498
24372,0.0028880801692139357,0.0006234726606635377,0.996488444507122
24373,0.9544516503810883,0.0013318121200427413,0.044216542737558484
24374,0.9030435681343079,0.0034250185126438737,0.0935314274393022
24375,0.6456555314362049,0.01430382241960615,0.3400406390428543
24376,0.9601597264409065,0.022140229353681207,0.01770006655715406
24377,0.8880335092544556,0.005572512571234256,0.10639396775513887
24378,0.9595979899168015,0.006289989978540689,0.03411201713606715
24379,0.24891247227787971,0.006195820518769324,0.7448917105793953
24380,0.9399310275912285,0.0026034008769784123,0.05746556678786874
24381,0.931715838611126,0.0038383743376471102,0.06444580107927322
24382,0.8100871294736862,0.00846305798040703,0.1814498109742999
24383,0.9633318111300468,0.0012423102671164088,0.03542588371783495
24384,0.9806751906871796,0.00048601415983284824,0.018838805030100048
24385,0.9793964922428131,0.004435052425833419,0.01616847817786038
24386,0.675587821751833,0.0070428900653496385,0.3173692896962166
24387,0.9936529844999313,0.0014923940325388685,0.004854594561038539
24388,0.05081466515548527,0.04717493895441294,0.902010403573513
24389,0.06868692813441157,0.0031030488898977637,0.9282099977135658
24390,0.06416529649868608,0.020060690643731505,0.915774017572403
24391,0.00879155658185482,0.008056941878749058,0.9831515103578568
24392,0.8641357645392418,0.0013480234156304505,0.13451620377600193
24393,0.9082289487123489,0.0047165368450805545,0.08705452596768737
24394,0.9864926487207413,0.0015936351119307801,0.011913719412405044
24395,0.827024981379509,0.013556989841163158,0.15941804088652134
24396,0.49384529888629913,0.0014190586734912358,0.5047356374561787
24397,0.5413210019469261,0.007642267097253352,0.4510367251932621
24398,0.9847800508141518,0.0008526221427018754,0.014367328374646604
24399,0.003950391139369458,0.001421615517756436,0.9946279600262642
24400,0.9558085650205612,0.0035403878282522783,0.04065104480832815
24401,0.9459214210510254,0.0025051426782738417,0.05157342692837119
24402,0.9703369215130806,0.002616600235342048,0.02704646869096905
24403,0.9301346316933632,0.000997094753984129,0.06886829202994704
24404,0.010591664467938244,0.0040255028870888054,0.9853828176856041
24405,0.4838576354086399,0.14845661725848913,0.36768576316535473
24406,0.9330461546778679,0.001374256913550198,0.06557957967743278
24407,0.3393625896424055,0.04574667278211564,0.6148907504975796
24408,0.9118179678916931,0.005787519941804931,0.08239451423287392
24409,0.8549808338284492,0.002570602999185212,0.14244857523590326
24410,0.9747621715068817,0.0007991996681084856,0.024438632419332862
24411,0.5074058845639229,0.059941355139017105,0.4326527826488018
24412,0.9678462371230125,0.001763828237017151,0.030389929423108697
24413,0.08463433338329196,0.011273823911324143,0.9040918424725533
24414,0.6037729158997536,0.29279044829308987,0.10343662742525339
24415,0.9433140978217125,0.0035718059953069314,0.05311412084847689
24416,0.8778232038021088,0.035917284432798624,0.08625952387228608
24417,0.969448871910572,0.0028756862884620205,0.02767541748471558
24418,0.9879294708371162,0.0021338394508347847,0.009936685441061854
24419,0.9719772487878799,0.001916711131343618,0.026106042321771383
24420,0.8211519047617912,0.001322192547377199,0.17752589378505945
24421,0.24996806681156158,0.025443630293011665,0.7245883047580719
24422,0.9683061391115189,0.0028376908448990434,0.02885617408901453
24423,0.9227145239710808,0.009691403422039002,0.06759406998753548
24424,0.9769088700413704,0.0013773001119261608,0.021713836351409554
24425,0.8032959923148155,0.008982661529444158,0.18772135488688946
24426,0.9658979848027229,0.008667650981806219,0.025434363866224885
24427,0.20029778592288494,0.006806229503126815,0.792895995080471
24428,0.4953155145049095,0.025074511882849038,0.47960997372865677
24429,0.9554800465703011,0.00424094931804575,0.040279020089656115
24430,0.9729959890246391,0.00542371763731353,0.021580289932899177
24431,0.25699383951723576,0.18192648328840733,0.5610796846449375
24432,0.9611283615231514,0.0034175932523794472,0.03545403550378978
24433,0.005915039393585175,0.0014232515604817308,0.9926616996526718
24434,0.997048906981945,0.00011753420130844461,0.0028335599054116756
24435,0.9671637117862701,0.0014912491460563615,0.03134503308683634
24436,0.6398949101567268,0.015019839978776872,0.3450852558016777
24437,0.971195176243782,0.002020243409788236,0.026784576941281557
24438,0.25683862157166004,0.005685517011443153,0.7374758571386337
24439,0.19956237263977528,0.008651473850477487,0.7917861491441727
24440,0.9824327230453491,0.0006548202727572061,0.016912440885789692
24441,0.9913136214017868,0.0004701923498942051,0.008216187357902527
24442,0.8828027322888374,0.011553817195817828,0.10564346332103014
24443,0.13287735264748335,0.005286302271997556,0.8618363440036774
24444,0.7933410331606865,0.07063152268528938,0.13602743716910481
24445,0.8849464431405067,0.07775203138589859,0.037301522912457585
24446,0.9818065986037254,0.002778587382636033,0.01541480515152216
24447,0.9499015808105469,0.004988883069017902,0.04510954162105918
24448,0.09224611986428499,0.013535830221371725,0.8942180573940277
24449,0.9551147893071175,0.0006103743107814807,0.04427483328618109
24450,0.9618876725435257,0.019138700561597943,0.018973638419993222
24451,0.015177755034528673,0.017902902502100915,0.9669193550944328
24452,0.8279212936758995,0.005547846667468548,0.1665308503434062
24453,0.005167322116903961,0.0018981202156282961,0.9929345548152924
24454,0.24868579395115376,0.003273774025728926,0.7480404451489449
24455,0.3335028477013111,0.013641900382936,0.6528552584350109
24456,0.902617834508419,0.011659932089969516,0.08572225458920002
24457,0.543751660734415,0.007293587434105575,0.4489547498524189
24458,0.9814424812793732,0.00034978091025550384,0.018207755987532437
24459,0.4094899408519268,0.025087018962949514,0.5654230453073978
24460,0.9897595196962357,0.00036899054612149484,0.009871475980617106
24461,0.5096378959715366,0.04108537454158068,0.44927671924233437
24462,0.7799852043390274,0.01701534993480891,0.20299944654107094
24463,0.0338049978017807,0.006261840491788462,0.9599331617355347
24464,0.7355798631906509,0.0224846777273342,0.24193543940782547
24465,0.9728107377886772,0.0023067902657203376,0.02488247351720929
24466,0.5070480369031429,0.019756550551392138,0.4731954149901867
24467,0.030427303398028016,0.002126723702531308,0.9674459546804428
24468,0.9640352874994278,0.01581376267131418,0.020150953554548323
24469,0.0166421493049711,0.0014795489769312553,0.9818782806396484
24470,0.23400944285094738,0.06972405361011624,0.6962665133178234
24471,0.9733622968196869,0.0029245058831293136,0.023713189410045743
24472,0.9450821876525879,0.00683933129766956,0.048078492283821106
24473,0.15882688015699387,0.6181513704359531,0.2230217419564724
24474,0.9854692295193672,0.0004815017164219171,0.0140492741484195
24475,0.8769459575414658,0.013449766382109374,0.10960427857935429
24476,0.9934545457363129,0.001273249086807482,0.005272204813081771
24477,0.1297958418726921,0.0022265740408329293,0.8679775893688202
24478,0.915326401591301,0.009079824259970337,0.07559377420693636
24479,0.3898556735366583,0.008990075788460672,0.6011542491614819
24480,0.92894446849823,0.002414513088297099,0.06864103814586997
24481,0.1503078630194068,0.018840013653971255,0.830852098762989
24482,0.4663609489798546,0.04268202814273536,0.49095701426267624
24483,0.0015909506546449848,0.0010111062838404905,0.9973979666829109
24484,0.030227245180867612,0.013450610102154315,0.9563221484422684
24485,0.414475305005908,0.03525216085836291,0.5502725131809711
24486,0.8770930171012878,0.004234324296703562,0.11867266055196524
24487,0.987194374203682,0.0069174910022411495,0.0058881419245153666
24488,0.306091483682394,0.12862909771502018,0.5652794390916824
24489,0.5415839552879333,0.04222442163154483,0.41619161888957024
24490,0.9481664299964905,0.0009663774017099058,0.050867179641500115
24491,0.7320505008101463,0.05001362017355859,0.21793589647859335
24492,0.04515759041532874,0.006075306999264285,0.9487670734524727
24493,0.9422649443149567,0.0027142843464389443,0.05502077890560031
24494,0.741820216178894,0.007577349373605102,0.25060243904590607
24495,0.9888308048248291,0.0005326377304299967,0.010636527091264725
24496,0.671875175088644,0.0226526161422953,0.30547221191227436
24497,0.2759809345006943,0.04561234777793288,0.6784066967666149
24498,0.932912677526474,0.003039082541363314,0.06404821714386344
24499,0.9252621382474899,0.0031872271501924843,0.07155062071979046
24500,0.008509735518600792,0.000574367462832015,0.9909159019589424
24501,0.9280556738376617,0.00047534755140077323,0.07146898936480284
24502,0.007470053853467107,0.0005380028815125115,0.9919919446110725
24503,0.4952022135257721,0.006920761428773403,0.4978770315647125
24504,0.9898651540279388,0.0003421476003495627,0.009792689117603004
24505,0.8694004267454147,0.012645471491850913,0.11795411258935928
24506,0.9855479672551155,0.0020168297342024744,0.012435211683623493
24507,0.008413246425334364,0.002288647294335533,0.9892980977892876
24508,0.9705327302217484,0.004173194232862443,0.02529409248381853
24509,0.8645293042063713,0.00315389598836191,0.13231679238379002
24510,0.8964821472764015,0.0014160916907712817,0.10210177674889565
24511,0.9350000396370888,0.0005059565264673438,0.06449400121346116
24512,0.9848906248807907,0.002530592479160987,0.012578782043419778
24513,0.0040840232686605304,0.001799656602088362,0.9941163212060928
24514,0.5923261307179928,0.11294955806806684,0.2947243209928274
24515,0.8924978375434875,0.010764160135295242,0.09673800365999341
24516,0.9528127610683441,0.003916869362001307,0.04327034344896674
24517,0.9822390228509903,0.00501535800867714,0.012745638028718531
24518,0.8964968100190163,0.0018684005917748436,0.10163476504385471
24519,0.4888456501066685,0.0014047982404008508,0.5097495652735233
24520,0.9585264697670937,0.004381351318443194,0.03709215926937759
24521,0.829121895134449,0.04430931597016752,0.12656877422705293
24522,0.9752047657966614,0.002965034465887584,0.021830193931236863
24523,0.9705899059772491,0.002725371581618674,0.026684713317081332
24524,0.9755162969231606,0.0014822017765254714,0.023001486784778535
24525,0.009245589724741876,0.006980211182963103,0.9837742075324059
24526,0.9838952794671059,0.004174404719378799,0.011930291657336056
24527,0.40265825763344765,0.016011588741093874,0.5813301540911198
24528,0.011512839118950069,0.0012542220538307447,0.9872329607605934
24529,0.6335157565772533,0.05532463453710079,0.31115959770977497
24530,0.4277254343032837,0.0066479165107011795,0.5656266584992409
24531,0.9227428808808327,0.004358541569672525,0.07289857231080532
24532,0.9641087651252747,0.001092802453058539,0.03479843842796981
24533,0.9506071656942368,0.01916845515370369,0.030224360525608063
24534,0.9734095185995102,0.0004234715015627444,0.02616700646467507
24535,0.2664157208055258,0.007142929302062839,0.7264413833618164
24536,0.0027251502324361354,0.0021753708133473992,0.9950994774699211
24537,0.9568701907992363,0.0005094500602353946,0.042620354099199176
24538,0.8996736481785774,0.004420958401169628,0.09590538311749697
24539,0.7502543106675148,0.0026586255989968777,0.24708708189427853
24540,0.460872158408165,0.012529746978543699,0.5265981070697308
24541,0.02484468021430075,0.0020825865503866225,0.9730727076530457
24542,0.9355691969394684,0.004944800821249373,0.05948600498959422
24543,0.9612401127815247,0.0005945205339230597,0.03816536464728415
24544,0.975801445543766,0.005881113524083048,0.018317442503757775
24545,0.36719813011586666,0.02128416090272367,0.611517708748579
24546,0.615291178226471,0.015715989866293967,0.3689928278326988
24547,0.8309202864766121,0.0007360461604548618,0.16834365762770176
24548,0.986171305179596,0.0009429447236470878,0.012885735544841737
24549,0.1464318549260497,0.010060223867185414,0.843507930636406
24550,0.43441858887672424,0.020366116310469806,0.5452153198421001
24551,0.971917986869812,0.000579189792915713,0.02750282804481685
24552,0.6898930408060551,0.018702133558690548,0.29140483774244785
24553,0.95478605479002,0.007051275984849781,0.03816265566274524
24554,0.715421337634325,0.014038618537597358,0.2705400735139847
24555,0.9367276430130005,0.03676922898739576,0.02650313707999885
24556,0.9920215085148811,0.0003921076477126917,0.007586363353766501
24557,0.9645978361368179,0.005473788100061938,0.029928367352113128
24558,0.9711374118924141,0.004116993353818543,0.024745614966377616
24559,0.9427647516131401,0.000446792157163145,0.05678846640512347
24560,0.9463732242584229,0.0019633043848443776,0.05166349350474775
24561,0.9502560868859291,0.016080818022601306,0.03366308892145753
24562,0.5732242539525032,0.024705802905373275,0.40206994488835335
24563,0.3376449290663004,0.008535259694326669,0.6538198068737984
24564,0.8614554852247238,0.017864959663711488,0.12067957501858473
24565,0.9696178659796715,0.003475469129625708,0.026906650746241212
24566,0.9703997075557709,0.006363440363202244,0.02323685074225068
24567,0.9622414335608482,0.0066480531968409196,0.031110494630411267
24568,0.958607092499733,0.0017116841045208275,0.03968121949583292
24569,0.9233149439096451,0.021389171946793795,0.055295872036367655
24570,0.9550590962171555,0.0007765798000036739,0.04416431556455791
24571,0.8981120884418488,0.0024005225859582424,0.09948739130049944
24572,0.5588042624294758,0.0063678615260869265,0.43482787162065506
24573,0.9025375843048096,0.004984418104868382,0.09247801452875137
24574,0.9748101606965065,0.0042217065347358584,0.020968101802282035
24575,0.9789365082979202,0.0010614611164783128,0.020002004341222346
24576,0.9707940816879272,0.02041112484585028,0.008794802182819694
24577,0.9814218357205391,0.0019678598473547027,0.01661031332332641
24578,0.0637288149446249,0.008533136104233563,0.9277380555868149
24579,0.7685249447822571,0.018669840414077044,0.21280522271990776
24580,0.973080463707447,0.00620194140356034,0.02071759686805308
24581,0.8288348391652107,0.005764633096987382,0.16540052462369204
24582,0.0455571913626045,0.3951940517872572,0.5592487454414368
24583,0.7937129214406013,0.02720697526820004,0.1790800839662552
24584,0.5960995107889175,0.11391342990100384,0.28998705744743347
24585,0.1723479200154543,0.009231109346728772,0.8184209689497948
24586,0.9084872752428055,0.004018794075818732,0.08749392488971353
24587,0.034023821353912354,0.0031777890835655853,0.9627983868122101
24588,0.20622607320547104,0.09483699034899473,0.6989369317889214
24589,0.7148427814245224,0.0013242874265415594,0.28383294120430946
24590,0.2998274005949497,0.003642915893578902,0.6965296939015388
24591,0.8105582818388939,0.005495410136063583,0.18394630402326584
24592,0.9049924537539482,0.004382850747788325,0.09062469005584717
24593,0.04444908688310534,0.005274264949548524,0.9502766504883766
24594,0.9303185939788818,0.0006294488957792055,0.06905196001753211
24595,0.9377071037888527,0.0007031561435724143,0.061589724849909544
24596,0.9121546521782875,0.0009203363370033912,0.08692501485347748
24597,0.06201319815590978,0.006576578627573326,0.9314102455973625
24598,0.6332875080406666,0.04287188360467553,0.3238406181335449
24599,0.4671407826244831,0.4872404970228672,0.045618713833391666
24600,0.8107568398118019,0.0055694553593639284,0.1836737161502242
24601,0.20076029933989048,0.02466868842020631,0.774571031332016
24602,0.958458699285984,0.0031948190444381908,0.03834648057818413
24603,0.11080695316195488,0.08635718794539571,0.8028358444571495
24604,0.7932673096656799,0.07257858896628022,0.13415409065783024
24605,0.7911054491996765,0.00503142544766888,0.20386312156915665
24606,0.9400336891412735,0.004064205219037831,0.05590209364891052
24607,0.7109533175826073,0.04388540075160563,0.24516130238771439
24608,0.9846079349517822,0.001498787933087442,0.013893282739445567
24609,0.8816483095288277,0.0034812153171515092,0.11487046163529158
24610,0.8085323125123978,0.007065691635943949,0.1844020038843155
24611,0.05788943404331803,0.009396747569553554,0.9327138066291809
24612,0.9206395521759987,0.006624416389968246,0.07273604860529304
24613,0.162587720900774,0.013178006513044238,0.8242342621088028
24614,0.969426266849041,0.020192336989566684,0.010381386964581907
24615,0.7698600143194199,0.10524834878742695,0.124891621991992
24616,0.008881185844074935,0.0015402497301693074,0.9895785674452782
24617,0.9846131801605225,0.000765680379117839,0.01462112134322524
24618,0.9856867790222168,0.004842695139814168,0.009470521472394466
24619,0.9700564071536064,0.0021446609316626564,0.027798921335488558
24620,0.9272431433200836,0.007428048615111038,0.06532879825681448
24621,0.5125469900667667,0.007605623919516802,0.47984737902879715
24622,0.9069940000772476,0.051325356122106314,0.04168064519762993
24623,0.9538708999752998,0.024492029449902475,0.021637070341967046
24624,0.9648649618029594,0.006598558305995539,0.028536505065858364
24625,0.8744970262050629,0.026766645372845232,0.09873632481321692
24626,0.8573153913021088,0.013241471373476088,0.12944314070045948
24627,0.6014726832509041,0.1423420663923025,0.25618524476885796
24628,0.8924780488014221,0.05324298073537648,0.05427894787862897
24629,0.8867010399699211,0.0058118928282056,0.10748705547302961
24630,0.5109284482896328,0.006317487685009837,0.48275403678417206
24631,0.09096692129969597,0.1355065363459289,0.7735265493392944
24632,0.009816703153774142,0.0009980308823287487,0.9891852587461472
24633,0.2554170023649931,0.006390266877133399,0.7381927110254765
24634,0.687400322407484,0.010467820684425533,0.3021318558603525
24635,0.9237312376499176,0.0023628116032341495,0.0739059541374445
24636,0.9739335626363754,0.007512487762141973,0.018553938367404044
24637,0.9688990190625191,0.0004942141786159482,0.030606768908910453
24638,0.9380214586853981,0.004748445877339691,0.05723007209599018
24639,0.9667448475956917,0.0010426240623928607,0.0322125474922359
24640,0.2615983225405216,0.006935748038813472,0.7314659357070923
24641,0.7706056982278824,0.010601041081827134,0.21879327856004238
24642,0.979230098426342,0.002245556694106199,0.018524331506341696
24643,0.2198597453534603,0.00644781366281677,0.7736924439668655
24644,0.9002985879778862,0.010430989204905927,0.08927042037248611
24645,0.4227095916867256,0.04596683103591204,0.5313236005604267
24646,0.9834369868040085,0.008150454610586166,0.008412588038481772
24647,0.9809928461909294,0.0037135767270228826,0.0152935836231336
24648,0.9698599129915237,0.0014185822583385743,0.02872151613701135
24649,0.4739479720592499,0.004461647477000952,0.5215903744101524
24650,0.7599006965756416,0.09076163033023477,0.14933767169713974
24651,0.9536161571741104,0.0058395531959831715,0.04054429940879345
24652,0.9231583252549171,0.0030239664192777127,0.07381770480424166
24653,0.15683486312627792,0.0111904502264224,0.83197470754385
24654,0.9909773766994476,0.00020501824019447668,0.008817605732474476
24655,0.013917411444708705,0.0005625788417091826,0.9855199903249741
24656,0.9848485961556435,0.005643190728733316,0.009508207906037569
24657,0.022487542359158397,0.004269418976036832,0.9732430130243301
24658,0.5374604649841785,0.014970399206504226,0.4475691430270672
24659,0.014827500679530203,0.0016724914239603095,0.9834999889135361
24660,0.9285227954387665,0.0021251739090075716,0.06935202656313777
24661,0.9639521688222885,0.00535330455750227,0.03069452033378184
24662,0.9639556184411049,0.0026753406709758565,0.03336905129253864
24663,0.9124142229557037,0.0058210164424963295,0.08176476834341884
24664,0.9583235457539558,0.0017063358827726915,0.03997013717889786
24665,0.4860211983323097,0.28402031399309635,0.22995849512517452
24666,0.5521015822887421,0.00495512003544718,0.4429433010518551
24667,0.005753113713581115,0.0015178928151726723,0.9927289858460426
24668,0.7340649291872978,0.036994872614741325,0.2289402037858963
24669,0.8674619793891907,0.008868863398674875,0.1236691540107131
24670,0.9673314690589905,0.020282723591662943,0.012385798327159137
24671,0.07620113622397184,0.0031407694914378226,0.9206580892205238
24672,0.8968850448727608,0.008863905619364232,0.09425103478133678
24673,0.980181410908699,0.003301379008917138,0.016517209936864674
24674,0.96673284471035,0.002595789803308435,0.030671356013044715
24675,0.9564996808767319,0.01892985461745411,0.024570468347519636
24676,0.9193153977394104,0.0006455521506723017,0.0800390555523336
24677,0.4182303696870804,0.08111732080578804,0.5006522946059704
24678,0.9799723401665688,0.0020947181910742074,0.01793290884234011
24679,0.9596330896019936,0.0020001140219392255,0.03836679155938327
24680,0.4145019147545099,0.0023255080595845357,0.5831725671887398
24681,0.8019582107663155,0.00791372312232852,0.19012806937098503
24682,0.3124733567237854,0.0026123528223251924,0.6849142909049988
24683,0.9612399265170097,0.0023698537406744435,0.03639025171287358
24684,0.9341738447546959,0.002973716371343471,0.06285242363810539
24685,0.988044872879982,0.0068206645955797285,0.00513446269906126
24686,0.8579602316021919,0.004222571384161711,0.13781719282269478
24687,0.04089222336187959,0.002437940245727077,0.956669844686985
24688,0.9245614558458328,0.0028777427651220933,0.07256082678213716
24689,0.011185924871824682,0.0009522303116682451,0.9878618568181992
24690,0.8309465795755386,0.014347464486490935,0.15470595099031925
24691,0.9834681451320648,0.00030320054975163657,0.016228655236773193
24692,0.0037034346751170233,0.000724626865121536,0.9955719336867332
24693,0.9774425998330116,0.01298718893667683,0.009570202324539423
24694,0.9599401727318764,0.02829289506189525,0.011766934941988438
24695,0.9777645394206047,0.0004444867827260168,0.02179098268970847
24696,0.14695002138614655,0.12780036451295018,0.7252495959401131
24697,0.11436471715569496,0.006008816999383271,0.8796264603734016
24698,0.5300730504095554,0.006980983482208103,0.46294597163796425
24699,0.8425421118736267,0.0041746050119400024,0.1532832831144333
24700,0.6633118204772472,0.01056533568771556,0.3261228445917368
24701,0.9680624753236771,0.00038410697925428394,0.03155341534875333
24702,0.9898055121302605,0.0010244634795526508,0.009170038742013276
24703,0.9699450060725212,0.0021465664758579805,0.02790840924717486
24704,0.11788835376501083,0.014042453141883016,0.8680691793560982
24705,0.9532520771026611,0.0025815979606704786,0.044166312320157886
24706,0.9631476253271103,0.002242502050648909,0.034609858179464936
24707,0.034553403267636895,0.008683091407874599,0.9567635133862495
24708,0.9697316288948059,0.015577008132822812,0.014691341086290777
24709,0.3944423571228981,0.010889556084293872,0.5946680679917336
24710,0.017105473787523806,0.0015997843438526616,0.9812947362661362
24711,0.8555615246295929,0.049454111722297966,0.09498439077287912
24712,0.1060261414386332,0.0030357720679603517,0.8909380808472633
24713,0.577041182667017,0.014432944008149207,0.4085258711129427
24714,0.007001792022492737,0.003251181900850497,0.9897470250725746
24715,0.011931662971619517,0.0016158422295120545,0.9864524975419044
24716,0.6239692941308022,0.007543470885138959,0.3684872202575207
24717,0.7906185835599899,0.16890914924442768,0.040472260443493724
24718,0.9461175501346588,0.02754316240316257,0.026339282747358084
24719,0.9829974621534348,0.009291356516769156,0.0077111663413234055
24720,0.31614401936531067,0.12754203425720334,0.5563139282166958
24721,0.979054182767868,0.002911639487138018,0.018034190754406154
24722,0.011354391230270267,0.005111828009830788,0.9835337847471237
24723,0.5910382010042667,0.059681331273168325,0.3492804579436779
24724,0.5922621078789234,0.006332101969746873,0.40140580013394356
24725,0.7130845710635185,0.014716442208737135,0.2721989694982767
24726,0.9926749244332314,0.002624288506922312,0.004700796474935487
24727,0.9036624506115913,0.0609170850366354,0.03542045457288623
24728,0.9836870357394218,0.0020483000698732212,0.014264661993365735
24729,0.9108434021472931,0.0009656733454903588,0.08819092577323318
24730,0.9957564771175385,0.0018012836080743,0.0024422306451015174
24731,0.9611169025301933,0.009149050165433437,0.02973405970260501
24732,0.8478108793497086,0.005200932268053293,0.14698819443583488
24733,0.04524809494614601,0.0015621154161635786,0.9531897902488708
24734,0.9786399304866791,0.0013732532461290248,0.019986811093986034
24735,0.9925304278731346,0.001650435515330173,0.005819162295665592
24736,0.9918818473815918,0.0011965671037614811,0.006921586027601734
24737,0.9840107336640358,0.004367276356788352,0.011621981277130544
24738,0.015320286503992975,0.002269835131301079,0.982409879565239
24739,0.9792900681495667,0.0014629597135353833,0.019246972515247762
24740,0.7859516218304634,0.02455568127334118,0.1894927006214857
24741,0.8870165571570396,0.04049847973510623,0.07248497288674116
24742,0.4134814515709877,0.005904714314965531,0.5806138403713703
24743,0.9636413529515266,0.00283952995960135,0.033519139513373375
24744,0.8020819425582886,0.00441183615475893,0.193506202660501
24745,0.8422724306583405,0.016760796832386404,0.14096678514033556
24746,0.8359109461307526,0.005540869693504646,0.15854820050299168
24747,0.9643795639276505,0.017806728137657046,0.017813678947277367
24748,0.990450844168663,0.0015680218493798748,0.00798112794291228
24749,0.4099613353610039,0.005039508265326731,0.5849991589784622
24750,0.9871165007352829,0.0018561435317678843,0.011027374013792723
24751,0.9089609310030937,0.000914038966584485,0.09012503363192081
24752,0.9952580705285072,0.00016145280551427277,0.004580481763696298
24753,0.01752834371291101,0.012472788337618113,0.9699988812208176
24754,0.024164783069863915,0.002100868397974409,0.9737343415617943
24755,0.9115979075431824,0.01973293477203697,0.06866917060688138
24756,0.25449327751994133,0.0065752415102906525,0.738931454718113
24757,0.23612848669290543,0.08457211824133992,0.6792993955314159
24758,0.9939292296767235,0.0004688564185926225,0.005601930984994397
24759,0.7247239574790001,0.022366398305166513,0.2529096491634846
24760,0.9375376179814339,0.0016048221659730189,0.06085754744708538
24761,0.30614292435348034,0.062092133332043886,0.6317649446427822
24762,0.7667560130357742,0.008707778324605897,0.2245362065732479
24763,0.9422061070799828,0.0014088177631492727,0.05638509336858988
24764,0.8063401132822037,0.02992579567944631,0.1637340933084488
24765,0.3909460213035345,0.01650085620349273,0.5925531275570393
24766,0.016177510144189,0.0013563799584517255,0.9824661165475845
24767,0.9603205621242523,0.002703605350689031,0.03697582543827593
24768,0.4925380237400532,0.007404513453366235,0.5000574439764023
24769,0.9236369952559471,0.010036863095592707,0.06632614554837346
24770,0.9711766764521599,0.005715398088796064,0.023107914836145937
24771,0.9862698540091515,0.005539237463381141,0.0081909371947404
24772,0.9861779287457466,0.0004992799840692896,0.01332276372704655
24773,0.015341370482929051,0.0016733341399230994,0.9829853028059006
24774,0.012021016329526901,0.0037026812497060746,0.9842763170599937
24775,0.31429811008274555,0.00593229488003999,0.6797695867717266
24776,0.009878354088868946,0.002733091256232001,0.9873885437846184
24777,0.6738789901137352,0.20899474527686834,0.11712625157088041
24778,0.22685617301613092,0.0668553477153182,0.7062884718179703
24779,0.5352612175047398,0.17820233758538961,0.28653643280267715
24780,0.986864797770977,0.005585714592598379,0.00754948181565851
24781,0.19869673065841198,0.018075870699249208,0.7832273989915848
24782,0.9732967615127563,0.0009146039301413111,0.025788618251681328
24783,0.951824463903904,0.001559448690386489,0.0466160848736763
24784,0.9947300627827644,0.0003961662714573322,0.004873779689660296
24785,0.9706217423081398,0.02095738670323044,0.008420873549766839
24786,0.9233995601534843,0.008778846240602434,0.0678215785883367
24787,0.06392462085932493,0.06841971050016582,0.8676556870341301
24788,0.9597519710659981,0.00945275352569297,0.030795275466516614
24789,0.9685988575220108,0.015950704109854996,0.01545043964870274
24790,0.877179428935051,0.008027803851291537,0.11479277536273003
24791,0.10425856942310929,0.04181817430071533,0.8539232611656189
24792,0.9500142261385918,0.027678486076183617,0.022307298029772937
24793,0.0010608700031298213,0.00017916250726557337,0.9987599775195122
24794,0.7764874622225761,0.002998280368046835,0.22051424998790026
24795,0.6634101793169975,0.009575990668963641,0.3270138241350651
24796,0.8306569010019302,0.03327669529244304,0.13606641441583633
24797,0.540028776973486,0.004488175763981417,0.4554830566048622
24798,0.9264683797955513,0.011158741894178092,0.062372867949306965
24799,0.9767961502075195,0.0046078332379693165,0.018596010049805045
24800,0.9800231456756592,0.0011553081858437508,0.018821549019776285
24801,0.9897339046001434,0.0007952024461701512,0.009470878634601831
24802,0.6907356269657612,0.04403728758916259,0.2652270942926407
24803,0.910039521753788,0.006072531337849796,0.08388792956247926
24804,0.6854684390127659,0.0036362205864861608,0.3108953256160021
24805,0.9779526591300964,0.0021778522059321404,0.019869479117915034
24806,0.9913356602191925,0.0009569368776283227,0.007707404962275177
24807,0.8844534084200859,0.007570779067464173,0.10797581728547812
24808,0.9291309863328934,0.0032482820679433644,0.06762073561549187
24809,0.9481011629104614,0.005670974729582667,0.0462278607301414
24810,0.9605512395501137,0.0006282214089878835,0.03882054751738906
24811,0.9642659723758698,0.0030768146098125726,0.03265721583738923
24812,0.3146901782602072,0.6107063367962837,0.07460348401218653
24813,0.07039942499250174,0.002835526509443298,0.9267650544643402
24814,0.9730963855981827,0.006387486850144342,0.020516134682111442
24815,0.8944072425365448,0.013385546451900154,0.09220721339806914
24816,0.9749204888939857,0.005893769208341837,0.019185749115422368
24817,0.9757649302482605,0.00032146325338544557,0.023913611192256212
24818,0.5685543902218342,0.0036438983952393755,0.4278017207980156
24819,0.28172605484724045,0.14026259910315275,0.5780113413929939
24820,0.9360048994421959,0.0017874513359856792,0.062207643408328295
24821,0.9499914050102234,0.003943851756048389,0.046064743772149086
24822,0.010413476265966892,0.0018113711412297562,0.9877751395106316
24823,0.6490640081465244,0.08034106716513634,0.2705949377268553
24824,0.1624716818332672,0.012815918715205044,0.8247123882174492
24825,0.9417111054062843,0.00300873932428658,0.05528013268485665
24826,0.5848266072571278,0.35153395496308804,0.06363944848999381
24827,0.9894424006342888,0.0055400339915649965,0.005017551884520799
24828,0.9045604169368744,0.006868923897854984,0.08857068698853254
24829,0.9638071656227112,0.0003826781357929576,0.03581017558462918
24830,0.7506067827343941,0.01601286034565419,0.23338033817708492
24831,0.7569228559732437,0.017212215112522244,0.22586492076516151
24832,0.5026007816195488,0.002088452922180295,0.49531077966094017
24833,0.9111882299184799,0.0062163313559722155,0.08259544195607305
24834,0.7382902204990387,0.05070157488808036,0.21100818179547787
24835,0.9554529637098312,0.006955902907066047,0.037591144908219576
24836,0.9701937884092331,0.0021096205891808495,0.02769657038152218
24837,0.9604171440005302,0.002741378906648606,0.03684146166779101
24838,0.9511400163173676,0.003918890608474612,0.044941110303625464
24839,0.9790261015295982,0.0031992787262424827,0.017774597159586847
24840,0.6382135450839996,0.010134678188478574,0.351651806384325
24841,0.9884000867605209,0.0016643092312733643,0.009935587702784687
24842,0.8720373436808586,0.015156317327637225,0.11280632950365543
24843,0.9662345424294472,0.00975940958596766,0.024006064282730222
24844,0.5094618126749992,0.38676236756145954,0.10377581091597676
24845,0.06701462250202894,0.006815635584644042,0.9261697605252266
24846,0.5410586595535278,0.006997152813710272,0.45194418355822563
24847,0.9955078437924385,0.0002294788073413656,0.004262679474777542
24848,0.9583006873726845,0.011479827866423875,0.030219489010050893
24849,0.9185734614729881,0.009720715519506484,0.07170581631362438
24850,0.9433146268129349,0.040000125067308545,0.0166852391557768
24851,0.989912249147892,0.004819308902369812,0.005268406734103337
24852,0.2896006088703871,0.026470557786524296,0.6839288100600243
24853,0.7344694621860981,0.00861537444870919,0.2569151595234871
24854,0.9774546846747398,0.0029754696006421,0.019569837604649365
24855,0.9605088531970978,0.0008767496001382824,0.03861438948661089
24856,0.931249350309372,0.013616656535305083,0.055133984657004476
24857,0.9083205610513687,0.006300826935330406,0.08537862962111831
24858,0.10394380893558264,0.001920031223562546,0.8941361755132675
24859,0.9504819288849831,0.002386054606176913,0.047132015228271484
24860,0.8997533321380615,0.0074231143516954035,0.0928235799074173
24861,0.8812718689441681,0.09685502829961479,0.021873113932088017
24862,0.9385108649730682,0.004428846877999604,0.057060285937041044
24863,0.0067949908843729645,0.0022341248841257766,0.9909708648920059
24864,0.01698727475013584,0.006900899315951392,0.9761118441820145
24865,0.9026409238576889,0.004085237189428881,0.09327386924996972
24866,0.01281265402212739,0.002564148438978009,0.9846232011914253
24867,0.9471001401543617,0.004008903255453333,0.04889094480313361
24868,0.9758719801902771,0.009592172282282263,0.014535872382111847
24869,0.9341990649700165,0.002653401024872437,0.06314750807359815
24870,0.7547318041324615,0.008888257667422295,0.23637993447482586
24871,0.9763052985072136,0.0015744365082355216,0.022120250388979912
24872,0.9753520488739014,0.00275694350420963,0.02189103385899216
24873,0.9859650135040283,0.0010565525444690138,0.01297844061627984
24874,0.6009903699159622,0.051400113850831985,0.3476095236837864
24875,0.8912680819630623,0.004168817336903885,0.10456308908760548
24876,0.9145638570189476,0.011264143802691251,0.07417201483622193
24877,0.9726975336670876,0.002815910425852053,0.024486566660925746
24878,0.006232218293007463,0.012775484297890216,0.9809923097491264
24879,0.7729462832212448,0.08695243275724351,0.1401013070717454
24880,0.9770518094301224,0.001571740438521374,0.021376453107222915
24881,0.7544659152626991,0.18164669163525105,0.0638873924035579
24882,0.9746719226241112,0.0011600449361139908,0.024168055853806436
24883,0.1123227528296411,0.00579465547343716,0.8818826004862785
24884,0.6314722634851933,0.007838624936994165,0.36068911477923393
24885,0.8328849226236343,0.00325090934347827,0.1638641646131873
24886,0.28104694932699203,0.05288507603108883,0.666067972779274
24887,0.03537303279154003,0.003141163630061783,0.9614857956767082
24888,0.009572279959684238,0.003363390736922156,0.9870643764734268
24889,0.966712050139904,0.008133363735396415,0.02515459177084267
24890,0.9606243073940277,0.004192810942186043,0.03518290724605322
24891,0.24270694144070148,0.016111388977151364,0.7411816641688347
24892,0.8457207307219505,0.009171777812298387,0.1451074881479144
24893,0.35205718874931335,0.0035953220503870398,0.6443474963307381
24894,0.0013745888209086843,0.0005709784018108621,0.9980544522404671
24895,0.689943790435791,0.03594821150181815,0.274108013138175
24896,0.9333727732300758,0.004009804775705561,0.0626174034550786
24897,0.11588086746633053,0.04568606254179031,0.838433064520359
24898,0.014777359319850802,0.0008009916818991769,0.9844216406345367
24899,0.004121235993807204,0.0006904916517669335,0.9951882511377335
24900,0.9702343642711639,0.00984380260342732,0.01992182107642293
24901,0.023039796156808734,0.007259166392032057,0.9697010070085526
24902,0.7686870396137238,0.003811404269072227,0.22750156465917826
24903,0.921097494661808,0.053326320834457874,0.025576193002052605
24904,0.2757515646517277,0.00945440016221255,0.7147940173745155
24905,0.8914099782705307,0.001032464799209265,0.10755757335573435
24906,0.0009177014217129909,0.000260079219515319,0.9988222420215607
24907,0.9218384847044945,0.04013550351373851,0.03802601108327508
24908,0.2239126330241561,0.005728565942263231,0.7703587785363197
24909,0.9569343402981758,0.0009860618047241587,0.04207960516214371
24910,0.9795612245798111,0.0005587664309132379,0.019879995263181627
24911,0.9682482406497002,0.005854172253748402,0.02589758951216936
24912,0.9672282189130783,0.00438276759814471,0.028389039915055037
24913,0.7898365929722786,0.0072702771867625415,0.20289313793182373
24914,0.984237052500248,0.001076074637239799,0.014686881680972874
24915,0.9693973213434219,0.0027810531319119036,0.027821618830785155
24916,0.756263017654419,0.032737240893766284,0.2109997421503067
24917,0.4600207805633545,0.018145912792533636,0.5218333192169666
24918,0.8475677743554115,0.06118976464495063,0.0912424880079925
24919,0.45078784972429276,0.04929920216090977,0.49991295486688614
24920,0.9639678671956062,0.003052680680411868,0.03297942690551281
24921,0.9900499656796455,0.0009273473770008422,0.00902269291691482
24922,0.12044167704880238,0.012325350078754127,0.8672329783439636
24923,0.23520353808999062,0.007038384210318327,0.7577580809593201
24924,0.7304736152291298,0.0026261802267981693,0.26690020598471165
24925,0.45843054354190826,0.0018107822979800403,0.5397586785256863
24926,0.22772165946662426,0.2275404715910554,0.5447378680109978
24927,0.007390957267489284,0.005209326540352777,0.987399734556675
24928,0.9624627009034157,0.020014395471662283,0.017522888956591487
24929,0.9703588560223579,0.0017050866299541667,0.027936064638197422
24930,0.4517362602055073,0.008630353142507374,0.5396333858370781
24931,0.945804201066494,0.007050286862067878,0.04714552266523242
24932,0.19203005637973547,0.0017449012084398419,0.8062250688672066
24933,0.927905336022377,0.0008926259615691379,0.07120202388614416
24934,0.9908242374658585,0.0002217940000264207,0.008953992160968482
24935,0.9857418015599251,0.00041643509757705033,0.013841743057128042
24936,0.9903344735503197,0.000710059195625945,0.008955446915933862
24937,0.9673786461353302,0.004203263917588629,0.028418070171028376
24938,0.15705978870391846,0.014024779316969216,0.8289154022932053
24939,0.5898357108235359,0.0031149353162618354,0.40704935044050217
24940,0.6493861265480518,0.006541622686199844,0.34407225623726845
24941,0.009469657496083528,0.0008171788249455858,0.9897131770849228
24942,0.9636448621749878,0.014846688136458397,0.021508456557057798
24943,0.6962757296860218,0.006461408425820991,0.2972628641873598
24944,0.055482296738773584,0.004411804242408834,0.9401058927178383
24945,0.23282509483397007,0.012033592618536204,0.7551412954926491
24946,0.9757468178868294,0.005657713918481022,0.01859548792708665
24947,0.07726231124252081,0.005029942141845822,0.9177077412605286
24948,0.9434332475066185,0.011493975180201232,0.04507278557866812
24949,0.9104790762066841,0.0011442055911174975,0.08837670460343361
24950,0.9815437272191048,0.0012980771643924527,0.017158206668682396
24951,0.5894082561135292,0.030004221247509122,0.3805875238031149
24952,0.4554397463798523,0.006790186103899032,0.5377700626850128
24953,0.061495264526456594,0.016360119567252696,0.9221446216106415
24954,0.9721388965845108,0.00358620667248033,0.02427489380352199
24955,0.45730509981513023,0.09016857435926795,0.4525263272225857
24956,0.9329927638173103,0.02801683242432773,0.03899037837982178
24957,0.7909598127007484,0.016421172011177987,0.19261902663856745
24958,0.8639359697699547,0.007304646831471473,0.12875939719378948
24959,0.030117915710434318,0.0025042246852535754,0.9673778712749481
24960,0.2598634921014309,0.008954177086707205,0.7311823256313801
24961,0.9425301030278206,0.0022836280477349646,0.05518626840785146
24962,0.5158920548856258,0.03366868244484067,0.4504392519593239
24963,0.8260421603918076,0.0008568123248551274,0.17310103960335255
24964,0.15765542723238468,0.005986507632769644,0.8363580480217934
24965,0.9468763321638107,0.003673537401482463,0.049450146267190576
24966,0.8114927858114243,0.005154231330379844,0.18335297144949436
24967,0.10077957855537534,0.0023651501978747547,0.8968552798032761
24968,0.06158360093832016,0.07966434862464666,0.8587520569562912
24969,0.04461956350132823,0.002527476695831865,0.9528529495000839
24970,0.9189642891287804,0.005956639826763421,0.07507906458340585
24971,0.9401602372527122,0.010732875787653029,0.049106868682429194
24972,0.013871433679014444,0.0011567941583052743,0.9849717766046524
24973,0.43158772960305214,0.0051824572728946805,0.563229825347662
24974,0.9894253835082054,0.00045437411245075054,0.01012021058704704
24975,0.9630609080195427,0.001519164623459801,0.03541993722319603
24976,0.6256105303764343,0.003309948049718514,0.37107950635254383
24977,0.9776016920804977,0.004365715169114992,0.01803261018358171
24978,0.9638942629098892,0.003663128169137053,0.03244261187501252
24979,0.46527524664998055,0.009720848582219332,0.5250039044767618
24980,0.9201744571328163,0.015827956958673894,0.06399754947051406
24981,0.9430804401636124,0.0038702989695593715,0.053049253299832344
24982,0.9637037292122841,0.00941213930491358,0.02688411728013307
24983,0.9605771750211716,0.0036158446309855208,0.035806988598778844
24984,0.8294475749135017,0.04836939903907478,0.12218304257839918
24985,0.7605859637260437,0.014159811311401427,0.2252542097121477
24986,0.7018400803208351,0.03910051565617323,0.25905939377844334
24987,0.2363280626013875,0.0034527241659816355,0.7602192163467407
24988,0.9678106904029846,0.0010556891065789387,0.031133631709963083
24989,0.9834382757544518,0.0009906585110002197,0.015571051393635571
24990,0.9835074841976166,0.00039540918078273535,0.01609709858894348
24991,0.3135731443762779,0.027687741327099502,0.6587391272187233
24992,0.8740993291139603,0.08206013729795814,0.04384055268019438
24993,0.02173449262045324,0.0017478682711953297,0.9765176773071289
24994,0.9442179799079895,0.000862132021211437,0.05491988267749548
24995,0.8836946040391922,0.00736477441387251,0.10894061997532845
24996,0.9177379980683327,0.0012383176981529687,0.08102369494736195
24997,0.9571731016039848,0.013703695614822209,0.02912319451570511
24998,0.9439812749624252,0.002101014368236065,0.05391771625727415
24999,0.917272575199604,0.00613848798093386,0.07658894220367074
