id,Status_C,Status_CL,Status_D
15000,0.5271577756319727,0.0015355106692010645,0.47130671369882615
15001,0.9397360643447501,0.0012106201640632271,0.059053315491186684
15002,0.9597834768485459,0.004793207733974314,0.03542331541747978
15003,0.16333382905808347,0.0006914739299755483,0.835974697011941
15004,0.9747256086162546,0.00962085263213648,0.015653538751608947
15005,0.39889883228760503,0.023227898196444656,0.5778732695159504
15006,0.9742191556089685,0.006678037428286402,0.019102806962745012
15007,0.9571594611851457,0.021548880178289674,0.021291658636564653
15008,0.32656590277099484,0.009464875625079614,0.6639692216039255
15009,0.08782519342544,0.05815831227995412,0.854016494294606
15010,0.6664044164511955,0.015237921007904588,0.31835766254089976
15011,0.9105632651107154,0.005100356248794473,0.08433637864049015
15012,0.9557619557437984,0.0006887082309430237,0.043549336025258595
15013,0.8363553554953578,0.01135213345472634,0.15229251104991584
15014,0.019467796173507777,0.0026987042682433647,0.9778334995582488
15015,0.011338021377454079,0.029092582922884438,0.9595693956996614
15016,0.9732994298656923,0.008652913105014997,0.018047657029292702
15017,0.4354223032429804,0.03566010832923884,0.5289175884277807
15018,0.913118572955573,0.020981099766059934,0.06590032727836709
15019,0.9764898464859844,0.004340141357789772,0.019170012156225984
15020,0.0033258344028518007,0.0009195066952888256,0.9957546589018594
15021,0.9627743720321007,0.015748605158176564,0.021477022809722704
15022,0.48148326762224747,0.1628411350158862,0.3556755973618663
15023,0.9734840095808126,0.0026299401867656506,0.023886050232421893
15024,0.9744320745070172,0.001398214233717621,0.024169711259265064
15025,0.9698121682484074,0.0030609992414474575,0.027126832510145124
15026,0.2991126071684956,0.04795647006461655,0.6529309227668878
15027,0.885890875562674,0.07678238319110141,0.03732674124622461
15028,0.0034826781275012356,0.001964233159835293,0.9945530887126635
15029,0.0944593547421476,0.5602088088222541,0.3453318364355983
15030,0.9549611225592407,0.023495275065146502,0.021543602375612956
15031,0.9803642148380076,0.012636134133845024,0.006999651028147452
15032,0.9296208452074031,0.009329501045052535,0.06104965374754443
15033,0.7586253102157728,0.04668128537350261,0.19469340441072452
15034,0.3385983008158161,0.029163216660818128,0.6322384825233658
15035,0.47096233328629317,0.045248507539125626,0.48378915917458115
15036,0.9918667380358337,0.0020109689136242545,0.00612229305054203
15037,0.9463818975144989,0.0015295794467144528,0.05208852303878687
15038,0.912381136390308,0.02046798301909023,0.06715088059060155
15039,0.8225406433069862,0.01691580041961531,0.16054355627339834
15040,0.8163903300150762,0.004016883831895325,0.1795927861530284
15041,0.9631128217384985,0.022784052665488552,0.01410312559601285
15042,0.1596894697043746,0.024403199730204397,0.815907330565421
15043,0.43504218994548216,0.11589334876830706,0.44906446128621075
15044,0.9419387678729342,0.005353282517269372,0.05270794960979636
15045,0.9898199401446932,0.0005816852823863257,0.009598374572920516
15046,0.12648161347683007,0.007668864311022838,0.8658495222121472
15047,0.9329107939987078,0.005549931612884089,0.061539274388408186
15048,0.3389008920052452,0.004002036536894473,0.6570970714578602
15049,0.010149419344044234,0.0021547086321016314,0.9876958720238542
15050,0.9731859784753587,0.0039011946102022665,0.02291282691443909
15051,0.9738519807223484,0.015778621152063944,0.01036939812558774
15052,0.9469288312668969,0.005373513248979319,0.047697655484123795
15053,0.9626602948014178,0.0036781941412103863,0.03366151105737179
15054,0.7041668374191732,0.07997739154177817,0.21585577103904874
15055,0.9937017160518393,0.0012410016469082078,0.005057282301252474
15056,0.7867135339670809,0.007141209675169687,0.2061452563577494
15057,0.734810850068361,0.007361616733998657,0.2578275331976403
15058,0.3966771584507554,0.08464666383802638,0.5186761777112182
15059,0.8721260566479239,0.02160409329707556,0.10626985005500061
15060,0.9655574392120176,0.008505915180156818,0.0259366456078256
15061,0.9677667417366896,0.013241842107429003,0.018991416155881267
15062,0.9712681798375874,0.0012239718632937023,0.0275078482991189
15063,0.9835586617756997,0.004011025502297588,0.012430312722002717
15064,0.9770922876789794,0.007714220601650143,0.015193491719370521
15065,0.5581924854230577,0.181555131999372,0.26025238257757033
15066,0.9676976901842256,0.0012650190279800346,0.031037290787794353
15067,0.7878426387089164,0.0258233976572942,0.18633396363378946
15068,0.9492934797282551,0.0398141088881194,0.010892411383625473
15069,0.15160808061857628,0.027500013562023955,0.8208919058193997
15070,0.6740007384472766,0.021007851925524353,0.30499140962719906
15071,0.45438040015024406,0.4754224345194836,0.07019716533027225
15072,0.6179413566060256,0.0018125256199326258,0.3802461177740417
15073,0.8506744880631847,0.007767008794056134,0.14155850314275922
15074,0.9566904001975244,0.014722956802594604,0.028586642999880875
15075,0.4989584777459697,0.11989331259686348,0.3811482096571669
15076,0.4554817098193078,0.005469987680764432,0.5390483024999279
15077,0.4790079459690224,0.0037060180254732964,0.5172860360055043
15078,0.10405901589721422,0.06156246621353957,0.8343785178892462
15079,0.9878835597391757,0.0009419198922778298,0.01117452036854642
15080,0.016815257784372036,0.0012394501585225265,0.9819452920571052
15081,0.1354315931850702,0.020605888995306965,0.8439625178196228
15082,0.9675605232307378,0.0028698564672165337,0.02956962030204549
15083,0.08512428131016386,0.00866630322504303,0.906209415464793
15084,0.7980158345443575,0.03750367092524706,0.16448049453039548
15085,0.9729180391219396,0.010865437887064932,0.01621652299099548
15086,0.8071212861927299,0.10088337848562887,0.09199533532164123
15087,0.9809268109291809,0.003886066695845735,0.015187122374973222
15088,0.19274755525881998,0.014538883276375796,0.7927135614648042
15089,0.9720998521587748,0.018365919303362073,0.009534228537863098
15090,0.05005289580654049,0.025567570806236874,0.9243795333872227
15091,0.7387571363000589,0.008852275086915664,0.2523905886130254
15092,0.937666591988118,0.00974110371866494,0.052592304293217165
15093,0.4255235721898319,0.04863597997328052,0.5258404478368877
15094,0.254323425692153,0.12165647476354899,0.624020099544298
15095,0.34443140559868757,0.009013392244564034,0.6465552021567484
15096,0.9401929898054202,0.01198251961089811,0.04782449058368152
15097,0.4048401417485141,0.018231079738355534,0.5769287785131304
15098,0.06757694112349433,0.006350779638317085,0.9260722792381886
15099,0.9789580755453962,0.0006025542257287886,0.020439370228875126
15100,0.7974035013665117,0.16993568983690902,0.03266080879657935
15101,0.0054958536712286605,0.00606903529847227,0.9884351110302991
15102,0.011487776439973856,0.0038175580394405736,0.9846946655205856
15103,0.9801659628872328,0.008771934844983831,0.011062102267783258
15104,0.8994995253248756,0.00906049249257497,0.09143998218254933
15105,0.4154611654615866,0.0016658266653688625,0.5828730078730444
15106,0.8089512645028175,0.01033589735122278,0.18071283814595968
15107,0.9742396129441315,0.0021813270442573533,0.02357906001161102
15108,0.7820591787324755,0.019713050613829303,0.19822777065369518
15109,0.7249910792159099,0.009270887722893823,0.2657380330611963
15110,0.9410295513055346,0.026996982644027345,0.031973466050438014
15111,0.9450769702052357,0.020535596978910546,0.03438743281585367
15112,0.95011296190203,0.0067516398913647375,0.04313539820660515
15113,0.34851836688918153,0.012101768006232097,0.6393798651045863
15114,0.7700334295823952,0.13841092466658172,0.0915556457510231
15115,0.7943991829661459,0.001542589912427706,0.20405822712142643
15116,0.5890040105675329,0.002335142258324197,0.40866084717414297
15117,0.95156572164809,0.003939649626209292,0.04449462872570076
15118,0.9360550408864214,0.005286750196553166,0.05865820891702531
15119,0.9423640641600293,0.02220688655929373,0.035429049280676986
15120,0.7208388685092957,0.007685008172277887,0.27147612331842647
15121,0.9773953946100798,0.010478853790461047,0.012125751599459136
15122,0.06889268622412832,0.006205393786275876,0.9249019199895958
15123,0.7725499202489475,0.06294523810988344,0.16450484164116905
15124,0.9814446845694159,0.0014744309641548006,0.017080884466429365
15125,0.9374522849914784,0.004790192773152128,0.0577575222353694
15126,0.7932454562797862,0.02234290654696258,0.18441163717325137
15127,0.826695873709997,0.0020428931731051488,0.17126123311689787
15128,0.9329128975410778,0.004549017652120034,0.06253808480680235
15129,0.810236053420338,0.007021989521090229,0.18274195705857177
15130,0.7090508330977418,0.005651355726277271,0.285297811175981
15131,0.9871135408964125,0.0010569656879624084,0.011829493415625053
15132,0.0021284453039374356,0.0009247983246569708,0.9969467563714056
15133,0.012487381567626852,0.004320887056108597,0.9831917313762645
15134,0.9056993645509394,0.0036281880990360884,0.09067244735002454
15135,0.6435429521774383,0.03709826583497729,0.31935878198758433
15136,0.9725279610967901,0.001846546434734071,0.02562549246847574
15137,0.896247514944488,0.009091944644262141,0.09466054041124991
15138,0.0028503884223576937,0.001227361444371201,0.9959222501332712
15139,0.9716562451919951,0.003486491578067221,0.024857263229937664
15140,0.9844895924452849,0.0014046297801349453,0.014105777774580176
15141,0.8737807199743426,0.026498207593477284,0.09972107243218006
15142,0.9490552984135112,0.03874599017990704,0.012198711406581833
15143,0.9570570499805611,0.004497466198169495,0.03844548382126938
15144,0.07953298241839343,0.00531461172761997,0.9151524058539866
15145,0.9342601117822172,0.004768783350811155,0.06097110486697157
15146,0.006475043409082455,0.0015577727141710708,0.9919671838767464
15147,0.9880741788465803,0.002810613006976838,0.009115208146442849
15148,0.9575459613640793,0.003934325564074644,0.0385197130718461
15149,0.9530373375890495,0.00384662337419742,0.043116039036753054
15150,0.5500896607253434,0.015235622722875854,0.4346747165517808
15151,0.7849338855180144,0.02689161207405096,0.1881745024079347
15152,0.9566768168289984,0.025279684346138857,0.018043498824862704
15153,0.9529955975377049,0.0268164241971816,0.020187978265113624
15154,0.9676275889753196,0.014263527275722072,0.018108883748958273
15155,0.9038522822470995,0.022708556088924768,0.07343916166397571
15156,0.046526234616654866,0.03574731217574377,0.9177264532076014
15157,0.021728958084678045,0.010474717574847008,0.967796324340475
15158,0.9672466188639981,0.0028588654291915386,0.0298945157068104
15159,0.976922706334894,0.0014107734096820382,0.021666520255424128
15160,0.8934562060150093,0.015296455588687974,0.09124733839630267
15161,0.9618321077475349,0.0033776998780465674,0.03479019237441844
15162,0.8623298779076102,0.035810696520011225,0.10185942557237856
15163,0.9516755004603334,0.0023398938737782494,0.04598460566588822
15164,0.17255603767870092,0.027095400270649356,0.8003485620506497
15165,0.7947819610622485,0.12128608993742565,0.0839319490003259
15166,0.9047375106497895,0.006741790013023569,0.08852069933718712
15167,0.9770847822099685,0.0032626664165096102,0.019652551373521898
15168,0.9278254543936654,0.008849522871171472,0.06332502273516318
15169,0.0050968564009077205,0.001966529133897355,0.992936614465195
15170,0.8630490519819306,0.005879618023135124,0.1310713299949344
15171,0.8426463894157883,0.07222502506501989,0.0851285855191919
15172,0.842252861449662,0.08018740823473561,0.07755973031560234
15173,0.9275348213172163,0.0236929507268335,0.0487722279559501
15174,0.9453759956510365,0.0055147009411702225,0.04910930340779339
15175,0.8913836462442013,0.003979816854098253,0.10463653690170036
15176,0.9880424666743588,0.003435814710116762,0.008521718615524474
15177,0.40601983442756606,0.02376846368368956,0.5702117018887444
15178,0.8436447932464697,0.0627397564867318,0.09361545026679836
15179,0.9656102357383411,0.003112902283930355,0.031276861977728415
15180,0.8688407322644749,0.010435612217147606,0.12072365551837755
15181,0.8847070221752813,0.04836088788383722,0.06693208994088154
15182,0.030294206452616233,0.03903833769086754,0.9306674558565162
15183,0.0992120493052863,0.020374443559417768,0.880413507135296
15184,0.9417654441963702,0.012304715011781198,0.04592984079184864
15185,0.26687683320371547,0.559706913178206,0.17341625361807858
15186,0.0012575051630521663,0.0004941568720571341,0.9982483379648908
15187,0.4774435726551388,0.16970129648451554,0.35285513086034553
15188,0.9671024917746113,0.0013668870766482052,0.03153062114874049
15189,0.4670240718291281,0.008406580999860764,0.5245693471710111
15190,0.9434594066211457,0.013209253566541328,0.043331339812313095
15191,0.2006720702451855,0.010660680351932732,0.7886672494028817
15192,0.985384347891169,0.003655324217057304,0.010960327891773754
15193,0.04851319222140732,0.005632577580059123,0.9458542301985335
15194,0.7653959390499598,0.006303562489743123,0.22830049846029707
15195,0.9611170411035619,0.013016231718862813,0.02586672717757536
15196,0.9871249335679451,0.004789693320365042,0.008085373111689925
15197,0.6010479233758717,0.2647008217015303,0.1342512549225981
15198,0.015409216789633917,0.0015197444953404097,0.9830710387150257
15199,0.9722398525346854,0.003749458091636408,0.024010689373678083
15200,0.1239973384369348,0.01631083868146681,0.8596918228815984
15201,0.984559316875023,0.0020600672050815273,0.013380615919895466
15202,0.750362306804015,0.012538411364245754,0.2370992818317393
15203,0.3317777154128014,0.0020053700830968643,0.6662169145041018
15204,0.7102941167117263,0.016369009234219904,0.27333687405405377
15205,0.08231316243629068,0.13618691657031828,0.781499920993391
15206,0.9798635428430658,0.002986200295483532,0.017150256861450715
15207,0.9017918464659109,0.07255495869852113,0.0256531948355678
15208,0.8684659126669573,0.011612055601921804,0.11992203173112079
15209,0.02358426357390821,0.0042580629992436635,0.9721576734268481
15210,0.24000930089749717,0.0169034714364448,0.7430872276660581
15211,0.9411486943717711,0.02651653277729149,0.03233477285093742
15212,0.7414570068711062,0.027824688319101464,0.23071830480979233
15213,0.3445271595665697,0.007865331515069744,0.6476075089183606
15214,0.4871491224529836,0.020154349927456565,0.4926965276195598
15215,0.659707096147051,0.04505645649197769,0.29523644736097127
15216,0.9642554287945395,0.011226439273715394,0.024518131931745138
15217,0.8923808599842038,0.03344446630428605,0.07417467371151022
15218,0.8083189274295363,0.019651733121330655,0.17202933944913312
15219,0.766727446515328,0.016821990251444735,0.21645056323322726
15220,0.8035986904510112,0.015926616201212284,0.18047469334777658
15221,0.7635681771718075,0.04612095447199184,0.19031086835620073
15222,0.8975973989811368,0.0042193638456268865,0.09818323717323636
15223,0.9840071674585735,0.0028119903669896022,0.01318084217443688
15224,0.9891976341416466,0.005099018623928575,0.005703347234424642
15225,0.9696446544254399,0.0064035798545297885,0.023951765720030455
15226,0.9234898186361008,0.012166696903132811,0.06434348446076628
15227,0.23194596448642352,0.002016635105920553,0.766037400407656
15228,0.3685405477088357,0.017064619087163117,0.6143948332040012
15229,0.692836549018705,0.18195071101784716,0.12521273996344792
15230,0.04084924314431591,0.0018268738866156404,0.9573238829690683
15231,0.9185616273279682,0.005608471543746697,0.0758299011282852
15232,0.31895912634304324,0.024175800863900757,0.6568650727930561
15233,0.9343857336289815,0.0026324527579966563,0.0629818136130218
15234,0.66923200976332,0.042531953185810115,0.28823603705087
15235,0.9870857990375197,0.00102021905146532,0.011893981911014949
15236,0.6091697804721872,0.0053088041906684345,0.38552141533714435
15237,0.8595623572011621,0.008397671358979375,0.13203997143985846
15238,0.5625872722693069,0.01676261133026488,0.42065011640042815
15239,0.9745028419209965,0.004000573038616994,0.02149658504038658
15240,0.14342561835849907,0.018032632417473035,0.8385417492240279
15241,0.6455873382845567,0.0093493211026777,0.3450633406127656
15242,0.8457961679543433,0.02781909280151103,0.12638473924414573
15243,0.08515650138079994,0.003980732931548321,0.9108627656876518
15244,0.0023733899931909987,0.00013318971432739503,0.9974934202924817
15245,0.03780778452387546,0.004867039332902992,0.9573251761432215
15246,0.9223957169743998,0.002217024738779322,0.07538725828682083
15247,0.5404598998570778,0.40904955141617805,0.05049054872674414
15248,0.37836718608331665,0.013467456489930406,0.6081653574267528
15249,0.9324846958600848,0.003020489154593674,0.06449481498532145
15250,0.9806739238796288,0.002666051512316523,0.01666002460805465
15251,0.5411434852487148,0.02865036484618516,0.43020614990510003
15252,0.06593192944808718,0.009959284418009556,0.9241087861339033
15253,0.028620018025807055,0.0033885935105499886,0.9679913884636431
15254,0.2988414319277447,0.01572525062699815,0.6854333174452572
15255,0.2355254430716197,0.22967955986645006,0.5347949970619301
15256,0.015284894802921901,0.11703884502322338,0.8676762601738548
15257,0.9475648209877161,0.0032819767400727442,0.04915320227221112
15258,0.850262187776776,0.028407804824541943,0.12133000739868197
15259,0.68898505972914,0.008889019696215578,0.3021259205746445
15260,0.8643012025436718,0.004785371424669364,0.13091342603165887
15261,0.4639195493996301,0.0040295088111962874,0.5320509417891736
15262,0.3691472727486559,0.00806865833904409,0.6227840689123
15263,0.18107609848949652,0.03301505989147608,0.7859088416190274
15264,0.9703852695357875,0.0008206959289963631,0.02879403453521602
15265,0.05242897066062753,0.08623371120267494,0.8613373181366974
15266,0.4309046123775031,0.06341960393313546,0.5056757836893614
15267,0.7867856661538428,0.033117799351283665,0.18009653449487345
15268,0.00848895913716088,0.017659164034072763,0.9738518768287663
15269,0.9640216535884448,0.02072583636532709,0.015252510046228046
15270,0.8885990083856878,0.015192981835281416,0.0962080097790308
15271,0.3647000974762369,0.012928275155786505,0.6223716273679766
15272,0.9830321909004773,0.005110476680644983,0.011857332418877617
15273,0.952709671617175,0.0028041758463458145,0.044486152536479195
15274,0.6912384371109995,0.007765693072419177,0.30099586981658133
15275,0.9647359079386263,0.0008495523003954821,0.03441453976097816
15276,0.9492354129351688,0.00170102575116395,0.049063561313667396
15277,0.8851394870337959,0.022400746675220917,0.09245976629098326
15278,0.9800055820317792,0.00936028867236107,0.010634129295859905
15279,0.14536310373687533,0.0022128292780888453,0.8524240669850358
15280,0.9160647113320739,0.04144569769984321,0.04248959096808301
15281,0.8650966054546283,0.005456186081843022,0.1294472084635286
15282,0.9483122690853623,0.0008963234062582968,0.05079140750837931
15283,0.004911155267565375,0.005477507716446781,0.9896113370159878
15284,0.42598503596413706,0.014141217005895797,0.5598737470299673
15285,0.9799195992063936,0.0007934681021591522,0.01928693269144709
15286,0.7777813958595641,0.017366732262573754,0.20485187187786216
15287,0.9740536204463388,0.004668359467602112,0.02127802008605903
15288,0.2862737802059832,0.028193853992611886,0.6855323658014049
15289,0.9862430122395098,0.004455925466712765,0.009301062293777479
15290,0.94407353582154,0.006084411817971733,0.049842052360488366
15291,0.8558166306513602,0.009243990162116578,0.13493937918652316
15292,0.9350166973553489,0.0018638232334019997,0.06311947941124928
15293,0.8951713607832567,0.06091255193520233,0.04391608728154104
15294,0.9399547779017661,0.0048689589427313015,0.055176263155502565
15295,0.00832075317140974,0.0031307757388341737,0.9885484710897561
15296,0.9847389321441903,0.0011935942997176078,0.014067473556092207
15297,0.5474819178601068,0.072771395198761,0.3797466869411322
15298,0.10399001400748374,0.006580010365000883,0.8894299756275155
15299,0.406695030756543,0.013727643338907384,0.5795773259045497
15300,0.9571460588329423,0.0037763791189084914,0.039077562048149064
15301,0.2422679791016742,0.01160834887515537,0.7461236720231705
15302,0.9584358394448536,0.004430681789472382,0.03713347876567416
15303,0.7865023820983268,0.05528569869546682,0.1582119192062064
15304,0.5611507682797856,0.028895062121951372,0.4099541695982629
15305,0.975027301558155,0.015253081304475563,0.009719617137369414
15306,0.06979903109512726,0.0182877078116409,0.9119132610932317
15307,0.20637285248624454,0.2037702874486152,0.5898568600651403
15308,0.936799718030143,0.006610526761436348,0.05658975520842062
15309,0.8541368588262283,0.007854475688333609,0.1380086654854381
15310,0.9316993002073628,0.012094447128539732,0.05620625266409745
15311,0.25940233982392114,0.04156626412313137,0.6990313960529475
15312,0.8918410623176176,0.008564244045235855,0.09959469363714654
15313,0.5368530743932045,0.002128785248377519,0.4610181403584179
15314,0.6798547041630528,0.11385441992066575,0.2062908759162814
15315,0.003207801253612361,0.0008582391982307357,0.9959339595481569
15316,0.07436099288207823,0.010613839217403791,0.9150251679005179
15317,0.18397636214586865,0.00897632265666921,0.8070473151974622
15318,0.15165495320403669,0.05617967359934612,0.7921653731966172
15319,0.9384770569736196,0.0017747819419804407,0.05974816108439994
15320,0.9779895900818821,0.0027428929657462658,0.019267516952371683
15321,0.9546216983064447,0.001189549623121599,0.04418875207043356
15322,0.9713585839865214,0.0011463399709014707,0.027495076042577046
15323,0.9650380511989902,0.008811464661661753,0.026150484139348017
15324,0.9617854607252578,0.015111002569393552,0.0231035367053485
15325,0.016544214758019052,0.032990878408533104,0.9504649068334479
15326,0.8712306011674227,0.002347177470500386,0.12642222136207698
15327,0.8150808084892329,0.006077364902610797,0.17884182660815623
15328,0.0367260485641589,0.021416163259576064,0.941857788176265
15329,0.010596361311873212,0.003777868963131944,0.9856257697249948
15330,0.037929190592891154,0.03601375845243602,0.9260570509546728
15331,0.7818477656047849,0.01840642683026786,0.19974580756494736
15332,0.020005096553531533,0.0017186436393371977,0.9782762598071312
15333,0.4778633288919101,0.0023208681879179197,0.519815802920172
15334,0.8699260740053165,0.010253387863501433,0.11982053813118208
15335,0.9521344404368803,0.010216393873646697,0.03764916568947295
15336,0.38833496876668755,0.020430909490478447,0.5912341217428341
15337,0.8864298416913039,0.031196494564007367,0.08237366374468878
15338,0.9494208078874233,0.000945624082624646,0.04963356802995211
15339,0.8343147521276784,0.0018005644222590868,0.16388468345006257
15340,0.9372288365434249,0.008789806837030343,0.05398135661954492
15341,0.1981404324298584,0.06908685105901557,0.7327727165111261
15342,0.9742871989839159,0.001087854388928372,0.02462494662715577
15343,0.9729386352182999,0.0015327497166788078,0.02552861506502114
15344,0.97009647149892,0.0024483778824008783,0.027455150618679227
15345,0.9829018160707561,0.0035130607632553085,0.01358512316598867
15346,0.3123613009098669,0.05181361654662213,0.635825082543511
15347,0.8796033738811573,0.014917375902264874,0.105479250216578
15348,0.9765657818876946,0.002082270851475361,0.021351947260830006
15349,0.7635601019458298,0.11392572956906624,0.12251416848510399
15350,0.865937643736827,0.02577916945599118,0.10828318680718177
15351,0.37256455707626174,0.014336396700958577,0.6130990462227797
15352,0.9534853856589695,0.03591412094816,0.0106004933928706
15353,0.14720651410444638,0.006908659021480199,0.8458848268740734
15354,0.005887766452986314,0.0037689861746741295,0.9903432473723397
15355,0.08622587306308155,0.1366183239239985,0.77715580301292
15356,0.8954000805456662,0.011383533607767279,0.09321638584656664
15357,0.7856372749673006,0.009338951138645442,0.20502377389405413
15358,0.9705472579864743,0.0014687270671358953,0.027984014946389704
15359,0.5545443776975243,0.05521556153306363,0.390240060769412
15360,0.020578437752690075,0.0015570795064331843,0.9778644827408768
15361,0.9127723053609544,0.0030868742283134457,0.08414082041073208
15362,0.21174432767506607,0.013315327496719279,0.7749403448282146
15363,0.9634882631834183,0.006768645925957346,0.02974309089062438
15364,0.955623241701413,0.025583956120509357,0.018792802178077724
15365,0.9781968478396947,0.003951911936874071,0.01785124022343144
15366,0.9723709796991856,0.003430547303848781,0.024198472996965738
15367,0.01680129125855955,0.0040901772922129626,0.9791085314492274
15368,0.8610197954169292,0.00691942738103834,0.1320607772020324
15369,0.9639137457022682,0.0019649011514272265,0.0341213531463046
15370,0.041310812622514445,0.006451674663520703,0.952237512713965
15371,0.015900346579827477,0.014968598549314484,0.969131054870858
15372,0.3496860645632707,0.0022725627521526398,0.6480413726845766
15373,0.8083858153626478,0.13816314590868675,0.05345103872866558
15374,0.9728765545821672,0.0019515104535804389,0.02517193496425242
15375,0.9597737726055173,0.002958564503095522,0.037267662891387235
15376,0.9791418831313143,0.011710628917289708,0.009147487951395958
15377,0.9866470884561886,0.00294425873377556,0.010408652810035711
15378,0.0014266169562399938,0.0011782706530959525,0.9973951123906641
15379,0.5845645784942198,0.030734769011122993,0.3847006524946571
15380,0.9123917429533723,0.03950084815506962,0.04810740889155799
15381,0.9437271560896506,0.005295403662122421,0.05097744024822693
15382,0.12332481039358478,0.01656052351342486,0.8601146660929903
15383,0.08269892678783337,0.013856388917065726,0.9034446842951009
15384,0.3145045575103072,0.06256311827263676,0.6229323242170561
15385,0.09817851970901302,0.0025834592381917833,0.8992380210527952
15386,0.6603584305800736,0.0034319187590664195,0.33620965066086006
15387,0.9431591742912533,0.005716108979136595,0.05112471672961015
15388,0.8632183207273729,0.0061635726641045465,0.13061810660852255
15389,0.06716099147359758,0.0538152467260329,0.8790237618003696
15390,0.9797751941202397,0.00879236135889096,0.011432444520869367
15391,0.8049797442665925,0.006115358348808403,0.18890489738459906
15392,0.024854465681366938,0.0007748573852241529,0.9743706769334091
15393,0.594717899246306,0.021641342643240098,0.38364075811045373
15394,0.8746127668922965,0.0037670746746723484,0.1216201584330312
15395,0.9629486720960483,0.0020195553730768196,0.03503177253087486
15396,0.9021541316545815,0.007314631319643771,0.0905312370257747
15397,0.9706902469480374,0.01220581502523982,0.017103938026722713
15398,0.7242602113261691,0.14912742973662105,0.12661235893720985
15399,0.9534451103647215,0.003892097289143878,0.0426627923461345
15400,0.8481482122596414,0.0013845912379887527,0.15046719650237
15401,0.07918384165380986,0.00336101977289631,0.9174551385732939
15402,0.9097117763669327,0.02299218655748854,0.06729603707557863
15403,0.8238575735976856,0.003991087214656532,0.1721513391876579
15404,0.9302597590215016,0.04227309337968565,0.027467147598812785
15405,0.34004286885781676,0.004736887095230465,0.6552202440469528
15406,0.14724600157610276,0.030205171792364635,0.8225488266315326
15407,0.012930212246704764,0.0014807340249448834,0.9855890537283503
15408,0.9296585365428456,0.0092214821914569,0.06111998126569737
15409,0.9067952176507588,0.005654522255293632,0.08755026009394769
15410,0.9754460429893068,0.0077544047634881055,0.01679955224720511
15411,0.04604516912036799,0.020242034880662545,0.9337127959989695
15412,0.9717513886633634,0.018326856312891257,0.00992175502374542
15413,0.979791179595283,0.0017458520257899986,0.01846296837892721
15414,0.06455260633559468,0.006530680968126159,0.9289167126962792
15415,0.9147837946970818,0.05799589352232483,0.02722031178059328
15416,0.89804610547351,0.009899929316657402,0.0920539652098325
15417,0.6385394960903396,0.0068380672542216435,0.3546224366554388
15418,0.9621426755191604,0.0033439279035534604,0.03451339657728604
15419,0.9823674023140463,0.0005545962565327704,0.017078001429420932
15420,0.9087157395311178,0.0026001311672373545,0.08868412930164485
15421,0.9729017729062196,0.0019823209795743276,0.025115906114206086
15422,0.8988941371310046,0.05435000706738402,0.04675585580161134
15423,0.9750681990163226,0.010232849590271686,0.014698951393405681
15424,0.9863710085724529,0.0005805607288381106,0.013048430698708941
15425,0.9480468022714024,0.002004187200062994,0.04994901052853465
15426,0.9819141927129261,0.0012204828761748939,0.01686532441089887
15427,0.9751437419500397,0.015221555909181832,0.009634702140778459
15428,0.9918942265427024,0.0005311782330133154,0.007574595224284413
15429,0.8720483875032687,0.012964892368732253,0.11498672012799897
15430,0.2561713574700601,0.6420973739379392,0.10173126859200064
15431,0.9699276962453944,0.001568387271409261,0.0285039164831963
15432,0.9184236923402224,0.006742782233068345,0.07483352542670932
15433,0.23676289782972737,0.004197297796722061,0.7590398043735506
15434,0.9707227811628261,0.016448606998679758,0.012828611838494108
15435,0.5143932811542838,0.06503155246899983,0.42057516637671627
15436,0.0586470373097207,0.008155189875277738,0.9331977728150015
15437,0.6973517134570899,0.001951208531892088,0.300697078011018
15438,0.01765605005292248,0.026998682963961323,0.9553452669831163
15439,0.8773047121532784,0.0038287130730703823,0.11886657477365127
15440,0.07314605193361085,0.011326786306116398,0.9155271617602727
15441,0.9717003004193462,0.0011077546841762823,0.027191944896477548
15442,0.006663925004007816,0.0008186888888470095,0.9925173861071451
15443,0.9803863608872286,0.0026862298927678714,0.01692740922000346
15444,0.05204322875484213,0.01205716191923208,0.9358996093259259
15445,0.005691107006530167,0.001960768891877162,0.9923481241015927
15446,0.9524454433844105,0.023177005247695965,0.024377551367893525
15447,0.11351935548657964,0.04186964455970374,0.8446109999537166
15448,0.6422851837407922,0.00570905562758715,0.3520057606316207
15449,0.8481097895804122,0.007449861050125147,0.1444403493694627
15450,0.08680745114300693,0.025406918907067574,0.8877856299499254
15451,0.9469911701921443,0.004368504904962264,0.04864032490289359
15452,0.016441906996429376,0.0030933325766920906,0.9804647604268786
15453,0.013679469401063111,0.0027062952659634154,0.9836142353329733
15454,0.7449381763297043,0.01863776120698868,0.2364240624633071
15455,0.9799779277151408,0.002746503386237817,0.017275568898621405
15456,0.9780069198067216,0.0013765655103907856,0.020616514682887534
15457,0.9266952053391185,0.00118407529076528,0.07212071937011616
15458,0.9812072709392052,0.00267087534835272,0.01612185371244207
15459,0.9697169321502266,0.005094073198284532,0.025188994651488897
15460,0.7500421083751563,0.028137032613367835,0.22182085901147597
15461,0.10212940086037027,0.002125775469682205,0.8957448236699476
15462,0.9349995381107084,0.009887324253162626,0.055113137636128955
15463,0.004439326172616769,0.0057768758194158155,0.9897837980079676
15464,0.013283080341500908,0.010290223144332311,0.9764266965141668
15465,0.003543601410159083,0.0013498208723693624,0.9951065777174715
15466,0.8344691913179024,0.00511375975339601,0.16041704892870148
15467,0.006289239439607303,0.0008526120253110915,0.9928581485350816
15468,0.7704136350640024,0.009782972302889444,0.21980339263310822
15469,0.9864162468675055,0.001194565841223614,0.01238918729127083
15470,0.9936850592388008,0.0013023886148873026,0.005012552146311872
15471,0.8678881604599771,0.0012922787240163202,0.13081956081600657
15472,0.8987447438591961,0.0018580408635676129,0.09939721527723624
15473,0.9261493444252318,0.0014769582335156257,0.07237369734125247
15474,0.7176524345668078,0.05016901114768036,0.2321785542855118
15475,0.5656172096665741,0.02239854091334866,0.4119842494200773
15476,0.9904038368093792,0.00223418710629045,0.007361976084330523
15477,0.0032940457098769227,0.002365129584728245,0.9943408247053949
15478,0.7119947749788464,0.11795244550408507,0.17005277951706851
15479,0.6616463728340833,0.004862582767823311,0.3334910443980934
15480,0.7585543144824284,0.016452296091106378,0.22499338942646518
15481,0.8844760849934207,0.09482468864275687,0.0206992263638224
15482,0.7196104284633728,0.0017752728960543519,0.27861429864057285
15483,0.7950827896384888,0.004849112558672104,0.20006809780283913
15484,0.7591545160283694,0.015521259714874124,0.22532422425675658
15485,0.9565231940300442,0.006140550838481902,0.03733625513147396
15486,0.7735254474086476,0.007747206991314592,0.21872734560003781
15487,0.8816171100407579,0.0039265942331195335,0.11445629572612254
15488,0.9811490995091152,0.008929016840254274,0.009921883650630611
15489,0.9712139572088152,0.0007312041023898007,0.028054838688794985
15490,0.008019476672638913,0.0025201958931767607,0.9894603274341843
15491,0.9759626361905235,0.0005389822821122339,0.02349838152736437
15492,0.5369466596795336,0.02500956801323953,0.4380437723072269
15493,0.9856895246072681,0.0016612801236734834,0.01264919526905847
15494,0.0623607961964656,0.0025511235399899895,0.9350880802635444
15495,0.3889862260266251,0.01191014432151619,0.5991036296518587
15496,0.7848574758327596,0.006803519318776615,0.2083390048484638
15497,0.852370735037414,0.10377501727678527,0.04385424768580075
15498,0.9585961376542029,0.0007323509211570008,0.04067151142464019
15499,0.9173457313811925,0.004428160645083063,0.07822610797372458
15500,0.9448436699638987,0.005597812663811761,0.049558517372289536
15501,0.9743658780836661,0.005839396286125427,0.019794725630208322
15502,0.4308375350495849,0.004294398906741388,0.5648680660436737
15503,0.9489420021007919,0.02530092442188817,0.025757073477319835
15504,0.368387635503042,0.0723586222233599,0.5592537422735981
15505,0.2819264495807136,0.10207517161278656,0.6159983788064999
15506,0.9793009795397958,0.004206054748315791,0.016492965711888286
15507,0.7228703160205112,0.002913950075154013,0.27421573390433474
15508,0.9469500751867017,0.0047248922089803734,0.04832503260431795
15509,0.7015593692426921,0.012113666996602851,0.28632696376070504
15510,0.3711675836709193,0.010605711543714251,0.6182267047853665
15511,0.9745706285252398,0.0022151994646375283,0.023214172010122585
15512,0.017377834356486797,0.029974842565496724,0.9526473230780166
15513,0.6716433615672343,0.06197616912487858,0.2663804693078871
15514,0.9571272465521368,0.0037288449499819918,0.03914390849788134
15515,0.8378507559114249,0.050923327965097256,0.11122591612347779
15516,0.8041213812063344,0.00878258519223964,0.18709603360142615
15517,0.9921187745941082,0.003485970997486855,0.004395254408405007
15518,0.8736977739771827,0.029572452044743645,0.09672977397807378
15519,0.9245879067622196,0.05774970097262577,0.017662392265154724
15520,0.1625553151829109,0.053351996056129246,0.7840926887609598
15521,0.9452291839649245,0.02057358335599993,0.03419723267907551
15522,0.7439489003974038,0.12982609861184577,0.1262250009907504
15523,0.9754494813042548,0.009420121909270258,0.015130396786474888
15524,0.9589148283727489,0.001956722563491906,0.03912844906375916
15525,0.32747538562307765,0.008699842168244813,0.6638247722086776
15526,0.6542105457820999,0.03180016717542656,0.3139892870424737
15527,0.5288158124873478,0.1901069874686563,0.281077200043996
15528,0.00247456767689498,0.0010911306994599054,0.996434301623645
15529,0.8758640106758095,0.012833821177930336,0.11130216814625998
15530,0.01805815832918044,0.011242249017673275,0.9706995926531463
15531,0.030427256417970616,0.003221206592941301,0.9663515369890883
15532,0.9631412181095025,0.003480632114577429,0.03337814977592003
15533,0.871497466489088,0.055522578677978746,0.07297995483293328
15534,0.8624990711973745,0.006544972762093624,0.13095595604053198
15535,0.9387478506189031,0.01672580581026876,0.044526343570828346
15536,0.9605759579540691,0.0033369381864202293,0.0360871038595106
15537,0.05529669007974248,0.005949672671590658,0.938753637248667
15538,0.9635561161918018,0.003678327116762644,0.03276555669143562
15539,0.7519709027831599,0.0099899688027411,0.23803912841409894
15540,0.4026812058052362,0.005831344922582172,0.5914874492721817
15541,0.011231928896498669,0.004004539567303362,0.984763531536198
15542,0.7928141321520296,0.00863264988339197,0.19855321796457848
15543,0.9797560026774583,0.007064623968237245,0.013179373354304321
15544,0.804713616304538,0.006968912155334617,0.18831747154012748
15545,0.7763746911026891,0.03496388637771464,0.1886614225195964
15546,0.9900998406959818,0.00035551244535137605,0.009544646858666853
15547,0.6769320496478514,0.06271816453975886,0.2603497858123899
15548,0.937871107763687,0.02777587472205287,0.03435301751426006
15549,0.19356890360968423,0.08788390085807953,0.7185471955322362
15550,0.4514703430336274,0.11361353065796076,0.4349161263084119
15551,0.0012158667190692149,0.0004885966592411837,0.9982955366216897
15552,0.9805888425327433,0.00961859460442455,0.009792562862832178
15553,0.007503810042860999,0.0018381476346564253,0.9906580423224826
15554,0.8269133880212223,0.09059836984442123,0.08248824213435656
15555,0.8032692346746743,0.01551590382406864,0.18121486150125718
15556,0.03924550584611684,0.06388349428475008,0.8968709998691331
15557,0.4696895468639829,0.046140964043913026,0.4841694890921041
15558,0.703142117066397,0.07793639009848127,0.21892149283512197
15559,0.012454268228300123,0.003822885527287531,0.9837228462444123
15560,0.9806326297721892,0.00670027098505545,0.012667099242755268
15561,0.7433688046191388,0.005169601728488618,0.2514615936523726
15562,0.9835022049221246,0.005808379609637381,0.010689415468238001
15563,0.992047371921716,0.003466719507082686,0.004485908571201446
15564,0.7463548490759208,0.023142893603698787,0.23050225732038032
15565,0.021567188426509513,0.000411448559713929,0.9780213630137766
15566,0.7060593803267516,0.016552979581925246,0.27738764009132316
15567,0.004763335468309612,0.0005666943212316654,0.9946699702104587
15568,0.9667885389229207,0.001995917637331087,0.031215543439748236
15569,0.8469446073493745,0.029485859750978796,0.12356953289964684
15570,0.9572146443136939,0.007247896275821591,0.035537459410484556
15571,0.926922831472947,0.003974432362747554,0.06910273616430539
15572,0.29725851712817136,0.12188485709749286,0.5808566257743357
15573,0.9414228343007399,0.0052058116193511575,0.05337135407990903
15574,0.9606905354006001,0.002748410164182342,0.036561054435217524
15575,0.8528172093899613,0.006035427791289694,0.14114736281874896
15576,0.9764732041435871,0.0017106672500533636,0.02181612860635962
15577,0.9867505947239568,0.0009659399733611045,0.012283465302682114
15578,0.5806771483436138,0.03107863543773981,0.38824421621864635
15579,0.8185235511364941,0.004769277597384463,0.17670717126612134
15580,0.014877898733880294,0.00197124263200009,0.9831508586341197
15581,0.941152397122452,0.03544007684561592,0.02340752603193202
15582,0.1568158058932498,0.018065554469762515,0.8251186396369877
15583,0.9530951904850584,0.0033170867701112997,0.043587722744830346
15584,0.9187449573065443,0.002629658820538335,0.07862538387291751
15585,0.9803413821563693,0.003348589612633578,0.01631002823099704
15586,0.830764470114685,0.10670158187146414,0.06253394801385076
15587,0.7450640505994625,0.006781981723131207,0.24815396767740638
15588,0.779272813483144,0.025663827840819584,0.19506335867603636
15589,0.9718381234883435,0.0164195783110189,0.011742298200637487
15590,0.036497263366423324,0.013817008921391764,0.949685727712185
15591,0.02885303136590251,0.0027380578776743207,0.9684089107564231
15592,0.9929468392435622,0.003909088237845853,0.0031440725185918933
15593,0.9707201142535582,0.0023764274844170034,0.026903458262024824
15594,0.19320869143646752,0.13254560332642842,0.674245705237104
15595,0.9875574372476064,0.0017479024687537465,0.010694660283639962
15596,0.2447984199464594,0.030920609070447212,0.7242809709830933
15597,0.8602298627612119,0.019654273407213686,0.12011586383157437
15598,0.9760232217326065,0.01077853251526939,0.013198245752124128
15599,0.9469868988252079,0.004119902724767182,0.048893198450025016
15600,0.8595259877291064,0.024108952224576225,0.11636506004631747
15601,0.19977899182056105,0.16405099312675614,0.6361700150526827
15602,0.6517212823106919,0.004424593089651825,0.34385412459965625
15603,0.36867343614616277,0.031650716076033335,0.5996758477778039
15604,0.9331185467314982,0.0035982398469944434,0.06328321342150742
15605,0.8787620304603849,0.009174521571101008,0.11206344796851404
15606,0.985836734200402,0.0025861215910622758,0.011577144208535632
15607,0.5601528765419153,0.020535361741788244,0.41931176171629647
15608,0.9430290089871739,0.005866704151166234,0.05110428686165991
15609,0.733142001561338,0.058831662203242506,0.20802633623541963
15610,0.8800165490727416,0.00528602816147348,0.11469742276578482
15611,0.5739797881096187,0.013419159833633303,0.412601052056748
15612,0.7345043414070489,0.009508720536615655,0.25598693805633554
15613,0.9767332837662981,0.01013837628986089,0.013128339943841142
15614,0.6343330018969358,0.001835041063305341,0.3638319570397589
15615,0.011265210090774025,0.004972635487041283,0.9837621544221846
15616,0.9685024488109288,0.001262129874643429,0.030235421314427843
15617,0.9779810606348509,0.014423678944426206,0.007595260420722957
15618,0.9440154110814036,0.002782472357021909,0.053202116561574433
15619,0.7682155630066879,0.009432163377716317,0.22235227361559567
15620,0.01699242505847607,0.003973525089781226,0.9790340498517427
15621,0.6513782346061646,0.051919454849519604,0.29670231054431584
15622,0.9684484526459609,0.003066870860225583,0.028484676493813497
15623,0.9825838099109786,0.004215260733278953,0.013200929355742609
15624,0.8811334532613173,0.0038700591487961663,0.11499648758988643
15625,0.7854438577840259,0.029637522372140526,0.18491861984383354
15626,0.401295471628423,0.01570169615784272,0.5830028322137344
15627,0.9723282673252127,0.02095558569519895,0.006716146979588335
15628,0.06877070196431356,0.011836090279300323,0.919393207756386
15629,0.973473135300005,0.006740602988510662,0.019786261711484236
15630,0.9778158035584723,0.0022311854450299392,0.019953010996497763
15631,0.005047553389936804,0.003390650971646516,0.9915617956384168
15632,0.9513363382720648,0.002867004520336729,0.04579665720759839
15633,0.9465805420499502,0.003139025843325309,0.05028043210672453
15634,0.9825342124559948,0.002190111905387695,0.015275675638617432
15635,0.7567224594092149,0.007259070790642022,0.23601846980014318
15636,0.10756982510543797,0.012081337185677271,0.8803488377088848
15637,0.9429764543535718,0.010004792906927113,0.047018752739501186
15638,0.9333656917839513,0.0033820278090988588,0.0632522804069497
15639,0.7071527459535896,0.04172388592202036,0.25112336812439007
15640,0.8395832189128798,0.004105465202437537,0.1563113158846825
15641,0.6316206420704527,0.03215866963291469,0.33622068829663276
15642,0.8430325951450212,0.003748908208909695,0.1532184966460693
15643,0.9673824926490122,0.019702209512569364,0.012915297838418542
15644,0.44634353639918695,0.036868991701699175,0.5167874718991139
15645,0.9697437290821453,0.0069806988761246915,0.02327557204173007
15646,0.8974466173863971,0.003980525085439508,0.09857285752816333
15647,0.9273737705530609,0.007172863125538267,0.06545336632140072
15648,0.9768710405231517,0.002080346620364881,0.021048612856483497
15649,0.909633138331218,0.024808922887210864,0.06555793878157111
15650,0.29130035060723414,0.005259370825286517,0.7034402785674794
15651,0.010324269240039641,0.01751716741375711,0.9721585633462032
15652,0.5524909768783185,0.03582473496789966,0.41168428815378183
15653,0.931828755944012,0.007070976194310564,0.06110026786167752
15654,0.3550514672759274,0.02355249507424553,0.6213960376498271
15655,0.5366940897535739,0.01813518059907287,0.4451707296473533
15656,0.9796165261816709,0.006532483202402183,0.013850990615926897
15657,0.9715471682541517,0.0020962259635233112,0.026356605782324984
15658,0.9297807754353172,0.009732644003065975,0.06048658056161673
15659,0.2454907509779033,0.004863471149582822,0.7496457778725139
15660,0.7389013576540323,0.03491760281251388,0.2261810395334538
15661,0.9026573199575042,0.006381490687875548,0.09096118935462028
15662,0.9722836455125372,0.008311330414162743,0.019405024073300126
15663,0.8993059762627148,0.02086857969937539,0.07982544403790985
15664,0.9305645306017378,0.024435941126036243,0.04499952827222592
15665,0.47108509921312336,0.010342450844521013,0.5185724499423556
15666,0.7103862976335173,0.005444446706704191,0.28416925565977835
15667,0.9299957462403865,0.0069208512548752914,0.0630834025047382
15668,0.8478401538952152,0.005787643458313023,0.14637220264647186
15669,0.6946441361690578,0.010792192012097003,0.29456367181884513
15670,0.9141105696884757,0.007629006962727492,0.07826042334879682
15671,0.9733532165174373,0.0016854676144287123,0.024961315868133837
15672,0.7655847640573972,0.017544365418499325,0.2168708705241035
15673,0.8809433018179477,0.006970034317326896,0.11208666386472542
15674,0.9206002062804786,0.01259036157838741,0.066809432141134
15675,0.9487107593026836,0.018619196808364106,0.032670043888952324
15676,0.22425439688122717,0.011065794761412388,0.7646798083573604
15677,0.09307473369362518,0.009622226392691613,0.8973030399136832
15678,0.9444639700073203,0.00576683292310208,0.049769197069577595
15679,0.2945206995938523,0.012876531761367375,0.6926027686447802
15680,0.9243097358014126,0.008169898235493429,0.06752036596309398
15681,0.9815229838299975,0.0020266205531174596,0.01645039561688493
15682,0.9264308022848846,0.02947249315941926,0.04409670455569619
15683,0.968805165543746,0.011625651932986798,0.019569182523267215
15684,0.9757040991170064,0.004588627705137359,0.019707273177856133
15685,0.79380010370716,0.01303041381987382,0.19316948247296617
15686,0.9517537859351993,0.023247128559617802,0.02499908550518292
15687,0.10970846186363069,0.0016339836515639322,0.8886575544848054
15688,0.9320852318177308,0.0008120285448564155,0.06710273963741284
15689,0.02479874391452373,0.0036452207064215612,0.9715560353790549
15690,0.3079377688611134,0.029195064536405566,0.662867166602481
15691,0.5236671247002347,0.041476074201027016,0.43485680109873825
15692,0.19541045840772014,0.016480338038397758,0.7881092035538821
15693,0.975212778976288,0.01627970989668909,0.008507511127022945
15694,0.7682875716666908,0.008778878281839382,0.22293355005146998
15695,0.8804788536962881,0.008239498645094618,0.11128164765861724
15696,0.38759114975607867,0.010416127911779295,0.601992722332142
15697,0.2914732188669084,0.06087502062281076,0.6476517605102808
15698,0.052609291391691966,0.037633660036849016,0.9097570485714591
15699,0.602494713276379,0.00861434309441794,0.38889094362920296
15700,0.9333493811560033,0.010607673618094489,0.05604294522590216
15701,0.7685568196689587,0.044610689098059556,0.18683249123298168
15702,0.8076629014010317,0.010597743944950277,0.1817393546540181
15703,0.5088669404905078,0.004499567904801121,0.48663349160469105
15704,0.2807327094272597,0.00958847404884646,0.7096788165238939
15705,0.007596629260534899,0.0031173793501262717,0.9892859913893388
15706,0.7121421459117142,0.03216092883058612,0.2556969252576997
15707,0.72877104150079,0.02299552443393963,0.24823343406527046
15708,0.9603655702470242,0.005117580102536805,0.034516849650438955
15709,0.006786473161967151,0.002334226710988546,0.9908793001270444
15710,0.9108688834160801,0.01925708988130607,0.06987402670261396
15711,0.9894539131364635,0.003428955533236082,0.007117131330300336
15712,0.9709700419716266,0.006061986481570779,0.022967971546802603
15713,0.17758091465238784,0.04543999926541736,0.7769790860821947
15714,0.007022807811490221,0.0035002057992340185,0.9894769863892758
15715,0.9761736372307175,0.011121675479355789,0.012704687289926695
15716,0.001758123055166356,0.0005350702336689853,0.9977068067111646
15717,0.5949147617595206,0.004645539209561996,0.4004396990309174
15718,0.011949825437942596,0.0008749365491514175,0.987175238012906
15719,0.21258092182246285,0.036508333252856254,0.7509107449246808
15720,0.9461835237217202,0.00924201255367634,0.04457446372460335
15721,0.9802581404400941,0.0074691775301330065,0.012272682029772993
15722,0.08493985410993682,0.030535061892737483,0.8845250839973258
15723,0.875416570919735,0.004005923033760667,0.12057750604650425
15724,0.4413487342396121,0.05602844497370521,0.5026228207866827
15725,0.009408403207767476,0.014145570185423745,0.9764460266068088
15726,0.9393368823283954,0.0048628002939102,0.0558003173776943
15727,0.014932380518785232,0.049642957919828944,0.9354246615613858
15728,0.9483593260823109,0.008271123564137452,0.04336955035355157
15729,0.7961355392486683,0.002820082931426945,0.2010443778199047
15730,0.9051816664647991,0.005151406146299497,0.0896669273889015
15731,0.7756673602443636,0.015544909380256787,0.20878773037537957
15732,0.9672346579610698,0.0023181161978111904,0.030447225841119075
15733,0.015204834381399187,0.007181750418674313,0.9776134151999265
15734,0.9344911377274822,0.016914350449752306,0.048594511822765474
15735,0.39024808829917823,0.20736729574696236,0.4023846159538593
15736,0.36640449340960807,0.03097106993388618,0.6026244366565059
15737,0.6515512877313467,0.004162070743802813,0.34428664152485056
15738,0.9059833607348022,0.050719079097918375,0.043297560167279425
15739,0.8618597694604502,0.00807744709894766,0.13006278344060213
15740,0.010434677815694425,0.0030906628717059944,0.9864746593125997
15741,0.2920564334739644,0.05212711518420533,0.6558164513418302
15742,0.9325536109340414,0.00730557251833842,0.060140816547620116
15743,0.9791213075576652,0.002012849268921914,0.018865843173412788
15744,0.05769815700760688,0.009011296234418214,0.933290546757975
15745,0.9906726818021321,0.00271386954199273,0.006613448655875283
15746,0.7674537588985473,0.008126786808857957,0.22441945429259474
15747,0.9928495660223424,0.0006078206701342797,0.006542613307523298
15748,0.2600528491065942,0.0166500038322867,0.7232971470611191
15749,0.9728533382908523,0.0018187686231641686,0.025327893085983443
15750,0.8953383364562626,0.004388734153853895,0.1002729293898834
15751,0.8900043354267366,0.05684996451383979,0.053145700059423595
15752,0.08577430038547479,0.052853560015991105,0.8613721395985341
15753,0.9776932558800722,0.0029869564328385786,0.01931978768708911
15754,0.9676770725471453,0.0016014039005356865,0.03072152355231918
15755,0.970663619079712,0.0034764988971199033,0.02585988202316808
15756,0.9058258306408429,0.002806094928079042,0.09136807443107799
15757,0.7895988831211315,0.007899894459311142,0.20250122241955743
15758,0.029414834523257955,0.05806092468658692,0.9125242407901552
15759,0.5249870167792589,0.02359673979944872,0.4514162434212925
15760,0.9786964200678817,0.009402919984039398,0.011900659948078799
15761,0.17285662456512396,0.0041404299174275395,0.8230029455174485
15762,0.8437948309045898,0.006561922752230079,0.14964324634318
15763,0.12904346259782978,0.03774243664305008,0.8332141007591201
15764,0.9280747878603972,0.0013003672241305732,0.07062484491547225
15765,0.929580803827821,0.005110080319807761,0.06530911585237112
15766,0.8737926120993533,0.018696117684155605,0.10751127021649104
15767,0.16660209257365005,0.0043750162232706466,0.8290228912030793
15768,0.5840591182683866,0.016512457234419995,0.3994284244971933
15769,0.6321814162629388,0.02634104177065994,0.34147754196640123
15770,0.771350988571951,0.20557598869885263,0.023073022729196386
15771,0.9412292652291085,0.011235003780433071,0.04753573099045832
15772,0.9650646425958012,0.0033493209899727932,0.031586036414225874
15773,0.9291581882438542,0.010991378155622612,0.05985043360052329
15774,0.1085750543550619,0.0036060497690480527,0.8878188958758899
15775,0.5774770768407896,0.01738147172946299,0.40514145142974733
15776,0.845129775726067,0.0049338357949290255,0.1499363884790041
15777,0.41505885619839,0.0016255610296387814,0.5833155827719713
15778,0.8993774307212719,0.028894334240629014,0.07172823503809908
15779,0.1972626244048193,0.0016325886773160751,0.8011047869178646
15780,0.969726250945698,0.001203423084590774,0.029070325969711264
15781,0.9692470561144904,0.0065260755517301695,0.024226868333779416
15782,0.01543020384219566,0.0012407860621036538,0.9833290100957007
15783,0.8210892356978926,0.01624361745593688,0.16266714684617053
15784,0.013942440944837615,0.0012983755393869195,0.9847591835157754
15785,0.6056327629511153,0.12215217028925868,0.272215066759626
15786,0.9605349230233264,0.018757154728183612,0.02070792224848995
15787,0.9645315656145583,0.009496164080589804,0.025972270304851837
15788,0.9868880847804228,0.008359772356944493,0.0047521428626326806
15789,0.40341534260070455,0.04009401052423233,0.5564906468750631
15790,0.05822129914137954,0.004922397421689583,0.9368563034369308
15791,0.08336457579693715,0.030730030821095888,0.8859053933819669
15792,0.9853009848917382,0.002221097799730318,0.012477917308531318
15793,0.47719334151753845,0.2698756765183843,0.2529309819640773
15794,0.4868312280115701,0.024407665421568626,0.4887611065668612
15795,0.0009726555311986951,0.00016769800926095147,0.9988596464595403
15796,0.09624296422337805,0.011955868282639559,0.8918011674939825
15797,0.9157721052933119,0.006000167722763702,0.07822772698392452
15798,0.828836681570014,0.015908096007005757,0.1552552224229803
15799,0.8101825784844636,0.01822681749758183,0.1715906040179545
15800,0.9774443711130637,0.0018292983404795025,0.020726330546456777
15801,0.861124087631496,0.003077511866455423,0.1357984005020485
15802,0.5207829235549111,0.007863014345942549,0.4713540620991462
15803,0.5254666093597146,0.18494255662730658,0.28959083401297886
15804,0.9819244111151648,0.0026863447238596387,0.01538924416097557
15805,0.9494431191777337,0.004564414745355744,0.04599246607691065
15806,0.9215776817856509,0.0034241301445782774,0.07499818806977085
15807,0.755728892710542,0.012367661407127398,0.23190344588233058
15808,0.19414192723241508,0.014768836956184328,0.7910892358114006
15809,0.4821511739770084,0.18853802188592594,0.3293108041370656
15810,0.4951640067909064,0.1432577213059209,0.3615782719031728
15811,0.9553310720063612,0.005262474907592281,0.03940645308604646
15812,0.9044408156109127,0.003521699835513069,0.09203748455357422
15813,0.016182654721633466,0.002024062182537696,0.9817932830958288
15814,0.8708791017954062,0.004971667585891867,0.12414923061870198
15815,0.9197537015879151,0.0052470313349395415,0.07499926707714527
15816,0.9658276039632439,0.003540882177139339,0.030631513859616856
15817,0.8975145287025958,0.041504165548517685,0.06098130574888648
15818,0.2362702939783236,0.019536970691246654,0.7441927353304298
15819,0.014875940806454295,0.0025046622952810517,0.9826193968982648
15820,0.9522083011681184,0.004494452634950328,0.04329724619693144
15821,0.9539517672491937,0.009022645309545886,0.03702558744126033
15822,0.5279486575050603,0.030787650977386526,0.44126369151755324
15823,0.057326490826541725,0.018380414172970202,0.9242930950004881
15824,0.9533336032147331,0.008151562670657841,0.03851483411460904
15825,0.9518995084360051,0.0019276707027531142,0.046172820861241824
15826,0.06715137972186669,0.004175982376146287,0.9286726379019868
15827,0.6097053961688335,0.05850718613934672,0.33178741769181985
15828,0.9846169407194902,0.0016217641513597287,0.013761295129150121
15829,0.9108667811631572,0.022019812804699116,0.06711340603214364
15830,0.9375307396609402,0.01801883515285451,0.04445042518620527
15831,0.6038084691766457,0.002201232708429355,0.39399029811492486
15832,0.9732815993769428,0.004595958204588024,0.022122442418469283
15833,0.1267800892142582,0.010540137471608407,0.8626797733141334
15834,0.8981207495509098,0.04066372168796106,0.06121552876112902
15835,0.824774833179066,0.014681533945671194,0.16054363287526288
15836,0.5851951525153145,0.00835821626082986,0.4064466312238557
15837,0.00383055932340046,0.004333999459606769,0.9918354412169927
15838,0.8061604585213074,0.014025330044215308,0.17981421143447723
15839,0.9764758290512648,0.002399935772227438,0.021124235176507623
15840,0.011448838195953697,0.01725951093652894,0.9712916508675173
15841,0.9437379679739408,0.0028491244657094937,0.05341290756034962
15842,0.9581861135518238,0.012625392226294843,0.02918849422188153
15843,0.9530730246568073,0.011793977968439583,0.03513299737475316
15844,0.798845364186638,0.034927710277673614,0.16622692553568844
15845,0.9476724312074744,0.0037203737395489793,0.04860719505297657
15846,0.34850946469203337,0.06998556676338326,0.5815049685445834
15847,0.9140663578546206,0.00603414296060818,0.07989949918477114
15848,0.9552734688016732,0.0027412292472757333,0.04198530195105107
15849,0.951588002451172,0.0014974511613184277,0.04691454638750958
15850,0.8403242281293568,0.05326543608565999,0.10641033578498321
15851,0.890757583432007,0.013117997852825723,0.09612441871516746
15852,0.2723522496450424,0.0019367092243721472,0.7257110411305855
15853,0.7835766876739092,0.013938393217272116,0.20248491910881866
15854,0.979481662652602,0.012530013239022903,0.007988324108374953
15855,0.0583963649459373,0.0011738355464599815,0.9404297995076027
15856,0.12016756420998936,0.02795078956986924,0.8518816462201415
15857,0.5819233136370827,0.003371220240504249,0.4147054661224131
15858,0.00426432246405547,0.0034822064735764795,0.9922534710623679
15859,0.9899198180890025,0.0013314101334082386,0.008748771777589204
15860,0.8729157852779841,0.0043387886866655,0.12274542603535049
15861,0.9707852608056585,0.006066227700339135,0.023148511494002343
15862,0.9882310929216327,0.001218156971077439,0.010550750107289782
15863,0.4703178374060088,0.0416636041597848,0.4880185584342063
15864,0.7874153644086835,0.018060088556584142,0.19452454703473218
15865,0.9369274185824392,0.004975099942507702,0.058097481475053184
15866,0.8363008694002831,0.004777190867307609,0.1589219397324092
15867,0.9137591985564915,0.0014883017809958238,0.08475249966251278
15868,0.012401459564551815,0.008338926777427456,0.9792596136580207
15869,0.9702782566809475,0.010350301031933079,0.019371442287119407
15870,0.9338386639444389,0.002384036833515714,0.06377729922204552
15871,0.019205941757022067,0.01725999487198013,0.9635340633709979
15872,0.360319626466951,0.0031732086211975013,0.6365071649118514
15873,0.009045682593775825,0.000991369246687878,0.9899629481595362
15874,0.7840692221510557,0.010304904294907413,0.20562587355403694
15875,0.7647219143464546,0.027225936918018723,0.2080521487355267
15876,0.8803334071267368,0.07254839841443966,0.047118194458823384
15877,0.9607859263689512,0.0028017942551514276,0.03641227937589733
15878,0.9560109435641013,0.0013546494851960683,0.042634406950702586
15879,0.09555512713659152,0.01411889705021982,0.8903259758131886
15880,0.8874090000272573,0.034675981613524656,0.07791501835921805
15881,0.9672616636990872,0.0007162434380652573,0.032022092862847726
15882,0.902978157489839,0.003691246596438156,0.09333059591372292
15883,0.9614334403209762,0.006164871567516302,0.03240168811150755
15884,0.9318118308243479,0.013550069216550713,0.054638099959101266
15885,0.8607886043707942,0.007573156699788146,0.1316382389294176
15886,0.005412310865569107,0.0041276628764687,0.9904600262579623
15887,0.9905295320458372,0.0008984833495145903,0.008571984604648095
15888,0.9104856225684971,0.003273805036985591,0.08624057239451736
15889,0.4226266813962069,0.002992424201370507,0.5743808944024227
15890,0.29491280486746324,0.001398007747834677,0.703689187384702
15891,0.8132209381414217,0.04765373823944518,0.13912532361913305
15892,0.9832508296013541,0.0033902934140943196,0.01335887698455148
15893,0.5654909372121292,0.015032174316021916,0.419476888471849
15894,0.359416193840606,0.003895782578703639,0.6366880235806903
15895,0.13757205607939835,0.04529617654270462,0.8171317673778971
15896,0.9868120989101655,0.005869757714033826,0.007318143375800608
15897,0.9135345687076118,0.016133974284543082,0.07033145700784509
15898,0.9790144055508746,0.0010571495020863706,0.019928444947039055
15899,0.9852811828318705,0.001677975314594221,0.013040841853535164
15900,0.6793066357588813,0.009803821338287956,0.3108895429028308
15901,0.16178754984022203,0.007401684441425904,0.8308107657183521
15902,0.943642010567816,0.004767062740832016,0.05159092669135194
15903,0.8515233923649926,0.015743020213385965,0.1327335874216214
15904,0.9662409591700617,0.0033750368756575817,0.030384003954280817
15905,0.9552621714919385,0.003696829498575864,0.041040999009485615
15906,0.012441030676099998,0.001146108441060707,0.9864128608828393
15907,0.8621379367079484,0.004522630175524403,0.13333943311652727
15908,0.2498197936760887,0.016524981171009603,0.7336552251529017
15909,0.9687960334695414,0.004844375749389702,0.026359590781068948
15910,0.9484442179801309,0.0028798284130543495,0.048675953606814704
15911,0.3802659255308008,0.014573750244845049,0.6051603242243542
15912,0.9050897343914706,0.003155608479324116,0.09175465712920536
15913,0.9432709932869994,0.006929858690206656,0.04979914802279392
15914,0.9721738100233652,0.001300121957178649,0.026526068019456155
15915,0.9464991418762752,0.01218950344282802,0.04131135468089676
15916,0.8418647871213031,0.049749931019345994,0.10838528185935097
15917,0.6120732800266661,0.021190742127656415,0.3667359778456776
15918,0.9643915065538047,0.0008572583980450252,0.034751235048150336
15919,0.8180075667472934,0.008312379941641947,0.17368005331106484
15920,0.8721254714651643,0.005305967361937023,0.12256856117289867
15921,0.37990690192427606,0.003430917004022309,0.6166621810717017
15922,0.3364688703183235,0.00644747015740298,0.6570836595242736
15923,0.8972570153401344,0.004322716175190708,0.09842026848467494
15924,0.9444861218774284,0.0015950092000961264,0.053918868922475535
15925,0.9614232164988301,0.0021321330757196493,0.036444650425450364
15926,0.9643550852473506,0.013246975170721202,0.02239793958192833
15927,0.33675797679504305,0.023419744748070993,0.639822278456886
15928,0.9506487982507856,0.0007722829003061561,0.04857891884890806
15929,0.03550231351605719,0.002359635973834679,0.962138050510108
15930,0.11371921177782536,0.02092748216446018,0.8653533060577144
15931,0.9738065232072571,0.006864192209071888,0.019329284583670926
15932,0.41578788889911034,0.0010384740900323843,0.5831736370108572
15933,0.9684577993075623,0.01876829312761432,0.012773907564823456
15934,0.9885839983071708,0.005993286163827055,0.005422715529002166
15935,0.8981517594923065,0.007889441307494846,0.09395879920019871
15936,0.007311982625190231,0.001473715718173715,0.9912143016566359
15937,0.6268128737932128,0.004726615521538028,0.3684605106852491
15938,0.6531365607755326,0.0046577311693062,0.3422057080551612
15939,0.8634897930474361,0.09587284373006613,0.04063736322249771
15940,0.9399456890995591,0.012061408883459393,0.047992902016981594
15941,0.9586683509038447,0.0037389743328089357,0.03759267476334635
15942,0.287429791348736,0.00690980680920068,0.7056604018420634
15943,0.04589795630586908,0.005091599170519658,0.9490104445236114
15944,0.009214806846188476,0.00876828016194687,0.9820169129918646
15945,0.9200680200782588,0.0037071295479400145,0.07622485037380118
15946,0.01930788759955194,0.0039304088493672396,0.9767617035510809
15947,0.603086265329939,0.1776239946810977,0.21928973998896326
15948,0.11726803713303303,0.019940409649790755,0.8627915532171764
15949,0.9109506284928369,0.046559187989761185,0.04249018351740175
15950,0.9705995074280256,0.02011953055622096,0.009280962015753479
15951,0.8211380904930918,0.09648173521617387,0.0823801742907343
15952,0.9601094977182532,0.0026888254265798796,0.03720167685516686
15953,0.005330680340667018,0.0062807209389915694,0.9883885987203413
15954,0.008138671533373186,0.0019728917079403436,0.9898884367586864
15955,0.8562490974058349,0.00332712564509822,0.1404237769490668
15956,0.7468176733002834,0.02073368128579153,0.2324486454139251
15957,0.939916139965178,0.00561985189074532,0.054464008144076634
15958,0.9724644376863834,0.0024148391944624386,0.025120723119154142
15959,0.24882470917836896,0.01280690627917511,0.7383683845424558
15960,0.9816900679371923,0.002467995618633882,0.01584193644417379
15961,0.16065230232771938,0.007654372263341792,0.8316933254089388
15962,0.957285563646082,0.002947888908941653,0.039766547444976263
15963,0.9828028075553972,0.0036940897829921427,0.013503102661610741
15964,0.9094409738997966,0.003622391189662552,0.08693663491054102
15965,0.014720122063768264,0.009940718117409738,0.9753391598188219
15966,0.9376406647201768,0.006915445445891547,0.05544388983393153
15967,0.9077600849584279,0.03892652331178726,0.05331339172978487
15968,0.6240600561389442,0.005793233380073308,0.3701467104809824
15969,0.03871011744790727,0.003936131544636993,0.9573537510074559
15970,0.9791569440407698,0.0017335049373512247,0.01910955102187904
15971,0.10087602554688896,0.12850895130999188,0.7706150231431191
15972,0.4240498873266076,0.002696810937575023,0.5732533017358175
15973,0.9630610638800272,0.015782618964595294,0.0211563171553774
15974,0.4361694828914902,0.007979272721132406,0.5558512443873775
15975,0.7978845136239144,0.01906848261887137,0.18304700375721422
15976,0.3914883472646674,0.008166530320249143,0.6003451224150834
15977,0.9076440429019663,0.012772900873316347,0.07958305622471731
15978,0.016819302136934042,0.0070491190774243945,0.9761315787856417
15979,0.43953835832911387,0.05925397048685416,0.501207671184032
15980,0.0022822233186831796,0.003228776164335849,0.994489000516981
15981,0.9236590391976567,0.038288571171655204,0.038052389630688084
15982,0.719126306594728,0.004236917956938742,0.2766367754483332
15983,0.9239264453384195,0.010783582239508507,0.06528997242207198
15984,0.9616647355319694,0.014822373415206983,0.023512891052823566
15985,0.646842491892218,0.002943327455612383,0.35021418065216947
15986,0.20674076768349192,0.004715936613947772,0.7885432957025602
15987,0.003658121891320334,0.0011896657657453947,0.9951522123429343
15988,0.24601347334158358,0.015729083411267338,0.7382574432471491
15989,0.928679541801175,0.014362448918501278,0.0569580092803237
15990,0.3884352146681229,0.009484237245106475,0.6020805480867706
15991,0.9751644063867209,0.0021860861691654996,0.02264950744411366
15992,0.9373577455515427,0.005005165963244133,0.057637088485213005
15993,0.3869261625988764,0.016286562782896984,0.5967872746182267
15994,0.6224456600012516,0.007655055935929191,0.3698992840628192
15995,0.8741233016316485,0.0703012079728318,0.055575490395519574
15996,0.9352707790648546,0.004908129380485887,0.05982109155465942
15997,0.36748877823454473,0.024454087021976247,0.608057134743479
15998,0.8119672445349877,0.1455730564210291,0.04245969904398318
15999,0.8889518202866497,0.05004832856191578,0.060999851151434546
16000,0.9151148058324252,0.020097557071731588,0.0647876370958431
16001,0.5654335677488355,0.012654576262075385,0.4219118559890891
16002,0.9477706492230111,0.022369646470659005,0.02985970430632988
16003,0.8031882159565557,0.057814268971704,0.13899751507174035
16004,0.97680944859138,0.004274837059718446,0.01891571434890154
16005,0.9506415766723597,0.011542600254631233,0.03781582307300903
16006,0.9232417020312367,0.011494289211692899,0.06526400875707038
16007,0.12338792328067683,0.021151934361336874,0.8554601423579862
16008,0.9787809267953266,0.005831318323850966,0.015387754880822578
16009,0.966275586367247,0.008525148395080256,0.025199265237672783
16010,0.3875423110049083,0.01100385662239349,0.6014538323726982
16011,0.728666419254398,0.01754992193659184,0.2537836588090101
16012,0.9775649044314524,0.004449077315838282,0.01798601825270934
16013,0.986486378149703,0.00038123143007058716,0.013132390420226552
16014,0.7992991243033458,0.14855917705356286,0.05214169864309119
16015,0.9466989511887925,0.04440287087421271,0.008898177936994654
16016,0.9661575704205696,0.00343773687503399,0.030404692704396427
16017,0.967422055975609,0.0024972424280666275,0.03008070159632448
16018,0.1953401789632876,0.6235344484814558,0.18112537255525674
16019,0.8138809902216679,0.016601934697978115,0.16951707508035385
16020,0.9891079264411843,0.0009046100924808988,0.009987463466334735
16021,0.9849930383769515,0.008173752631122683,0.006833208991925803
16022,0.33063435556067117,0.002910622846207086,0.6664550215931219
16023,0.7921941284881857,0.12260614526205293,0.08519972624976138
16024,0.8907138284059888,0.006040519058972301,0.10324565253503873
16025,0.8340127509019197,0.006353538957991638,0.15963371014008879
16026,0.7785324440330984,0.017239821303291457,0.20422773466361005
16027,0.9054777372017391,0.0092297502518282,0.08529251254643283
16028,0.9053174780804536,0.006279682871439036,0.0884028390481074
16029,0.0022625863958375316,0.00288295208150465,0.9948544615226578
16030,0.9779045848377286,0.0024716134316833988,0.019623801730588003
16031,0.02613926580382224,0.009399136980312684,0.964461597215865
16032,0.9757591267446649,0.0024730881614191636,0.021767785093915852
16033,0.91460304448035,0.034926752852881306,0.05047020266676862
16034,0.020796538276692828,0.0021751543658540874,0.977028307357453
16035,0.92236052270205,0.0351723625325342,0.04246711476541577
16036,0.26881948380736803,0.023086622699683118,0.7080938934929488
16037,0.9501869861607596,0.02140787145418833,0.02840514238505215
16038,0.9869253777849538,0.0007276062885760693,0.012347015926470185
16039,0.8099376125642508,0.05865457517157682,0.13140781226417256
16040,0.07554627521007924,0.0011859258011874328,0.9232677989887332
16041,0.9145222090469162,0.011913885755618402,0.07356390519746543
16042,0.382830991216784,0.00939211883517321,0.6077768899480428
16043,0.9819415911397299,0.004041257214615184,0.014017151645654972
16044,0.9463932039333278,0.003274241667675103,0.050332554398996955
16045,0.9789833596011921,0.002179643913598945,0.018836996485209027
16046,0.18174999042479525,0.042763431875256774,0.775486577699948
16047,0.9103688569596834,0.0032544954662856833,0.08637664757403088
16048,0.04082839378404836,0.011519809317457616,0.947651796898494
16049,0.9893391693724016,0.002317269365655894,0.00834356126194257
16050,0.9008515414160294,0.010457848686837844,0.08869060989713257
16051,0.9498541224337328,0.0020779774895995523,0.04806790007666762
16052,0.9415047514628578,0.0009401667757065132,0.05755508176143559
16053,0.7271983258129113,0.03205816096105975,0.240743513226029
16054,0.9863391111346986,0.0004954998204646732,0.013165389044836728
16055,0.9646975887578788,0.01594526411449056,0.019357147127630613
16056,0.7918479840235487,0.007018131977375459,0.20113388399907572
16057,0.006673861014646924,0.0049332189106392945,0.9883929200747137
16058,0.97664270573094,0.0022544826868005235,0.02110281158225944
16059,0.347480820613919,0.3428012045765422,0.30971797480953883
16060,0.95649638075549,0.003417178310205237,0.04008644093430472
16061,0.30985667291814173,0.0039051825074289848,0.6862381445744293
16062,0.9670025770404662,0.005145247828281207,0.027852175131252425
16063,0.43587548985730884,0.025899335309705666,0.5382251748329856
16064,0.968166577600255,0.000630643241399838,0.0312027791583451
16065,0.9258101752661319,0.002173056633377346,0.07201676810049079
16066,0.9856555979373152,0.0049502650905604295,0.009394136972124469
16067,0.8654315973081048,0.03417461568323328,0.10039378700866196
16068,0.9347297539639615,0.0051204262964419395,0.06014981973959651
16069,0.007867601059418035,0.009138124229612821,0.9829942747109692
16070,0.011745858404747862,0.0027373799678665177,0.9855167616273857
16071,0.4728311283392688,0.024866775656333023,0.5023020960043982
16072,0.9912035035792619,0.0010011000336024713,0.007795396387135594
16073,0.8986039111296091,0.006601391828111387,0.09479469704227943
16074,0.6340592856270599,0.03031758489086407,0.335623129482076
16075,0.8048654813335623,0.003949077811680174,0.19118544085475753
16076,0.009154713138452788,0.012467648455883216,0.9783776384056639
16077,0.007762698812916083,0.006192013058426761,0.9860452881286572
16078,0.9118666029156032,0.0035669545438702156,0.08456644254052663
16079,0.8678575203895772,0.017302635891829815,0.11483984371859296
16080,0.4510136704533862,0.006133100013786044,0.5428532295328278
16081,0.952030095518758,0.001216038020904476,0.04675386646033744
16082,0.06713166300322088,0.0037391509000571253,0.9291291860967219
16083,0.13180557523817493,0.008278601131777471,0.8599158236300477
16084,0.950136595076879,0.018952774953735103,0.030910629969385907
16085,0.9196389356844756,0.04250873013317588,0.03785233418234839
16086,0.9682928884014566,0.009252136690772165,0.02245497490777141
16087,0.9637895203288107,0.0020712071652820713,0.03413927250590727
16088,0.9515448493477968,0.0005950058919647735,0.04786014476023841
16089,0.9772049203325408,0.0037851210512002418,0.019009958616258836
16090,0.9238598562336169,0.02016789376233509,0.0559722500040481
16091,0.7490869460504275,0.007287736447443198,0.2436253175021292
16092,0.13294249259270927,0.03542870042805431,0.8316288069792366
16093,0.9801638533992713,0.0009869732618338707,0.018849173338894923
16094,0.9737792343033809,0.0010900370724327064,0.025130728624186346
16095,0.9378229354484012,0.003775986110742439,0.05840107844085627
16096,0.8771862448636147,0.0042954181403638955,0.11851833699602143
16097,0.7782180580259694,0.06849004932085316,0.15329189265317733
16098,0.9303435788900967,0.047009085860892405,0.02264733524901095
16099,0.9664342674385977,0.001214318525939409,0.032351414035462885
16100,0.932577851567171,0.004040889116941729,0.06338125931588726
16101,0.8888670231939,0.008366474893185838,0.10276650191291414
16102,0.9373558735194976,0.00815466474067381,0.05448946173982856
16103,0.9671493758035679,0.018587330340974532,0.014263293855457684
16104,0.005919301697929176,0.0055333096831403856,0.9885473886189303
16105,0.9300879512715878,0.0008687526767604845,0.06904329605165162
16106,0.9159185837033161,0.04734840717996485,0.03673300911671902
16107,0.9784895832248963,0.005099013059074224,0.016411403716029452
16108,0.0840454359391314,0.004200984247232266,0.9117535798136363
16109,0.9716388889211309,0.0034651481243687023,0.02489596295450017
16110,0.8927529695465313,0.018849696826495146,0.08839733362697348
16111,0.9901240974922756,0.004474412743500483,0.005401489764223908
16112,0.02231292524034754,0.0020531187836839303,0.9756339559759686
16113,0.00381158353191913,0.005846392607701455,0.9903420238603795
16114,0.9810675293464882,0.0012954974387773082,0.017636973214734397
16115,0.7086607415246504,0.1088414411429921,0.1824978173323576
16116,0.9343583238139709,0.003455904960471498,0.062185771225557546
16117,0.9509291672483766,0.00635997639587871,0.04271085635574462
16118,0.9651631339539231,0.0013775722311183164,0.03345929381495844
16119,0.9323109861782921,0.008057432612810741,0.05963158120889715
16120,0.4050594999217808,0.09486480694592661,0.5000756931322926
16121,0.9508098332041681,0.0022722412818836735,0.046917925513948286
16122,0.9222286486779576,0.011226399386241452,0.0665449519358009
16123,0.9225714065860002,0.010609632101971286,0.06681896131202848
16124,0.9868257983986511,0.003294989524205758,0.009879212077143143
16125,0.08370436029705129,0.00864456319232493,0.9076510765106237
16126,0.9028635381876811,0.02036150233657369,0.07677495947574524
16127,0.8617082151173088,0.0269147082557067,0.11137707662698464
16128,0.13004616690383455,0.009353534678508236,0.8606002984176572
16129,0.06910475365485255,0.008606253224317842,0.9222889931208296
16130,0.9817409072409458,0.0027173344941492494,0.015541758264904951
16131,0.9330715137466503,0.008738969915864276,0.05818951633748533
16132,0.9842647849671425,0.0013945293885573359,0.014340685644300109
16133,0.9353004704253844,0.00920617615572037,0.055493353418895164
16134,0.77666044331406,0.018512631115363193,0.20482692557057675
16135,0.7795878742276467,0.084510182139517,0.13590194363283625
16136,0.8828795994084513,0.0030713357901366867,0.11404906480141207
16137,0.9758900216432285,0.001756636418278177,0.02235334193849332
16138,0.9772438021647945,0.0016584899009758065,0.021097707934229708
16139,0.9351061450028535,0.0012077149919335391,0.06368614000521297
16140,0.20021805553719252,0.003829188581352592,0.795952755881455
16141,0.961494273269802,0.005692968353628504,0.032812758376569655
16142,0.3671460380934789,0.14642565330582175,0.4864283086006993
16143,0.08403449807843591,0.007885735618917243,0.9080797663026468
16144,0.9197189304743574,0.042256723565862256,0.03802434595978014
16145,0.8426233478940374,0.009648954974633082,0.14772769713132952
16146,0.8586781262388868,0.10160581847275793,0.039716055288355125
16147,0.9723661090927331,0.005159798335623068,0.022474092571643862
16148,0.9488284827812201,0.0024980635293472037,0.048673453689432614
16149,0.9605532851161134,0.021148927475702076,0.01829778740818454
16150,0.001509641586157092,0.0008757681656931765,0.9976145902481497
16151,0.8906619861745885,0.0016119307777200465,0.10772608304769142
16152,0.018090972358315957,0.014483724316586032,0.9674253033250981
16153,0.8310749753478799,0.04678309986494325,0.122141924787177
16154,0.9231593355973925,0.0032971069701507195,0.0735435574324568
16155,0.6304400278255071,0.005757628213146587,0.36380234396134636
16156,0.025599957967716323,0.018000914100934535,0.9563991279313493
16157,0.021529673102587903,0.0013590226102031164,0.977111304287209
16158,0.43515493977259767,0.025318319130985718,0.5395267410964166
16159,0.9868819144067249,0.00039432203480247916,0.012723763558472621
16160,0.9285655842057452,0.011110889159801187,0.060323526634453575
16161,0.9789596714110073,0.0025671269807253905,0.0184732016082673
16162,0.9832515489609047,0.0011563515718308378,0.015592099467264468
16163,0.9822632787972125,0.0068203669836680286,0.010916354219119379
16164,0.9622085090976616,0.015009392566838912,0.022782098335499414
16165,0.7896698941871925,0.011048923829886653,0.19928118198292083
16166,0.16005784435879644,0.001771676565100063,0.8381704790761034
16167,0.8697609480714739,0.002985676393431736,0.12725337553509447
16168,0.7954464732377755,0.018171905933524857,0.1863816208286996
16169,0.8927386499548637,0.009962412226542056,0.09729893781859425
16170,0.9688524173388734,0.004199623762935734,0.026947958898190856
16171,0.3211576603843421,0.02398210004079399,0.654860239574864
16172,0.9553732339022482,0.005202529011168288,0.03942423708658358
16173,0.1870305102488162,0.025479954251974826,0.787489535499209
16174,0.9106720645591129,0.034378081424468986,0.05494985401641818
16175,0.6967187835107169,0.001349223864675143,0.301931992624608
16176,0.005428076593570454,0.002516464047674128,0.9920554593587554
16177,0.9768970260423988,0.003678866387964447,0.01942410756963673
16178,0.9589491112994206,0.022455341208011625,0.018595547492567855
16179,0.9288721691882931,0.004060597134778883,0.06706723367692824
16180,0.9682280501860978,0.003323720284657534,0.028448229529244726
16181,0.964304732411327,0.01551507124641106,0.020180196342262043
16182,0.9915905543499448,0.0032000577664967307,0.005209387883558493
16183,0.5860614590280189,0.03568250077439844,0.37825604019758263
16184,0.679546678533572,0.0409629060771663,0.2794904153892617
16185,0.836738772910015,0.005720370552651156,0.157540856537334
16186,0.01904176222138985,0.0017844671476403555,0.9791737706309698
16187,0.9859775352250438,0.005404504153491286,0.008617960621464835
16188,0.2789051807331278,0.10897529393792865,0.6121195253289435
16189,0.480388258956831,0.06678324821471651,0.4528284928284523
16190,0.9028959243841472,0.0076580249719710985,0.08944605064388167
16191,0.8768214967007233,0.005073417825152763,0.11810508547412395
16192,0.9903009359995515,0.0006743622194083065,0.009024701781040256
16193,0.7536331831191723,0.15031772715287658,0.09604908972795122
16194,0.019757945739608505,0.0015792663350209513,0.9786627879253706
16195,0.9902053669764268,0.0027347379852027676,0.007059895038370354
16196,0.9348652401746911,0.007721823021081547,0.057412936804227516
16197,0.07622697192801466,0.03595792280452947,0.8878151052674559
16198,0.9064838180824095,0.003408502562222246,0.09010767935536805
16199,0.9915748386282236,0.0002310639347424681,0.008194097437033875
16200,0.43104985350687386,0.012505156008547014,0.5564449904845791
16201,0.9413769624574371,0.002475001551107488,0.05614803599145536
16202,0.04849774327784051,0.00782439887408587,0.9436778578480736
16203,0.3447655681690341,0.06831249156738298,0.5869219402635829
16204,0.33523076588436806,0.004634853423228835,0.660134380692403
16205,0.9296544001821145,0.003979556742194658,0.06636604307569088
16206,0.9350447980982721,0.005791463921140459,0.05916373798058739
16207,0.025292570949953047,0.0026081083571766668,0.9720993206928704
16208,0.5938042879259934,0.03277193568327575,0.3734237763907309
16209,0.9882093740840401,0.0012174592563569077,0.010573166659603112
16210,0.9195306223978699,0.004489633078237965,0.07597974452389203
16211,0.04482483677029592,0.004284814706714284,0.9508903485229897
16212,0.03133142946576336,0.021211862956607153,0.9474567075776295
16213,0.6379239796801286,0.009177234576163143,0.35289878574370837
16214,0.8883540030212123,0.02119574293567429,0.0904502540431135
16215,0.9848536716705808,0.0012402239507643199,0.013906104378654867
16216,0.9612629813799926,0.002037646235981075,0.03669937238402647
16217,0.0673071343543964,0.00470457440989459,0.927988291235709
16218,0.9479257037742596,0.01696989529124713,0.03510440093449339
16219,0.025157614040665997,0.003635038554585102,0.9712073474047489
16220,0.9368904362769771,0.038916534524884555,0.024193029198138444
16221,0.8977971300716518,0.015791370939068752,0.0864114989892795
16222,0.4221193760096903,0.04460907857617229,0.5332715454141375
16223,0.8915329791582829,0.024730022894882783,0.08373699794683427
16224,0.820447120357744,0.01585624545109393,0.16369663419116193
16225,0.9411520686792252,0.0034605068110365412,0.05538742450973831
16226,0.9615450129320959,0.006419094042317101,0.03203589302558697
16227,0.7246704330358298,0.03613571029318168,0.23919385667098844
16228,0.18553386458558968,0.0033369969728041784,0.8111291384416062
16229,0.5817727757990387,0.006720191491571566,0.4115070327093897
16230,0.17233758282105974,0.0010728452434616508,0.8265895719354786
16231,0.9412742025216232,0.0026063821432443365,0.0561194153351323
16232,0.8593870134952402,0.06722614780067519,0.07338683870408472
16233,0.9865696851416567,0.0023968371121040203,0.011033477746239287
16234,0.9627670480858145,0.022397676237181367,0.014835275677004104
16235,0.5223224484047853,0.030751720392035616,0.4469258312031791
16236,0.07287258624648774,0.005248100890686982,0.9218793128628253
16237,0.15401655256648417,0.016147095501839355,0.8298363519316764
16238,0.8526442682092441,0.00420351626873333,0.14315221552202256
16239,0.9855367328377486,0.000629914985951566,0.013833352176299864
16240,0.9891607617021925,0.007793878282009805,0.003045360015797603
16241,0.9325993670997259,0.0025616236380347126,0.06483900926223939
16242,0.37969796838932135,0.00757874518838637,0.6127232864222922
16243,0.3849626265655971,0.046963292616545915,0.5680740808178569
16244,0.9356653430095951,0.005833230602158308,0.05850142638824654
16245,0.9835996829209556,0.001060892096771797,0.015339424982272639
16246,0.7666395339058137,0.09573538609579624,0.13762507999838994
16247,0.6407804114324354,0.04455551953640619,0.3146640690311584
16248,0.3127422719082742,0.004905834710153398,0.6823518933815723
16249,0.9869703946565047,0.0023049822730076357,0.010724623070487577
16250,0.8658837709291995,0.009531734604266383,0.12458449446653393
16251,0.008910867917178213,0.0018770621105967215,0.9892120699722249
16252,0.12800151544703026,0.006905168756708052,0.8650933157962617
16253,0.7580922258431546,0.018118839298506047,0.22378893485833928
16254,0.866587460289472,0.007448013385182479,0.1259645263253454
16255,0.04341436411543913,0.003208748874403077,0.9533768870101578
16256,0.008742453887859311,0.003035204155792195,0.9882223419563484
16257,0.9853884676235416,0.00877011929381515,0.005841413082643129
16258,0.005912608750046361,0.0016430949301649107,0.9924442963197887
16259,0.926602807865376,0.011845285014089818,0.061551907120534224
16260,0.005971059109308961,0.005915987444777417,0.9881129534459135
16261,0.9798032294315229,0.002408390503151164,0.01778838006532594
16262,0.3684861029039874,0.013601431347605886,0.6179124657484066
16263,0.025630228087240966,0.017980257631996604,0.9563895142807624
16264,0.7970244069767201,0.05427362877399577,0.14870196424928414
16265,0.029005867138178976,0.0024687498046262434,0.9685253830571947
16266,0.8466472427213143,0.030323025554039762,0.12302973172464576
16267,0.9748810231544125,0.012926858336495655,0.012192118509091689
16268,0.5289649263838574,0.0018652933889145393,0.4691697802272281
16269,0.15073898896411492,0.0015029877322730507,0.8477580233036119
16270,0.029500337110189342,0.027972149876627727,0.9425275130131827
16271,0.049200335316735774,0.004071264062869202,0.9467284006203951
16272,0.9684751048171557,0.004494551194451046,0.02703034398839331
16273,0.8258289308159774,0.014468563984350119,0.1597025051996725
16274,0.9780993029713116,0.004330363338204841,0.017570333690483667
16275,0.9743779426993036,0.0009036872482514344,0.024718370052444923
16276,0.8894398177028218,0.02292413120248821,0.08763605109469007
16277,0.9807801970310125,0.0015158188362578505,0.01770398413272974
16278,0.6492093560855692,0.008527002363307713,0.3422636415511232
16279,0.40430585909732353,0.014014605351283002,0.5816795355513934
16280,0.5866261871126717,0.07724143183607829,0.33613238105125004
16281,0.031484619571514647,0.001070567360690211,0.9674448130677951
16282,0.010708655199741358,0.001501157001222591,0.987790187799036
16283,0.9684097745105431,0.00573763415528068,0.025852591334176184
16284,0.9089905807914977,0.0032648268472063547,0.08774459236129568
16285,0.9326830109938806,0.018158388087656612,0.0491586009184627
16286,0.31186215482420526,0.03210850046734378,0.6560293447084511
16287,0.07287382328973253,0.025129408664796713,0.9019967680454709
16288,0.08246272148706048,0.013386203843550007,0.9041510746693895
16289,0.4583750325245842,0.008902877107054018,0.5327220903683618
16290,0.8610849374566817,0.005044849042635103,0.13387021350068304
16291,0.9935956229988151,0.0017992776218196673,0.004605099379365176
16292,0.9832546284990809,0.003308237416646095,0.013437134084272965
16293,0.964131562590501,0.002228865504673756,0.033639571904825145
16294,0.9596087404861027,0.004998842676983866,0.0353924168369135
16295,0.8003041565468789,0.05643491136095659,0.14326093209216456
16296,0.020477525890347383,0.0044168361446112825,0.9751056379650413
16297,0.7831506161013289,0.11656024751551322,0.10028913638315781
16298,0.9032073026232437,0.006708157118613528,0.09008454025814273
16299,0.9839339023288441,0.002842457937323218,0.01322363973383261
16300,0.5360753966287288,0.005662281567355157,0.458262321803916
16301,0.9691493012155338,0.0031408525119239594,0.027709846272542214
16302,0.752541984859515,0.015613896651656533,0.23184411848882852
16303,0.9185065315710013,0.028213684786005153,0.05327978364299359
16304,0.8187957163400431,0.016675868438508327,0.16452841522144857
16305,0.991005904017943,0.0034064455557949944,0.005587650426262098
16306,0.12698740485902066,0.4638597700799536,0.4091528250610257
16307,0.5309250291710228,0.033527304916063774,0.43554766591291344
16308,0.9509658297375687,0.02416306823498104,0.02487110202745011
16309,0.7385839516681969,0.01817153984108843,0.2432445084907146
16310,0.9675794358437131,0.005002038951157026,0.027418525205129926
16311,0.9576212609416279,0.0036163804428454025,0.03876235861552678
16312,0.552704823424142,0.12522089214851978,0.32207428442733826
16313,0.6743984703497988,0.007191082429626194,0.31841044722057493
16314,0.42573640615212827,0.010998400931117109,0.5632651929167546
16315,0.9808448458789514,0.007469129171688564,0.011686024949360012
16316,0.9697355170156198,0.0011602363480006463,0.029104246636379623
16317,0.7290599082763756,0.010146978095639633,0.2607931136279847
16318,0.4787040004573387,0.034761664861065966,0.48653433468159535
16319,0.6580487417302026,0.056014788319171935,0.2859364699506254
16320,0.6746059857490139,0.007158678148854861,0.3182353361021312
16321,0.5270525620451857,0.018309432623013946,0.4546380053318004
16322,0.9702082381199257,0.0018672333679226139,0.027924528512151672
16323,0.010310482308069215,0.013529641502245329,0.9761598761896855
16324,0.008525493835819416,0.0015648074880739065,0.9899096986761067
16325,0.9811262197031752,0.010408679738377854,0.008465100558447087
16326,0.012075172125477943,0.000716308564216508,0.9872085193103056
16327,0.8335282170419116,0.10306636496768655,0.06340541799040186
16328,0.9743519644403913,0.0032493303555730896,0.02239870520403557
16329,0.9258843888146164,0.009456929322920887,0.06465868186246254
16330,0.8302315873990055,0.01730156183778934,0.15246685076320524
16331,0.9059100005323483,0.013435242443456098,0.08065475702419575
16332,0.8936106798607224,0.05930272907281488,0.04708659106646272
16333,0.9286584968618279,0.04428114162294587,0.027060361515226235
16334,0.9890757238985975,0.006203205004869795,0.004721071096532752
16335,0.9500340584599501,0.007394970129826414,0.042570971410223354
16336,0.8411062978350696,0.029393989705581575,0.12949971245934877
16337,0.8163954173162868,0.008206640777603438,0.17539794190610977
16338,0.9289807651965786,0.005922673097050857,0.06509656170637057
16339,0.9479682520481094,0.0026675410009823278,0.04936420695090833
16340,0.9813219263971416,0.006166163085668898,0.012511910517189476
16341,0.9815892195041007,0.0029343109476330427,0.015476469548266385
16342,0.258504148328117,0.003996728189718325,0.7374991234821647
16343,0.9514069526580098,0.01663469213214837,0.031958355209841804
16344,0.00994219907518542,0.002613977240172369,0.9874438236846421
16345,0.2966674850693882,0.11769723161100523,0.5856352833196065
16346,0.7747242447724259,0.09723633495487662,0.1280394202726975
16347,0.7260399629116423,0.010142141077494442,0.2638178960108633
16348,0.8324306393594676,0.008865762667638655,0.1587035979728938
16349,0.9313549503091136,0.034333209201701784,0.0343118404891845
16350,0.25314219905992147,0.005404341788041838,0.7414534591520365
16351,0.23288110643785603,0.013872975397972333,0.7532459181641717
16352,0.11725040698511985,0.12586670680239168,0.7568828862124884
16353,0.9441325552829787,0.005562720196117392,0.05030472452090404
16354,0.798084938770393,0.002602605872749757,0.1993124553568573
16355,0.11526841725903977,0.021377805897667353,0.8633537768432928
16356,0.9605916931136905,0.008568740878466432,0.030839566007843065
16357,0.7901721588781118,0.014675641829704877,0.1951521992921834
16358,0.8898893036181558,0.0656368605110196,0.04447383587082458
16359,0.3078073742594554,0.004385550500466806,0.6878070752400778
16360,0.8979256790056251,0.0875590947722367,0.014515226222138085
16361,0.798036898733803,0.01508249671775471,0.18688060454844224
16362,0.04533963970731707,0.004851479841953687,0.9498088804507292
16363,0.9077730260998724,0.0298176576361896,0.062409316263937926
16364,0.028739773130290844,0.002207303471610577,0.9690529233980987
16365,0.34431392164225216,0.040712227643999795,0.614973850713748
16366,0.04571832614659606,0.0047881286843815055,0.9494935451690223
16367,0.9763188177939501,0.002934691647094783,0.02074649055895495
16368,0.9752096864309641,0.0103305138007464,0.014459799768289719
16369,0.027216862195804367,0.004596878324673787,0.9681862594795219
16370,0.09114382918551525,0.4391054791056324,0.46975069170885236
16371,0.02408200254885584,0.04513598035708994,0.9307820170940542
16372,0.365402787186848,0.03240762058030177,0.6021895922328502
16373,0.952402046846619,0.004291711907221051,0.04330624124615996
16374,0.9300175305062421,0.029564064996057057,0.040418404497701024
16375,0.0043580527154707185,0.0014964708546934735,0.9941454764298358
16376,0.05295530368935048,0.00381106250962598,0.9432336338010237
16377,0.9413216178826778,0.017250719265278696,0.04142766285204347
16378,0.8533373119631331,0.012150695521114916,0.134511992515752
16379,0.336988124896119,0.053506951173718856,0.609504923930162
16380,0.009310749481195795,0.004285741467591329,0.9864035090512128
16381,0.33551408807875854,0.016189405084904167,0.6482965068363373
16382,0.8435048683924953,0.014050644118240845,0.14244448748926405
16383,0.9652327799857321,0.0010476148075019276,0.033719605206765965
16384,0.9697673419617239,0.0008016036752494845,0.029431054363026565
16385,0.44512721146324485,0.056450077836234666,0.49842271070052047
16386,0.9400488140766343,0.003897439443401074,0.05605374647996454
16387,0.970397835928928,0.011558644634542743,0.01804351943652913
16388,0.18313389446744505,0.0680606175874324,0.7488054879451227
16389,0.9819869115749389,0.0031747676460843017,0.014838320778976788
16390,0.021240258959208898,0.052904610290394775,0.9258551307503964
16391,0.6711495861515593,0.012945679228879587,0.31590473461956114
16392,0.9094667389933468,0.022037208071777906,0.06849605293487518
16393,0.9644019844893366,0.01838668556937599,0.0172113299412874
16394,0.9294392284309436,0.01976766409190367,0.050793107477152606
16395,0.9113277956594028,0.0157957764073238,0.07287642793327355
16396,0.9707471857400501,0.017963969948000355,0.011288844311949327
16397,0.9447895479658674,0.01257883273870752,0.04263161929542499
16398,0.5016682021240249,0.4351131114873557,0.06321868638861954
16399,0.14317174611942962,0.011375706276715618,0.8454525476038547
16400,0.9078851559597017,0.08572070412698221,0.006394139913316116
16401,0.9900106353101568,0.005761727965726021,0.004227636724117192
16402,0.9734440296576767,0.004364434012280379,0.02219153633004273
16403,0.8190354464645511,0.01922877922404119,0.16173577431140773
16404,0.9753511836828979,0.0016013774283141062,0.023047438888788102
16405,0.2712209831513261,0.0045853480804567475,0.7241936687682171
16406,0.9382044832720855,0.00484573328743104,0.05694978344048346
16407,0.001387690441714078,0.000986068066912235,0.9976262414913736
16408,0.9752247847455935,0.0007055303489233553,0.024069684905483082
16409,0.9181410968177799,0.037601384112833605,0.044257519069386436
16410,0.874308294453835,0.06614776857800321,0.05954393696816175
16411,0.15808348397183108,0.016312542576540558,0.8256039734516283
16412,0.41955860363779646,0.48459581641365423,0.09584557994854934
16413,0.6861191890350544,0.021290019377259196,0.2925907915876863
16414,0.09470259247670186,0.024092962282488428,0.8812044452408097
16415,0.891667181030595,0.05840227669450802,0.049930542274897044
16416,0.5915816535847966,0.005316358698619125,0.4031019877165842
16417,0.9424278186487278,0.0017758825784762564,0.05579629877279598
16418,0.8947958862789989,0.0039044069146717516,0.10129970680632928
16419,0.8102433539683185,0.03774843443832896,0.15200821159335248
16420,0.11762938883029152,0.013334631994165562,0.8690359791755429
16421,0.9792433843119392,0.0007356498098196748,0.02002096587824115
16422,0.9084212918059894,0.002149181787382654,0.08942952640662798
16423,0.7084410987500023,0.00812576483557788,0.2834331364144199
16424,0.975154338898017,0.001842114129187991,0.023003546972795143
16425,0.8417220450855325,0.005940948946517121,0.15233700596795044
16426,0.9788853976771674,0.0024143832134484442,0.018700219109384214
16427,0.9530917976067497,0.0052240795793345104,0.041684122813915626
16428,0.9595611866701383,0.004068890268977919,0.03636992306088371
16429,0.9453050569108425,0.016283168502018726,0.038411774587138875
16430,0.9158602659472017,0.05661359391643522,0.02752614013636307
16431,0.14748400494905048,0.014109712830469431,0.8384062822204801
16432,0.02689652323990469,0.00385233616281054,0.9692511405972848
16433,0.8844809067544379,0.003980167331912711,0.11153892591364928
16434,0.630830062112029,0.014282347859174578,0.3548875900287965
16435,0.013802791432456885,0.020803129865855398,0.9653940787016877
16436,0.5551357347826229,0.0817518214084537,0.36311244380892344
16437,0.7701454513888053,0.00495471700715119,0.2248998316040436
16438,0.9757904034124079,0.0025201178239145066,0.021689478763677668
16439,0.004821226917483431,0.002417373398811606,0.992761399683705
16440,0.98311017198021,0.0050239571363217845,0.011865870883468346
16441,0.062492778971013255,0.0059960669175143,0.9315111541114725
16442,0.8452661864887183,0.0020465645648053998,0.15268724894647642
16443,0.8975587471499529,0.005877988043556592,0.09656326480649058
16444,0.8828542987835628,0.0021985281060755333,0.11494717311036168
16445,0.9597920337840355,0.003386727167559286,0.03682123904840516
16446,0.7550951210626903,0.005833729784530984,0.2390711491527787
16447,0.5582758689613141,0.03354597471166862,0.40817815632701726
16448,0.336579921462249,0.004689092219566483,0.6587309863181845
16449,0.9417070311787316,0.004150433296297509,0.05414253552497105
16450,0.8350363299884185,0.003849613801234208,0.1611140562103474
16451,0.9690769075976333,0.006409125669448743,0.024513966732917968
16452,0.9475477383555445,0.003673900092807027,0.04877836155164836
16453,0.7680836932983377,0.015253010568915542,0.21666329613274687
16454,0.935547152364118,0.005612578561001563,0.058840269074880484
16455,0.0019277746669419753,0.0013601182924247142,0.9967121070406333
16456,0.9617757255714211,0.0045982503045165,0.033626024124062466
16457,0.9413449339000055,0.02282094779906257,0.03583411830093187
16458,0.9727926578642421,0.00850818080334811,0.018699161332409973
16459,0.9401728718242564,0.004059737165098688,0.055767391010644915
16460,0.9010333117593415,0.03999014833250576,0.05897653990815271
16461,0.8476900262361238,0.05796638405880894,0.09434358970506732
16462,0.9844710560314227,0.0014876441692831814,0.014041299799294218
16463,0.9350838835202263,0.014365243052511963,0.05055087342726161
16464,0.944953135810422,0.007048445935132191,0.047998418254445806
16465,0.9263988344299412,0.009741570388463044,0.0638595951815957
16466,0.7246731842821768,0.010072944238192173,0.26525387147963103
16467,0.9646812229702965,0.0039631788202255545,0.03135559820947796
16468,0.9616634654355689,0.0016385046752532275,0.03669802988917785
16469,0.9771182854475312,0.008507553522965885,0.014374161029503025
16470,0.989805016730707,0.0025692996366511933,0.00762568363264182
16471,0.6448704457070428,0.03289434418442145,0.32223521010853573
16472,0.955918152422719,0.02411751478828382,0.01996433278899722
16473,0.6744587967340041,0.05231246492638027,0.27322873833961564
16474,0.879485164070305,0.008601111614727706,0.11191372431496735
16475,0.022408085813496362,0.005408673935399853,0.9721832402511037
16476,0.9702636570256489,0.0025023288806197558,0.0272340140937314
16477,0.9429485388719858,0.008791597195836508,0.048259863932177745
16478,0.7927997399230634,0.030264771958669744,0.17693548811826698
16479,0.9811199286116526,0.0027116733580617607,0.01616839803028553
16480,0.9560077365638942,0.0026007612604671128,0.041391502175638875
16481,0.9809339097589351,0.00034740926993196005,0.018718680971133002
16482,0.2550148875817075,0.009424633442977424,0.7355604789753151
16483,0.9537218444931275,0.00590513928537487,0.040373016221497596
16484,0.841121302080014,0.025873818621832308,0.1330048792981537
16485,0.7417340708332884,0.0010181771311231107,0.2572477520355885
16486,0.8648913720564175,0.00423909166141209,0.13086953628217046
16487,0.01679959892610091,0.002469210197082708,0.9807311908768164
16488,0.9473469072118604,0.01618617145947623,0.036466921328663346
16489,0.7752336283158021,0.05487828787147293,0.16988808381272502
16490,0.847462120377795,0.07811793662336314,0.07441994299884179
16491,0.06065700564712889,0.02129722279403365,0.9180457715588375
16492,0.9617565142015809,0.02061886762833566,0.017624618170083366
16493,0.01662035112846505,0.002788791907973487,0.9805908569635615
16494,0.9591901936144697,0.0016475858780337588,0.0391622205074965
16495,0.986202203566664,0.0012537299219032292,0.012544066511432764
16496,0.0017412939735026202,0.0010828706382059509,0.9971758353882914
16497,0.9655916702427416,0.0008750035166543314,0.033533326240604
16498,0.5219290075598177,0.005365347565065679,0.47270564487511657
16499,0.2503983002237824,0.0490074567243602,0.7005942430518575
16500,0.00802703802178772,0.0007733932368138899,0.9911995687413986
16501,0.9915922296794795,0.0008054245336333611,0.0076023457868871925
16502,0.9569849014380487,0.001861548737933193,0.0411535498240182
16503,0.966158837220168,0.0011759354958189906,0.03266522728401294
16504,0.9546093646403786,0.0009486144552734576,0.04444202090434792
16505,0.961185716022351,0.004484387014892303,0.03432989696275665
16506,0.17162541973187978,0.03251372401998796,0.7958608562481324
16507,0.9507448726801588,0.007062792635832041,0.042192334684009056
16508,0.973486700255173,0.001740136594855273,0.024773163149971654
16509,0.15597022998226553,0.0018285428805021563,0.8422012271372323
16510,0.6450493817867307,0.012789849996211938,0.3421607682170574
16511,0.9071311514405188,0.029032272791092273,0.06383657576838889
16512,0.9130345381340753,0.0332828050548958,0.05368265681102889
16513,0.8190708952885531,0.011234416902551588,0.16969468780889535
16514,0.943858428968892,0.010463279851243314,0.04567829117986464
16515,0.3090307534514082,0.06887811701563964,0.6220911295329522
16516,0.9215987858926102,0.0072132072409138315,0.07118800686647607
16517,0.6530900344641439,0.06000484570485894,0.286905119830997
16518,0.7735717914323792,0.01709690119729179,0.20933130737032898
16519,0.9573259179687819,0.00793393968807095,0.03474014234314717
16520,0.40599729185256206,0.04528139036366462,0.5487213177837734
16521,0.010846095220654588,0.001224887880225874,0.9879290168991196
16522,0.8025261202522651,0.0074818190709439215,0.18999206067679097
16523,0.9603773519648726,0.0031095408367109298,0.0365131071984165
16524,0.6955538333905769,0.00994077991148651,0.29450538669793663
16525,0.9482670464992016,0.0026934898196999215,0.04903946368109849
16526,0.9881103738428503,0.0005494585520435072,0.011340167605106258
16527,0.9225942436239312,0.006093624279129698,0.07131213209693923
16528,0.617504144644216,0.06999073312418291,0.3125051222316011
16529,0.8520788582532871,0.020884679357285805,0.127036462389427
16530,0.7028507380205079,0.008810138889721281,0.2883391230897707
16531,0.007491077751556591,0.008129587698306065,0.9843793345501372
16532,0.8903642238839187,0.005785431837192455,0.10385034427888895
16533,0.9023701681312729,0.008587367591938936,0.08904246427678811
16534,0.3410391024732836,0.08996455276085122,0.5689963447658651
16535,0.6398743979399977,0.026554272504911665,0.33357132955509067
16536,0.9473105837060657,0.005917374298150575,0.04677204199578376
16537,0.9541782726605194,0.010323901328582363,0.035497826010898195
16538,0.9796408311594247,0.0018858981716310293,0.01847327066894419
16539,0.9803005013038943,0.0071100634986522105,0.012589435197453473
16540,0.14392811789179263,0.00965887908075756,0.8464130030274498
16541,0.9467036310255009,0.004770143529497591,0.04852622544500157
16542,0.01119774226147245,0.002771056248140628,0.9860312014903869
16543,0.8584863379754986,0.008819023423929671,0.13269463860057173
16544,0.9485394641175332,0.0019145586520422746,0.04954597723042453
16545,0.7264156776805726,0.005680693182485691,0.2679036291369418
16546,0.8888811213992062,0.08426562102640654,0.02685325757438722
16547,0.1263276873328087,0.00537116269687811,0.8683011499703132
16548,0.14577968155876986,0.611346737856201,0.24287358058502911
16549,0.01953282150280799,0.014975032727814301,0.9654921457693777
16550,0.9770710438188699,0.005027594956016363,0.01790136122511365
16551,0.986473879957129,0.0014748526156683113,0.012051267427202632
16552,0.9425598290270933,0.003957095717855543,0.05348307525505108
16553,0.8038959945103898,0.13762920638076848,0.058474799108841596
16554,0.8690210196344663,0.0014476140257269874,0.12953136633980664
16555,0.01971473085784128,0.001761787300482291,0.9785234818416765
16556,0.0030797267884958264,0.0032172586114278456,0.9937030146000763
16557,0.9891559366322933,0.0036776914939028933,0.007166371873803776
16558,0.00473002523550751,0.00039217376979496806,0.9948778009946975
16559,0.974644110646315,0.013605636464146136,0.011750252889538865
16560,0.9289977567751369,0.012979724970649711,0.05802251825421338
16561,0.06176769245021524,0.011822223854684538,0.9264100836951001
16562,0.9661730268021989,0.0017913316876402275,0.03203564151016096
16563,0.8541261496395219,0.10403374919731694,0.04184010116316117
16564,0.9772653400088943,0.0008320105790890133,0.021902649412016695
16565,0.9659566892546562,0.0034156712299693286,0.030627639515374425
16566,0.3700360316974203,0.04315340453337983,0.5868105637691999
16567,0.5107945360356096,0.027886149629921746,0.4613193143344686
16568,0.24974950706056534,0.005652578506828298,0.7445979144326063
16569,0.9841293696812539,0.0010757817249924034,0.014794848593753778
16570,0.9520849680849677,0.02277460888433043,0.025140423030701926
16571,0.831002106407408,0.0042604983191367385,0.16473739527345518
16572,0.7471695539920711,0.014145046365718523,0.23868539964221047
16573,0.9754097780998399,0.0027961334225701166,0.021794088477589978
16574,0.950643728339403,0.002914084605240631,0.04644218705535643
16575,0.9813829544133028,0.003132067356059123,0.015484978230638019
16576,0.9717105420408897,0.0030717650218517745,0.025217692937258587
16577,0.9865915168718563,0.002572995544732482,0.010835487583411345
16578,0.28207025188569,0.011278032376421894,0.7066517157378881
16579,0.9513435769108072,0.0012889472970109505,0.04736747579218183
16580,0.028577664648509735,0.0033581593718269723,0.9680641759796633
16581,0.6110333036576361,0.010634522065808685,0.37833217427655547
16582,0.7593484229472334,0.002562769429367255,0.23808880762339937
16583,0.964515471792765,0.002334306659776819,0.03315022154745823
16584,0.8079820008541257,0.07325697002157157,0.11876102912430267
16585,0.9654638849915091,0.00242182566580949,0.03211428934268151
16586,0.9517338951981109,0.0005691289893613687,0.047696975812527576
16587,0.8051605475130793,0.17326588509405252,0.021573567392868226
16588,0.9874153129551297,0.0023991149937986423,0.010185572051071717
16589,0.8868569941440979,0.0019424262812913888,0.11120057957461069
16590,0.005769880240675512,0.0011268967912396628,0.9931032229680847
16591,0.607296763998182,0.005137683073264955,0.38756555292855305
16592,0.959414150398322,0.0010337547486062566,0.03955209485307184
16593,0.9813237008727037,0.002964075577180127,0.015712223550116356
16594,0.3429894949856465,0.04196328332771321,0.6150472216866403
16595,0.9563404218224729,0.02106336918086021,0.022596208996666867
16596,0.9817418233858618,0.011688555394846098,0.006569621219292069
16597,0.018870949466321296,0.0016984861660578575,0.9794305643676209
16598,0.9623434165946769,0.003852332108969291,0.03380425129635384
16599,0.9816719167697326,0.001621487721494044,0.016706595508773382
16600,0.9427020525291139,0.0012780683508725574,0.05601987912001359
16601,0.624594168312008,0.005227523840741426,0.37017830784725064
16602,0.07150434181689677,0.10312943042986278,0.8253662277532404
16603,0.956273734888822,0.003879800900110066,0.03984646421106792
16604,0.4372090126181938,0.3696295002334119,0.19316148714839437
16605,0.9320690559686147,0.02909218641588113,0.03883875761550412
16606,0.47982594288770175,0.046490246855992505,0.4736838102563058
16607,0.2323617303758367,0.004059296951499685,0.7635789726726636
16608,0.4332677382392863,0.026603902367012815,0.5401283593937009
16609,0.9656037969033615,0.0028154738047364153,0.03158072929190213
16610,0.9620949582905609,0.004778878475207662,0.033126163234231405
16611,0.9538348718424116,0.006138492598924126,0.04002663555866447
16612,0.9861088754049202,0.0025641015586393007,0.011327023036440334
16613,0.13672221883099595,0.003954132207658679,0.8593236489613455
16614,0.9761638503904773,0.008376050276983722,0.01546009933253883
16615,0.9749316599271258,0.0013807026182793413,0.02368763745459506
16616,0.8404816564080624,0.03982221999616645,0.11969612359577117
16617,0.6990567671099595,0.010132969623870903,0.29081026326616966
16618,0.8757181533743463,0.021970861120635076,0.10231098550501867
16619,0.9750209564991802,0.009373636738368935,0.0156054067624509
16620,0.9619508077611794,0.0020041333357233592,0.0360450589030973
16621,0.908060600510602,0.004883298649918561,0.0870561008394795
16622,0.9590385512328599,0.00535108125090705,0.03561036751623309
16623,0.8146029861762065,0.05866885798375355,0.12672815584003994
16624,0.718814506857655,0.015268859984560734,0.2659166331577843
16625,0.032568680926803435,0.02877165156445894,0.9386596675087376
16626,0.00926866065990261,0.007592792431276491,0.983138546908821
16627,0.022551619986969126,0.0031568378677903587,0.9742915421452406
16628,0.1012721420253434,0.008291647735678195,0.8904362102389783
16629,0.9172484586888807,0.002430663518891522,0.0803208777922278
16630,0.7643521657049372,0.1887305749816317,0.04691725931343119
16631,0.026759179656984322,0.03830536571500496,0.9349354546280106
16632,0.9273264015066272,0.013081196430153331,0.05959240206321935
16633,0.9079227763744421,0.014426102887982533,0.07765112073757534
16634,0.9598515995993881,0.004424655960431224,0.03572374444018065
16635,0.8918998929432209,0.004106180018069216,0.10399392703870997
16636,0.9874278602582293,0.0009176219633493096,0.011654517778421447
16637,0.021035285348621396,0.008076183491124638,0.970888531160254
16638,0.7040603064965996,0.021163546627630092,0.2747761468757704
16639,0.9777478900582475,0.0012418799481862279,0.021010229993566425
16640,0.04435383231324723,0.0018900010037964147,0.9537561666829564
16641,0.8802122360207063,0.06510879458881819,0.05467896939047537
16642,0.9241551659581977,0.007687786889494695,0.06815704715230764
16643,0.6985486626857693,0.0013355045407476473,0.30011583277348297
16644,0.2661397437875756,0.0062128258078954154,0.7276474304045291
16645,0.9704688265974959,0.0032564655507163337,0.02627470785178758
16646,0.8038165732775593,0.026025383174598366,0.17015804354784234
16647,0.9300661008148681,0.0025148477352295888,0.06741905144990241
16648,0.9497566769839481,0.00559159342849965,0.04465172958755237
16649,0.9473984132332003,0.00414131931584343,0.048460267450956454
16650,0.9789038084536805,0.0036425250333153806,0.017453666513004236
16651,0.9761714143237632,0.00521181660070273,0.018616769075534056
16652,0.7354186673329215,0.006912937138627398,0.2576683955284512
16653,0.024467677993994644,0.0018813162729809099,0.9736510057330244
16654,0.9772830229293746,0.003013878840626598,0.019703098229998734
16655,0.9576931773270514,0.016485187284705684,0.025821635388242913
16656,0.9329795095127059,0.007279910903387475,0.05974057958390665
16657,0.9047283337311511,0.005447677561075013,0.08982398870777386
16658,0.8162512748092365,0.07708599858436879,0.10666272660639457
16659,0.9712786896594443,0.013388431512979674,0.015332878827576094
16660,0.9403010830469534,0.037142218772070926,0.022556698180975616
16661,0.32534857709654985,0.19084596495432476,0.48380545794912555
16662,0.8945008061254212,0.007701055050790223,0.09779813882378863
16663,0.9769567739370494,0.002514455529582136,0.020528770533368528
16664,0.014256965228328049,0.0011941017437604477,0.9845489330279116
16665,0.012565830287097266,0.05158547892058428,0.9358486907923185
16666,0.911538464656458,0.06233184049447986,0.026129694849062027
16667,0.9579186298635816,0.00291232394212708,0.039169046194291415
16668,0.7792508520164825,0.019980666547397538,0.20076848143612003
16669,0.969686271972449,0.0010926611687967637,0.02922106685875429
16670,0.7174453838927279,0.052060838060269676,0.2304937780470025
16671,0.5522289863622257,0.21246705153309536,0.23530396210467885
16672,0.9461100280019838,0.00859422449859225,0.04529574749942411
16673,0.9216074534612606,0.025742734451311075,0.05264981208742844
16674,0.9300923782981546,0.0036407538340816293,0.06626686786776378
16675,0.7271621092173011,0.029676319526651167,0.24316157125604787
16676,0.06723241599139847,0.03014665020358782,0.9026209338050137
16677,0.8076907270951826,0.041334156862036196,0.15097511604278113
16678,0.06777204942850179,0.0030420180719318286,0.9291859324995664
16679,0.888728280749679,0.002890545763992087,0.10838117348632889
16680,0.002985000024534508,0.0010140493119340916,0.9960009506635314
16681,0.7314032881915731,0.00798069874622513,0.2606160130622018
16682,0.9735329924206569,0.013168234707648998,0.013298772871693978
16683,0.673990127268919,0.045400030695203396,0.2806098420358776
16684,0.02467962231454667,0.00713472386744262,0.9681856538180107
16685,0.9496959591999238,0.0029388827055196586,0.047365158094556506
16686,0.9668568210916889,0.00984973321804163,0.02329344569026947
16687,0.9629319988851418,0.0037521603072973447,0.033315840807560976
16688,0.9572353800823674,0.022947918260387015,0.019816701657245445
16689,0.5872977002775566,0.011604692915701691,0.40109760680674167
16690,0.7330621670457973,0.0038145786359799197,0.26312325431822287
16691,0.8409304641020605,0.002421176640973316,0.15664835925696607
16692,0.9682757814318061,0.002871820726760897,0.0288523978414331
16693,0.9828651229828439,0.000912321956930527,0.016222555060225432
16694,0.6548475682017877,0.16163282382019806,0.1835196079780143
16695,0.2643280041222009,0.009905125803531008,0.7257668700742681
16696,0.9764162680964708,0.007012898098160719,0.016570833805368446
16697,0.9731746661650396,0.001118229212527591,0.02570710462243291
16698,0.6541260173973011,0.2389210079966027,0.10695297460609608
16699,0.988916217270208,0.00123754709307742,0.009846235636714535
16700,0.5033524409709236,0.0017195265885279628,0.4949280324405485
16701,0.9791454063012585,0.0028809414719041444,0.01797365222683736
16702,0.047948649050385636,0.09332307733469533,0.8587282736149191
16703,0.9193939628896984,0.022628129118373932,0.057977907991927626
16704,0.9369249927613473,0.020436203877956152,0.04263880336069651
16705,0.990043311240792,0.00221159241793127,0.007745096341276704
16706,0.9183348993233618,0.006888095572735934,0.07477700510390231
16707,0.9912809132626199,0.0010215096257170243,0.007697577111663233
16708,0.39104360983749864,0.01211945063216015,0.5968369395303412
16709,0.06616066822758078,0.010151055200715959,0.9236882765717033
16710,0.9770225393940846,0.0011373714348196634,0.021840089171095756
16711,0.9094175719167836,0.007864264453388968,0.08271816362982748
16712,0.43761423761311014,0.017115240316992495,0.5452705220698972
16713,0.9850609188930856,0.0070220543008445175,0.007917026806069857
16714,0.025424337520938818,0.00636414620837792,0.9682115162706832
16715,0.3784946062204317,0.00319697934863442,0.6183084144309339
16716,0.954213273983902,0.015201818095587332,0.03058490792051071
16717,0.7483381948383179,0.020363100681721983,0.23129870447996007
16718,0.42770907573816935,0.012265596387930263,0.5600253278739004
16719,0.9592261060853078,0.0036522984726541294,0.03712159544203812
16720,0.003972622343351262,0.006913247488840571,0.9891141301678081
16721,0.01583110578600724,0.0017232182055683556,0.9824456760084244
16722,0.0031882940092303126,0.000993761280193952,0.9958179447105757
16723,0.9734040214413381,0.0038451141172593352,0.022750864441402514
16724,0.4341255515576421,0.0037420987428733793,0.5621323496994846
16725,0.60346099777095,0.017823660687686857,0.3787153415413633
16726,0.000781202468127843,0.0002189497934911081,0.998999847738381
16727,0.9309099422942544,0.04277388812812133,0.026316169577624313
16728,0.9649835755368975,0.005568617631424792,0.029447806831677706
16729,0.952458483878701,0.00869644849380614,0.038845067627492756
16730,0.884585066192366,0.006790939413803069,0.10862399439383098
16731,0.839762247650885,0.030090655794987944,0.1301470965541269
16732,0.9261836407709276,0.008476818435502994,0.06533954079356946
16733,0.424229601027073,0.03926955362890721,0.5365008453440198
16734,0.9329881227328706,0.007906878781026935,0.05910499848610247
16735,0.9232525723429661,0.005196254249310013,0.07155117340772382
16736,0.0023633535015058337,0.0023828385556579753,0.9952538079428361
16737,0.027500066253481656,0.0033378665659240508,0.9691620671805943
16738,0.9261191774948092,0.009356872653137829,0.06452394985205297
16739,0.061912842810929486,0.12173717837544802,0.8163499788136225
16740,0.004566535141786944,0.0013399705032121857,0.9940934943550008
16741,0.009818367656315845,0.0033598251556660836,0.9868218071880182
16742,0.817955097582933,0.059320598340989045,0.12272430407607796
16743,0.11131695201871156,0.01211684828404133,0.8765661996972471
16744,0.97657201024908,0.0025774008086023275,0.020850588942317547
16745,0.844087738756425,0.006455190690766789,0.14945707055280835
16746,0.9855305649058075,0.004319457877049028,0.010149977217143382
16747,0.3741630580952696,0.044998110160353294,0.5808388317443771
16748,0.9701163079700195,0.0027730304106433406,0.027110661619337225
16749,0.9702006084810031,0.005209161944488424,0.024590229574508522
16750,0.984207669391931,0.0007453678160055359,0.015046962792063388
16751,0.01735042219477536,0.001410713383892959,0.9812388644213317
16752,0.9102840606456951,0.013175875674860277,0.07654006367944469
16753,0.9247197588658878,0.006650615882365249,0.06862962525174697
16754,0.025295327060249156,0.013075022436317044,0.9616296505034339
16755,0.9114118472869477,0.007862445624571984,0.08072570708848031
16756,0.860867628351428,0.040308116505856265,0.09882425514271563
16757,0.9863112868381881,0.0013606890543793508,0.012328024107432304
16758,0.8767597650456457,0.007043426238701568,0.1161968087156527
16759,0.9758305066452884,0.005790632889819446,0.018378860464892226
16760,0.946587519095414,0.0026946877944977695,0.050717793110088186
16761,0.9482741903332343,0.0019528112198208838,0.0497729984469449
16762,0.9168974096775332,0.005212562956321458,0.07789002736614542
16763,0.6423966534117365,0.15279038161287464,0.20481296497538878
16764,0.906935856567405,0.004785399601231722,0.08827874383136321
16765,0.6926317802129228,0.10096954738133533,0.20639867240574186
16766,0.9666562789452473,0.0017970133555931778,0.03154670769915961
16767,0.42434396928556095,0.06879572489461648,0.5068603058198226
16768,0.6082833083374051,0.05142342536053297,0.3402932663020619
16769,0.004112823326470868,0.0009096435696334205,0.9949775331038957
16770,0.8806353176536643,0.0018692989490001859,0.11749538339733558
16771,0.0013056908626759938,0.00045925217825378353,0.9982350569590702
16772,0.1621393982060375,0.04271277659811176,0.7951478251958507
16773,0.9239697724335771,0.005499932034808734,0.07053029553161427
16774,0.8385532070850099,0.0013414408152540983,0.16010535209973595
16775,0.5632963185442295,0.026536805706591386,0.41016687574917915
16776,0.9485221193220597,0.0032196928677736183,0.04825818781016683
16777,0.9818004918005983,0.0038106816525421503,0.014388826546859728
16778,0.9386274827589967,0.004394305877818456,0.05697821136318475
16779,0.958988473574993,0.006255890791355594,0.034755635633651555
16780,0.9727166890473733,0.011145411547022657,0.01613789940560408
16781,0.35852678023253115,0.0031435160760805436,0.6383297036913883
16782,0.9437851430828935,0.020103561967278288,0.03611129494982828
16783,0.9629951026272818,0.0012492182952222233,0.03575567907749578
16784,0.9022276465577004,0.0038998818395938055,0.09387247160270601
16785,0.014912920333804126,0.01902119491120584,0.96606588475499
16786,0.05193008814238347,0.025027746996765365,0.9230421648608511
16787,0.9703843732738778,0.002569231707596495,0.027046395018525668
16788,0.9772208091627552,0.0036413779971780362,0.019137812840066718
16789,0.6486067887483616,0.0030421906506866592,0.34835102060095174
16790,0.9415626995808526,0.017086473401279004,0.041350827017868436
16791,0.7720671953188256,0.02219645473009521,0.20573634995107926
16792,0.9763687229218886,0.0028430550557927473,0.02078822202231864
16793,0.9467061164135274,0.005764739394522214,0.04752914419195041
16794,0.8906449453468077,0.005909761716903413,0.10344529293628874
16795,0.04286069274244478,0.006370885741563612,0.9507684215159917
16796,0.1549680530286642,0.010061064989264299,0.8349708819820716
16797,0.06687168062206422,0.015448945173199075,0.9176793742047367
16798,0.8820448962553351,0.05369985120743136,0.06425525253723358
16799,0.3566995983685081,0.04506827356947534,0.5982321280620165
16800,0.3763328417242841,0.005133041347278016,0.6185341169284378
16801,0.8153987341319295,0.04432829457147293,0.1402729712965977
16802,0.974650120932554,0.0007502198003269134,0.024599659267119094
16803,0.8855102555925853,0.06827132446336795,0.0462184199440467
16804,0.9743838019401966,0.0015501816389702726,0.024066016420833256
16805,0.4086632735788015,0.00340711142902874,0.5879296149921697
16806,0.9890321190056863,0.007026382604682602,0.003941498389631002
16807,0.8521533057344121,0.024807737365433583,0.12303895690015432
16808,0.9441894648966784,0.004180674844807849,0.05162986025851371
16809,0.9498956294721658,0.018991730666571695,0.031112639861262524
16810,0.9510078188296162,0.0012823729394866713,0.047709808230897086
16811,0.4226763829402427,0.0022333174369060893,0.5750902996228513
16812,0.7586426309756931,0.20902045380489595,0.03233691521941111
16813,0.9441103375659907,0.005748458575178297,0.050141203858830974
16814,0.08346882643114438,0.00963508058139544,0.9068960929874603
16815,0.9752503681835571,0.005185785076252093,0.019563846740190717
16816,0.8515055472979104,0.005745805529355701,0.14274864717273397
16817,0.5612870256223556,0.21019507257793,0.2285179017997145
16818,0.468412101096059,0.1352497316488168,0.39633816725512416
16819,0.9845834121364723,0.001822417000169386,0.013594170863358386
16820,0.942382387638938,0.029775452474221753,0.027842159886840245
16821,0.9451565113137403,0.0018952778774768502,0.05294821080878278
16822,0.5372358894691714,0.01734515773870092,0.4454189527921276
16823,0.9691350868064443,0.0015688502022946239,0.02929606299126116
16824,0.3890616030752818,0.21047167328813343,0.40046672363658475
16825,0.07712032242317932,0.07776265134071722,0.8451170262361034
16826,0.6256502768964576,0.04832669630480735,0.32602302679873507
16827,0.9085067440112883,0.026280845448529606,0.0652124105401821
16828,0.2931654075875038,0.11338860111857106,0.593445991293925
16829,0.9855080369478552,0.0006836759304659247,0.013808287121679079
16830,0.8803187309709919,0.009065125309083932,0.11061614371992408
16831,0.01787989218035009,0.0029315322965377776,0.9791885755231121
16832,0.9160587061685033,0.006633909908575726,0.07730738392292101
16833,0.9737453102440552,0.0016911283797171072,0.02456356137622758
16834,0.8469068076749808,0.04515197489577903,0.10794121742924029
16835,0.9833491427133638,0.0021902444629836515,0.014460612823652557
16836,0.6734482706222455,0.004561145193685316,0.32199058418406923
16837,0.213980830769989,0.03885911761661801,0.7471600516133929
16838,0.954414226247142,0.0018272461804791258,0.04375852757237884
16839,0.9692465978651659,0.012223675596962962,0.018529726537871043
16840,0.3322182537903983,0.018787742621555355,0.6489940035880464
16841,0.35070914890173044,0.021310422167454338,0.6279804289308152
16842,0.9499631835538428,0.005150000182165463,0.04488681626399177
16843,0.9071430320979643,0.004634781190036518,0.08822218671199905
16844,0.9605343396712716,0.02180304763906728,0.01766261268966115
16845,0.9060712717446122,0.05403832800687451,0.03989040024851315
16846,0.9790068438409739,0.008617490817220085,0.012375665341805894
16847,0.7289961507453815,0.0822875377449827,0.18871631150963591
16848,0.8790504856923684,0.027042413640092584,0.09390710066753905
16849,0.6743231513600758,0.02592105677909072,0.2997557918608335
16850,0.9611688285952036,0.0016673460933021543,0.037163825311494196
16851,0.8646510796422158,0.004259767222291761,0.13108915313549238
16852,0.9769443059406225,0.001330827200610047,0.021724866858767324
16853,0.9681035175404276,0.004111675227212933,0.027784807232359342
16854,0.9016260772112026,0.02887113423658464,0.0695027885522128
16855,0.9362789992029099,0.01161342948139237,0.052107571315697696
16856,0.8532431875356454,0.03161791411089675,0.11513889835345775
16857,0.7934478941449614,0.009727517271550197,0.1968245885834883
16858,0.07229501443267972,0.004830209749383265,0.9228747758179371
16859,0.0023642345780605606,0.001307250868748058,0.9963285145531915
16860,0.7840709292944344,0.04751261956820605,0.16841645113735956
16861,0.004309654824445613,0.001313955737760978,0.9943763894377933
16862,0.9872896485198455,0.001231217555827459,0.011479133924327074
16863,0.008770902619663502,0.025555790328376585,0.9656733070519599
16864,0.981215787073359,0.002941530538813561,0.015842682387827413
16865,0.9781178831077177,0.0048919090881705055,0.016990207804111694
16866,0.9647245896738675,0.02043559051426785,0.014839819811864573
16867,0.8619325195083825,0.02470165408742179,0.1133658264041959
16868,0.8868267637924545,0.0007752171890600655,0.11239801901848544
16869,0.6324106424660172,0.01765021807782456,0.3499391394561582
16870,0.7775438788245264,0.01287995415696054,0.20957616701851306
16871,0.9847290965183401,0.0017912869066559582,0.013479616575004082
16872,0.9536581291833568,0.0023168035442468005,0.04402506727239626
16873,0.8628453345133741,0.020306203550222304,0.11684846193640365
16874,0.028678245412404213,0.008727469040014594,0.9625942855475812
16875,0.9051097744449392,0.00824860119208137,0.08664162436297947
16876,0.9722414397633969,0.009090058009390188,0.018668502227212867
16877,0.6393542455264903,0.07253471683299618,0.28811103764051343
16878,0.0066108436956162815,0.0005528094121585866,0.992836346892225
16879,0.9506556674686522,0.011718763264946606,0.037625569266401315
16880,0.8202618065482221,0.0013741532551651385,0.17836404019661276
16881,0.01932665772906926,0.0017806410966391345,0.9788927011742916
16882,0.33442665759092566,0.0018607373771324356,0.6637126050319418
16883,0.9234377100500033,0.025017520371536876,0.05154476957845975
16884,0.9736633014350013,0.002181489353550364,0.024155209211448203
16885,0.8093159380584913,0.009547259366775647,0.18113680257473305
16886,0.9730728471778594,0.01529755475182222,0.011629598070318476
16887,0.43770845115585955,0.010978803501254481,0.551312745342886
16888,0.019885878037280702,0.001817022019584306,0.9782970999431351
16889,0.9384219917515588,0.003783985731887611,0.057794022516553564
16890,0.7458476040872779,0.15167939521106283,0.10247300070165914
16891,0.982531537702221,0.0032488637357732204,0.01421959856200584
16892,0.004728323951383105,0.001197812451609156,0.9940738635970077
16893,0.9594406218460487,0.012729922036131913,0.027829456117819375
16894,0.8869456945465822,0.005529271257643769,0.10752503419577403
16895,0.6961085753026275,0.009418950674991872,0.29447247402238064
16896,0.6100400712884468,0.08164470992376346,0.30831521878778967
16897,0.03940583718473134,0.0031051033553397434,0.957489059459929
16898,0.904835028923574,0.018728485970154883,0.07643648510627114
16899,0.9645090341300424,0.026831634926923136,0.008659330943034612
16900,0.9411452679205534,0.002898160849011047,0.05595657123043555
16901,0.9819593213703839,0.00134362025998449,0.01669705836963155
16902,0.9698468847539665,0.005575320471468066,0.024577794774565537
16903,0.8888705486955668,0.009619141602850718,0.10151030970158252
16904,0.9199956128804558,0.007912123334639727,0.07209226378490449
16905,0.9621646989163634,0.002955117699762883,0.034880183383873845
16906,0.6422557339695999,0.02882485831905622,0.32891940771134387
16907,0.013328741378050818,0.0029652390412864254,0.9837060195806628
16908,0.38749872646927797,0.009791975428866943,0.602709298101855
16909,0.8891305374364625,0.04339679193008915,0.06747267063344835
16910,0.7391736080879359,0.03344339856905427,0.22738299334300988
16911,0.9883379991844337,0.0011094305159745,0.010552570299591788
16912,0.9194102066342678,0.0014982489687391512,0.079091544396993
16913,0.932198947515065,0.007602463292993153,0.060198589191941876
16914,0.9607143290710516,0.006381106383966807,0.03290456454498147
16915,0.9766556035658199,0.002155943489014753,0.02118845294516542
16916,0.055254820875772395,0.02296422650817725,0.9217809526160503
16917,0.25260750199645304,0.0015430898540300445,0.745849408149517
16918,0.6362429756566093,0.14702107391829478,0.21673595042509597
16919,0.6548987684763924,0.015226058899878632,0.32987517262372906
16920,0.045285041780372674,0.0034312326949244906,0.9512837255247029
16921,0.7394661302505542,0.07102614343563016,0.18950772631381563
16922,0.9866286120563073,0.0013079654962726837,0.01206342244742004
16923,0.9596534257989087,0.0023371456965751917,0.03800942850451635
16924,0.980446398623534,0.0037457757716129686,0.01580782560485309
16925,0.06184228061951193,0.028848358884835286,0.9093093604956526
16926,0.9449545497935561,0.009810687915887349,0.04523476229055651
16927,0.9370537392737426,0.0038211514000780393,0.05912510932617946
16928,0.0019803798321913926,0.0015122724241462778,0.9965073477436623
16929,0.933080981060609,0.045517968263863964,0.021401050675527063
16930,0.9222834747065645,0.05365701635953467,0.024059508933900853
16931,0.5319239504481803,0.0038128448603774213,0.4642632046914422
16932,0.924343457423508,0.005998674380871066,0.06965786819562092
16933,0.9177815726266467,0.02047584276035563,0.061742584612997684
16934,0.9814913896055901,0.007025374021053406,0.01148323637335639
16935,0.8722342535344442,0.11480411728528093,0.012961629180274912
16936,0.9792964846214055,0.0031958761236964843,0.01750763925489808
16937,0.34839930034651656,0.008096633479849038,0.6435040661736344
16938,0.8574938303447257,0.049237801962882896,0.09326836769239144
16939,0.028375518084347268,0.0018422550997666107,0.9697822268158861
16940,0.40869791680036316,0.0034990973957079404,0.587802985803929
16941,0.8556451144942954,0.05304786305797114,0.09130702244773342
16942,0.6764293822653429,0.11308282468557707,0.2104877930490801
16943,0.9413013512007122,0.03336999813671893,0.02532865066256871
16944,0.6449270476574631,0.011817327331612011,0.3432556250109249
16945,0.8634618407033883,0.007190168384278769,0.129347990912333
16946,0.924307695682008,0.004608126829378188,0.0710841774886138
16947,0.9512389404034315,0.008413892194030846,0.04034716740253778
16948,0.047390193512720356,0.014307009365314007,0.9383027971219655
16949,0.8163214508030484,0.010167719886773143,0.17351082931017853
16950,0.9030508687410259,0.004555934736286957,0.09239319652268715
16951,0.21478735976541832,0.09248715071312529,0.6927254895214563
16952,0.5264921855291911,0.004664872203555862,0.4688429422672531
16953,0.9724391760082504,0.0009742244222853259,0.026586599569464294
16954,0.30299091162048175,0.08213527705655944,0.6148738113229588
16955,0.9518338796558974,0.004015883168476449,0.04415023717562622
16956,0.5128431331979216,0.3218093191913708,0.16534754761070755
16957,0.7787789951010763,0.00836735838359372,0.21285364651532995
16958,0.975128319277177,0.0034039214577245335,0.021467759265098554
16959,0.9284684675386368,0.004658935489933197,0.06687259697143
16960,0.9753866363779017,0.0011943222547483349,0.02341904136734997
16961,0.19939078115029613,0.008572635527356744,0.7920365833223472
16962,0.969416815680635,0.014589424039107566,0.015993760280257514
16963,0.7999704719210445,0.007803546408255488,0.19222598167070004
16964,0.9835012340000868,0.0008113656355293665,0.015687400364383926
16965,0.5750932327704187,0.11515116959937091,0.3097555976302105
16966,0.25615703489062813,0.007935050323389198,0.7359079147859827
16967,0.9399056197995603,0.004901097240610178,0.055193282959829566
16968,0.9297742130875485,0.011669749409613243,0.0585560375028383
16969,0.856848643941936,0.0013512888566914343,0.14180006720137261
16970,0.9212556882935113,0.0030629557826554353,0.07568135592383322
16971,0.48143880187753063,0.09166179096132238,0.42689940716114694
16972,0.8903480339949761,0.008457140058413241,0.10119482594661058
16973,0.9873603834134467,0.001859080578612865,0.01078053600794034
16974,0.14860083369011617,0.020827994506397704,0.830571171803486
16975,0.2898861815357273,0.0199751599545179,0.6901386585097548
16976,0.9759230445152438,0.0031749515418123975,0.02090200394294372
16977,0.8519210325942442,0.05022713511144719,0.09785183229430854
16978,0.6206173360524984,0.12711972896768758,0.2522629349798141
16979,0.9652838466207903,0.017679081582292432,0.017037071796917307
16980,0.9706836144571599,0.004785962480638702,0.024530423062201403
16981,0.7461467742197079,0.03577543540924085,0.21807779037105124
16982,0.8529292792868872,0.0016933613866439948,0.14537735932646897
16983,0.9135976129136345,0.0050728637111126075,0.08132952337525276
16984,0.3541029633959848,0.001014765611176313,0.644882270992839
16985,0.2086063158912308,0.3871831751953961,0.40421050891337307
16986,0.9572781383748633,0.003403778957282565,0.0393180826678541
16987,0.872173105871443,0.0031598567183536604,0.12466703741020332
16988,0.5960281065717494,0.03897097456436902,0.36500091886388153
16989,0.2387358158931746,0.005776714406454352,0.7554874697003711
16990,0.9171480615731799,0.003887976390068623,0.07896396203675148
16991,0.9843240488686814,0.0009209540310921346,0.014754997100226357
16992,0.017883170633049086,0.004214302296090823,0.9779025270708602
16993,0.9632420928945291,0.003067059457878046,0.033690847647593024
16994,0.8412088392101155,0.08806031654469614,0.07073084424518836
16995,0.9476660328476885,0.0201748437054701,0.03215912344684147
16996,0.9484348036528278,0.002107956103396712,0.049457240243775416
16997,0.97195583097649,0.0024894049567980676,0.02555476406671197
16998,0.0020015837869675197,0.00038356443677369607,0.9976148517762589
16999,0.40516787733627646,0.0404957486582587,0.5543363740054649
17000,0.9511814149500283,0.003311983065081788,0.04550660198488997
17001,0.002820396052099771,0.0022787182236095717,0.9949008857242907
17002,0.959367489227438,0.002451739697952227,0.03818077107460982
17003,0.9587903677469578,0.003008824500663378,0.03820080775237885
17004,0.4117575727503341,0.002440670246747033,0.5858017570029188
17005,0.4679355588817115,0.048846059512479625,0.4832183816058089
17006,0.13430367070803784,0.010003212345576525,0.8556931169463855
17007,0.7141258927357381,0.011045986383264953,0.2748281208809969
17008,0.002992324948237062,0.0009469667399668797,0.996060708311796
17009,0.20941424113763843,0.00587349133076036,0.7847122675316012
17010,0.8607975602484916,0.059952744082402455,0.07924969566910584
17011,0.929325485619634,0.0017308341476515714,0.06894368023271442
17012,0.0036437843818527497,0.000998592240206031,0.9953576233779412
17013,0.580292272297598,0.10949992352045393,0.3102078041819481
17014,0.5278137164125436,0.010325168201046248,0.46186111538641017
17015,0.025137435590903576,0.02850015732407648,0.9463624070850201
17016,0.9782484844202491,0.0023758305197462376,0.019375685060004515
17017,0.6787216751952405,0.0023421822506070043,0.31893614255415226
17018,0.978591635439585,0.008970736401493007,0.012437628158921923
17019,0.1562349487593599,0.05584671620000272,0.7879183350406375
17020,0.9552896046050461,0.0033226317912499813,0.04138776360370395
17021,0.9884785708497463,0.008362071207058185,0.0031593579431954473
17022,0.3197073047360289,0.0028735232725066217,0.6774191719914644
17023,0.9472160778290185,0.004586180264537086,0.04819774190644434
17024,0.8976225219990154,0.009566819572704196,0.09281065842828051
17025,0.908057757624634,0.004758656301614146,0.0871835860737519
17026,0.4874016506773043,0.004390903420253906,0.5082074459024417
17027,0.027072625823401007,0.0033803176632536307,0.9695470565133453
17028,0.9708873655149493,0.0020353830116396844,0.02707725147341097
17029,0.7566689282775552,0.024790708031789448,0.21854036369065527
17030,0.06524569912155267,0.025943140164791018,0.9088111607136562
17031,0.9818412013925648,0.0008567972491312563,0.01730200135830386
17032,0.9624820402268501,0.0013940834008712227,0.036123876372278735
17033,0.03520366458135047,0.014999406902777339,0.9497969285158722
17034,0.055720943134968295,0.0106222651778827,0.933656791687149
17035,0.9367725352993765,0.005173530384521724,0.058053934316101716
17036,0.9555023605402769,0.0018291149512518607,0.04266852450847121
17037,0.8982809495770112,0.005405874911752942,0.09631317551123572
17038,0.16278419165462094,0.012022773839193986,0.825193034506185
17039,0.05470669642010825,0.0019070628646724384,0.9433862407152194
17040,0.9780284562700776,0.0009593651517397377,0.021012178578182727
17041,0.9210132083519609,0.0018331425868762003,0.07715364906116289
17042,0.8264291008525442,0.017358181320625256,0.1562127178268304
17043,0.9428806841195647,0.0007256427036787031,0.05639367317675656
17044,0.04584906691635196,0.0069567941273147894,0.9471941389563332
17045,0.3900358634576418,0.05633378218789973,0.5536303543544585
17046,0.39700485814612513,0.013308258680456021,0.5896868831734189
17047,0.500438058183832,0.033828369409273015,0.46573357240689495
17048,0.7252296644761878,0.0024529413253053752,0.2723173941985069
17049,0.01265844701746602,0.009024063336528915,0.9783174896460051
17050,0.021624815722860864,0.023733743768091908,0.9546414405090473
17051,0.3030702485996393,0.037657291321401234,0.6592724600789595
17052,0.7463046699957665,0.10299645092582418,0.15069887907840926
17053,0.9140958629987082,0.00334479131568193,0.08255934568560994
17054,0.9420065478911427,0.03386355351663671,0.024129898592220575
17055,0.6161373368496039,0.005642651247879278,0.3782200119025168
17056,0.9473175571178798,0.003784279880480247,0.0488981630016401
17057,0.004350053377247507,0.0014378411009390898,0.9942121055218135
17058,0.04562274923040037,0.04022960315233178,0.9141476476172677
17059,0.9488798960778746,0.007225656393528907,0.04389444752859655
17060,0.27890364212115204,0.00854468634503748,0.7125516715338104
17061,0.5280677885995124,0.05031522717542877,0.4216169842250589
17062,0.7684118306830041,0.05782345891680293,0.1737647104001928
17063,0.04850237196377981,0.009804848696601667,0.9416927793396185
17064,0.8273521988806376,0.09937546329803071,0.07327233782133172
17065,0.9267725478586044,0.024973165967863017,0.04825428617353264
17066,0.9694415673459966,0.01083306671117916,0.019725365942824147
17067,0.07475111458281675,0.0055279127003467566,0.9197209727168365
17068,0.6278546988541622,0.05785139559982207,0.3142939055460158
17069,0.9534365496756328,0.007540929656281949,0.0390225206680853
17070,0.8406683875900351,0.023592306842311075,0.13573930556765368
17071,0.02036851918183813,0.03446424072691509,0.9451672400912469
17072,0.9097868994308693,0.04538953408529575,0.044823566483834905
17073,0.9247639884216928,0.003946254035845935,0.07128975754246115
17074,0.6384249751704176,0.00849328630114305,0.35308173852843927
17075,0.1094410237709749,0.019859485173094486,0.8706994910559307
17076,0.00576081344733043,0.0017908546180804598,0.9924483319345889
17077,0.14718079763393122,0.033537061840684515,0.8192821405253843
17078,0.9788708592355939,0.005260529696994862,0.015868611067411127
17079,0.8259401166307047,0.0020443083460282884,0.1720155750232672
17080,0.7849142760431418,0.0073174316533753635,0.20776829230348287
17081,0.7479221868394906,0.005983049442744383,0.24609476371776506
17082,0.8763729238997906,0.04147303567715387,0.08215404042305535
17083,0.818274304387284,0.021972978549320534,0.1597527170633955
17084,0.5859841077350384,0.0038480755870895283,0.41016781667787205
17085,0.8779357926116629,0.006595499332633092,0.115468708055704
17086,0.00607851821253401,0.002164097063616489,0.9917573847238496
17087,0.6003466470884443,0.011922902092704869,0.3877304508188509
17088,0.766499075791772,0.016899060880769604,0.21660186332745845
17089,0.46887079122766423,0.0030568021947144064,0.5280724065776213
17090,0.02448857667895602,0.0037413286292474787,0.9717700946917964
17091,0.09100527926012209,0.005649327196860935,0.9033453935430169
17092,0.984932937542474,0.0006789747927392512,0.014388087664786709
17093,0.30645039301079513,0.11208814188263391,0.5814614651065709
17094,0.022474241731673183,0.00481385487017226,0.9727119033981544
17095,0.9119418589077509,0.058725931639698865,0.0293322094525502
17096,0.8814217116201832,0.012734655206994586,0.10584363317282214
17097,0.46643978115058043,0.009620876777547225,0.5239393420718723
17098,0.018816911968402822,0.004435229077628688,0.9767478589539684
17099,0.9861143699819739,0.005154990882076384,0.008730639135949514
17100,0.5900846325340946,0.041552491842860535,0.36836287562304476
17101,0.6340252249938214,0.004707631591002736,0.36126714341517585
17102,0.7730306336478843,0.04279053481882504,0.18417883153329057
17103,0.9807673651155042,0.010617653566036535,0.008614981318459336
17104,0.027683267392600436,0.020779376856871166,0.9515373557505284
17105,0.03991895633306311,0.0037898723514779636,0.9562911713154588
17106,0.09009539424475477,0.06746657517345932,0.842438030581786
17107,0.9708663953177361,0.0007916329923946897,0.028341971689869162
17108,0.7965318414654209,0.003939880335588156,0.19952827819899094
17109,0.003722791094150497,0.0019417218280588645,0.9943354870777907
17110,0.9908882787687361,0.0017784000808142924,0.007333321150449457
17111,0.4164500534161789,0.5269841197895265,0.05656582679429452
17112,0.9021517138693493,0.04544830661325229,0.0523999795173984
17113,0.8179563534869851,0.029924114891330508,0.15211953162168437
17114,0.41740612137651667,0.0021089499367777627,0.5804849286867056
17115,0.7514738498669773,0.005046462805459888,0.24347968732756292
17116,0.9475360682946983,0.002926118611658976,0.04953781309364284
17117,0.26481369762284335,0.02368710672477877,0.711499195652378
17118,0.7700936074202938,0.016184464298186003,0.2137219282815203
17119,0.9786202717242666,0.002443203704071192,0.018936524571662224
17120,0.9884448356861713,0.00035021794475783744,0.011204946369070986
17121,0.985332985389155,0.0019051579463113476,0.012761856664533526
17122,0.9159429017862879,0.024508643704813503,0.05954845450889852
17123,0.921876077017028,0.05740498873454138,0.02071893424843056
17124,0.12374407872305968,0.014254806825715498,0.8620011144512248
17125,0.9730954389502735,0.004136144923763764,0.022768416125962712
17126,0.4363111844684268,0.009060738952302118,0.554628076579271
17127,0.0034641765403650195,0.0007927185108991411,0.9957431049487359
17128,0.6237004138682578,0.019946622247013684,0.35635296388472854
17129,0.9542811290412837,0.012491724605273636,0.03322714635344273
17130,0.9774506402378722,0.0007111422968520939,0.021838217465275717
17131,0.9691195351881541,0.014481410710240061,0.01639905410160588
17132,0.25006370050304244,0.02348000942530589,0.7264562900716517
17133,0.014645861911566785,0.006426147746298942,0.9789279903421343
17134,0.05293023874453583,0.009102058957118355,0.9379677022983458
17135,0.7256097370941563,0.006423119286500805,0.2679671436193428
17136,0.42708570510486965,0.0865259780677906,0.4863883168273398
17137,0.7829746891834539,0.015056792987010324,0.20196851782953562
17138,0.9307903532175092,0.018648874019623167,0.05056077276286752
17139,0.6705275899267131,0.2965504105872398,0.032921999486047133
17140,0.8202409480964652,0.011212141204627797,0.16854691069890698
17141,0.7667986820837599,0.003938713296665624,0.22926260461957448
17142,0.005538986244875261,0.003010291384835343,0.9914507223702894
17143,0.9856452876748449,0.002096237880869839,0.012258474444285301
17144,0.8651298139600263,0.042366559420965816,0.09250362661900785
17145,0.9897305367075062,0.0037995789743210007,0.0064698843181726735
17146,0.6200207878105135,0.03067185497208522,0.34930735721740125
17147,0.42600420600119865,0.08223666484107783,0.4917591291577236
17148,0.9753824591039415,0.0017645591142784042,0.02285298178178017
17149,0.23323109493126837,0.04441984771817363,0.722349057350558
17150,0.19654115518569884,0.13409865446270966,0.6693601903515916
17151,0.6394263559163771,0.04470475111304888,0.315868892970574
17152,0.8690024846491706,0.006185947637179302,0.12481156771365014
17153,0.9826196126336035,0.0032502967766306796,0.014130090589765762
17154,0.9248803342572182,0.007480750852917117,0.0676389148898646
17155,0.12544960191399943,0.006737357782124651,0.8678130403038761
17156,0.9011258314035666,0.019397805383413548,0.07947636321301992
17157,0.982283474120188,0.00583321665797543,0.01188330922183667
17158,0.7705507334820629,0.07096608171005936,0.15848318480787765
17159,0.9693395056134118,0.0033565426843563035,0.027303951702231953
17160,0.10377080224419782,0.0038226517260881525,0.8924065460297141
17161,0.9034161799568223,0.007472899924289921,0.08911092011888777
17162,0.8132268872709042,0.01494173243131244,0.1718313802977834
17163,0.22753822402772145,0.04896162250484092,0.7235001534674377
17164,0.8202002169572004,0.013876764704568282,0.16592301833823148
17165,0.9673918935340445,0.0232462105152242,0.009361895950731279
17166,0.9138245653577637,0.009451075631834836,0.07672435901040156
17167,0.9863247454974493,0.002181820105691232,0.011493434396859485
17168,0.3598948770905678,0.0014330478701103512,0.6386720750393218
17169,0.018294084387940293,0.002076565124239457,0.9796293504878201
17170,0.8482521801359179,0.001392923175289157,0.15035489668879298
17171,0.8953041750598738,0.06400669581769243,0.040689129122433734
17172,0.8945356796650226,0.005116568295393393,0.1003477520395841
17173,0.8403722485309373,0.003797728417330163,0.1558300230517325
17174,0.007331564038203113,0.012648572033030948,0.9800198639287658
17175,0.8563821834881228,0.0068419555846385245,0.1367758609272386
17176,0.4085791049079608,0.01669276940811263,0.5747281256839265
17177,0.7579098991784403,0.04694900215757056,0.19514109866398904
17178,0.9357971826504983,0.035747307973817075,0.028455509375684647
17179,0.8831577067646749,0.004684054616912715,0.11215823861841244
17180,0.9762017431159553,0.010348590286600613,0.013449666597444235
17181,0.805929360189138,0.011926374667204953,0.182144265143657
17182,0.9124449494254807,0.0032402487505731135,0.08431480182394607
17183,0.1897234906409671,0.002466760657235581,0.8078097487017972
17184,0.9198511766329627,0.005268404014407781,0.07488041935262954
17185,0.9308338582956914,0.005091669732516435,0.06407447197179217
17186,0.9628193487305985,0.01562952448386728,0.021551126785534103
17187,0.912867516747681,0.0033750433927904723,0.0837574398595286
17188,0.9761972551358906,0.004266606229831076,0.019536138634278364
17189,0.9561346061765479,0.02563876436072676,0.018226629462725456
17190,0.9642911571452217,0.0058530361713594065,0.029855806683418813
17191,0.9413866658457792,0.005400524966709185,0.053212809187511506
17192,0.7877681412507312,0.03987978158164432,0.1723520771676245
17193,0.7753674794335258,0.009340753838426412,0.2152917667280479
17194,0.03333745693170924,0.0015910443866437546,0.9650714986816469
17195,0.3228711983838436,0.02675098301475759,0.6503778186013989
17196,0.9724618819121308,0.0026764863343851464,0.024861631753484124
17197,0.9724378820417927,0.013742691874758026,0.013819426083449278
17198,0.1891180455735536,0.003431476022189759,0.8074504784042567
17199,0.15456403701790888,0.005156628659038357,0.8402793343230528
17200,0.7816438743731954,0.002230551357544167,0.2161255742692605
17201,0.9851458692767956,0.003774392573294233,0.011079738149910295
17202,0.19742390754214328,0.001470841801252027,0.8011052506566048
17203,0.9272540777782816,0.00708781467051829,0.06565810755120005
17204,0.9810032567089216,0.0023069921747124367,0.016689751116365902
17205,0.986888138102852,0.001498762077468053,0.011613099819680008
17206,0.21112013525226053,0.0028545097922391266,0.7860253549555003
17207,0.9575479165025715,0.02700772257395271,0.015444360923475812
17208,0.007629729856044396,0.003243937143436113,0.9891263330005194
17209,0.9851042392618548,0.0017323063995258719,0.013163454338619368
17210,0.9128489770979291,0.004743853468178893,0.08240716943389204
17211,0.7503288063051079,0.0077772835893177555,0.2418939101055742
17212,0.0045361162973208925,0.003321844005216236,0.9921420396974628
17213,0.9452004940805397,0.005604888172231128,0.04919461774722912
17214,0.7879030273791441,0.011556182770884434,0.20054078984997153
17215,0.16119477159549744,0.0032721636284002327,0.8355330647761023
17216,0.11141654990415326,0.025015444230854625,0.8635680058649922
17217,0.9854540331261827,0.002282875288723533,0.012263091585093911
17218,0.9606681741224904,0.002497870339775725,0.03683395553773397
17219,0.8339113762838885,0.00916822923773932,0.15692039447837233
17220,0.9638374908294262,0.00479651984803264,0.0313659893225411
17221,0.9654965001833999,0.006977765838797274,0.027525733977802773
17222,0.9464482939309891,0.008724974619982761,0.04482673144902805
17223,0.9026828069075826,0.0071785465166649895,0.09013864657575232
17224,0.9377492627750544,0.017169816099421094,0.045080921125524635
17225,0.053085547257940326,0.0035603901071035136,0.9433540626349562
17226,0.09471653965731634,0.01236551835567893,0.8929179419870048
17227,0.7847913884781793,0.007182179205089516,0.20802643231673112
17228,0.936488664621073,0.004760114076507239,0.058751221302419575
17229,0.28642089929688525,0.004292992999893275,0.7092861077032215
17230,0.9677530203900304,0.0053251977478928686,0.026921781862076832
17231,0.7100133143575006,0.0047685483969664,0.285218137245533
17232,0.8189648000628948,0.001370015569577371,0.17966518436752776
17233,0.9836457110590919,0.0021361534714455935,0.01421813546946241
17234,0.9677482531111383,0.0044565769183852865,0.02779516997047631
17235,0.9850017533829678,0.006747405772431834,0.008250840844600456
17236,0.8682516732005134,0.011377029159299886,0.12037129764018667
17237,0.12121626684157322,0.012414647367197109,0.8663690857912296
17238,0.5911012371801414,0.017490028792301323,0.39140873402755727
17239,0.063191219509462,0.009206424855340359,0.9276023556351977
17240,0.9293905798138362,0.0017390305200303956,0.06887038966613344
17241,0.9542621736123773,0.03337860058974774,0.012359225797874988
17242,0.8314898070504538,0.008944474172904095,0.1595657187766421
17243,0.09182269894608373,0.0024422938784027424,0.9057350071755135
17244,0.8413111423860324,0.006219095555980471,0.1524697620579871
17245,0.005904922305466409,0.00437754684100262,0.9897175308535309
17246,0.022354343443750705,0.008748227017466092,0.9688974295387832
17247,0.8707794377662537,0.030419252044328562,0.09880131018941776
17248,0.9885759088870018,0.002240799865774511,0.009183291247223674
17249,0.9140749204805785,0.003505105032215282,0.08241997448720631
17250,0.9773003935832749,0.0017789980582224234,0.02092060835850259
17251,0.5509506928086972,0.041881733802639036,0.40716757338866383
17252,0.8979054680459928,0.005837298070796365,0.09625723388321064
17253,0.22331932025736645,0.0004749381743752335,0.7762057415682584
17254,0.08554764340574564,0.004149769456828673,0.9103025871374257
17255,0.7799676753731124,0.03351791611227715,0.1865144085146104
17256,0.7094042403526475,0.22230349176592093,0.06829226788143145
17257,0.7752228899380303,0.005702148862210894,0.21907496119975878
17258,0.9726473205978925,0.002786048375701383,0.024566631026406206
17259,0.7615959826355898,0.027980527447790508,0.2104234899166197
17260,0.19349960145568634,0.25236319033409865,0.5541372082102151
17261,0.8044283207009603,0.02368527011693152,0.17188640918210824
17262,0.9850055488177125,0.005782584366565427,0.009211866815721977
17263,0.9864325508207078,0.0050721816147090626,0.008495267564583103
17264,0.8945958800736851,0.00488285824812987,0.1005212616781851
17265,0.0010875107488873509,0.0007341168234932394,0.9981783724276194
17266,0.7591859102170855,0.010919243098286121,0.22989484668462837
17267,0.9741761853376695,0.0011415286522395952,0.024682286010090995
17268,0.6980402627401485,0.0043342775452239485,0.2976254597146275
17269,0.9629639914078527,0.000853973011096546,0.036182035581050764
17270,0.9810933971783291,0.0006807587571352762,0.018225844064535635
17271,0.8911131005744013,0.02135123440614973,0.08753566501944895
17272,0.8593195995979082,0.006460904686331936,0.13421949571576
17273,0.009027097926375176,0.0021214872725583943,0.9888514148010664
17274,0.9739734491255928,0.0022216364434542715,0.023804914430953058
17275,0.014941756243463306,0.025499641516646326,0.9595586022398903
17276,0.7376877263840186,0.0030439635477504277,0.2592683100682309
17277,0.9568745404188295,0.026604643805460425,0.016520815775709966
17278,0.9816333886986643,0.003543940221214816,0.014822671080120777
17279,0.9714882519057745,0.014833080754704794,0.013678667339520726
17280,0.3797262999730185,0.009930585658246307,0.6103431143687352
17281,0.7485654480775976,0.016537852312478424,0.23489669960992393
17282,0.3231106494243706,0.13414712369983461,0.5427422268757948
17283,0.7844081567977802,0.15956741636702018,0.05602442683519955
17284,0.9803736966174971,0.001002248236018398,0.0186240551464846
17285,0.962446209624298,0.0017315772672014417,0.03582221310850064
17286,0.8153205729445985,0.0061791079846050066,0.17850031907079655
17287,0.001175260806793256,0.000723808487368392,0.9981009307058384
17288,0.9877683326487124,0.0005875825634032207,0.011644084787884219
17289,0.9901624150092527,0.004765249228569236,0.005072335762178042
17290,0.9636774312727957,0.004683966557904507,0.03163860216929969
17291,0.7427183311105805,0.007942271291011903,0.24933939759840767
17292,0.00875862876342902,0.0014592085269722916,0.9897821627095986
17293,0.9162047055496367,0.005691666255372525,0.07810362819499084
17294,0.0015583390669210958,0.0002413479688749267,0.9982003129642039
17295,0.6254705919872882,0.12959632349076738,0.24493308452194434
17296,0.9559854961030041,0.003581234150410835,0.040433269746584996
17297,0.978005082979135,0.004796562021264215,0.017198354999600724
17298,0.9595882603577274,0.003938973693717801,0.03647276594855488
17299,0.6909834736442122,0.005938369749596437,0.3030781566061915
17300,0.7978127188717095,0.07288772012338017,0.12929956100491036
17301,0.004250860826477787,0.0010844949317757497,0.9946646442417465
17302,0.7832054687588451,0.010279423937222316,0.2065151073039325
17303,0.9165761748387472,0.007431527237586266,0.07599229792366655
17304,0.8702540951104241,0.0562617422551167,0.0734841626344592
17305,0.9754581000799211,0.001939472592763948,0.022602427327315044
17306,0.732063793027884,0.0015775987692725002,0.26635860820284335
17307,0.8319366042211638,0.028821679990460557,0.13924171578837563
17308,0.9474963126944627,0.0047023379827419295,0.047801349322795436
17309,0.8771155673481256,0.05536213314801557,0.06752229950385884
17310,0.7810057437980453,0.014070340527752915,0.20492391567420187
17311,0.7562414874902594,0.005165182412447973,0.2385933300972926
17312,0.9661103625855257,0.007759964535184103,0.026129672879290203
17313,0.7520709817029647,0.014313129155379826,0.23361588914165543
17314,0.022461548545982864,0.0005069086819904233,0.9770315427720266
17315,0.9892383277329938,0.002215251809965756,0.00854642045704047
17316,0.9929897808894002,0.0006464635005065647,0.006363755610093204
17317,0.9386948090927474,0.0047920557724206074,0.05651313513483209
17318,0.9504012743748452,0.004839284374911584,0.044759441250243254
17319,0.7345703600007233,0.03734930300268524,0.22808033699659153
17320,0.9788345847869449,0.005652820812180499,0.015512594400874782
17321,0.7958594689932194,0.0018746252774049634,0.20226590572937558
17322,0.021270818064536567,0.003390511287236232,0.9753386706482272
17323,0.08879320595260734,0.01642020598326368,0.894786588064129
17324,0.9453428169649173,0.04366364209230688,0.010993540942775866
17325,0.540786136522909,0.01827808821821706,0.44093577525887406
17326,0.0478104992141911,0.2802879031068254,0.6719015976789835
17327,0.4351058877760393,0.027817718334496377,0.5370763938894644
17328,0.051540048565937954,0.6409972613656459,0.30746269006841603
17329,0.9596271161355816,0.0027906259952507687,0.03758225786916758
17330,0.13935388853761127,0.006018334175776543,0.8546277772866121
17331,0.7197021456074636,0.007782451109008318,0.2725154032835282
17332,0.9636472182606866,0.01599654983411286,0.020356231905200584
17333,0.8520456200266706,0.06369795488757937,0.08425642508575001
17334,0.7209308474920235,0.2171121606041641,0.061956991903812327
17335,0.9644816878317322,0.0021198827870301355,0.03339842938123779
17336,0.9481659755996998,0.001986858125988887,0.049847166274311225
17337,0.37544842974503495,0.09832387717924987,0.5262276930757153
17338,0.7996788322923698,0.023607525256748134,0.17671364245088209
17339,0.9778088720141963,0.0006396326633627482,0.021551495322440953
17340,0.8588487769292051,0.006145646841769605,0.1350055762290253
17341,0.9900770993748232,0.00035930086106246174,0.009563599764114257
17342,0.9158704917500801,0.00930462730511573,0.07482488094480418
17343,0.05697963656448235,0.0050850245629581545,0.9379353388725595
17344,0.04007026620320019,0.002933911245449568,0.9569958225513502
17345,0.9891178024288514,0.004189822747053657,0.006692374824094888
17346,0.04043973655095594,0.005003067336183316,0.9545571961128607
17347,0.5176021158879047,0.047425983704361026,0.4349719004077342
17348,0.1751756091334457,0.012215720769441519,0.8126086700971127
17349,0.8958556716881528,0.034334665528470906,0.06980966278337639
17350,0.9689913046639971,0.0022100817382767848,0.028798613597725977
17351,0.8143580431716555,0.02774484696043068,0.15789710986791386
17352,0.9057724746932507,0.011276288778154894,0.08295123652859443
17353,0.9532374552907482,0.005277558087928504,0.041484986621323196
17354,0.01080055699304969,0.01215867180352696,0.9770407712034233
17355,0.5143453459465008,0.029174270510678498,0.4564803835428206
17356,0.038874258545449854,0.0023966820672921157,0.958729059387258
17357,0.8859518742070902,0.009001767859976128,0.10504635793293368
17358,0.05679104478972423,0.008195917773280282,0.9350130374369954
17359,0.7892711543955411,0.01636866855156777,0.19436017705289113
17360,0.5274894540566225,0.10710569751026164,0.3654048484331159
17361,0.44153729065784153,0.016062293197105112,0.5424004161450533
17362,0.04076650937266024,0.006158444642862797,0.953075045984477
17363,0.926563733649453,0.02999200987644403,0.04344425647410306
17364,0.9422131782804908,0.008224325746868249,0.04956249597264088
17365,0.9764563949636511,0.006036421434811679,0.01750718360153717
17366,0.2518443733720184,0.0191501320264139,0.7290054946015678
17367,0.5919477177652309,0.010965836572513602,0.3970864456622555
17368,0.4503398271939587,0.022705327759681364,0.5269548450463599
17369,0.9650141368499648,0.013776761577120062,0.021209101572915116
17370,0.9553387045578747,0.017487240240219415,0.027174055201905856
17371,0.9753582089183024,0.0018615343016025322,0.022780256780095154
17372,0.5408831045899001,0.12400587048332276,0.33511102492677713
17373,0.6569105900489516,0.008256874343010222,0.3348325356080381
17374,0.9624220907516052,0.0051560160718128285,0.03242189317658197
17375,0.9826684004761338,0.0004896408527483967,0.01684195867111766
17376,0.961115830620421,0.004566588994516396,0.034317580385062635
17377,0.8318726144773978,0.014011977323415407,0.15411540819918684
17378,0.9486698241637045,0.005788188727632379,0.0455419871086631
17379,0.8022055545428701,0.010568202754375703,0.18722624270275412
17380,0.007775511747763398,0.001153307426310448,0.991071180825926
17381,0.004195310788420314,0.0008332132089889109,0.9949714760025908
17382,0.035279571928653886,0.1046248342558396,0.8600955938155066
17383,0.7966813290531107,0.01887980350505295,0.18443886744183632
17384,0.8154399324264602,0.012291448165094832,0.17226861940844504
17385,0.8397479970363303,0.12933908366372765,0.0309129192999419
17386,0.027649254876754334,0.049912791892668354,0.9224379532305773
17387,0.6325339777585206,0.01333040692784384,0.35413561531363547
17388,0.8651793019337473,0.0073370158931406835,0.1274836821731121
17389,0.94584303408239,0.0037395138221792707,0.050417452095430665
17390,0.94700342413003,0.0024076201614854085,0.05058895570848458
17391,0.9789072145146633,0.010558757840717858,0.010534027644618832
17392,0.0765268875481864,0.03770216326940132,0.8857709491824122
17393,0.9227811725757502,0.04968638314119035,0.0275324442830595
17394,0.9342557303076796,0.001067930069883464,0.06467633962243706
17395,0.7812802148912277,0.012978086412141024,0.20574169869663134
17396,0.40765709084493384,0.0028921407268822177,0.5894507684281839
17397,0.30139280020936593,0.03571151000489625,0.6628956897857379
17398,0.8326417939935206,0.030426898571037458,0.13693130743544205
17399,0.22476769974744448,0.048712235422480536,0.7265200648300749
17400,0.7388954877233764,0.05986872582245338,0.20123578645417012
17401,0.9657208258442018,0.004474855556937093,0.029804318598860867
17402,0.9464549027827815,0.007695733547968128,0.0458493636692503
17403,0.9912078336349276,0.0007220806579476035,0.008070085707124771
17404,0.940264536427206,0.0041073164757641925,0.05562814709702962
17405,0.9881223497086424,0.0017150391427835118,0.01016261114857398
17406,0.705221977365351,0.024435911367908583,0.27034211126674057
17407,0.0619746475262626,0.06459109040476271,0.8734342620689746
17408,0.4588865465451419,0.008742456568103683,0.5323709968867545
17409,0.05131298159424723,0.011788994912445777,0.9368980234933069
17410,0.9495001571363604,0.009319052551592434,0.04118079031204719
17411,0.969223101722279,0.014879302208825128,0.015897596068895927
17412,0.8492456914702204,0.07091900155006808,0.07983530697971147
17413,0.9875432861429754,0.004030450880798355,0.008426262976226407
17414,0.9894121692167914,0.0027547892545062374,0.007833041528702312
17415,0.9204988861874499,0.04680642566708672,0.032694688145463405
17416,0.031775051415100446,0.008365617323938077,0.9598593312609616
17417,0.9309659013859481,0.04931101104452391,0.019723087569527918
17418,0.06464228551332529,0.001375752434167712,0.933981962052507
17419,0.3918121501735361,0.0418715339750756,0.5663163158513883
17420,0.9326231353678864,0.002839004495302145,0.06453786013681136
17421,0.8863467534522634,0.01289026958070266,0.10076297696703393
17422,0.09448917178373387,0.018978885409112,0.8865319428071543
17423,0.8893161104481624,0.0060411911549768426,0.10464269839686077
17424,0.630215953343438,0.012012941481977563,0.35777110517458444
17425,0.9928999502488806,0.0012021893775172102,0.005897860373602317
17426,0.04921170621686874,0.024732009549031358,0.9260562842340998
17427,0.007613609424734338,0.0041647288690337654,0.988221661706232
17428,0.9364251359887135,0.00659599702311873,0.0569788669881677
17429,0.9890250383258459,0.00029123370491003687,0.010683727969244015
17430,0.9705326319795836,0.003448212639948613,0.026019155380467757
17431,0.9672771060634741,0.001203789147016329,0.03151910478950953
17432,0.9185088929230882,0.027611003281156496,0.05388010379575536
17433,0.9416810641589555,0.005861500146820778,0.05245743569422372
17434,0.7280995757366364,0.00989927955918513,0.2620011447041785
17435,0.4402338921169568,0.03998014417549111,0.519785963707552
17436,0.9048490283296179,0.0028751042234858477,0.09227586744689625
17437,0.0014731676942491487,0.0007331025676097799,0.997793729738141
17438,0.9806756172776697,0.0013842327291665583,0.017940149993163672
17439,0.9717142861400404,0.0026299797699256906,0.025655734090033893
17440,0.9644374690838975,0.004010381855730322,0.03155214906037223
17441,0.9655033827985406,0.0009839844552912021,0.033512632746168176
17442,0.9510929333808913,0.006465145368319073,0.04244192125078965
17443,0.7502526444219958,0.0025827768406537603,0.24716457873735043
17444,0.9490113244151387,0.028075727062095268,0.022912948522766027
17445,0.7695987573316929,0.13451241156155805,0.09588883110674898
17446,0.9653105259489339,0.015424483407760271,0.0192649906433057
17447,0.20133106393573205,0.017753680047488955,0.780915256016779
17448,0.07502480580568813,0.013567728642056187,0.9114074655522557
17449,0.887776548382947,0.008740146335364197,0.10348330528168881
17450,0.20438845464031036,0.013185152582646263,0.7824263927770433
17451,0.9629055801008256,0.002240576832052692,0.034853843067121686
17452,0.9502885052451573,0.015079361979994915,0.03463213277484778
17453,0.7145400442001035,0.012413350392196654,0.2730466054076999
17454,0.14598779375657592,0.05572959341223044,0.7982826128311936
17455,0.9697147687822326,0.00991237345586322,0.020372857761904194
17456,0.9376373487210543,0.0044188996228989655,0.05794375165604683
17457,0.5687119311754343,0.18874828398766258,0.24253978483690308
17458,0.9737113527120409,0.004223686041179939,0.022064961246779154
17459,0.8829986684414488,0.012313301711832685,0.10468802984671845
17460,0.9221616803223357,0.02868048950598332,0.049157830171680995
17461,0.8836227904970562,0.02544639569125174,0.09093081381169223
17462,0.3119142406439336,0.01972742614489652,0.6683583332111699
17463,0.9797601941375471,0.0014015532843032084,0.01883825257814959
17464,0.05735582323822368,0.005444065998545199,0.9372001107632312
17465,0.9264885295115589,0.005036297757140961,0.06847517273130019
17466,0.9723854511462213,0.004606729363408261,0.02300781949037027
17467,0.9705989551132576,0.0017611723984753151,0.027639872488267134
17468,0.28387479570784047,0.01624619801921663,0.6998790062729431
17469,0.06593168482235282,0.04095981940582224,0.8931084957718249
17470,0.5500864219781524,0.01325972415317625,0.4366538538686714
17471,0.07796942739580129,0.05142448514908968,0.8706060874551091
17472,0.4477631347565184,0.005191086768427475,0.5470457784750541
17473,0.5471486711879086,0.03564873684289572,0.41720259196919574
17474,0.9869584158132854,0.0037031308362702846,0.009338453350444285
17475,0.016934130263947,0.0015542843589243472,0.9815115853771287
17476,0.869845916275393,0.001092472791789979,0.12906161093281693
17477,0.921892572040848,0.0041581565508945414,0.07394927140825752
17478,0.6902138351688882,0.05281913709211572,0.25696702773899593
17479,0.43296244012633345,0.21665804378796572,0.35037951608570084
17480,0.0065787333238205015,0.0017885959323222674,0.9916326707438572
17481,0.9534837627488503,0.004637071711889037,0.041879165539260625
17482,0.9468747245509038,0.0024435467711462406,0.05068172867795001
17483,0.17344812791821168,0.013812372005451653,0.8127395000763368
17484,0.032787974473439306,0.019019330439230802,0.9481926950873301
17485,0.7565917582159748,0.006373128156174059,0.23703511362785118
17486,0.8952666387906894,0.0034641019368501437,0.10126925927246064
17487,0.9332802929145803,0.004128425219666819,0.06259128186575279
17488,0.0013036859280785625,0.0002901719878818412,0.9984061420840395
17489,0.9125156625340962,0.00662816261616969,0.08085617484973417
17490,0.9780067389641034,0.0006350646232272993,0.02135819641266933
17491,0.6588129729836733,0.007413102142285102,0.33377392487404167
17492,0.0030783338357083675,0.009174607204822308,0.9877470589594692
17493,0.44059418951521134,0.0041415901574453585,0.5552642203273432
17494,0.8620120736831133,0.011043299312247026,0.12694462700463977
17495,0.7355717444852652,0.009287423140809726,0.2551408323739252
17496,0.36029544508610306,0.0054960685952688505,0.6342084863186281
17497,0.5156089634682378,0.0018074117960920014,0.4825836247356702
17498,0.9645921777587487,0.0040060537793327545,0.0314017684619184
17499,0.01982313742785931,0.016091851933202044,0.9640850106389386
17500,0.9292895414464764,0.004608026247660583,0.06610243230586312
17501,0.6250097647900825,0.014339013801444372,0.36065122140847305
17502,0.8954993759625944,0.005984150054842414,0.09851647398256308
17503,0.9355309393144051,0.008558295935890668,0.05591076474970419
17504,0.9791031788565958,0.0023798930612791967,0.01851692808212509
17505,0.9787876257289212,0.0023921402946666757,0.018820233976412245
17506,0.9827351037261629,0.005034411248452512,0.012230485025384543
17507,0.18412756028042823,0.009488248410466697,0.8063841913091052
17508,0.9490188360236312,0.004768949869986481,0.046212214106382404
17509,0.05491990681580129,0.00623312462176075,0.938846968562438
17510,0.916907452530191,0.026237009288399227,0.05685553818140976
17511,0.9091813113755565,0.01794696119486145,0.07287172742958203
17512,0.8781298360506022,0.04309751257556036,0.07877265137383731
17513,0.9901928511278826,0.000893187467350587,0.008913961404766668
17514,0.8550799129331957,0.08030783071349475,0.0646122563533095
17515,0.7092011292631657,0.014788743621057985,0.2760101271157763
17516,0.9472961638498,0.032172447703939525,0.020531388446260398
17517,0.973120520049822,0.0034649623802364515,0.023414517569941576
17518,0.4843658392372967,0.007454616664212864,0.5081795440984905
17519,0.8611689999692176,0.006373469912543777,0.13245753011823858
17520,0.8782108629229944,0.011990049887258103,0.10979908718974743
17521,0.187642112342024,0.016486959246648385,0.7958709284113277
17522,0.45081325693124386,0.015098733681635378,0.5340880093871208
17523,0.914228164213873,0.044524118837701646,0.041247716948425474
17524,0.4898987092440366,0.0050551589937424205,0.5050461317622209
17525,0.00976951113463166,0.003334971268249761,0.9868955175971186
17526,0.031800521625698845,0.005610051865281742,0.9625894265090194
17527,0.8790200911196199,0.00427570791256874,0.11670420096781133
17528,0.01570626515470723,0.0005081206004504523,0.9837856142448423
17529,0.9817837412878396,0.009071064644854842,0.009145194067305545
17530,0.08107675336989914,0.007044137246651562,0.9118791093834493
17531,0.9164532392977729,0.004088041450047212,0.07945871925217994
17532,0.9387103424445733,0.006756437704325168,0.05453321985110164
17533,0.9051593934923349,0.006133621859155608,0.08870698464850958
17534,0.005897080687179661,0.011046961436382358,0.983055957876438
17535,0.7122197551173042,0.01191489872445042,0.27586534615824543
17536,0.8676099278226822,0.01516587022972695,0.11722420194759087
17537,0.9769419394016094,0.003264967239777865,0.01979309335861272
17538,0.006948553658616168,0.0015321450251348208,0.9915193013162491
17539,0.9793512319805354,0.0018426753954150698,0.018806092624049635
17540,0.012413861039499995,0.003311981296364257,0.9842741576641357
17541,0.966484626470203,0.005361811845079934,0.028153561684717013
17542,0.7006800052132944,0.19718115346029363,0.1021388413264119
17543,0.8857840295021625,0.054063703080882895,0.06015226741695469
17544,0.9673859579398338,0.01666163343883976,0.015952408621326256
17545,0.17026420188553404,0.0012771282665469223,0.828458669847919
17546,0.971868764824154,0.0021960054000706346,0.0259352297757754
17547,0.3069568501344669,0.018815584317490093,0.674227565548043
17548,0.9614929040117455,0.0047175266188784915,0.03378956936937613
17549,0.874097145191985,0.01754133700788723,0.10836151780012775
17550,0.9496535899242402,0.017877861240588468,0.032468548835171356
17551,0.8940608096866611,0.005557015277056503,0.10038217503628227
17552,0.24771473866358812,0.006811436874218155,0.7454738244621938
17553,0.9321058954008327,0.008234009383641792,0.059660095215525524
17554,0.946405665065533,0.004723658638717673,0.04887067629574918
17555,0.0024955185698839867,0.0016495264216016925,0.9958549550085143
17556,0.985663655125093,0.0032539467733860936,0.011082398101520764
17557,0.9442974937105355,0.0009870897933700392,0.05471541649609436
17558,0.10253708333390335,0.02201999946091889,0.8754429172051779
17559,0.8778958160158187,0.01659587271931092,0.10550831126487029
17560,0.7020858987293874,0.03433866545934125,0.2635754358112713
17561,0.8871749598166836,0.043463973191769166,0.06936106699154727
17562,0.029405216700960114,0.0015312598049729545,0.9690635234940668
17563,0.9776178596290477,0.0016894946191311406,0.02069264575182118
17564,0.7283550356880255,0.04612128481422757,0.22552367949774682
17565,0.9202617898890957,0.04214922638734826,0.03758898372355608
17566,0.9528562077257536,0.0023906186860695546,0.04475317358817679
17567,0.05090874649069982,0.011489844429616756,0.9376014090796834
17568,0.9625260221258634,0.005243199973765277,0.032230777900371335
17569,0.5685957970345434,0.004802290675441625,0.426601912290015
17570,0.967876880168748,0.007564659304171412,0.024558460527080564
17571,0.9075528915029105,0.010290086545591754,0.0821570219514976
17572,0.6745820745253023,0.011967243335831278,0.3134506821388664
17573,0.9760412122530789,0.0014443233127054884,0.022514464434215543
17574,0.9570821375653187,0.003925149164181215,0.03899271327050011
17575,0.8489996198821504,0.024638166875945132,0.12636221324190444
17576,0.7897246362793503,0.15041948671798397,0.05985587700266573
17577,0.7489294297162948,0.036436334412949536,0.2146342358707557
17578,0.1589842278844001,0.010004149030448783,0.8310116230851512
17579,0.9843952027827201,0.0036969484106595674,0.011907848806620309
17580,0.9862064334695794,0.0016340892796096343,0.012159477250811108
17581,0.12262832657588041,0.003799565073789247,0.8735721083503303
17582,0.03201816534012107,0.004709810314894542,0.9632720243449843
17583,0.00254643078728788,0.0005859896006190082,0.9968675796120929
17584,0.8079685022786538,0.005546555741793166,0.18648494197955295
17585,0.891265497860102,0.004324089522920483,0.1044104126169775
17586,0.7766093466800202,0.008838506273572468,0.2145521470464073
17587,0.9728653968394549,0.005690196267586999,0.02144440689295802
17588,0.009068381611028594,0.007360466345739309,0.9835711520432322
17589,0.907563052354661,0.008649539126977288,0.08378740851836178
17590,0.8217464453277221,0.020907348970151007,0.15734620570212682
17591,0.02837083455051973,0.04549219862733344,0.9261369668221469
17592,0.9755878992786458,0.0019398922200827599,0.022472208501271657
17593,0.9120267214674913,0.007254967372974292,0.08071831115953423
17594,0.40615071109796985,0.007041854706994526,0.5868074341950357
17595,0.6819819294412631,0.02048462631228976,0.2975334442464471
17596,0.9367866131528266,0.020192664981596442,0.04302072186557707
17597,0.1636314383550551,0.0053770781323000255,0.8309914835126448
17598,0.9565667807318223,0.010859216770813062,0.032574002497364626
17599,0.9580847083213574,0.002419200519396406,0.03949609115924631
17600,0.7732234243879978,0.023938160095275333,0.20283841551672677
17601,0.93517068299137,0.00465978225629881,0.06016953475233121
17602,0.5842047992866918,0.03223810435009111,0.3835570963632171
17603,0.16052752856766467,0.051877126422691704,0.7875953450096436
17604,0.9487573757315182,0.0014543058368626884,0.04978831843161907
17605,0.8040257263747247,0.0042588455869461165,0.1917154280383292
17606,0.9895160344675316,0.004146733595613004,0.006337231936855484
17607,0.8804620157970349,0.08249229506794069,0.0370456891350245
17608,0.9668304263017949,0.007765916555690018,0.025403657142514958
17609,0.9825799643440618,0.0017056846116832547,0.015714351044254993
17610,0.9790145614341104,0.0008169562309329261,0.02016848233495664
17611,0.9754287903678878,0.0030901943710785864,0.021481015261033576
17612,0.9338160867290224,0.001998091496377508,0.06418582177460017
17613,0.8365785465969299,0.014013305729739462,0.14940814767333072
17614,0.008095896282404381,0.0015164886320499923,0.9903876150855457
17615,0.9871080673470527,0.001072122766058903,0.011819809886888482
17616,0.9757140401288122,0.0022401264051711486,0.02204583346601648
17617,0.9585937928837847,0.018400977174064692,0.023005229942150728
17618,0.9056172529582307,0.036971759574852645,0.05741098746691672
17619,0.9706953368310403,0.002238444627927938,0.027066218541031854
17620,0.8777318566986625,0.006114513879185703,0.11615362942215177
17621,0.5667005594569694,0.01778325681361388,0.4155161837294167
17622,0.026297387169005842,0.0067035827244482,0.966999030106546
17623,0.011211021917262361,0.01404377997341149,0.9747451981093262
17624,0.9720942405161606,0.004102694652591621,0.0238030648312479
17625,0.09244517991298436,0.01058328802589473,0.8969715320611209
17626,0.9001124887761405,0.002537631463705019,0.09734987976015451
17627,0.4925354071067579,0.0021796551823934952,0.5052849377108486
17628,0.853290146795475,0.0037194179394937554,0.1429904352650312
17629,0.5830235555483867,0.015932321364174867,0.4010441230874384
17630,0.9204718861718485,0.009437991686136293,0.07009012214201514
17631,0.002065626413591961,0.0012754635333248,0.9966589100530833
17632,0.9574116534065746,0.008158164248217286,0.03443018234520802
17633,0.6122217635855138,0.022796847294639988,0.3649813891198463
17634,0.9626424952902916,0.013940031949114872,0.023417472760593572
17635,0.8201390481248708,0.004757186458263512,0.17510376541686568
17636,0.8365181846388648,0.11792702831562088,0.045554787045514286
17637,0.9861596307418873,0.0013916604365867265,0.012448708821526048
17638,0.8538842043368527,0.010416898448877516,0.1356988972142697
17639,0.8731681433906695,0.07280971974158398,0.05402213686774631
17640,0.980631693254364,0.001840079430388748,0.017528227315247388
17641,0.9174433097660895,0.007013561411835154,0.07554312882207535
17642,0.040952597181566026,0.0036016428350270882,0.9554457599834069
17643,0.5224959635988797,0.2885843334679694,0.1889197029331508
17644,0.8706666820862465,0.014914115787628876,0.11441920212612469
17645,0.9010748956794978,0.011695387631826218,0.08722971668867602
17646,0.8794868315726182,0.009950649750184178,0.11056251867719763
17647,0.9184464045711116,0.008487116456748448,0.07306647897213991
17648,0.9862928051118309,0.0016679238596451742,0.012039271028523799
17649,0.03495993307373913,0.003698833916148865,0.961341233010112
17650,0.9854782406085918,0.004854094578573312,0.009667664812834802
17651,0.4928426538824412,0.024929327745918047,0.4822280183716408
17652,0.9655020212753801,0.015245332448069462,0.019252646276550437
17653,0.979733902647633,0.0077437296882624405,0.012522367664104585
17654,0.9815625498769083,0.002592458071633919,0.01584499205145789
17655,0.960538056043545,0.0240627831424779,0.015399160813977119
17656,0.41928362208307535,0.02899665823026088,0.5517197196866638
17657,0.9431967961596139,0.008546390655184543,0.04825681318520143
17658,0.794751081644491,0.009169866377012639,0.1960790519784964
17659,0.17062391756089926,0.01447856485433989,0.8148975175847609
17660,0.9496320618741207,0.002082628063258896,0.04828531006262035
17661,0.8198174912699798,0.001866794703928424,0.17831571402609178
17662,0.979357712701822,0.012751195707395819,0.00789109159078212
17663,0.9645844473877034,0.002518305703116293,0.03289724690918024
17664,0.039762391655263685,0.035292245055995035,0.9249453632887412
17665,0.9650776373739014,0.012864814274357853,0.022057548351740702
17666,0.2800978528187262,0.020188472569992864,0.6997136746112809
17667,0.9363842707761596,0.005272920092364653,0.05834280913147576
17668,0.983661457657463,0.005303375218390286,0.011035167124146681
17669,0.7605654924380979,0.04105673530982172,0.19837777225208042
17670,0.9280394627191625,0.040143362328144985,0.03181717495269259
17671,0.6381111897198395,0.0043572258144053706,0.3575315844657551
17672,0.9603315692331745,0.002055906500686642,0.03761252426613871
17673,0.8205827296960887,0.012760064335291251,0.16665720596862002
17674,0.5364185397373221,0.01100360274689386,0.4525778575157841
17675,0.8017179168514205,0.011327415342400917,0.1869546678061785
17676,0.982828025114702,0.006515244677692066,0.010656730207605903
17677,0.7338569855459701,0.009977629225690544,0.2561653852283393
17678,0.965468994824669,0.003851595275757203,0.030679409899573677
17679,0.4772579477120726,0.012215781696811869,0.5105262705911155
17680,0.67228482345649,0.018911006719478273,0.3088041698240317
17681,0.8650064579190473,0.01295854686803637,0.1220349952129164
17682,0.5652672596388821,0.01185364014639147,0.4228791002147264
17683,0.9704925174876565,0.0027273026232204414,0.026780179889123144
17684,0.9624365005749802,0.0019439711721709525,0.035619528252848816
17685,0.6429692475461259,0.03632964586440417,0.32070110658946993
17686,0.9244685729480676,0.006931414070804679,0.0686000129811277
17687,0.46046535421798185,0.42841316919549377,0.11112147658652446
17688,0.8159843966036436,0.0040861514618330125,0.17992945193452342
17689,0.9699463996755494,0.01253834269889682,0.017515257625553754
17690,0.8795383439137131,0.0019671168495350826,0.11849453923675184
17691,0.9509037754710936,0.013802599816271806,0.035293624712634426
17692,0.040777041697833,0.057188898418066306,0.9020340598841008
17693,0.9720802639553107,0.002976381259137296,0.02494335478555198
17694,0.975388655893035,0.009333574357213104,0.015277769749751934
17695,0.979216263984418,0.002910469088003875,0.01787326692757812
17696,0.9678094565889825,0.014114047421566146,0.0180764959894512
17697,0.5086748135471203,0.013097220854993041,0.47822796559788666
17698,0.9275984492350822,0.004150916394614608,0.06825063437030342
17699,0.9569089183497315,0.006533349142788731,0.036557732507479804
17700,0.8910158716221253,0.003896490494614547,0.10508763788326025
17701,0.22299191174697422,0.03650740839778219,0.7405006798552435
17702,0.9237763452831855,0.003203189321918231,0.07302046539489633
17703,0.9743900458517838,0.0030379473914893314,0.022572006756726798
17704,0.9121568825281103,0.0015771072789722018,0.08626601019291745
17705,0.9746608295398145,0.015284418886656615,0.010054751573528798
17706,0.012207983014862762,0.0020107871481370534,0.9857812298370001
17707,0.4810737072198294,0.013983342407046186,0.5049429503731244
17708,0.2694903169301899,0.005499072522923963,0.7250106105468861
17709,0.9222248396687455,0.003406775435044177,0.0743683848962103
17710,0.7172204758047747,0.08491299741117389,0.19786652678405153
17711,0.005977737897831845,0.001559795861394859,0.9924624662407733
17712,0.9741563175459319,0.002089018572169224,0.023754663881898768
17713,0.7682770567031716,0.02946628051029626,0.20225666278653223
17714,0.8080284292492226,0.0010390527292639296,0.19093251802151356
17715,0.9795813428262721,0.0028395401001625954,0.017579117073565357
17716,0.6469163627468485,0.22314830358792814,0.1299353336652232
17717,0.9135887082269991,0.00889543735854966,0.07751585441445127
17718,0.917941648757677,0.0010454966749444644,0.08101285456737845
17719,0.7411211931511319,0.007130539940626651,0.25174826690824137
17720,0.8594515389846167,0.007717622721603147,0.1328308382937802
17721,0.16057734886637687,0.0031875682307734993,0.8362350829028495
17722,0.9648696862123101,0.00887049814047155,0.026259815647218368
17723,0.9611864276552164,0.0025633301331288195,0.03625024221165472
17724,0.9665905408822857,0.007363373735646392,0.026046085382067912
17725,0.015376146329946426,0.009461120564440128,0.9751627331056135
17726,0.9814329875146169,0.0006493280910265384,0.01791768439435658
17727,0.8729221188688214,0.05716146159730384,0.06991641953387477
17728,0.5267156703928255,0.03921732765229221,0.43406700195488235
17729,0.9448351029479997,0.021385942720532746,0.03377895433146762
17730,0.7907160171315285,0.06850742547099767,0.14077655739747386
17731,0.008376399361341803,0.010250054680714597,0.9813735459579436
17732,0.8845401359186985,0.005712966904324225,0.10974689717697719
17733,0.9784014011261988,0.006967632828897042,0.014630966044904152
17734,0.0044395136666834575,0.0010651834048519642,0.9944953029284644
17735,0.7004772112499552,0.013461949424688653,0.28606083932535625
17736,0.9666767294598961,0.005409624163352169,0.027913646376751797
17737,0.06231275460347786,0.01145759854290649,0.9262296468536158
17738,0.03594400029698204,0.004142972924795138,0.9599130267782227
17739,0.014955595302793655,0.0029440512455458003,0.9821003534516606
17740,0.3386271014659761,0.19055492315239192,0.47081797538163195
17741,0.47430240058098466,0.022318474523881617,0.5033791248951337
17742,0.9522623715049562,0.0014799120130007293,0.04625771648204313
17743,0.9429494133974656,0.001207967112752232,0.05584261948978214
17744,0.9384025552697641,0.02556429480805209,0.03603314992218397
17745,0.8414490090114546,0.012575424855155098,0.14597556613339027
17746,0.12370646182959846,0.005094523131885794,0.8711990150385157
17747,0.04881829705398798,0.016922286959034073,0.934259415986978
17748,0.9638811484162597,0.004329590587546847,0.03178926099619365
17749,0.8765397592054873,0.009297478549914437,0.11416276224459827
17750,0.9298099104399774,0.023261542878687785,0.04692854668133479
17751,0.994408019611201,0.0014735118235986307,0.0041184685652004525
17752,0.9554007078511142,0.0029090640304906684,0.04169022811839526
17753,0.17628601230743127,0.011650490213524167,0.8120634974790446
17754,0.9828831521518385,0.0011616679588541982,0.01595517988930715
17755,0.7870139598857276,0.0016519341077086817,0.21133410600656366
17756,0.008720460588299377,0.0042635958038964835,0.9870159436078042
17757,0.9286809810984025,0.0032939446773883386,0.06802507422420913
17758,0.9799999808977915,0.004906703531416928,0.015093315570791618
17759,0.43371383289751947,0.05647342690793428,0.5098127401945464
17760,0.13151001908238802,0.011070340223345295,0.8574196406942666
17761,0.02584048043267482,0.0644949231274211,0.909664596439904
17762,0.9661282818431457,0.0018980097309915017,0.03197370842586284
17763,0.7124841181002146,0.0009361735843372802,0.2865797083154481
17764,0.009617548321732693,0.007020422034634155,0.9833620296436332
17765,0.01915660923743407,0.004415277521560473,0.9764281132410055
17766,0.9834306619772591,0.0019740421947877077,0.014595295827953159
17767,0.6458832016653514,0.09439594773804089,0.2597208505966077
17768,0.9816583312557858,0.0012998254528438903,0.017041843291370384
17769,0.032187975749269127,0.0014228110762904728,0.9663892131744404
17770,0.9646482245123613,0.006552689051255624,0.02879908643638315
17771,0.9860831586824164,0.006033171610530529,0.007883669707053138
17772,0.960132037319836,0.0015830152257076116,0.03828494745445649
17773,0.8223987625616644,0.09748996563538606,0.08011127180294958
17774,0.9088450352736731,0.0037319284222760473,0.0874230363040508
17775,0.972658753905278,0.011458113351522262,0.01588313274319976
17776,0.4598218875584571,0.18306356493958192,0.3571145475019609
17777,0.9598180068752239,0.009762476118237242,0.03041951700653889
17778,0.04861491615074666,0.011521042302771832,0.9398640415464814
17779,0.45866758598456536,0.01766177039975066,0.523670643615684
17780,0.059203423699264304,0.03819466079591849,0.9026019155048173
17781,0.016570444938705613,0.003420883780270065,0.9800086712810243
17782,0.9603775406578824,0.011131893057530689,0.028490566284586797
17783,0.9350109389758929,0.008966857414006215,0.05602220361010098
17784,0.925337995364257,0.0034913941081607448,0.07117061052758217
17785,0.6186102420958601,0.04959357179400406,0.33179618611013584
17786,0.9531849114737463,0.0013482540483173776,0.045466834477936466
17787,0.9611786340201902,0.004718457438241092,0.03410290854156879
17788,0.8731070973579482,0.07594125714629439,0.05095164549575741
17789,0.049310358431541045,0.004106596310018588,0.9465830452584404
17790,0.9703327014127823,0.003789860605005065,0.025877437982212516
17791,0.008430077440306931,0.009461303605103782,0.9821086189545892
17792,0.8758158952338384,0.04579714191248847,0.07838696285367319
17793,0.9525452713441998,0.010929261514897521,0.03652546714090268
17794,0.807127765871454,0.011638010849365506,0.18123422327918068
17795,0.8581696049415992,0.011815399182336395,0.1300149958760645
17796,0.9833029658809387,0.004413195965744516,0.012283838153316873
17797,0.264746522422472,0.01830259360950191,0.7169508839680261
17798,0.9621584227412909,0.0073654535483929,0.030476123710316202
17799,0.9748125101203565,0.002443476851634112,0.02274401302800938
17800,0.9837951740890205,0.003993173244899143,0.012211652666080475
17801,0.14720656580496377,0.0055331126610105525,0.8472603215340256
17802,0.8978446348735152,0.015974762015180485,0.08618060311130434
17803,0.4743972402407664,0.020845491736696135,0.5047572680225375
17804,0.8910181622385756,0.0030433220967583897,0.10593851566466614
17805,0.8963427755487372,0.00545075018912713,0.09820647426213562
17806,0.9562963672006223,0.003283859974013307,0.0404197728253644
17807,0.9735577899968277,0.006943161042006859,0.019499048961165413
17808,0.9836936046761533,0.001589908489188031,0.014716486834658628
17809,0.6238135682427765,0.011774661311945362,0.36441177044527806
17810,0.802588514866571,0.033551853556051496,0.16385963157737743
17811,0.9321124993566035,0.016829239096327376,0.051058261547069175
17812,0.9211030630862924,0.05404800695518425,0.02484892995852331
17813,0.9737035425352322,0.015234629809246262,0.011061827655521541
17814,0.9874528921873258,0.0039879890868806545,0.008559118725793647
17815,0.7899217432074461,0.005165712049392512,0.20491254474316142
17816,0.41513775647092455,0.004976975451779193,0.5798852680772962
17817,0.481577503943207,0.010289190785152892,0.5081333052716401
17818,0.9483520294283018,0.023096702570845083,0.02855126800085306
17819,0.17533124615895432,0.010805740571250312,0.8138630132697955
17820,0.9676377786649366,0.009639728317083485,0.02272249301797991
17821,0.27602924177881843,0.0023312118815397246,0.7216395463396418
17822,0.022896733776686173,0.03753175969717147,0.9395715065261424
17823,0.8881185884596747,0.002052272575376915,0.1098291389649483
17824,0.025280301235701644,0.0033096087734565236,0.9714100899908419
17825,0.9295282997141757,0.008231704067543385,0.06223999621828098
17826,0.7872411869677779,0.007674102279610629,0.20508471075261142
17827,0.9425303889870248,0.014823695252995733,0.0426459157599795
17828,0.06845012909612301,0.0039739403208059075,0.9275759305830711
17829,0.5999482605753006,0.04322429328925334,0.35682744613544604
17830,0.05250740306923341,0.01638109621332414,0.9311115007174425
17831,0.9249341917437146,0.003392873349244234,0.07167293490704103
17832,0.16287898991088773,0.011884456464425278,0.8252365536246871
17833,0.9421503821720499,0.002726853568161278,0.05512276425978891
17834,0.714164139764891,0.00689115217720135,0.2789447080579078
17835,0.018387786105586102,0.003940114169329604,0.9776720997250844
17836,0.014204913418906295,0.002278214747718467,0.9835168718333752
17837,0.0946174761037116,0.005817488983267623,0.8995650349130208
17838,0.9655953614524633,0.010415742585623543,0.02398889596191315
17839,0.9598960011178292,0.0031773272867477373,0.03692667159542303
17840,0.9628278855370516,0.018587625871638647,0.018584488591309848
17841,0.49876208400086175,0.07667639147103837,0.4245615245280998
17842,0.9597803232906945,0.007786645826033278,0.03243303088327203
17843,0.008376641305594262,0.005479743755191376,0.9861436149392143
17844,0.938621717908976,0.010581573775940122,0.05079670831508379
17845,0.9735329603327529,0.013235673399385528,0.013231366267861526
17846,0.8919827337288574,0.0019125736714067365,0.10610469259973594
17847,0.8264295267859822,0.005939005426297899,0.16763146778771992
17848,0.21952612331529447,0.011019774778539214,0.7694541019061664
17849,0.7746656059446941,0.0006877388302419232,0.22464665522506388
17850,0.9786588874160471,0.005279823801968425,0.01606128878198437
17851,0.6028783295104773,0.026738958594336025,0.37038271189518673
17852,0.9881855745859507,0.0010015740787174105,0.010812851335331988
17853,0.4993232535864669,0.0015930616624572921,0.4990836847510759
17854,0.944744432268837,0.005490564742384801,0.049765002988778145
17855,0.12037655328093434,0.0021383783411617805,0.877485068377904
17856,0.656748353312537,0.002542927945047377,0.3407087187424156
17857,0.9459358261498236,0.007023379373627276,0.047040794476548985
17858,0.8706299913987638,0.009088177053114821,0.1202818315481212
17859,0.9165785845020463,0.002934290037245412,0.0804871254607083
17860,0.9032488994598532,0.019687915586978386,0.07706318495316837
17861,0.03481875294932645,0.011362101907560805,0.9538191451431128
17862,0.9385278921105853,0.010791228777988996,0.05068087911142563
17863,0.9406991921801007,0.00542793036743935,0.05387287745245996
17864,0.8998701341526869,0.009099013246193069,0.09103085260111995
17865,0.29029339419011685,0.0028791037240520623,0.7068275020858311
17866,0.9667875085199102,0.003099912495300044,0.030112578984789744
17867,0.9740882205290301,0.0007978662836756815,0.025113913187294123
17868,0.43296983823038615,0.17736403199764966,0.3896661297719641
17869,0.9843333088112782,0.0017127056863809494,0.01395398550234089
17870,0.7119420071731616,0.0066473674109998465,0.2814106254158385
17871,0.011911809707829821,0.003990622050974832,0.9840975682411953
17872,0.8588717939781857,0.04051047555240345,0.10061773046941085
17873,0.9445228854580218,0.00453263005230844,0.05094448448966977
17874,0.2975731578498359,0.012628647676009845,0.6897981944741542
17875,0.1775571844042969,0.07248481039262843,0.7499580052030748
17876,0.9864515957447021,0.00046473186068475265,0.013083672394613267
17877,0.006739622724468869,0.0013266714841012235,0.9919337057914299
17878,0.22448870987200897,0.009471678396518943,0.7660396117314721
17879,0.9801442242592595,0.0024606520280534227,0.017395123712686898
17880,0.900713968594293,0.030373552414934408,0.06891247899077262
17881,0.3798909798917336,0.04894193699383886,0.5711670831144275
17882,0.6783798917137489,0.02163605457435961,0.2999840537118915
17883,0.9527663135644449,0.0013730391570705536,0.045860647278484566
17884,0.9091923554402455,0.004591867172245144,0.08621577738750935
17885,0.12017702510427672,0.005934512756514173,0.8738884621392091
17886,0.25375074991758617,0.020358823180447877,0.725890426901966
17887,0.005630622315963433,0.0008774113703679236,0.9934919663136687
17888,0.9740206900755681,0.0004865703411324637,0.02549273958329947
17889,0.7372975029763593,0.026030251908977092,0.23667224511466373
17890,0.9832419911392168,0.003356159455659716,0.013401849405123416
17891,0.017961439857253507,0.003072564958324814,0.9789659951844217
17892,0.7583768277186322,0.004240821851345847,0.23738235043002198
17893,0.9816115644480176,0.00404692417543591,0.014341511376546556
17894,0.8636271985669705,0.095860142294551,0.040512659138478506
17895,0.07591770091070903,0.008421745839442536,0.9156605532498483
17896,0.9325243332892343,0.0006263793041372029,0.06684928740662845
17897,0.956401147884985,0.0033878979861096505,0.040210954128905324
17898,0.9955372373903364,0.0004378825184235135,0.004024880091240062
17899,0.5079180173888972,0.04549961260680678,0.446582370004296
17900,0.9775482055570759,0.0014792840546745869,0.02097251038824957
17901,0.7050853047999919,0.016033463186307433,0.2788812320137007
17902,0.9774099635221531,0.001405016006359791,0.021185020471487126
17903,0.9674618439202101,0.021640643524802015,0.01089751255498788
17904,0.9479308054899042,0.0067798120637318545,0.04528938244636408
17905,0.9476698153018497,0.007531054344905579,0.04479913035324479
17906,0.9754646908085849,0.005358645816953842,0.019176663374461233
17907,0.8173365333480911,0.004556539085744934,0.17810692756616403
17908,0.7871803865628556,0.012972269079213356,0.19984734435793092
17909,0.12241058822028267,0.005267611778968669,0.8723218000007487
17910,0.9752369732450834,0.004081435756588358,0.020681590998328205
17911,0.5203892360954544,0.09115501153190778,0.38845575237263774
17912,0.5080853731843307,0.004346953846620308,0.487567672969049
17913,0.9499199327606799,0.03316012151208744,0.016919945727232637
17914,0.68524154884513,0.02557689726353468,0.28918155389133526
17915,0.8713704222678027,0.006388867793787929,0.1222407099384094
17916,0.9481924027962878,0.008470690514719291,0.043336906688992746
17917,0.010879183659518952,0.00190697865473332,0.9872138376857478
17918,0.13608866113150292,0.0015390044184423926,0.8623723344500547
17919,0.9202387852066893,0.006133555777162558,0.07362765901614805
17920,0.02827199338590764,0.002776094137551369,0.968951912476541
17921,0.32151271364511547,0.0026984520039648107,0.6757888343509196
17922,0.6936971906122616,0.27355636456185695,0.032746444825881516
17923,0.04413362753107975,0.029715860231469243,0.9261505122374509
17924,0.9763733195253648,0.0017044326628783907,0.0219222478117568
17925,0.6829216800170504,0.0031630040989674233,0.3139153158839821
17926,0.4815411062817686,0.010631877737753573,0.5078270159804779
17927,0.7359886489122244,0.0016192951592959208,0.2623920559284797
17928,0.09499799647345372,0.08861624076093057,0.8163857627656158
17929,0.7196184455210738,0.013539601195667288,0.26684195328325894
17930,0.005557002944479599,0.0055139117329411355,0.9889290853225793
17931,0.09602142818726114,0.2538885012013357,0.6500900706114031
17932,0.5915553569547423,0.1802629453658346,0.22818169767942317
17933,0.9545758265264166,0.0034808205807005752,0.04194335289288288
17934,0.8736710593709198,0.02686393970376408,0.09946500092531621
17935,0.5566083931746659,0.003347323040566329,0.4400442837847677
17936,0.9045063177407395,0.003386110841984643,0.09210757141727592
17937,0.882050144674116,0.008048187097478851,0.109901668228405
17938,0.07237627156438042,0.006632438200609739,0.9209912902350098
17939,0.9220933678204833,0.00469017563354813,0.07321645654596855
17940,0.9343362190439763,0.04492223055310558,0.020741550402918186
17941,0.1781579086535034,0.15674812937777038,0.6650939619687263
17942,0.973509050064995,0.009283887633477771,0.017207062301527302
17943,0.8989422088721108,0.007737140763193486,0.09332065036469557
17944,0.9817461704883264,0.0010383755727684666,0.017215453938905174
17945,0.38542274649775565,0.00831877059532835,0.606258482906916
17946,0.6817400001938898,0.0006802386986933865,0.3175797611074168
17947,0.005900910352245189,0.0013388871043431298,0.9927602025434117
17948,0.7785921084590771,0.006391495389870126,0.21501639615105278
17949,0.8663403139944497,0.002281695623420856,0.13137799038212938
17950,0.9790282125436168,0.0009785367121963446,0.019993250744186765
17951,0.8644717386282132,0.002392024766963101,0.1331362366048236
17952,0.8735057305029889,0.006147908892598339,0.12034636060441284
17953,0.6515898749008352,0.008991350281308689,0.3394187748178561
17954,0.33262152962435565,0.010561617230792058,0.6568168531448522
17955,0.9741966514674572,0.002583524474060098,0.02321982405848275
17956,0.8210658556354395,0.0010400244671082224,0.1778941198974522
17957,0.9021138232320836,0.030718131801254083,0.06716804496666234
17958,0.041890287773615836,0.0044429072851398,0.9536668049412442
17959,0.853771549618236,0.013017057269492576,0.13321139311227145
17960,0.7672040157741047,0.0025171824590573023,0.23027880176683813
17961,0.6218702933469606,0.001674844308018514,0.37645486234502085
17962,0.02628518158749822,0.010408922958645695,0.9633058954538561
17963,0.9637535131987348,0.002973325631306915,0.03327316116995822
17964,0.5282122976290448,0.4079749561072728,0.06381274626368241
17965,0.9725743004276225,0.004056298860810504,0.02336940071156711
17966,0.986451401848816,0.0006568079702584791,0.01289179018092555
17967,0.9484938458808688,0.001117404705113634,0.050388749414017525
17968,0.9769849756180833,0.0027749896557499355,0.020240034726166693
17969,0.9287763040729682,0.0030888107474848084,0.06813488517954708
17970,0.7138860693322786,0.002916673034988506,0.28319725763273296
17971,0.13875681430241874,0.050744733894567795,0.8104984518030135
17972,0.8041137279636835,0.162874034394283,0.03301223764203353
17973,0.9243843008650273,0.009980454592934097,0.06563524454203867
17974,0.9577602601816559,0.017604368975017434,0.024635370843326593
17975,0.0066503307758706085,0.010626777549785773,0.9827228916743436
17976,0.8674996353089724,0.05217979893250197,0.08032056575852556
17977,0.014890472089278455,0.002017460664548079,0.9830920672461735
17978,0.5672796462230979,0.01595420897493567,0.41676614480196644
17979,0.006743511764655511,0.016532821032247635,0.976723667203097
17980,0.29368691353945353,0.05019480872391613,0.6561182777366303
17981,0.539671466272942,0.05270560908105308,0.4076229246460048
17982,0.985359679141446,0.0010451216182237307,0.013595199240330251
17983,0.5075025461634146,0.038999291216685134,0.4534981626199002
17984,0.5907805504631589,0.03355831177327313,0.3756611377635679
17985,0.9701854828996006,0.002653352583988989,0.027161164516410423
17986,0.1495147156097945,0.06170522162873084,0.7887800627614746
17987,0.8555161053765945,0.03186672433153218,0.11261717029187321
17988,0.8479660623093077,0.0009721706320368942,0.15106176705865543
17989,0.9332332879664031,0.011759438739566655,0.055007273294030344
17990,0.9779508435150825,0.003690587872908996,0.018358568612008568
17991,0.937911981529373,0.0087895252016166,0.05329849326901022
17992,0.03446639883875471,0.0037316346237813154,0.961801966537464
17993,0.9528295166858394,0.026461240438980817,0.020709242875179938
17994,0.9259711382870943,0.002678877611070798,0.07134998410183478
17995,0.18101995932075976,0.007569114005571526,0.8114109266736687
17996,0.9316169411776578,0.018763635300365622,0.04961942352197661
17997,0.6937001447607163,0.015558853000663625,0.2907410022386199
17998,0.7805468986454316,0.007133558800864984,0.21231954255370333
17999,0.9570340840700011,0.0030558555786438903,0.039910060351355046
18000,0.05388990555414802,0.39951043615202253,0.5465996582938294
18001,0.9821228773217644,0.010238965174449501,0.00763815750378619
18002,0.9766993218789293,0.004018516637373065,0.019282161483697595
18003,0.0023873919994309434,0.0014311519560753347,0.9961814560444937
18004,0.015475590437559455,0.0014954513054486567,0.983028958256992
18005,0.5470705636671325,0.2253146933807944,0.2276147429520732
18006,0.9691136010357091,0.018650290938201766,0.012236108026089059
18007,0.4489821351971995,0.1309375060188694,0.42008035878393113
18008,0.9786919972445851,0.003118701090258643,0.018189301665156237
18009,0.003629578672518792,0.001987954478314257,0.994382466849167
18010,0.4324080929962886,0.007060045101733856,0.5605318619019776
18011,0.18448382298219712,0.020952853499105657,0.7945633235186972
18012,0.07679946219171435,0.07039738733435136,0.8528031504739343
18013,0.988236167777701,0.004381931248712334,0.007381900973586706
18014,0.8936707920057502,0.008235660363743378,0.09809354763050637
18015,0.9593451382889326,0.007719757275931565,0.03293510443513586
18016,0.9494915180879631,0.0028423940712962365,0.0476660878407406
18017,0.8102520128623927,0.024294560896188755,0.16545342624141865
18018,0.2762774947978883,0.0038456430388713867,0.7198768621632403
18019,0.39320743694738236,0.08575126635166976,0.5210412967009479
18020,0.5415936054115653,0.003294118101739063,0.4551122764866955
18021,0.9811428274955314,0.007138503752020002,0.011718668752448628
18022,0.3520079953938386,0.0038013273302404033,0.644190677275921
18023,0.4068213168079756,0.0270751191142185,0.5661035640778059
18024,0.9908640506159115,0.0002979201625933898,0.008838029221495004
18025,0.8471793365504134,0.019364058304410892,0.13345660514517577
18026,0.955628185024635,0.0011237260176914985,0.043248088957673486
18027,0.9419153596806932,0.010737439884223883,0.04734720043508292
18028,0.9467625807174206,0.014198569046154293,0.03903885023642521
18029,0.7922570818351558,0.01567787037127754,0.19206504779356676
18030,0.3552052258784144,0.12318047416765851,0.5216142999539272
18031,0.4430742335785004,0.0718986671173642,0.48502709930413546
18032,0.4997827888947332,0.02024886186781203,0.47996834923745474
18033,0.37990234385182997,0.010852112687978482,0.6092455434601916
18034,0.02847143765998496,0.005064822135301796,0.9664637402047132
18035,0.23787474051491314,0.012013219693315345,0.7501120397917715
18036,0.9310147801656239,0.005668635024491615,0.06331658480988453
18037,0.9890299367512727,0.0033964922984763167,0.007573570950250982
18038,0.8909590202264718,0.0018290997035000085,0.10721188007002827
18039,0.5590185859976262,0.0068082611274084374,0.43417315287496533
18040,0.23942491532596302,0.008129331023584664,0.7524457536504523
18041,0.9664095844000951,0.0115107883069202,0.022079627292984835
18042,0.32617464114492584,0.20593865037591813,0.46788670847915603
18043,0.9592778709427119,0.006378409568549332,0.03434371948873882
18044,0.3996872340923154,0.010435413716731904,0.5898773521909527
18045,0.6614748708765483,0.0080211605021467,0.33050396862130493
18046,0.07482123254670553,0.005739382447353856,0.9194393850059408
18047,0.12806518580991616,0.022571539421172293,0.8493632747689115
18048,0.7178707780515171,0.010031589979462784,0.27209763196902004
18049,0.16488066989567562,0.007329792820103493,0.8277895372842209
18050,0.8914541261324004,0.0007409151862284255,0.10780495868137122
18051,0.04186588789850728,0.02547562198913957,0.9326584901123531
18052,0.2562795033555382,0.0034990856893895193,0.7402214109550723
18053,0.9779920414170173,0.00142425214054172,0.020583706442440872
18054,0.6922676308970439,0.01970918673067113,0.28802318237228497
18055,0.534874656839907,0.01137818462109078,0.4537471585390022
18056,0.31899176521614353,0.020060140179990964,0.6609480946038655
18057,0.7101624740039645,0.004181985313858503,0.2856555406821769
18058,0.8810400925699631,0.011186737744027786,0.10777316968600908
18059,0.4015499105965,0.005373185945111409,0.5930769034583885
18060,0.6894832883803644,0.014255034534516766,0.2962616770851188
18061,0.9477686010238966,0.013572259919987244,0.03865913905611619
18062,0.9321061976699865,0.0033491726493140766,0.06454462968069943
18063,0.9867921515999942,0.002908048923579012,0.010299799476426806
18064,0.3921532362303758,0.007202900231375024,0.6006438635382492
18065,0.8568469328561327,0.011957289927955514,0.13119577721591183
18066,0.8956195830401905,0.004207781294040425,0.10017263566576903
18067,0.01786245580671796,0.018428955369694282,0.9637085888235877
18068,0.9678169834926754,0.007130366605752659,0.02505264990157187
18069,0.9606656133472957,0.00768895389744589,0.03164543275525825
18070,0.2654916011351051,0.0007858776028470961,0.7337225212620478
18071,0.7496003795032005,0.02006880990382433,0.2303308105929752
18072,0.2329418071019621,0.004779244714864759,0.7622789481831731
18073,0.5296171392435445,0.09783244495178037,0.3725504158046751
18074,0.8241941028105566,0.036212433668663654,0.13959346352077984
18075,0.44354571729191816,0.03627111901906971,0.5201831636890121
18076,0.6986342051719179,0.0015234627111900176,0.29984233211689204
18077,0.02622200636650636,0.0016035979423964593,0.9721743956910972
18078,0.00575756153780356,0.002426055382523513,0.9918163830796729
18079,0.6519099514476301,0.007174912370563445,0.3409151361818066
18080,0.8677329243251604,0.013688955367574196,0.11857812030726533
18081,0.9104646861860775,0.01628504110678376,0.07325027270713881
18082,0.9909664045481799,0.002860537674695605,0.00617305777712472
18083,0.9454048245914142,0.009919083492949326,0.04467609191563642
18084,0.018404511047806046,0.039919871421275815,0.9416756175309182
18085,0.9831619124824343,0.004813647926886007,0.012024439590679774
18086,0.9766114687730315,0.00995904568290433,0.013429485544064122
18087,0.007302731031238856,0.0007740200205045319,0.9919232489482566
18088,0.3159097059881283,0.22870577383645369,0.4553845201754181
18089,0.8944134839370557,0.002169169920254705,0.10341734614268953
18090,0.058486996431107025,0.010134292402571573,0.9313787111663214
18091,0.979534223918946,0.0025479489811355573,0.0179178270999184
18092,0.6919779556427939,0.040404738635164965,0.2676173057220413
18093,0.9530883840858333,0.014331039353147987,0.03258057656101861
18094,0.06807993501241062,0.01681611380214815,0.9151039511854413
18095,0.9902547734771668,0.0009961119868528343,0.00874911453598028
18096,0.13696490354177754,0.05234341854166624,0.8106916779165563
18097,0.7997465045741873,0.09696862986863211,0.10328486555718053
18098,0.6211669209497217,0.032424040328838215,0.34640903872144
18099,0.9905844830738736,0.00043891802086937204,0.00897659890525702
18100,0.7693500737620219,0.08666920138367043,0.14398072485430766
18101,0.8136374336347421,0.035210770497263746,0.15115179586799424
18102,0.9718076076493385,0.0018476626296721373,0.026344729720989335
18103,0.947571484345458,0.00453262631236446,0.04789588934217755
18104,0.8875637286775496,0.043240136508278966,0.0691961348141714
18105,0.9868916139490189,0.002313503497103477,0.01079488255387755
18106,0.8965446040210756,0.08489147430044272,0.01856392167848171
18107,0.9494168508293583,0.003084141694091717,0.04749900747654986
18108,0.8633443436337811,0.0036048013036796304,0.13305085506253936
18109,0.4220400906002469,0.019248818470224194,0.5587110909295289
18110,0.0027237158850371597,0.0008048213507997643,0.9964714627641631
18111,0.7617982228196082,0.015123430400390955,0.22307834678000088
18112,0.0018043045905324353,0.0005345830930991879,0.9976611123163683
18113,0.002611422039183519,0.0022535979291460582,0.9951349800316704
18114,0.9633031198860574,0.010848567035764372,0.025848313078178153
18115,0.2883194823651565,0.011800846740059304,0.6998796708947843
18116,0.24996517924542333,0.001967675136075107,0.7480671456185015
18117,0.9287700460472368,0.01840931308463519,0.052820640868128065
18118,0.7367083489494445,0.005106189023613133,0.2581854620269423
18119,0.967321016709781,0.0005767644577483635,0.03210221883247057
18120,0.9061181063412849,0.007004140301397121,0.08687775335731807
18121,0.9838482429508086,0.0007254580474420767,0.015426299001749291
18122,0.9160508429862937,0.003137899261924308,0.08081125775178191
18123,0.6074143247259473,0.010471888549604059,0.38211378672444873
18124,0.37853258891076125,0.05583041276283619,0.5656369983264027
18125,0.328548404309672,0.014989321696914424,0.6564622739934136
18126,0.934881787301872,0.013270494407194324,0.051847718290933556
18127,0.9405417741931659,0.0037447859772698896,0.05571343982956449
18128,0.9661701484892873,0.004871412708131562,0.028958438802581105
18129,0.3756717159852525,0.05868779055715616,0.5656404934575914
18130,0.5397737245893239,0.03712945682399131,0.4230968185866847
18131,0.076781352127066,0.015845428710618534,0.9073732191623154
18132,0.2856752828778747,0.022323597299973255,0.6920011198221521
18133,0.9727760755955859,0.0041246405818242465,0.023099283822589814
18134,0.9713850878684182,0.0012430921595480773,0.027371819972033962
18135,0.5753368521705295,0.06793968559476894,0.3567234622347015
18136,0.9251044854496722,0.005204855039277568,0.06969065951105033
18137,0.9696904083020598,0.0033675290248020963,0.026942062673138163
18138,0.8971534144000679,0.0015458255883916037,0.10130076001154054
18139,0.10364253666030432,0.035991861920319654,0.8603656014193759
18140,0.9868434000375316,0.0019837084503582488,0.011172891512110164
18141,0.0007826735256008019,0.00021329267850685635,0.9990040337958923
18142,0.1986067822150052,0.0013126375294489918,0.8000805802555457
18143,0.8984988997059429,0.0032687743599287547,0.09823232593412826
18144,0.03435590938927836,0.014489058726283808,0.9511550318844378
18145,0.0571319341929013,0.0038166951980481284,0.9390513706090506
18146,0.9125927601300716,0.012549908455725158,0.07485733141420324
18147,0.6641190526108649,0.008569704589309324,0.3273112427998256
18148,0.7157417453855819,0.0037714587858471466,0.28048679582857106
18149,0.9608618931566797,0.0016066781408536897,0.03753142870246662
18150,0.08457995977677468,0.005051982816708233,0.910368057406517
18151,0.9431454354601159,0.039453171471664765,0.017401393068219372
18152,0.9436987030903536,0.0010999086288231337,0.055201388280823264
18153,0.0020302633022222516,0.0006354463150600459,0.9973342903827177
18154,0.3242775545227793,0.14598344289921322,0.5297390025780075
18155,0.9600100094983995,0.0022582357447255095,0.03773175475687487
18156,0.0012775009359959977,0.0011246260466815506,0.9975978730173225
18157,0.9766573794593254,0.0019363287259618962,0.02140629181471268
18158,0.3541645342652878,0.08481272383508297,0.5610227418996292
18159,0.9886548949144686,0.0005988357170920839,0.010746269368439334
18160,0.9504528730560775,0.00818013522617737,0.041366991717745244
18161,0.9650877996094045,0.0025699039431302355,0.03234229644746517
18162,0.014758607117637847,0.008056499507114996,0.9771848933752472
18163,0.071273014988586,0.1404203102418927,0.7883066747695213
18164,0.9629344784599823,0.0007424033770777867,0.03632311816293994
18165,0.9844680578283256,0.0014650585329866108,0.01406688363868778
18166,0.6157740090386126,0.06473965047916475,0.31948634048222274
18167,0.010562204548498707,0.0036842919138892235,0.9857535035376122
18168,0.045435902226383246,0.007687449272840624,0.9468766485007761
18169,0.9627472779986435,0.010988833482366447,0.026263888518990024
18170,0.03034087197134462,0.006830539008115692,0.9628285890205397
18171,0.04890753018266119,0.04556043814752789,0.9055320316698109
18172,0.975220618997126,0.0020549363029004437,0.022724444699973582
18173,0.78740233023603,0.1523382402498223,0.06025942951414773
18174,0.9086067623396873,0.008248648392309826,0.08314458926800287
18175,0.9571262312127262,0.0030842971302696264,0.03978947165700418
18176,0.9222117165007935,0.00822466331128587,0.06956362018792069
18177,0.09150068350725077,0.011319935146755913,0.8971793813459933
18178,0.14047582331999764,0.0024771966934846114,0.8570469799865179
18179,0.5771964749589775,0.04010703001352843,0.38269649502749403
18180,0.9695628633230156,0.003554203504493288,0.026882933172491186
18181,0.5731187892917585,0.37306940370830843,0.05381180699993306
18182,0.7681584990690042,0.03241676126702153,0.1994247396639742
18183,0.46677714426502226,0.10583013322140711,0.42739272251357063
18184,0.9721481586262755,0.015164501235674217,0.012687340138050375
18185,0.7941957977086403,0.002981469567119044,0.20282273272424067
18186,0.782151527484081,0.006327956609166032,0.21152051590675303
18187,0.9160461693560356,0.0020960430075100773,0.08185778763645443
18188,0.8877442296514741,0.05977947979342933,0.052476290555096415
18189,0.7349162224223311,0.006022299566577164,0.25906147801109186
18190,0.9769099911795782,0.0031228429946689095,0.01996716582575288
18191,0.9547873542423793,0.004158336160622004,0.04105430959699875
18192,0.7018931492716358,0.022304615964204355,0.2758022347641597
18193,0.9849257300213977,0.0021171736947830167,0.01295709628381926
18194,0.9002857702340851,0.03968057380961413,0.06003365595630082
18195,0.008996929248085258,0.0016535046151159875,0.9893495661367987
18196,0.2752921189190913,0.00421585561636551,0.7204920254645433
18197,0.9527934810786343,0.011930848138744567,0.03527567078262116
18198,0.9710790163273163,0.0033032239306871975,0.025617759741996465
18199,0.9333969606497079,0.0063482008804115414,0.060254838469880716
18200,0.7583501519315038,0.024970285392522593,0.21667956267597366
18201,0.6429761733461451,0.011823666091031054,0.3452001605628239
18202,0.968769700971507,0.0071228961902456145,0.02410740283824736
18203,0.9776040716932615,0.003780716107450534,0.01861521219928794
18204,0.6586514087848192,0.006583488672507168,0.3347651025426735
18205,0.7506040220143388,0.050234214790909504,0.19916176319475173
18206,0.4981094695907121,0.022139416170962222,0.47975111423832567
18207,0.011691085135038127,0.0022174666804389057,0.9860914481845231
18208,0.9720098842100195,0.008627697291952464,0.0193624184980281
18209,0.003972318369835743,0.0005320510279165037,0.9954956306022478
18210,0.9618194822616645,0.0016832733493845446,0.03649724438895112
18211,0.9702708962827242,0.0031814655695870976,0.02654763814768863
18212,0.44998132273284064,0.06885813796125931,0.48116053930590014
18213,0.9791016529316682,0.007607146903327787,0.013291200165004034
18214,0.9666696712965133,0.015380628022210616,0.017949700681276066
18215,0.6813549345630248,0.012244316126117696,0.3064007493108576
18216,0.9288561646574987,0.021259067898430583,0.0498847674440708
18217,0.64999706570928,0.10717021787167645,0.24283271641904358
18218,0.9416665573094781,0.004090461387944968,0.05424298130257695
18219,0.16026209988853254,0.04075085273020574,0.7989870473812617
18220,0.9356847542433562,0.0046527469379014155,0.05966249881874222
18221,0.979689659608973,0.002271427600072911,0.01803891279095414
18222,0.9438934148811398,0.0044884330408141455,0.05161815207804606
18223,0.20608439416094362,0.004097803223268455,0.7898178026157878
18224,0.888162713622549,0.011138926439654437,0.10069835993779658
18225,0.9838721359860381,0.0028728140331567872,0.013255049980805098
18226,0.9122026574782708,0.00825830199523902,0.07953904052649026
18227,0.8180807714018988,0.009159453125332995,0.17275977547276827
18228,0.9273519375266177,0.0061772932045227515,0.0664707692688595
18229,0.9346137674688049,0.0035474755942842572,0.06183875693691092
18230,0.8405861796170923,0.002680161653201524,0.15673365872970615
18231,0.9821054601715002,0.003634768321549634,0.014259771506950333
18232,0.9232251883864315,0.03682401988796863,0.039950791725599705
18233,0.009479861385056184,0.013577617879910926,0.9769425207350328
18234,0.2885741830980181,0.021019417765067137,0.6904063991369148
18235,0.9666136208286431,0.011260272815935888,0.022126106355421137
18236,0.8303669305068813,0.009558427699913635,0.16007464179320507
18237,0.8041204995048064,0.08676550554680322,0.10911399494839033
18238,0.9730695606954489,0.004492409939894721,0.022438029364656394
18239,0.8857912228291702,0.01743239665042329,0.09677638052040656
18240,0.7595238248598952,0.004142848533132859,0.23633332660697198
18241,0.9699097255653721,0.010279455687368615,0.019810818747259235
18242,0.934896209109098,0.005276963033961954,0.05982682785694007
18243,0.8409149012414439,0.03538990985992617,0.12369518889863006
18244,0.9699317533553529,0.001648463357155616,0.028419783287491524
18245,0.9370152735757686,0.010962038228002353,0.052022688196228954
18246,0.9627050382420319,0.009054984777724418,0.02823997698024363
18247,0.007087395490441834,0.003177750016195755,0.9897348544933624
18248,0.9776084053401999,0.0041301409912511975,0.018261453668548887
18249,0.9583896346487784,0.03514958200051071,0.00646078335071095
18250,0.9825589895351091,0.0022504272263182334,0.015190583238572666
18251,0.0016868786540737654,0.0004266229012097146,0.9978864984447166
18252,0.9821624751559133,0.0070820413798674915,0.010755483464219154
18253,0.16617068648236666,0.005415938516265024,0.8284133750013682
18254,0.26805849844976537,0.018245840560513333,0.7136956609897214
18255,0.7675337800895434,0.05977335461049174,0.17269286529996483
18256,0.37282254728929576,0.02172468977761495,0.6054527629330894
18257,0.9609938161356172,0.002954518062085279,0.03605166580229769
18258,0.6875227239286765,0.044149653375553335,0.26832762269577004
18259,0.870747035013423,0.018824574373287245,0.1104283906132898
18260,0.06440618437257808,0.002331162485432227,0.9332626531419896
18261,0.973107276947826,0.003586161894634377,0.023306561157539762
18262,0.7002383837019283,0.0609092421398723,0.23885237415819938
18263,0.5127279703817865,0.40087314607792546,0.08639888354028802
18264,0.9302055229073496,0.01158315481809853,0.05821132227455201
18265,0.022491133329768813,0.022226233215010202,0.9552826334552209
18266,0.8496585519898388,0.004317263840917889,0.1460241841692434
18267,0.9231085644312109,0.02580700007154602,0.05108443549724301
18268,0.923107676175105,0.001254919772343988,0.07563740405255104
18269,0.9226042159461143,0.006824938336297695,0.07057084571758805
18270,0.9681000511509557,0.0028737272967699788,0.02902622155227447
18271,0.9345681329690545,0.0037929406655987084,0.061638926365346805
18272,0.752679079670436,0.03610535426328505,0.21121556606627878
18273,0.9505787478664924,0.0026722438508418253,0.046749008282665705
18274,0.8344331177442232,0.01738975460672849,0.1481771276490483
18275,0.8244637658310157,0.011398570056952708,0.16413766411203165
18276,0.16461457924634448,0.03124466722711876,0.8041407535265368
18277,0.9900462369050753,0.006430298554016104,0.0035234645409085072
18278,0.6050230072169127,0.005955816054877868,0.3890211767282094
18279,0.9472351888401309,0.0187592906570142,0.034005520502854915
18280,0.36187697949430087,0.013391573335462138,0.6247314471702371
18281,0.010168217563529758,0.011117382222576263,0.978714400213894
18282,0.8527291177717659,0.013440722102964051,0.13383016012527016
18283,0.7238638240290745,0.008349252712594213,0.26778692325833137
18284,0.5906627427042546,0.07511515449129783,0.33422210280444753
18285,0.6515543404292662,0.10584017027213884,0.24260548929859502
18286,0.9638784363449645,0.003672622578365979,0.032448941076669534
18287,0.9125444192401511,0.003667491316105489,0.0837880894437435
18288,0.7771609466468796,0.004030460297029458,0.21880859305609096
18289,0.42176096024474097,0.017918400139933816,0.5603206396153252
18290,0.9193270157114346,0.005956748662965708,0.07471623562559968
18291,0.9510181467973293,0.002087554972586039,0.046894298230084744
18292,0.9709963414817883,0.0020644007338073093,0.026939257784404383
18293,0.9335447931893696,0.004253632798968021,0.062201574011662306
18294,0.9824911139924932,0.0008423416336856733,0.01666654437382127
18295,0.9824972883191083,0.005244974169683354,0.01225773751120848
18296,0.4076847558172069,0.01524726554007651,0.5770679786427165
18297,0.8924096268848148,0.011348464968782713,0.09624190814640243
18298,0.950865799714967,0.014690752155785702,0.034443448129247316
18299,0.9273362279526614,0.005806453407272665,0.0668573186400661
18300,0.1340557311089535,0.05534747796379267,0.8105967909272538
18301,0.9808687028565584,0.0010788835907416408,0.01805241355270011
18302,0.9765962316396448,0.003314792290327896,0.020088976070027346
18303,0.9560764163438779,0.001961409277414958,0.041962174378707244
18304,0.6550488455955896,0.048762877122171006,0.29618827728223934
18305,0.8386645262502663,0.08921053885573123,0.07212493489400248
18306,0.9682265996496356,0.01148901982922447,0.020284380521139938
18307,0.926873236178879,0.005252115820258132,0.0678746480008629
18308,0.5292256265505559,0.008294807039188886,0.46247956641025517
18309,0.9116742746564828,0.00417624539749286,0.08414947994602434
18310,0.9527620433110171,0.004009192127374082,0.04322876456160879
18311,0.9695285148160822,0.0021195664809641485,0.028351918702953637
18312,0.0015699904547495718,0.0005407844171608536,0.9978892251280898
18313,0.8440593160033809,0.009229003755208489,0.14671168024141074
18314,0.45679125098949946,0.0019299413013023651,0.5412788077091982
18315,0.8799130698092416,0.05138227507500573,0.0687046551157526
18316,0.9824152183582857,0.0021644055251104364,0.015420376116603777
18317,0.042214578739244654,0.0023492176733209136,0.9554362035874344
18318,0.9002700185270532,0.0029680348128462717,0.09676194666010043
18319,0.9360803005187976,0.00313232392870091,0.06078737555250134
18320,0.7243853871784965,0.01571293929510978,0.25990167352639365
18321,0.95686692527282,0.00349029387608047,0.03964278085109966
18322,0.982123376276243,0.004106603477467458,0.013770020246289441
18323,0.5229488101558896,0.20015730377326868,0.2768938860708417
18324,0.9343820560802687,0.0023912042904718636,0.06322673962925934
18325,0.017434387054249306,0.002175653821230864,0.9803899591245198
18326,0.9736555755330536,0.007040195302290809,0.01930422916465572
18327,0.9326944377996174,0.007160238282484291,0.060145323917898286
18328,0.9606508350093639,0.022833784854550926,0.016515380136084983
18329,0.9102902036637649,0.001826056942021884,0.08788373939421312
18330,0.6605476268034071,0.0007181252829969863,0.33873424791359585
18331,0.9188259393101291,0.052648888147983346,0.02852517254188751
18332,0.9562856707431868,0.014306649435358962,0.02940767982145419
18333,0.9487748762050818,0.005898124809989507,0.04532699898492888
18334,0.9144813449154559,0.04113346662629139,0.04438518845825275
18335,0.8784498489892617,0.02777576273366842,0.09377438827706983
18336,0.9493739100677452,0.0035146978591219717,0.0471113920731328
18337,0.9460362099292473,0.005651657143740485,0.04831213292701214
18338,0.01340294730036817,0.012933414452844702,0.9736636382467871
18339,0.7558721538568351,0.052814351735177914,0.19131349440798684
18340,0.9615892095188115,0.00407042640012855,0.03434036408106005
18341,0.7576866993622918,0.012929876432143656,0.22938342420556457
18342,0.34513207404931706,0.022321426078191146,0.6325464998724918
18343,0.06714157905793187,0.1344247616831799,0.7984336592588882
18344,0.8968105761227314,0.05672595961205561,0.04646346426521293
18345,0.585829139489326,0.012962379946626239,0.40120848056404773
18346,0.9519384659137604,0.004643716566565563,0.04341781751967386
18347,0.16035256671764925,0.0052554281132810785,0.8343920051690696
18348,0.20731623795869403,0.008790371021204396,0.7838933910201016
18349,0.7752486296335172,0.01605949032930764,0.20869188003717515
18350,0.8133455718552358,0.03493495860900153,0.15171946953576274
18351,0.9887395989799198,0.0009954346916042434,0.01026496632847595
18352,0.6868348433969667,0.025512100387904812,0.2876530562151285
18353,0.8508164859934828,0.0014360808859996484,0.14774743312051752
18354,0.10751241699944891,0.04394175463378942,0.8485458283667617
18355,0.8994355278589106,0.010555985371636666,0.0900084867694528
18356,0.9534606266485789,0.0016524403455924893,0.04488693300582866
18357,0.15887296178639088,0.2270413028985269,0.6140857353150823
18358,0.054934269012558955,0.008534276664584855,0.9365314543228562
18359,0.029165307191109966,0.013436296699854276,0.9573983961090358
18360,0.9841089804442041,0.0067775919164788,0.009113427639317108
18361,0.9416791289118815,0.004871934759604762,0.05344893632851375
18362,0.0033598822116179382,0.002357854962737743,0.9942822628256442
18363,0.03192174514462512,0.04067877862898392,0.9273994762263909
18364,0.6471657713509922,0.05804342189698494,0.29479080675202285
18365,0.9718258636560442,0.005007625892439279,0.02316651045151655
18366,0.9614196831092464,0.024087503161327645,0.014492813729425912
18367,0.26380448669625817,0.3826645629109791,0.3535309503927627
18368,0.2213773630170095,0.016783278854539556,0.7618393581284508
18369,0.10944163434944822,0.015592826723947127,0.8749655389266047
18370,0.9824221410255682,0.0008106764854678449,0.016767182488964135
18371,0.018197532630710448,0.00348280708892543,0.9783196602803641
18372,0.08270418888989257,0.10852951454558141,0.8087662965645261
18373,0.8787118950208952,0.007744654103557718,0.11354345087554713
18374,0.9827269052498417,0.0016479529295240294,0.01562514182063431
18375,0.46081522346894044,0.008027595460938185,0.5311571810701213
18376,0.9460720447908537,0.0008432893612389535,0.053084665847907234
18377,0.8335074505880393,0.0781227841979384,0.08836976521402225
18378,0.7428482259788038,0.01187804742288024,0.24527372659831592
18379,0.9110242228249792,0.0026936156827785662,0.08628216149224217
18380,0.972917482988687,0.001997860696138685,0.02508465631517443
18381,0.20189539868498402,0.003955356965750866,0.7941492443492649
18382,0.7414523799633214,0.03707812522199403,0.22146949481468473
18383,0.9551684074661976,0.01008681932422435,0.03474477320957795
18384,0.867280526373593,0.009951545995296046,0.12276792763111097
18385,0.483112128065062,0.022709840838087757,0.4941780310968502
18386,0.3448082223226333,0.005849623760172615,0.6493421539171941
18387,0.6189459023034318,0.07219124806529092,0.3088628496312772
18388,0.6526755687101269,0.06961215379998163,0.2777122774898916
18389,0.9695866683400007,0.0022459199182746498,0.028167411741724595
18390,0.9443758685205181,0.0017927444179314097,0.053831387061550474
18391,0.8056874175556479,0.015046782610960697,0.17926579983339158
18392,0.736111322651331,0.012292996201340056,0.25159568114732905
18393,0.6528091692118668,0.02644882649227728,0.32074200429585586
18394,0.8903658085650805,0.002227149551718318,0.10740704188320113
18395,0.9646009682907637,0.010251753312279722,0.025147278396956615
18396,0.5080324829172095,0.0028881091043951174,0.48907940797839544
18397,0.9866838386100056,0.0038952283511566044,0.009420933038837667
18398,0.02510702714565622,0.0041056199560114935,0.9707873528983323
18399,0.9852520896430896,0.001111128737063515,0.013636781619846777
18400,0.8555327445048672,0.0051582237890418926,0.139309031706091
18401,0.6347688054367533,0.021565988170885942,0.3436652063923608
18402,0.9540715312478807,0.002228896913930272,0.043699571838188844
18403,0.9821999893821195,0.0020307896477102017,0.01576922097017034
18404,0.7287562441157505,0.01202216561350915,0.25922159027074043
18405,0.00641553050819588,0.014639407284733643,0.9789450622070703
18406,0.002514081401315176,0.001112082777017621,0.9963738358216672
18407,0.9356470910448318,0.0017396247247968401,0.06261328423037144
18408,0.9922971260838798,0.00033657964303711937,0.007366294273083098
18409,0.00139446338208988,0.0001466047466273206,0.9984589318712828
18410,0.6943694183436245,0.020300525529440408,0.28533005612693507
18411,0.018005403385041918,0.003659169830112439,0.9783354267848456
18412,0.0038753157168635735,0.0006136528774961579,0.9955110314056401
18413,0.9318346158989218,0.003589617792396667,0.06457576630868149
18414,0.8881236856520804,0.013970501692847564,0.09790581265507192
18415,0.7393624240754648,0.08225500744182496,0.17838256848271022
18416,0.6466460880285634,0.013394313223383959,0.3399595987480528
18417,0.7353893695013576,0.19182718729648912,0.07278344320215327
18418,0.4527719037109754,0.008476638454480363,0.5387514578345441
18419,0.019257819982558818,0.03780102850026944,0.9429411515171717
18420,0.011181815147354262,0.003387342666988684,0.985430842185657
18421,0.6933208400743092,0.02385949820108243,0.2828196617246085
18422,0.8159265819803271,0.01099732607705858,0.17307609194261434
18423,0.9764157691891118,0.007190798089806676,0.01639343272108143
18424,0.9280220027026608,0.0033424413741851536,0.06863555592315393
18425,0.9879483267211777,0.0006460734813107232,0.011405599797511545
18426,0.8924489144762482,0.011274703791258295,0.09627638173249363
18427,0.004505364712799183,0.0015913226638223253,0.9939033126233784
18428,0.9469636840648983,0.010172791867257077,0.04286352406784463
18429,0.5334509300118079,0.006322013631386251,0.46022705635680594
18430,0.5718570319903258,0.08193690936791403,0.34620605864176013
18431,0.8757968721997608,0.0037272453429965536,0.12047588245724267
18432,0.8117432623732672,0.007977969112369674,0.18027876851436309
18433,0.19998598156923642,0.004486180834512534,0.7955278375962511
18434,0.9668523979862532,0.0036527524689913306,0.029494849544755397
18435,0.6717942556472193,0.005205669704625153,0.3230000746481555
18436,0.9023948114327005,0.056130827993421006,0.04147436057387857
18437,0.951377177973652,0.004527646616933697,0.04409517540941425
18438,0.9476518035059728,0.006746903079091225,0.04560129341493609
18439,0.07695013713297522,0.017805519937796475,0.9052443429292283
18440,0.42694001194213127,0.03683621998541111,0.5362237680724575
18441,0.8654069417150301,0.028963323328707692,0.1056297349562622
18442,0.4111943615251238,0.0184373156072605,0.5703683228676157
18443,0.9589817185455698,0.006734328658143376,0.03428395279628686
18444,0.8948563853951379,0.006347268146666808,0.09879634645819517
18445,0.4934546033945895,0.06239735511028077,0.44414804149512976
18446,0.5899183051290602,0.006094486920319607,0.4039872079506202
18447,0.9391102219044278,0.0048448726987871055,0.05604490539678504
18448,0.020221690369268616,0.0017831414894096773,0.9779951681413217
18449,0.02648476318201797,0.005950583555698118,0.9675646532622837
18450,0.09531268344728305,0.045119474522956275,0.8595678420297608
18451,0.8994592503004231,0.011864891216529712,0.08867585848304724
18452,0.8730847788420805,0.09328996296081002,0.03362525819710951
18453,0.7309597558057239,0.01114172559530976,0.2578985185989663
18454,0.9661247329455714,0.0018669869731646664,0.03200828008126393
18455,0.04007947317241975,0.004492738423176864,0.9554277884044033
18456,0.08863166930033509,0.00698600525012735,0.9043823254495374
18457,0.830945364804188,0.008890142715183565,0.1601644924806285
18458,0.6321271041839018,0.026404550706152802,0.3414683451099453
18459,0.01146209363101294,0.009071302517953158,0.9794666038510339
18460,0.6952828293565754,0.0050778778346566135,0.29963929280876805
18461,0.8194348274100327,0.009155633467394389,0.1714095391225729
18462,0.1490465771290314,0.02197921927601095,0.8289742035949577
18463,0.9855015676815471,0.0017388222809538991,0.012759610037499048
18464,0.9467560087369317,0.006443177720929876,0.0468008135421385
18465,0.10072448126555517,0.4037717099798945,0.49550380875455036
18466,0.3235703152023388,0.031173564235485597,0.6452561205621756
18467,0.33106366303821183,0.3285068015524305,0.3404295354093576
18468,0.9685343344911591,0.004469351359693731,0.02699631414914723
18469,0.862615974485926,0.006227460586522878,0.13115656492755112
18470,0.975985738602076,0.0008494776063530634,0.023164783791570796
18471,0.82832510888974,0.01611490030949028,0.15555999080076965
18472,0.9767744100194927,0.009991938628423713,0.013233651352083532
18473,0.9655138854818613,0.0034004765592868334,0.031085637958851768
18474,0.9052581552667345,0.024412183022694354,0.07032966171057128
18475,0.9664028510219014,0.00099179711914077,0.032605351858957805
18476,0.007012137070912687,0.0023314880877245295,0.9906563748413628
18477,0.98638397152227,0.00038619318954109756,0.013229835288188954
18478,0.16731234370871795,0.0034481647671148886,0.829239491524167
18479,0.9839008725904503,0.0013615692326388248,0.014737558176910831
18480,0.9811407865215592,0.002775062441117771,0.016084151037322972
18481,0.9634469288598927,0.0034947177570226655,0.03305835338308465
18482,0.7600277327094316,0.10268567726589903,0.13728659002466945
18483,0.9681392871730856,0.006589877367834428,0.02527083545907988
18484,0.022901251353081957,0.003418396878707848,0.9736803517682102
18485,0.6269072432882936,0.03236288733627641,0.34072986937542993
18486,0.018405158291956533,0.0025323845522569454,0.9790624571557864
18487,0.37570911225839404,0.04204988820609293,0.5822409995355129
18488,0.8788048946750167,0.0045705171743257505,0.11662458815065778
18489,0.1247283593632659,0.027314618042044547,0.8479570225946896
18490,0.8928176790969922,0.005221264226490633,0.10196105667651717
18491,0.8000111693830181,0.05307787519032185,0.14691095542666005
18492,0.9611355930077017,0.002486683692265515,0.036377723300032944
18493,0.9358709384183547,0.028025844514951694,0.03610321706669354
18494,0.39537617489832194,0.09778286168674295,0.5068409634149351
18495,0.9874059760076352,0.003522873471477814,0.009071150520886868
18496,0.3227149029681302,0.1747328650737141,0.5025522319581558
18497,0.33809129793976506,0.15735127383606365,0.5045574282241714
18498,0.0033442761504604603,0.013408803255874444,0.983246920593665
18499,0.9405169965583162,0.0062057355283549115,0.05327726791332894
18500,0.14937507038082998,0.0010562091876888727,0.849568720431481
18501,0.7353181097219668,0.0237810862759928,0.24090080400204042
18502,0.9729390534099668,0.001925431389899739,0.025135515200133483
18503,0.46879508504916334,0.00812817521005081,0.5230767397407858
18504,0.9841282062199861,0.0005310737756871045,0.015340720004326742
18505,0.9473266231862106,0.0014372361897971857,0.05123614062399226
18506,0.5454572529009066,0.034473954852060756,0.4200687922470327
18507,0.9761854609125684,0.0064650820243300315,0.01734945706310151
18508,0.574606961026887,0.015711778006851265,0.4096812609662616
18509,0.6148721120470733,0.006099909752463287,0.3790279782004636
18510,0.8638380681573352,0.013869260159286466,0.12229267168337832
18511,0.8724097894189011,0.04850416355471697,0.07908604702638186
18512,0.9760414919388143,0.006018112202732239,0.017940395858453438
18513,0.2655950563224859,0.0047688793791570965,0.7296360642983568
18514,0.766404992511558,0.0022808461395673204,0.23131416134887464
18515,0.9165933717113907,0.0010471300789241487,0.08235949820968515
18516,0.9027212278464851,0.013146980366046874,0.08413179178746787
18517,0.9691859164247494,0.0016506561236400011,0.02916342745161074
18518,0.9596475878063893,0.016548563745280777,0.023803848448329883
18519,0.774640420857329,0.001201844478211755,0.22415773466445926
18520,0.010379434436816585,0.0010622916537485236,0.9885582739094347
18521,0.9810734142311945,0.005359031037823554,0.01356755473098195
18522,0.9892898319038134,0.0011630085252187503,0.00954715957096789
18523,0.7358796957857953,0.08191400414628101,0.18220630006792365
18524,0.8923248104795467,0.007688058639425279,0.09998713088102794
18525,0.9114312774808624,0.03717457889941619,0.051394143619721395
18526,0.49376717513103946,0.008530014606621755,0.49770281026233887
18527,0.9639256221274846,0.0033429869993731234,0.03273139087314218
18528,0.9225323371535822,0.012196672703829979,0.06527099014258794
18529,0.709383181366199,0.1792189746567196,0.11139784397708143
18530,0.9447711748566201,0.01624166835798882,0.03898715678539103
18531,0.026527233138641658,0.004361703259219795,0.9691110636021385
18532,0.06395938176686963,0.0018136009472773126,0.9342270172858531
18533,0.021311054986819716,0.004252479104038034,0.9744364659091422
18534,0.006205907761344113,0.0019232558801742146,0.9918708363584816
18535,0.006508816290977718,0.0011943737824279827,0.9922968099265943
18536,0.35061920782619693,0.005099160317858396,0.6442816318559446
18537,0.9742859017724047,0.003874300120240237,0.02183979810735504
18538,0.2717984196414445,0.011254456593482984,0.7169471237650724
18539,0.16169370552445497,0.015185738997209623,0.8231205554783354
18540,0.941810372083082,0.03840118731841269,0.019788440598505215
18541,0.7446502028622597,0.004997092581424451,0.2503527045563158
18542,0.9173036215818111,0.008116907952296845,0.0745794704658921
18543,0.9806250268619541,0.0018374211292181992,0.01753755200882776
18544,0.33819246165316,0.02864659190843093,0.6331609464384091
18545,0.6896876481655589,0.27069758959102963,0.039614762243411386
18546,0.9614645756784365,0.020382989321604143,0.018152434999959492
18547,0.9893008411797768,0.0005686829994378123,0.010130475820785472
18548,0.9021083329551913,0.007605544816874512,0.09028612222793427
18549,0.8317544111426526,0.005778507773658984,0.1624670810836885
18550,0.19804960058722612,0.013847958132175067,0.7881024412805988
18551,0.009414766879469797,0.0009262369060137213,0.9896589962145165
18552,0.8800664899240828,0.009921607369870786,0.11001190270604641
18553,0.904098816503478,0.0068087107563954636,0.08909247274012648
18554,0.9832160567564072,0.0014351818000453466,0.015348761443547377
18555,0.01111790879950831,0.0023751598415824972,0.9865069313589092
18556,0.022334793033319044,0.047655210888223554,0.9300099960784574
18557,0.8974939512798852,0.005100804850528777,0.09740524386958602
18558,0.7633256299513456,0.0019700340202706253,0.2347043360283838
18559,0.9535262197843722,0.0027584343575722324,0.04371534585805548
18560,0.7531991773286355,0.0028251124929828545,0.24397571017838154
18561,0.6438709523271139,0.01423228303430347,0.34189676463858265
18562,0.890663472066299,0.033685869512046177,0.07565065842165473
18563,0.9123794427268307,0.005265955308836376,0.08235460196433297
18564,0.9576607578204632,0.022540945083728493,0.01979829709580819
18565,0.7594731666264529,0.05698421904969403,0.18354261432385294
18566,0.3633388083848434,0.26567365054339354,0.370987541071763
18567,0.3336557869938087,0.028442262843002775,0.6379019501631885
18568,0.9389732499458157,0.004833637241305379,0.0561931128128789
18569,0.6880364085583686,0.034083715315403856,0.27787987612622755
18570,0.9380802261014118,0.006095784764136151,0.05582398913445212
18571,0.01985430697038426,0.004108013037501903,0.9760376799921139
18572,0.944310399117035,0.016337882412896305,0.03935171847006879
18573,0.7742091852597655,0.017023804813559452,0.20876700992667516
18574,0.9650070655447928,0.0011592463180308673,0.03383368813717639
18575,0.41603102056267605,0.11896906263408097,0.46499991680324304
18576,0.910436014485564,0.015628957065301246,0.07393502844913469
18577,0.5859696857968176,0.055544020773778784,0.3584862934294037
18578,0.005550338262088743,0.0047289728190359325,0.9897206889188752
18579,0.9516504973741993,0.009035638264885524,0.03931386436091513
18580,0.21655901254379087,0.04378816024801927,0.7396528272081898
18581,0.9585516021378848,0.0016778489777138422,0.03977054888440135
18582,0.9534939539510026,0.015326196879575676,0.03117984916942177
18583,0.9311494224933036,0.025244260155333768,0.043606317351362625
18584,0.31380312446334346,0.015030707625272945,0.6711661679113836
18585,0.9741046704268356,0.004305007799918128,0.021590321773246296
18586,0.9486242222386386,0.00593250342529732,0.045443274336064106
18587,0.14393410224639314,0.001374016621587444,0.8546918811320194
18588,0.9884802741930208,0.0013484510330471291,0.010171274773932091
18589,0.9423931951090518,0.003517403010430007,0.054089401880518
18590,0.6772976552741686,0.2385862408846138,0.08411610384121761
18591,0.8558517701451512,0.022635189849247297,0.12151304000560137
18592,0.04387453055854211,0.0062711259347299,0.9498543435067279
18593,0.020712561958107414,0.022855261120884707,0.9564321769210079
18594,0.9740200696531917,0.003933754155222499,0.02204617619158592
18595,0.9463724844514081,0.003988011282551952,0.049639504266040045
18596,0.95808648193736,0.0013150888681572321,0.040598429194482755
18597,0.08165574064993211,0.005368193328340482,0.9129760660217274
18598,0.6933384819458954,0.09013737884811872,0.21652413920598595
18599,0.980785601265805,0.0035879687572101544,0.015626429976984824
18600,0.3981160970453284,0.004771100899018107,0.5971128020556535
18601,0.9926582179367205,0.0016100081159563253,0.005731773947323404
18602,0.447107167708831,0.017780026960699823,0.535112805330469
18603,0.6612446627492669,0.007887348245887538,0.3308679890048456
18604,0.9645964537951177,0.006037061701715702,0.02936648450316659
18605,0.553275441804806,0.01421880122951389,0.4325057569656801
18606,0.6415296249911102,0.278390305597908,0.0800800694109818
18607,0.9492702379027633,0.002437657627960386,0.04829210446927625
18608,0.9459542969363279,0.0048511836297672785,0.049194519433904835
18609,0.6848725642846204,0.02428287741273716,0.2908445583026424
18610,0.3363650403842224,0.002653682010253415,0.6609812776055242
18611,0.8867034318249929,0.005779419447027391,0.10751714872797984
18612,0.3518028760055625,0.001645714967309662,0.6465514090271278
18613,0.015225208738480293,0.002660445592030447,0.9821143456694892
18614,0.08533393841299106,0.038403304558494264,0.8762627570285146
18615,0.842862140564544,0.09406581218160102,0.06307204725385497
18616,0.12761506381534374,0.003120235555219654,0.8692647006294365
18617,0.005572539495134813,0.0013287442695651165,0.9930987162353
18618,0.39062632817288645,0.027107012233573556,0.58226665959354
18619,0.9700509232063659,0.015326465476799717,0.014622611316834493
18620,0.6039200980066243,0.0031117687563218636,0.39296813323705393
18621,0.8422040107341502,0.015541953072550959,0.1422540361932988
18622,0.4574035031341225,0.01782099520537821,0.5247755016604992
18623,0.02862176759907265,0.0040550149580133735,0.967323217442914
18624,0.8384215953465515,0.010692093959576637,0.15088631069387187
18625,0.8772394554652494,0.002854397847197469,0.11990614668755323
18626,0.9677693874518437,0.005065800759736479,0.027164811788419778
18627,0.6964674014518596,0.002358403094213107,0.3011741954539273
18628,0.9001451300260831,0.06247773252876013,0.03737713744515687
18629,0.07757388073213113,0.08221971239030637,0.8402064068775625
18630,0.26030210344272264,0.016127427512718246,0.7235704690445591
18631,0.9644375606232962,0.001073867238565211,0.034488572138138524
18632,0.9528853254025262,0.006475286340846636,0.04063938825662701
18633,0.9832233548034348,0.007009962376931234,0.009766682819634005
18634,0.9639952594664005,0.021689558926110623,0.014315181607488944
18635,0.8169571382791316,0.03182803759512105,0.15121482412574744
18636,0.9745851809841886,0.0008231997773790682,0.024591619238432325
18637,0.9768419678678206,0.0005707135513164969,0.022587318580862933
18638,0.15301914969282085,0.014160618232878106,0.832820232074301
18639,0.2038569921968501,0.003015908478505875,0.7931270993246439
18640,0.07239265347394247,0.0661896480893516,0.861417698436706
18641,0.8892380394848232,0.030193820852575465,0.08056813966260143
18642,0.9844535202281967,0.0023751854648286237,0.01317129430697464
18643,0.39344934213205074,0.18315909242853365,0.4233915654394156
18644,0.024490489919220718,0.009644222091882588,0.9658652879888967
18645,0.9744484476231235,0.005016506202621222,0.020535046174255285
18646,0.6576398433193504,0.007404057470698399,0.33495609920995123
18647,0.9083755875939927,0.007289364044606327,0.08433504836140092
18648,0.9572422734899595,0.0018873167280515476,0.04087040978198895
18649,0.1317594116969657,0.03404501738075204,0.8341955709222824
18650,0.9427609327521028,0.007842731833593752,0.049396335414303535
18651,0.9403792454570908,0.01368014300473585,0.04594061153817338
18652,0.0017836112052347073,0.0010239197565313342,0.997192469038234
18653,0.5824282580290716,0.13678731618456505,0.2807844257863633
18654,0.8825534706937856,0.004440739496714959,0.1130057898094993
18655,0.3387016346970241,0.011226763566343174,0.6500716017366328
18656,0.8892907934670466,0.03321310422588678,0.07749610230706656
18657,0.9923987435239281,0.0010597589776883258,0.006541497498383535
18658,0.6017600430233281,0.0006356504833344595,0.39760430649333744
18659,0.9783997253577605,0.004820092516729671,0.016780182125509805
18660,0.9602814750097928,0.003989772407691859,0.03572875258251546
18661,0.9219639727857478,0.048321951167447266,0.02971407604680492
18662,0.9270770272448261,0.003541897642486189,0.06938107511268767
18663,0.32766864099088633,0.057094690515361195,0.6152366684937525
18664,0.019607948884075365,0.0015963841124822312,0.9787956670034423
18665,0.5786367834295144,0.04764823934091948,0.37371497722956604
18666,0.9718741906571355,0.0017046647127403418,0.026421144630124183
18667,0.954578268467766,0.01790297424242938,0.0275187572898047
18668,0.8510406501351466,0.010777676352893987,0.13818167351195948
18669,0.9248803316423765,0.005772109692794158,0.0693475586648294
18670,0.9171619415992343,0.006624544859828957,0.07621351354093665
18671,0.9589935893004614,0.0011018408126771766,0.039904569886861474
18672,0.8017070962555015,0.01385504066086617,0.18443786308363244
18673,0.40904355420669314,0.0021642504000912474,0.5887921953932156
18674,0.9845223613692556,0.0033386393825788176,0.012138999248165607
18675,0.8875021112996847,0.013109444104664874,0.09938844459565037
18676,0.9427577490588148,0.013677055237254657,0.043565195703930595
18677,0.9555646661196611,0.00999267709979309,0.034442656780545894
18678,0.5888227216589955,0.009806963476684413,0.40137031486432007
18679,0.9870616933308733,0.0006927278051189162,0.012245578864007768
18680,0.9469185582382162,0.02038870654383468,0.032692735217949166
18681,0.9495932073911572,0.025988403820875205,0.0244183887879678
18682,0.9192631079146738,0.058992844683779425,0.021744047401546864
18683,0.7791258264000841,0.005199417085170898,0.21567475651474502
18684,0.9606947303303323,0.012005205905386854,0.027300063764280846
18685,0.5119087711778405,0.01503778194794256,0.4730534468742169
18686,0.9632806890977472,0.0031578673779530777,0.033561443524299524
18687,0.8164763803959625,0.014053476833873065,0.1694701427701645
18688,0.003637991852125717,0.0007241369936074272,0.9956378711542668
18689,0.9546406767367166,0.003922489290980829,0.041436833972302474
18690,0.7874419899228841,0.046686964043698584,0.16587104603341732
18691,0.4213089657006004,0.07178825969441786,0.5069027746049818
18692,0.9217762434085012,0.004787542238939414,0.07343621435255954
18693,0.12484377294188191,0.06533676862247728,0.8098194584356407
18694,0.15869288087640085,0.007295533709464069,0.834011585414135
18695,0.8886994665600738,0.006615525109826519,0.10468500833009967
18696,0.9626429237387679,0.006009603820342968,0.0313474724408892
18697,0.4190683587998936,0.0016879830554851214,0.5792436581446212
18698,0.8656501896910487,0.06322654150876118,0.07112326880019001
18699,0.9024873565334904,0.0039011243296743093,0.09361151913683538
18700,0.19815094215356588,0.052738078257288996,0.7491109795891452
18701,0.3247241120385675,0.04713734165495532,0.6281385463064773
18702,0.9556989913473585,0.02781606960521043,0.016484939047431105
18703,0.7392747497751484,0.054425063752391326,0.20630018647246023
18704,0.8432564030183154,0.01112779099317138,0.1456158059885132
18705,0.8237242660904416,0.016914003051948522,0.15936173085761
18706,0.9012229764410888,0.0031576897263257005,0.09561933383258557
18707,0.9241953064046852,0.019860292189392236,0.05594440140592272
18708,0.6365155459772007,0.002851250678011006,0.36063320334478843
18709,0.7722077246087925,0.02311351749979094,0.20467875789141654
18710,0.9637191534713032,0.0020308534036355603,0.03424999312506122
18711,0.9343948996750404,0.00451933233275765,0.06108576799220192
18712,0.011245958304284674,0.003869160058417092,0.9848848816372981
18713,0.913716761115125,0.00770889729237049,0.07857434159250448
18714,0.25705752614806304,0.030819540064057852,0.7121229337878792
18715,0.9309040105497385,0.0034914605884399357,0.06560452886182168
18716,0.9743484026831416,0.004482578089482414,0.02116901922737602
18717,0.4068433292148139,0.042926728979843176,0.5502299418053428
18718,0.9762188827723063,0.0029717219771293033,0.02080939525056439
18719,0.6911618353096931,0.023049225723435908,0.285788938966871
18720,0.9687445712739204,0.0012673072660588712,0.029988121460020743
18721,0.9116371141990339,0.0007756791845719448,0.0875872066163941
18722,0.5404186928260277,0.004008667860196569,0.4555726393137757
18723,0.03500085415183579,0.0512913837247992,0.9137077621233648
18724,0.9090347498193213,0.0050247060353249395,0.08594054414535385
18725,0.785372986600537,0.00811840864663687,0.20650860475282615
18726,0.9887635205412137,0.0011998419319093085,0.010036637526877086
18727,0.7920588119036709,0.013983906300616081,0.19395728179571298
18728,0.9898339433386116,0.0016196882052716048,0.00854636845611683
18729,0.9701714267161136,0.008967303705560299,0.02086126957832616
18730,0.9197782123406728,0.0015891347266908155,0.07863265293263645
18731,0.9564643850768602,0.00388289186728266,0.03965272305585714
18732,0.9003551439116984,0.011912468381273977,0.0877323877070276
18733,0.16588993123922452,0.003919971326863728,0.8301900974339117
18734,0.9285884672135127,0.01588937553352744,0.05552215725295981
18735,0.7959691459303602,0.07366078950313967,0.1303700645665002
18736,0.987643315241719,0.0008349899513638564,0.011521694806917018
18737,0.9666747064276198,0.008829512008892471,0.024495781563487716
18738,0.6870694609305924,0.012359542480746336,0.30057099658866127
18739,0.24480093040196357,0.013929178026799419,0.741269891571237
18740,0.7358705541114282,0.0013252576692483781,0.2628041882193234
18741,0.8458200667073,0.01602156890540996,0.13815836438729012
18742,0.043911331243996654,0.00912321037569807,0.9469654583803053
18743,0.9234176149696596,0.0006429949469693063,0.0759393900833709
18744,0.5988062001515172,0.021411331220747683,0.37978246862773507
18745,0.08483071109754542,0.03303083114160099,0.8821384577608535
18746,0.8173936506141519,0.009103352293576986,0.17350299709227107
18747,0.6852112759110239,0.02357207302630095,0.29121665106267514
18748,0.94799740619475,0.012840458049111703,0.039162135756138125
18749,0.7918209183773014,0.01417820210117159,0.19400087952152706
18750,0.21564888426886752,0.00804557652275194,0.7763055392083805
18751,0.9628308480009256,0.02279339370223523,0.014375758296839306
18752,0.9504200703039106,0.0031691507809151905,0.04641077891517431
18753,0.955346326377664,0.016309442771562217,0.02834423085077369
18754,0.34339067057945355,0.05449523453894339,0.6021140948816032
18755,0.7647202586527381,0.017664757151636325,0.21761498419562572
18756,0.06585590679377103,0.009054796290748901,0.92508929691548
18757,0.9924060018852986,0.00033948761836083576,0.00725451049634044
18758,0.8708281110165453,0.0024968376586292514,0.1266750513248254
18759,0.0035960787658971317,0.00033813822226392984,0.9960657830118389
18760,0.9854825328716028,0.002769790379460617,0.011747676748936571
18761,0.3559213812295126,0.017222483000985497,0.6268561357695019
18762,0.6721871701017003,0.06265569357158834,0.26515713632671134
18763,0.8911579180898302,0.010540310972142345,0.0983017709380275
18764,0.35076018786912777,0.005259831542062365,0.6439799805888099
18765,0.6982762179454894,0.012475349925649895,0.28924843212886064
18766,0.9248408952553637,0.0025470698958863242,0.07261203484874998
18767,0.9725325558408726,0.0040309434329356695,0.02343650072619176
18768,0.8048212573440277,0.0036721247088730875,0.19150661794709928
18769,0.10299057925203466,0.07872934133957461,0.8182800794083908
18770,0.6901450652969817,0.0029998377625301883,0.3068550969404882
18771,0.032114715244063355,0.0013182945869731394,0.9665669901689635
18772,0.9186964876184565,0.005077378852158401,0.07622613352938509
18773,0.885780633938609,0.0526517586869039,0.06156760737448708
18774,0.28008801493499214,0.07430994012276493,0.645602044942243
18775,0.9851365749009882,0.003114550076122637,0.011748875022889103
18776,0.9840550058824761,0.0016159322835222955,0.014329061834001702
18777,0.8170196611988738,0.030286162134934222,0.15269417666619195
18778,0.9337939473523071,0.040786249390857204,0.025419803256835696
18779,0.9634842919299755,0.0027798979823692085,0.033735810087655325
18780,0.24516606048604703,0.019388405869847913,0.735445533644105
18781,0.9007770642799949,0.018008960140193344,0.08121397557981182
18782,0.5404900359751046,0.007542469981593257,0.45196749404330216
18783,0.827948977316158,0.029742844401452594,0.14230817828238937
18784,0.7535566392218187,0.011734772758572872,0.23470858801960834
18785,0.9690404555885349,0.014856233580372871,0.016103310831092243
18786,0.5290227502680985,0.012473209280372452,0.45850404045152915
18787,0.8345827219012287,0.07707411107419046,0.08834316702458091
18788,0.9571642281516781,0.02068594034675489,0.022149831501567
18789,0.9151402510561307,0.050457574610613586,0.034402174333255736
18790,0.9507222334482361,0.0005549803603493431,0.04872278619141452
18791,0.9533102356895723,0.012226022938565699,0.03446374137186212
18792,0.8329967144271899,0.013875833622816528,0.15312745194999347
18793,0.921173983327066,0.01862691936302972,0.060199097309904276
18794,0.9585588627686066,0.005894374195868406,0.03554676303552493
18795,0.9666732845331762,0.008748666161216171,0.024578049305607662
18796,0.9875980901764376,0.0055559379205946755,0.00684597190296776
18797,0.9892649248850477,0.0007691957176132001,0.009965879397338943
18798,0.2514996550639197,0.020188941370127788,0.7283114035659525
18799,0.08301408092110561,0.0037327002315103745,0.913253218847384
18800,0.626672052764704,0.06472339191665039,0.30860455531864567
18801,0.9717946300359561,0.0019312401494948805,0.026274129814549026
18802,0.9743414611807039,0.003548252670469479,0.02211028614882663
18803,0.9134718719839421,0.002509648040892619,0.08401847997516532
18804,0.9754003431098115,0.004434020923652792,0.020165635966535717
18805,0.3296173549844565,0.006886680785243519,0.6634959642303
18806,0.9565497239717864,0.0032524022629506003,0.04019787376526301
18807,0.10950535698023911,0.006949845482522931,0.883544797537238
18808,0.9381121180220674,0.005295961045013774,0.05659192093291881
18809,0.9422116154797379,0.002067739727445485,0.055720644792816645
18810,0.9630051760529914,0.004896342747435142,0.03209848119957343
18811,0.008811926353887806,0.0016007543561827244,0.9895873192899295
18812,0.9818490216557639,0.003203457569449172,0.01494752077478679
18813,0.851886352976057,0.007652541525868419,0.14046110549807478
18814,0.7742463191966478,0.10818431667384615,0.11756936412950594
18815,0.9094695430272846,0.0026754341398021668,0.08785502283291324
18816,0.7058913921686893,0.007605742070212055,0.28650286576109874
18817,0.9920567650584111,0.0021664242658310535,0.005776810675757808
18818,0.9805944357713973,0.0028034748722280296,0.016602089356374663
18819,0.9859306321288095,0.0005458819184580527,0.013523485952732454
18820,0.9526755636802422,0.005079521930430517,0.04224491438932733
18821,0.8456765915229059,0.02104479866441545,0.1332786098126787
18822,0.9306829807459038,0.001658077100406414,0.06765894215368964
18823,0.9075366734784311,0.003745068796584383,0.08871825772498457
18824,0.8887308794536486,0.058944660312190346,0.052324460234161096
18825,0.980772368490644,0.014485754271952117,0.004741877237403868
18826,0.9841148480644539,0.0010626111916541639,0.014822540743891957
18827,0.9757995329105659,0.004082443061879711,0.020118024027554422
18828,0.9755874520026081,0.0011849068683951534,0.02322764112899674
18829,0.05852882930231936,0.014017341373937441,0.9274538293237433
18830,0.9683030322384714,0.010745341152233247,0.020951626609295507
18831,0.9717011315500079,0.00498068574646065,0.02331818270353143
18832,0.007882217550212263,0.004873868907780246,0.9872439135420075
18833,0.1214417187225193,0.0205082917920235,0.8580499894854574
18834,0.9546638012955782,0.001721767669097362,0.043614431035324516
18835,0.23886974548859446,0.0013516607977007396,0.7597785937137047
18836,0.005398427254085791,0.0022199234218123623,0.9923816493241018
18837,0.8248960319823321,0.010344479693644531,0.16475948832402343
18838,0.9107562700250489,0.008282979585362421,0.08096075038958883
18839,0.9884857060030147,0.00378281664861202,0.007731477348373353
18840,0.9813747523920842,0.0012180945320640468,0.017407153075851712
18841,0.7240734626512355,0.017799405304337646,0.2581271320444268
18842,0.10338031683001186,0.0208440306070322,0.8757756525629559
18843,0.6183336932405609,0.022331335466634544,0.3593349712928046
18844,0.41826135186146246,0.03561106250520118,0.5461275856333363
18845,0.9677744430539047,0.019346876523068185,0.012878680423027174
18846,0.35083023615152353,0.05963482506115749,0.589534938787319
18847,0.9890801342344497,0.00078835734948459,0.010131508416065794
18848,0.9725761589847693,0.0021005030617465225,0.025323337953484258
18849,0.8907669084594145,0.0032972626442702886,0.1059358288963152
18850,0.12230521012440905,0.021748332493102207,0.8559464573824888
18851,0.9316522513355863,0.005335727394807653,0.06301202126960595
18852,0.6538443020899934,0.015420210820082839,0.33073548708992373
18853,0.9596988240064617,0.014867295755290624,0.02543388023824765
18854,0.8965531642256566,0.03140273262121164,0.0720441031531317
18855,0.11090426111594062,0.12902434489793396,0.7600713939861254
18856,0.8727391947969777,0.006213598284216256,0.12104720691880601
18857,0.9919426097236002,0.0005700788843975628,0.007487311392002304
18858,0.7249885714039486,0.020651637866506322,0.2543597907295451
18859,0.2525435413336195,0.03264987155909067,0.7148065871072898
18860,0.9177017045566791,0.007472753692310784,0.07482554175100997
18861,0.9787051773242332,0.0044217502173395365,0.016873072458427067
18862,0.007289669422126767,0.002615485883059697,0.9900948446948135
18863,0.9770570383405413,0.0009638104691398235,0.021979151190318888
18864,0.18553836661590611,0.0007795782352836559,0.8136820551488102
18865,0.9008124316803683,0.005313283177683406,0.0938742851419483
18866,0.8525038828653112,0.00595489056591391,0.1415412265687749
18867,0.8218405845132164,0.06984820481130312,0.10831121067548047
18868,0.843053170524761,0.02215773916535478,0.13478909030988415
18869,0.2314644893033308,0.05981897262591937,0.7087165380707499
18870,0.8564139621239671,0.024354639227564666,0.11923139864846811
18871,0.8222799919184124,0.0061789468186109415,0.17154106126297666
18872,0.8675954578147799,0.00416415273494592,0.1282403894502741
18873,0.7869230499659592,0.013989284820806662,0.19908766521323407
18874,0.9458560932860269,0.01708277324600305,0.03706113346797004
18875,0.9084140463634945,0.006199649431945108,0.0853863042045604
18876,0.8386555485418568,0.10135441675909276,0.059990034699050454
18877,0.9643956782735359,0.0024552917395024238,0.03314902998696173
18878,0.975815205777353,0.0019974633506888526,0.02218733087195804
18879,0.9800624411486447,0.004689590964249456,0.015247967887105734
18880,0.06073002628144325,0.008270202249202184,0.9309997714693546
18881,0.010539621368699265,0.01015906407637471,0.9793013145549261
18882,0.13338340625563458,0.012677890928996485,0.853938702815369
18883,0.9683073859590057,0.007842878097156078,0.023849735943838136
18884,0.0038725543949650726,0.0048251633072101015,0.9913022822978249
18885,0.13644781838666603,0.04553043854429156,0.8180217430690424
18886,0.8992607688330015,0.008211167393327772,0.0925280637736707
18887,0.9429098936101286,0.007082256859236591,0.05000784953063486
18888,0.9619062076955743,0.0175625070669235,0.020531285237502285
18889,0.8381391175514186,0.11530030954413055,0.046560572904450856
18890,0.9684011401933326,0.007568794833059788,0.024030064973607577
18891,0.9664466878462054,0.008816986684653687,0.02473632546914091
18892,0.019214504630062162,0.0019030919085120837,0.9788824034614256
18893,0.9404760220041068,0.003719710467326087,0.05580426752856715
18894,0.7984302009621951,0.002965839206655221,0.1986039598311497
18895,0.005060134986854205,0.00839108760045372,0.986548777412692
18896,0.9583564413290852,0.003980523622218946,0.037663035048695975
18897,0.844574297682574,0.009602190016500365,0.14582351230092558
18898,0.3211167640924706,0.03093904490226141,0.647944191005268
18899,0.053776625028086625,0.003733586477730557,0.9424897884941827
18900,0.6132883318328445,0.2739546188186421,0.11275704934851341
18901,0.5915945618306053,0.019901619997159725,0.3885038181722349
18902,0.8321844350118808,0.012855826202797281,0.15495973878532207
18903,0.8639510039214428,0.004391686161624514,0.13165730991693272
18904,0.9591791287920776,0.003831342722842973,0.036989528485079456
18905,0.9766383552424772,0.0023543595739098306,0.02100728518361292
18906,0.9640847562508426,0.013351409084118589,0.0225638346650389
18907,0.9877944015886833,0.0023661214160416028,0.009839476995275098
18908,0.6674229784416312,0.02736419925516103,0.3052128223032079
18909,0.9541251902423371,0.006584685941804435,0.039290123815858446
18910,0.11072246933689056,0.010149219840220977,0.8791283108228884
18911,0.9486019758363713,0.004281016353434665,0.047117007810194025
18912,0.8332718489200315,0.0017187032884839336,0.1650094477914847
18913,0.2949647524336584,0.01208609598730683,0.6929491515790348
18914,0.3097901456012963,0.00339487640208274,0.6868149779966211
18915,0.9040120933346486,0.05863692434157443,0.03735098232377702
18916,0.9251500468581828,0.0029377913160502584,0.07191216182576692
18917,0.002208369807856875,0.00023800117413691856,0.9975536290180063
18918,0.1620297692167933,0.008998323503700847,0.8289719072795058
18919,0.6727758563665203,0.001308944364386427,0.3259151992690933
18920,0.16124090411922937,0.09425695432473721,0.7445021415560336
18921,0.3762394471596797,0.02808337611422479,0.5956771767260955
18922,0.855934569459966,0.004661442432516363,0.13940398810751767
18923,0.2635009387738379,0.025714243582379354,0.7107848176437828
18924,0.09824102842840499,0.011178551584636261,0.8905804199869588
18925,0.702408471559298,0.02529449691731952,0.2722970315233825
18926,0.38397540387494355,0.03296352448031082,0.5830610716447455
18927,0.855850536536483,0.0037200615851345,0.1404294018783824
18928,0.7383520166786717,0.0024033887441048405,0.2592445945772235
18929,0.8391977047235263,0.020180194438006505,0.1406221008384672
18930,0.9666144697683607,0.026140440111721223,0.007245090119917952
18931,0.9459388527524677,0.0032013028743122125,0.05085984437321994
18932,0.9884671896249089,0.00318108362437189,0.008351726750719345
18933,0.04850841819246655,0.009313317638534692,0.9421782641689987
18934,0.9678771794107168,0.0009615412917663797,0.03116127929751687
18935,0.9211338891629577,0.05853060295854372,0.020335507878498478
18936,0.02514444267405414,0.01429473406131481,0.9605608232646311
18937,0.943008494532221,0.0009216133683846994,0.05606989209939426
18938,0.6071262085777391,0.11779119119690672,0.27508260022535413
18939,0.9037456993563004,0.006558797232488273,0.08969550341121135
18940,0.9645710961751321,0.004619957229320333,0.030808946595547462
18941,0.34034204642667687,0.004883597690397741,0.6547743558829255
18942,0.698079117359093,0.0036509371302453075,0.29826994551066166
18943,0.09713720100952747,0.004277034202462714,0.8985857647880099
18944,0.008662023952096577,0.007955346045007784,0.9833826300028956
18945,0.15712460601977665,0.015118238685798082,0.8277571552944253
18946,0.43672641367596127,0.007941603778742434,0.5553319825452963
18947,0.93841493178368,0.004157233247957356,0.05742783496836271
18948,0.8606753173834654,0.005449414191989071,0.13387526842454547
18949,0.8845336392734696,0.006326712763303578,0.10913964796322671
18950,0.3179208473633609,0.10352602764986782,0.5785531249867712
18951,0.9215775572382219,0.010706660404067564,0.06771578235771057
18952,0.8905708913560729,0.004322006702642646,0.10510710194128434
18953,0.8202682576582698,0.10202511632920691,0.07770662601252312
18954,0.8205030275093357,0.10215212090866786,0.07734485158199647
18955,0.9825461767357212,0.002333914601630278,0.01511990866264848
18956,0.9819898355315932,0.0008107517863005988,0.017199412682106115
18957,0.8755964080663833,0.005303291484808927,0.1191003004488078
18958,0.37808876511368916,0.013362308376754273,0.6085489265095566
18959,0.9703813132016521,0.0018417975146225027,0.02777688928372537
18960,0.8758306750095821,0.061266209385189535,0.06290311560522832
18961,0.973195653511899,0.018958960247382542,0.007845386240718493
18962,0.6930178267788984,0.0019322170288436835,0.305049956192258
18963,0.008551911891018714,0.015260685468649544,0.9761874026403317
18964,0.6112378501756649,0.009637468837186376,0.37912468098714874
18965,0.8878897889787352,0.010532265940935426,0.1015779450803296
18966,0.046598437499516934,0.009577089960862218,0.943824472539621
18967,0.7053073796121235,0.030752553831836837,0.26394006655603974
18968,0.43043231968221507,0.08271068844624585,0.486856991871539
18969,0.021317074373615234,0.005333218557286669,0.9733497070690982
18970,0.9518547108440425,0.02148254512757798,0.02666274402837976
18971,0.06523178633101195,0.013365726887180848,0.9214024867818071
18972,0.7989353685010472,0.011430007166599875,0.1896346243323529
18973,0.08073518661917045,0.06620780366723368,0.853057009713596
18974,0.9719347589653623,0.00422881934477439,0.02383642168986335
18975,0.9064158698095646,0.005565400306388792,0.08801872988404674
18976,0.9481411156529043,0.012315153812002442,0.03954373053509333
18977,0.9849079295217288,0.0005325870187317287,0.014559483459539533
18978,0.8499114607134934,0.0018034651336766554,0.14828507415283
18979,0.09501632272657176,0.02569315327040503,0.8792905240030231
18980,0.31369922875770206,0.03321669363964354,0.6530840776026544
18981,0.9545000730822564,0.004233435494225232,0.041266491423518396
18982,0.9530862083565893,0.0009178176597491203,0.04599597398366163
18983,0.8942988344987736,0.006886282651232793,0.0988148828499935
18984,0.8753715826484592,0.0035638292036560284,0.12106458814788482
18985,0.009573554393577814,0.0019696905278027087,0.9884567550786195
18986,0.6760949768426368,0.019992956049263936,0.3039120671080993
18987,0.9877330978874514,0.0008841550480548847,0.011382747064493558
18988,0.9261207078419312,0.0008207914303877133,0.07305850072768108
18989,0.9041067786366246,0.02194348620725404,0.07394973515612151
18990,0.6441644550883873,0.22236076943710234,0.13347477547451037
18991,0.849130081456714,0.008491524267437395,0.14237839427584867
18992,0.8686502647641845,0.006257298223878426,0.12509243701193723
18993,0.07257166295863887,0.032972750241737264,0.8944555867996238
18994,0.9774717709767878,0.008073649302499819,0.014454579720712336
18995,0.9794879072135952,0.006196474439411227,0.01431561834699363
18996,0.9591455050910072,0.0034214517018739087,0.03743304320711883
18997,0.9743668996153166,0.003231162603169517,0.022401937781513764
18998,0.963174878551653,0.0025217915926751926,0.034303329855671985
18999,0.4306000164133347,0.07106047268695949,0.49833951089970585
19000,0.9332907100998419,0.00405763147459951,0.06265165842555853
19001,0.9896860218582045,0.0012300944632438317,0.009083883678551629
19002,0.005907598701868086,0.0012010619087701238,0.9928913393893618
19003,0.009110364967597205,0.005958923429122555,0.9849307116032802
19004,0.9555501333067566,0.0034459490299198698,0.04100391766332355
19005,0.5809832255000656,0.0012756789254561795,0.4177410955744781
19006,0.018301049860742814,0.027605412076474836,0.9540935380627824
19007,0.9658318248521631,0.00321199027471055,0.030956184873126333
19008,0.8113230801186309,0.004647079715733203,0.18402984016563587
19009,0.9795755609131671,0.0008673961071867192,0.01955704297964617
19010,0.9538177808033286,0.019344107077988608,0.026838112118682783
19011,0.6123131850554754,0.04147858474669896,0.3462082301978257
19012,0.6264058099857368,0.006422808321228914,0.3671713816930344
19013,0.806770103255298,0.0037385716010767374,0.18949132514362532
19014,0.7333034969097475,0.0028851083047045536,0.26381139478554794
19015,0.9615343994861297,0.0030934374063651474,0.03537216310750519
19016,0.9501387815963167,0.003386626354112008,0.04647459204957114
19017,0.6598319115183845,0.11644586177305033,0.22372222670856523
19018,0.0012568437815859146,0.0007434846890694174,0.9979996715293445
19019,0.9734886570320322,0.0016378795854499707,0.0248734633825179
19020,0.8461521367909488,0.0028507057398421565,0.150997157469209
19021,0.9346108195533396,0.0043262587575117,0.0610629216891487
19022,0.8337334151402036,0.00620742195116095,0.16005916290863553
19023,0.08537357649122086,0.021342867172920887,0.8932835563358583
19024,0.8643214608254564,0.012225872252485143,0.12345266692205845
19025,0.04994284349735817,0.005109489052303237,0.9449476674503388
19026,0.8381068960442922,0.0504752402176319,0.11141786373807591
19027,0.8170602796229214,0.09943733952593209,0.08350238085114658
19028,0.6856784126648257,0.012884898304616418,0.301436689030558
19029,0.24139071544649576,0.027831481684719276,0.730777802868785
19030,0.9645356053953724,0.0010614964307489553,0.03440289817387867
19031,0.7992526149286469,0.005150162244557527,0.19559722282679554
19032,0.9521234799846111,0.007927329426744342,0.03994919058864444
19033,0.9447812380872891,0.0060197188932263074,0.04919904301948445
19034,0.9678488239515302,0.012020052155284268,0.020131123893185436
19035,0.7046151528427282,0.01416052221852954,0.28122432493874217
19036,0.9802796874178364,0.0013003689886634826,0.01841994359349999
19037,0.012592031933746726,0.01581203001147406,0.9715959380547791
19038,0.05544032098282471,0.04303867196509332,0.9015210070520818
19039,0.059882211954085454,0.00793216565667015,0.9321856223892445
19040,0.9744766833863572,0.01055093723630834,0.014972379377334352
19041,0.3392582607306056,0.0034548744649726994,0.6572868648044217
19042,0.9735921778998231,0.001854143177201141,0.024553678922975632
19043,0.8892893510100719,0.03516218093679521,0.07554846805313288
19044,0.9888237094351526,0.0004599951400787879,0.01071629542476852
19045,0.6586632439734101,0.003891888728810519,0.3374448672977794
19046,0.9661649026117901,0.007076364820017112,0.026758732568192858
19047,0.8494341711626157,0.007312162589328614,0.14325366624805583
19048,0.7518724834777868,0.003096176598182546,0.2450313399240308
19049,0.014748497347598493,0.0032477239402798775,0.9820037787121216
19050,0.9254247243815344,0.004702701507348303,0.0698725741111173
19051,0.01256667015706905,0.016007099910101023,0.9714262299328298
19052,0.34928002692664184,0.005332612576332113,0.6453873604970259
19053,0.6763870693754042,0.04180971886389641,0.2818032117606995
19054,0.9933356949746134,0.003364862756744159,0.0032994422686425896
19055,0.9896867381849876,0.0003252618635266515,0.009987999951485653
19056,0.911336063568199,0.0019599996746587885,0.08670393675714216
19057,0.9829880606111323,0.001137414731574653,0.015874524657293058
19058,0.8128734835581104,0.01194672321297515,0.1751797932289145
19059,0.9133977176140046,0.013289433803313688,0.0733128485826818
19060,0.9358465599268985,0.03435957297642481,0.02979386709667666
19061,0.9911304558410052,0.0033344973936023977,0.005535046765392358
19062,0.889542657650555,0.018922053440211483,0.09153528890923357
19063,0.4891414179007337,0.17214587787327307,0.33871270422599326
19064,0.4455150272294701,0.027049686459220297,0.5274352863113095
19065,0.9219986618137609,0.0066811951595079615,0.07132014302673133
19066,0.9862555168970125,0.0009969676202263693,0.012747515482761188
19067,0.34394600857600355,0.016357520974624604,0.639696470449372
19068,0.98437012466058,0.0053228867744722335,0.010306988564947746
19069,0.7125289695230392,0.047413233643196315,0.24005779683376438
19070,0.9374061918427891,0.010614517389549015,0.05197929076766203
19071,0.5657751973819412,0.0334408637820184,0.40078393883604047
19072,0.8959535618744383,0.016924763214249825,0.08712167491131181
19073,0.7727160101662112,0.0021847874547310563,0.22509920237905776
19074,0.91965502846286,0.004552492095558764,0.07579247944158138
19075,0.9143036881168036,0.007867975385266809,0.07782833649792964
19076,0.9708050166851955,0.0020885377113772606,0.02710644560342719
19077,0.8136558377788546,0.004840942430511561,0.1815032197906338
19078,0.002851761393764189,0.0017811585935893833,0.9953670800126464
19079,0.8743170698775158,0.0038210428682784276,0.12186188725420587
19080,0.9194584718544301,0.0033905031985322436,0.07715102494703768
19081,0.36670530773140836,0.08269156109805868,0.5506031311705331
19082,0.4866317721963298,0.35924663052227135,0.15412159728139882
19083,0.9205224375417466,0.0023767200730260155,0.07710084238522746
19084,0.9691635479727738,0.003882390258290962,0.026954061768935174
19085,0.1569569950604378,0.030169281528302644,0.8128737234112595
19086,0.9877694009719644,0.0009044452242279136,0.011326153803807708
19087,0.021220284091297805,0.002167768158211527,0.9766119477504906
19088,0.9864452951280033,0.004404671822336212,0.009150033049660453
19089,0.654298742925885,0.004770706777756118,0.3409305502963589
19090,0.9167344912825433,0.004516882272528204,0.07874862644492843
19091,0.9829085906175123,0.0014738615246852333,0.015617547857802425
19092,0.923543203607673,0.002916176340601207,0.07354062005172583
19093,0.8756200856561114,0.018893185915735973,0.10548672842815264
19094,0.9788722327817045,0.003353043377894111,0.0177747238404013
19095,0.5052869347095005,0.01431656596747002,0.48039649932302964
19096,0.9404913964731991,0.017495360140116847,0.042013243386684135
19097,0.9894222894443929,0.0009830415210407184,0.009594669034566466
19098,0.20367068147032205,0.039408418536272444,0.7569208999934054
19099,0.9443850950343284,0.00581210091281982,0.049802804052851805
19100,0.9778039064847922,0.001277621811965486,0.02091847170324225
19101,0.9139560838550201,0.03339620495854858,0.05264771118643134
19102,0.002047486746457258,0.000448326899643879,0.9975041863538988
19103,0.9819080880801248,0.0030256224724070037,0.015066289447468247
19104,0.32428906729125684,0.008173597255065654,0.6675373354536774
19105,0.08668085768214068,0.013658907562793504,0.899660234755066
19106,0.9691195100900162,0.00156863399594951,0.029311855914034367
19107,0.9237749330425221,0.001067657302735731,0.07515740965474214
19108,0.8666324426929773,0.021071217711435775,0.11229633959558688
19109,0.9849877144273419,0.004868644640075271,0.01014364093258283
19110,0.8153730463365881,0.0022817075558961403,0.1823452461075157
19111,0.9367147247377454,0.0013893357862976817,0.06189593947595678
19112,0.7981082023804706,0.03577264289878769,0.16611915472074165
19113,0.44543910718483004,0.011549089029002892,0.543011803786167
19114,0.9753329613238871,0.0031145180149282255,0.021552520661184557
19115,0.9647313925035692,0.0035071610775125337,0.031761446418918315
19116,0.026734447620789366,0.0036533222000469374,0.9696122301791636
19117,0.9893016654726735,0.004310925346612485,0.006387409180713971
19118,0.5288874603483219,0.02051383912330297,0.45059870052837503
19119,0.015316889447496197,0.001419754588143495,0.9832633559643603
19120,0.7132344076569277,0.00111262186681861,0.28565297047625376
19121,0.9724496772508807,0.004011076542214259,0.023539246206904993
19122,0.059565470257253714,0.006676624959448756,0.9337579047832975
19123,0.7143759882576322,0.004138393604818791,0.2814856181375491
19124,0.07358612557438925,0.015880922955715252,0.9105329514698954
19125,0.8733158340348546,0.0020788908553286247,0.124605275109817
19126,0.9672801971335427,0.016957920859759425,0.01576188200669787
19127,0.016748464578755163,0.013357458698062513,0.9698940767231822
19128,0.06310652566029244,0.004489045039807943,0.9324044292998996
19129,0.8660703821368446,0.10530558301223306,0.028624034850922266
19130,0.8421166061829972,0.008443427907621101,0.14943996590938172
19131,0.9580355203555782,0.004905563792394545,0.03705891585202737
19132,0.08697314396298438,0.10475880693534123,0.8082680491016745
19133,0.9852364460709186,0.0005948963697659206,0.014168657559315213
19134,0.0018571143968862704,0.000642575865723649,0.9975003097373899
19135,0.9632978952524862,0.00388206553356772,0.032820039213946224
19136,0.7918259630517697,0.00850238610319149,0.19967165084503885
19137,0.9259238236515881,0.0204653751129382,0.05361080123547379
19138,0.11270739918763364,0.0028030956063144234,0.884489505206052
19139,0.008529882211651896,0.006701781294060199,0.9847683364942879
19140,0.9701030777759648,0.011515727332480432,0.018381194891554792
19141,0.9709005650280574,0.022710275869114106,0.0063891591028285045
19142,0.8723708647556274,0.03711254025164128,0.09051659499273124
19143,0.9115679379747045,0.00922582100366771,0.07920624102162786
19144,0.44753153046793215,0.2496631219588273,0.30280534757324057
19145,0.1442217377516738,0.01624253455917851,0.8395357276891477
19146,0.9791607398466611,0.010753879301798941,0.01008538085154014
19147,0.8764196934248032,0.00836719456760592,0.1152131120075908
19148,0.9373769960639118,0.02881281367749513,0.033810190258593116
19149,0.012810780474687665,0.0013803738577531379,0.9858088456675593
19150,0.4116862277252868,0.0013179090135195836,0.5869958632611936
19151,0.9319986284778868,0.0011900730711037343,0.06681129845100933
19152,0.9474066942774999,0.016326130360608947,0.036267175361891196
19153,0.7871413714331645,0.0008320480747295696,0.21202658049210588
19154,0.7032097658245793,0.034678096293597624,0.2621121378818231
19155,0.8509344335078917,0.00732059945397622,0.1417449670381321
19156,0.9608455398291017,0.005285866088331458,0.033868594082566816
19157,0.9513156047492657,0.003643161265495556,0.045041233985238835
19158,0.97783799723059,0.0018465677848643078,0.020315434984545713
19159,0.984974009711836,0.007179177759391922,0.007846812528772019
19160,0.023270629352517218,0.008023326448441156,0.9687060441990416
19161,0.7268846554483871,0.011555496406854094,0.26155984814475886
19162,0.9562227343964245,0.004317445506156063,0.03945982009741944
19163,0.939075184412425,0.005849266615090993,0.055075548972483936
19164,0.9452274533287999,0.0064422924813694075,0.048330254189830654
19165,0.8473285698074398,0.005362691707724165,0.14730873848483603
19166,0.9717774581911961,0.002623751553678836,0.025598790255125074
19167,0.9743190236810337,0.005143675096016913,0.020537301222949462
19168,0.8295964663677092,0.0016437139742742821,0.16875981965801645
19169,0.5783862435815459,0.05190615091595485,0.36970760550249926
19170,0.9280126933725339,0.0017933254766238026,0.07019398115084224
19171,0.9897109278192873,0.0011125591865741285,0.009176512994138644
19172,0.9219228917146371,0.02343266438358051,0.05464444390178222
19173,0.9510308458465572,0.003284557478365629,0.04568459667507723
19174,0.5317562284238346,0.010989396771803592,0.4572543748043618
19175,0.682513704601059,0.005115954482147791,0.3123703409167932
19176,0.8888868025468433,0.018937559631785877,0.09217563782137095
19177,0.9785480731325762,0.0114515480229418,0.010000378844482075
19178,0.7164161625649299,0.014770336562822412,0.2688135008722476
19179,0.6443214101930125,0.006733888477884323,0.3489447013291032
19180,0.9589363311214193,0.011818190638856568,0.029245478239724138
19181,0.5097382762234326,0.0037567504571889097,0.4865049733193786
19182,0.8541672113627079,0.007171274876682324,0.13866151376060962
19183,0.9510344974429259,0.005781840612984677,0.0431836619440894
19184,0.5810718015036939,0.018067283455045914,0.40086091504126015
19185,0.9026810274404962,0.005485113690645717,0.09183385886885809
19186,0.986552778728813,0.0014871780692071086,0.011960043201979841
19187,0.0183205289484008,0.0033354492914428537,0.9783440217601564
19188,0.7547042281599398,0.005887885010744238,0.2394078868293161
19189,0.9662560956202135,0.0024876811789705084,0.03125622320081594
19190,0.009176281896953981,0.0021350805329544732,0.9886886375700916
19191,0.7770134142891842,0.004236341237163235,0.21875024447365263
19192,0.29908391982182086,0.039688106283019456,0.6612279738951597
19193,0.8307299345371573,0.004174247271040201,0.1650958181918025
19194,0.5942709699940056,0.0021742613293315263,0.4035547686766629
19195,0.9653109329970596,0.009358972036290925,0.025330094966649473
19196,0.018518698642945353,0.01414748790388891,0.9673338134531658
19197,0.05138784660636767,0.005080160142186953,0.9435319932514454
19198,0.8785123148231512,0.009146728340549422,0.1123409568362993
19199,0.1419389690167608,0.0046528182998279155,0.8534082126834113
19200,0.004368989371844918,0.0008380165230814911,0.9947929941050735
19201,0.25269910449207583,0.31499601381370634,0.43230488169421777
19202,0.014869772243151076,0.003043610981506601,0.9820866167753423
19203,0.9805193433963688,0.005288372307988184,0.014192284295642909
19204,0.76810435858436,0.09723457883910863,0.13466106257653138
19205,0.9041428965281829,0.028206894330382495,0.06765020914143466
19206,0.46669182319291935,0.004013546040968727,0.5292946307661119
19207,0.6979603148636033,0.17791303274643705,0.12412665238995949
19208,0.9791549505491568,0.0010807623347676566,0.019764287116075554
19209,0.003264787485781227,0.00042095264676191366,0.9963142598674568
19210,0.9170279362439961,0.0034594716551836994,0.07951259210082012
19211,0.8307188117530095,0.001028365281379728,0.16825282296561078
19212,0.8736921507455899,0.009288009630101407,0.11701983962430854
19213,0.34500979904228757,0.008198809357578598,0.6467913916001339
19214,0.9702605909402067,0.0017192401708146859,0.028020168888978667
19215,0.9737349573111757,0.0046230991251687255,0.021641943563655588
19216,0.025555761937455346,0.035719872187661324,0.9387243658748834
19217,0.9760256805265357,0.0014914825424867163,0.02248283693097764
19218,0.9349451236097363,0.01909760144190599,0.04595727494835778
19219,0.641837211750153,0.02290568636035936,0.3352571018894877
19220,0.49453986931125876,0.055575692125870005,0.4498844385628712
19221,0.950061193555079,0.006497967652248873,0.04344083879267213
19222,0.6946257863654627,0.04650682288803258,0.25886739074650467
19223,0.9694824142543166,0.0009961594183800896,0.029521426327303223
19224,0.91483192747817,0.013624710316048722,0.07154336220578124
19225,0.1876821435205721,0.05807254173751467,0.7542453147419133
19226,0.9914110808258113,0.00238227826493671,0.006206640909252065
19227,0.7474458501810876,0.013978470823728873,0.23857567899518362
19228,0.3583545484110501,0.13234248763673587,0.5093029639522142
19229,0.023795983931095756,0.010149410027157389,0.9660546060417469
19230,0.9429001619555957,0.0024759061983837573,0.05462393184602042
19231,0.08205950398909695,0.015839120380080125,0.9021013756308229
19232,0.5507443190118697,0.003374001332879339,0.4458816796552509
19233,0.8685780258299738,0.0131806517611863,0.11824132240884003
19234,0.1590656285481568,0.008889786167384096,0.8320445852844591
19235,0.9890659927017925,0.001568130795963955,0.009365876502243619
19236,0.8089750478940655,0.0010149278130636282,0.1900100242928708
19237,0.014994889629195199,0.043126735072507846,0.941878375298297
19238,0.9403833673132329,0.003404007619509176,0.05621262506725791
19239,0.013930274903134105,0.001838726758804363,0.9842309983380615
19240,0.9838083543018208,0.0035862680208466682,0.01260537767733249
19241,0.04455787731463575,0.00800549954200552,0.9474366231433586
19242,0.0379888101091545,0.000915060774357711,0.9610961291164877
19243,0.028576592969227363,0.018412429204356127,0.9530109778264166
19244,0.3642226744580104,0.009671607326267664,0.6261057182157219
19245,0.955853840982031,0.013281307824712972,0.030864851193255976
19246,0.9603532283950915,0.0017023737922809816,0.03794439781262756
19247,0.9161435638859883,0.008262118801468741,0.07559431731254301
19248,0.9514889266257456,0.0027345647808538357,0.045776508593400565
19249,0.8596063076304276,0.009614775702049277,0.13077891666752314
19250,0.9620612616576137,0.010428408796305223,0.027510329546081094
19251,0.9480613243166743,0.001537273999747121,0.05040140168357856
19252,0.6080198909472169,0.09228360492807108,0.29969650412471205
19253,0.9082071477109724,0.01224280518202047,0.07955004710700714
19254,0.49983858983593943,0.05692371709016899,0.4432376930738915
19255,0.9007506719459498,0.00783355775432433,0.09141577029972575
19256,0.9140157800429314,0.05579342422356744,0.030190795733501315
19257,0.2909631567079264,0.0031019613850457135,0.7059348819070279
19258,0.9481621935415938,0.011633091062301992,0.04020471539610424
19259,0.8038505006995478,0.015542197731177614,0.18060730156927451
19260,0.6754415763025621,0.003529690132211669,0.32102873356522627
19261,0.9678134909453546,0.0015420164731489842,0.030644492581496353
19262,0.9040015002839932,0.012485880859577234,0.08351261885642954
19263,0.9841197296626734,0.0032554638131595563,0.012624806524167146
19264,0.3686538112351306,0.0186635724933819,0.6126826162714876
19265,0.8613666615477242,0.009452858909224426,0.12918047954305134
19266,0.9683019363957988,0.0026274334856340644,0.029070630118567205
19267,0.3137045921516334,0.0017427507334549053,0.6845526571149116
19268,0.32896162674682866,0.005457224837622699,0.6655811484155486
19269,0.9050427037865179,0.005958088152886609,0.08899920806059541
19270,0.7865459053353099,0.02273582991362169,0.19071826475106846
19271,0.9640185320753482,0.0035509411800137454,0.03243052674463813
19272,0.9362251788644101,0.0037302409861844545,0.060044580149405356
19273,0.27492371128340976,0.022535880175163635,0.7025404085414266
19274,0.7201522101986095,0.036741145964170566,0.24310664383721992
19275,0.5381771026900359,0.005628080020546978,0.456194817289417
19276,0.9806853730566365,0.007364141852248403,0.011950485091115105
19277,0.8288978496990221,0.007339796474654869,0.16376235382632298
19278,0.11776018405853068,0.0015275565177445796,0.8807122594237247
19279,0.5982053187780116,0.03653393334126688,0.3652607478807214
19280,0.6231287911879175,0.30358044847808807,0.07329076033399437
19281,0.36727453354544876,0.02016102865633779,0.6125644377982133
19282,0.8026681470627284,0.015578795710419696,0.1817530572268521
19283,0.4133669965989124,0.0021188543540713043,0.5845141490470163
19284,0.959627591649143,0.0015098773718996371,0.03886253097895742
19285,0.9717506697912071,0.0007161171234729333,0.027533213085320016
19286,0.9701084049128678,0.0040669163930856945,0.025824678694046553
19287,0.7804788282373087,0.09590941180356749,0.12361175995912381
19288,0.018073306207907064,0.0014390596717424628,0.9804876341203504
19289,0.9336005867932358,0.037788736520735125,0.028610676686028944
19290,0.9831353577918165,0.0009794064562505449,0.0158852357519329
19291,0.9807642658985625,0.002000615617315219,0.017235118484122233
19292,0.05356477056831164,0.007586271070732441,0.9388489583609558
19293,0.9375381623826718,0.0029186903704478103,0.05954314724688037
19294,0.9036894695270029,0.00962775548478842,0.0866827749882087
19295,0.9446972061439344,0.0015603242277432313,0.05374246962832241
19296,0.917784893316272,0.005086579290375306,0.07712852739335269
19297,0.8336185973974625,0.0037410169089061897,0.1626403856936312
19298,0.002810520980597482,0.0006372780843506917,0.9965522009350518
19299,0.9177735432253538,0.005230420827903886,0.07699603594674237
19300,0.8826758761073719,0.006417922684108234,0.11090620120851985
19301,0.5441083220756292,0.0439604983068756,0.41193117961749515
19302,0.980667055210741,0.0022572115760206564,0.017075733213238166
19303,0.9692037668484104,0.0007021172228551627,0.03009411592873446
19304,0.9860206350095795,0.0013085074303974967,0.012670857560023044
19305,0.7714300409480208,0.00873730536502175,0.21983265368695737
19306,0.9858053742558104,0.003824318435320468,0.01037030730886918
19307,0.9697752609913707,0.0076466913314699285,0.022578047677159367
19308,0.07406259537359736,0.0038572511748106,0.9220801534515919
19309,0.9176413619873708,0.02151962619966976,0.060839011812959316
19310,0.9806935850637577,0.003420663751026139,0.015885751185216193
19311,0.10339538269476373,0.038895404422456474,0.8577092128827798
19312,0.9786113578941057,0.0027630538174768984,0.01862558828841734
19313,0.01637132080246733,0.006183328475963667,0.977445350721569
19314,0.9633492862022266,0.030235057316938305,0.006415656480835035
19315,0.6926855978075187,0.022389894488728336,0.284924507703753
19316,0.8778089139297615,0.01237404768735814,0.10981703838288043
19317,0.5873357045997346,0.01315203252494392,0.39951226287532143
19318,0.05963300225043339,0.009067284300639295,0.9312997134489273
19319,0.4820180262813086,0.0019023123395351827,0.5160796613791563
19320,0.014170764893150653,0.0024879739660649118,0.9833412611407845
19321,0.9827568170107226,0.008225441053685856,0.009017741935591564
19322,0.8476795264487869,0.07473086710326866,0.07758960644794455
19323,0.9902166981863744,0.001280955024284821,0.008502346789340769
19324,0.2854715994099212,0.1020990462673011,0.6124293543227778
19325,0.9515287751150896,0.004118078999923744,0.04435314588498686
19326,0.9641695638235062,0.0024137833496562316,0.033416652826837596
19327,0.2636125052328806,0.01874181285896892,0.7176456819081505
19328,0.46437143087777577,0.004509987711856747,0.5311185814103675
19329,0.45382366506119287,0.06298111115254468,0.4831952237862624
19330,0.28099719253252653,0.002533697529337758,0.7164691099381357
19331,0.9683566317269914,0.002027222741320874,0.029616145531687878
19332,0.8690607701444027,0.0011269112299954669,0.12981231862560189
19333,0.7947231755386793,0.003911407250486354,0.20136541721083448
19334,0.9809636485371463,0.009961153551185148,0.009075197911668501
19335,0.0716895877405789,0.031655743404622225,0.8966546688547989
19336,0.9249668480833162,0.007739156939535103,0.06729399497714879
19337,0.6830841414043172,0.015505803640896505,0.30141005495478645
19338,0.8682536977416213,0.011923684205723319,0.11982261805265533
19339,0.8282501695926672,0.004377117392711074,0.16737271301462178
19340,0.9591006633380591,0.009455148128827846,0.031444188533113065
19341,0.9482109736793263,0.012207432034238644,0.03958159428643507
19342,0.9745690821578772,0.0009327568123263788,0.024498161029796434
19343,0.8675820630425365,0.005866766718808883,0.12655117023865448
19344,0.8727051416922644,0.0022494409258943934,0.12504541738184127
19345,0.48964593360983444,0.08178476277305262,0.4285693036171129
19346,0.9602744888272499,0.003645511419084215,0.03607999975366594
19347,0.935864840695777,0.044717109934241064,0.01941804936998184
19348,0.8848174062624088,0.016479464656578437,0.09870312908101275
19349,0.7239213152548764,0.006539108242220176,0.2695395765029035
19350,0.9559011756379352,0.013785465659505957,0.030313358702558826
19351,0.016747027473509365,0.0029904252946831933,0.9802625472318075
19352,0.9714522697357824,0.00990777675555589,0.018639953508661773
19353,0.8325258840018068,0.004788291445766968,0.16268582455242614
19354,0.9518974841301043,0.0071276660402571565,0.040974849829638435
19355,0.14150658127652643,0.02283238617158046,0.8356610325518931
19356,0.22996223844027464,0.027473928039353168,0.7425638335203724
19357,0.7039865734422894,0.057360773787472785,0.2386526527702379
19358,0.9120076497960097,0.009033679814557053,0.07895867038943324
19359,0.8280181481991441,0.011953309247749304,0.16002854255310678
19360,0.9646929739039283,0.0052991737757519235,0.030007852320319845
19361,0.9941478532796817,0.0008403962444319788,0.005011750475886358
19362,0.13941344172784284,0.03612643158474556,0.8244601266874116
19363,0.4686635468877518,0.002160952074452728,0.5291755010377954
19364,0.9559401991018481,0.002122924970022908,0.04193687592812896
19365,0.924342303039171,0.0063582386688474735,0.06929945829198159
19366,0.9348413484913805,0.003347727873810665,0.06181092363480886
19367,0.8622087614651692,0.027248268620493173,0.11054296991433768
19368,0.3522124637804958,0.013631198661100782,0.6341563375584034
19369,0.6495150975123544,0.005977693887995907,0.3445072085996498
19370,0.9285419512966169,0.00848640388750416,0.06297164481587895
19371,0.4450834563510105,0.0032776891723798047,0.5516388544766098
19372,0.9827789561297282,0.005370920730087506,0.011850123140184436
19373,0.36912429282428977,0.012173695285100752,0.6187020118906096
19374,0.8295539435284394,0.005543374685986506,0.16490268178557413
19375,0.9849084923174589,0.002609924028749645,0.012481583653791355
19376,0.016357143450877985,0.0022912792632257244,0.9813515772858964
19377,0.6994007055754015,0.020228185455022,0.2803711089695765
19378,0.9704796662909904,0.009597657013951395,0.01992267669505827
19379,0.47003797767693223,0.02322083657694881,0.5067411857461189
19380,0.20194062754917413,0.006003079181265071,0.7920562932695608
19381,0.8662383913788749,0.017579173416832874,0.11618243520429214
19382,0.7106675220121812,0.006263975902481504,0.2830685020853372
19383,0.021853510926402638,0.027538873772017986,0.9506076153015794
19384,0.8682193072961217,0.0038294079294999236,0.12795128477437848
19385,0.902344617047125,0.008416987448145424,0.08923839550472942
19386,0.15427784298859648,0.14312558207649798,0.7025965749349057
19387,0.8685460782800951,0.10918760640752276,0.022266315312382184
19388,0.0793796889842663,0.032718073604319525,0.887902237411414
19389,0.838796015172417,0.006537641464715515,0.1546663433628675
19390,0.8974580499313425,0.01671464795275818,0.08582730211589933
19391,0.02154099437750901,0.004237941148009184,0.9742210644744818
19392,0.09724160797925238,0.022977435581891997,0.8797809564388557
19393,0.9504080859246922,0.03468014511575176,0.01491176895955602
19394,0.9686295460130275,0.023315586451786385,0.008054867535185974
19395,0.9893805773301878,0.0011089433742853716,0.0095104792955268
19396,0.942920235252814,0.0011832224337513398,0.055896542313434674
19397,0.8595406516061481,0.004193410291210284,0.1362659381026416
19398,0.8444914349328498,0.015632210333730186,0.13987635473342003
19399,0.19893553475387682,0.06931759703495338,0.7317468682111699
19400,0.9517025035491987,0.0016754656666119765,0.04662203078418934
19401,0.15084069062576067,0.020820156898121868,0.8283391524761174
19402,0.9684197791308297,0.0020675827657191865,0.029512638103451123
19403,0.7452125964238496,0.19926917189734517,0.05551823167880527
19404,0.6510752784544328,0.014434555264662068,0.3344901662809052
19405,0.5277535873212238,0.03209445694898053,0.4401519557297957
19406,0.9706507267082176,0.009584510221524562,0.019764763070257825
19407,0.017374855713277813,0.004131677215371941,0.9784934670713502
19408,0.26615221754704604,0.010021248906966538,0.7238265335459874
19409,0.5991137477416368,0.009681130745469039,0.39120512151289416
19410,0.9842465738464978,0.00041302823500085516,0.015340397918501393
19411,0.9805866351566508,0.0018624305557456595,0.017550934287603483
19412,0.778497998486579,0.1248608452612459,0.09664115625217506
19413,0.0015130412489011,0.0005649384915161427,0.9979220202595828
19414,0.002775521384022153,0.0014676158368550564,0.9957568627791227
19415,0.07182231251466079,0.11820981600397501,0.8099678714813642
19416,0.9926802546568014,0.00315037735669108,0.004169367986507379
19417,0.6864626654524622,0.08276249253751666,0.23077484201002121
19418,0.06448283405388833,0.0015094159816225509,0.9340077499644892
19419,0.9730125453169485,0.0013899249021566197,0.02559752978089487
19420,0.003578988875414222,0.0022073287121845042,0.9942136824124013
19421,0.8030384012289581,0.08347352065096471,0.11348807812007722
19422,0.9617676508076795,0.007171881453394769,0.031060467738925814
19423,0.15252187925956615,0.008182780626082686,0.8392953401143513
19424,0.1797328669936759,0.008009560412189283,0.8122575725941348
19425,0.9491801372070456,0.0014633636420179478,0.049356499150936484
19426,0.9758208440431944,0.0016820363142744496,0.022497119642531118
19427,0.5647199454204234,0.011877995601638682,0.4234020589779379
19428,0.9774679513239275,0.0019039091848697012,0.02062813949120291
19429,0.9649164161441873,0.002031515730681056,0.03305206812513172
19430,0.3996735000358142,0.07148600838019616,0.5288404915839896
19431,0.9408717366233731,0.006820291371749862,0.05230797200487712
19432,0.9683727815163431,0.0035223519764306793,0.028104866507226337
19433,0.10283848918978204,0.04298490497011581,0.8541766058401022
19434,0.9250558189973206,0.005857736592301285,0.06908644441037799
19435,0.03009157611642931,0.002257176199800338,0.9676512476837704
19436,0.01576697934768808,0.002194438398209134,0.9820385822541028
19437,0.712776834446811,0.11018767499363172,0.17703549055955725
19438,0.9866731473170344,0.006637929326447953,0.006688923356517686
19439,0.9257401501602907,0.0013775886079227628,0.07288226123178669
19440,0.7242105338287756,0.1485417304274092,0.12724773574381507
19441,0.8098072822883384,0.0048382965615824235,0.18535442115007927
19442,0.6401447273918495,0.04439702428313147,0.31545824832501906
19443,0.09840765351161307,0.0161323812053015,0.8854599652830853
19444,0.8830838465309627,0.009992324379321842,0.10692382908971546
19445,0.9838743673311025,0.0013784265923179662,0.014747206076579584
19446,0.9785155381287174,0.005494323728931218,0.015990138142351357
19447,0.2814338269149726,0.12248503941830902,0.5960811336667183
19448,0.9380461281106995,0.002468918321760279,0.05948495356754026
19449,0.6806783334668021,0.018398137439300525,0.3009235290938975
19450,0.9718324683017602,0.007941257933684246,0.020226273764555453
19451,0.01921286998923052,0.0021989619203408705,0.9785881680904287
19452,0.9649847810472714,0.0006569127381748151,0.03435830621455375
19453,0.8991251470301185,0.002544567897938739,0.09833028507194275
19454,0.69425310056034,0.016744512864149123,0.28900238657551086
19455,0.8252262910588108,0.014085014480766014,0.1606886944604232
19456,0.6533458212159098,0.06121433043727714,0.28543984834681296
19457,0.5862208511265194,0.018716482857215548,0.39506266601626505
19458,0.4904640757415813,0.03347224847607627,0.47606367578234243
19459,0.5306349783013025,0.0035784836916742907,0.4657865380070233
19460,0.7696420229013017,0.09097523511140868,0.13938274198728973
19461,0.9198257158576992,0.005522186266412275,0.07465209787588843
19462,0.8817365290841919,0.0023367527832279513,0.11592671813258015
19463,0.9788072189079038,0.0012749874958842993,0.01991779359621202
19464,0.9776454282419553,0.010893702261087733,0.011460869496957023
19465,0.8141939809735628,0.09090868391699401,0.09489733510944326
19466,0.8306957378865951,0.023291443017525074,0.14601281909587993
19467,0.8416165814596832,0.05665189201040493,0.10173152652991176
19468,0.8228116832940031,0.10715704099535042,0.07003127571064638
19469,0.7866770317129876,0.0013223232453493969,0.21200064504166305
19470,0.9084933280598011,0.0009453112508029922,0.09056136068939581
19471,0.9685574680124898,0.0019817115525704965,0.029460820434939763
19472,0.8235697923645688,0.11623702556047967,0.060193182074951605
19473,0.1794658883141328,0.018963672505872654,0.8015704391799946
19474,0.9370925904522494,0.0014165453601040646,0.06149086418764662
19475,0.02483288626515634,0.0058105224796919114,0.9693565912551518
19476,0.9408728954882857,0.03692613809880298,0.02220096641291115
19477,0.9867426369937032,0.0010521586184258707,0.012205204387870955
19478,0.9809920979988256,0.003820340588504198,0.015187561412670417
19479,0.06209339789570069,0.02131612894280443,0.9165904731614949
19480,0.25339976469957776,0.0289109527475418,0.7176892825528804
19481,0.9158204023295939,0.0054958592212410945,0.07868373844916504
19482,0.9865683385789625,0.005583670745844864,0.007847990675192627
19483,0.8836458611854567,0.007789908956447834,0.10856422985809532
19484,0.9386442369756269,0.0030255620024644595,0.058330201021908744
19485,0.8223034642544469,0.13409536228442354,0.04360117346112962
19486,0.7412959014314779,0.011778817807631684,0.2469252807608904
19487,0.9596828938094687,0.0046724968542367455,0.035644609336294535
19488,0.9011994061871831,0.005075467130994443,0.0937251266818226
19489,0.9837082330286464,0.0015006716168704292,0.0147910953544833
19490,0.8399870141896313,0.019645975545416212,0.14036701026495244
19491,0.9372643062414171,0.0036973517474516095,0.05903834201113126
19492,0.8579772046676275,0.049259066839720964,0.09276372849265141
19493,0.6288819473722566,0.0050897413488074856,0.36602831127893587
19494,0.16765294700915048,0.003393443423364484,0.828953609567485
19495,0.6373600114065683,0.015443487752044157,0.34719650084138765
19496,0.8473362426998828,0.009919731078352307,0.14274402622176496
19497,0.6430551531248068,0.024006195792963408,0.33293865108222975
19498,0.09626047023728117,0.005983066708952356,0.8977564630537664
19499,0.7367246970898051,0.010230195447822318,0.25304510746237246
19500,0.9822861209226472,0.0016836206559951877,0.016030258421357656
19501,0.06102433797903868,0.018432700185497506,0.9205429618354639
19502,0.08248329656966771,0.06692241055978712,0.8505942928705451
19503,0.9801846139582165,0.006450356883913495,0.01336502915786996
19504,0.9327240094640032,0.009155615941863945,0.058120374594132745
19505,0.09240655756601858,0.06488055590413572,0.8427128865298457
19506,0.9522936781496664,0.009197040475098936,0.03850928137523465
19507,0.06929960345383697,0.005650814278954382,0.9250495822672088
19508,0.9181913534778213,0.00963793110600382,0.07217071541617488
19509,0.8511365048248218,0.08819643418753692,0.06066706098764128
19510,0.8462038914481435,0.014262815903003344,0.1395332926488532
19511,0.027095422296174152,0.2800329485248401,0.6928716291789857
19512,0.7544185364763216,0.15241920174454995,0.09316226177912862
19513,0.8349886862951696,0.010254544346436835,0.15475676935839358
19514,0.9890929946012622,0.0004793843235598371,0.01042762107517802
19515,0.20225637435714555,0.011925139717849899,0.7858184859250046
19516,0.7465183224318126,0.012691876341981255,0.24078980122620613
19517,0.9792251926153575,0.003351139207410947,0.017423668177231462
19518,0.9251433096709665,0.0030763943128539538,0.07178029601617955
19519,0.8529769200210632,0.07027151759344372,0.07675156238549295
19520,0.9370591348331894,0.0066689299596158,0.056271935207194736
19521,0.8861791742524392,0.019676004990556845,0.09414482075700398
19522,0.9437152548424657,0.005978094566412287,0.05030665059112225
19523,0.008204083471393763,0.001315236963344582,0.9904806795652615
19524,0.8813730376988047,0.021110406595747568,0.09751655570544787
19525,0.8369454307739927,0.029054948918970515,0.13399962030703672
19526,0.969768994536431,0.0005484531956820786,0.02968255226788691
19527,0.8605941250100976,0.10059245619934364,0.038813418790558815
19528,0.9081787944991209,0.00599521882218851,0.0858259866786906
19529,0.42139848118922457,0.00110317299511014,0.5774983458156653
19530,0.8285296284429373,0.07607001819441017,0.09540035336265251
19531,0.8756014189956398,0.01692632383343658,0.10747225717092354
19532,0.5381428106171858,0.019706740218496614,0.44215044916431756
19533,0.9505993619885452,0.02956137010305026,0.01983926790840441
19534,0.6417753391054872,0.0024692288714506885,0.35575543202306203
19535,0.01691096925251644,0.004563603182686785,0.9785254275647968
19536,0.06296000978700071,0.010527833690136762,0.9265121565228625
19537,0.0015335733768749964,0.0015997421320835912,0.9968666844910413
19538,0.8544566413443746,0.006063694591851909,0.13947966406377352
19539,0.4145030272107232,0.04401463217111109,0.5414823406181657
19540,0.001942238083263588,0.000741557422235602,0.997316204494501
19541,0.008190062137701378,0.0015272961498602336,0.9902826417124384
19542,0.9771254019480392,0.007248129180617709,0.015626468871343082
19543,0.8790020285552569,0.006242436763783051,0.11475553468096011
19544,0.8752631561966306,0.005571943023832586,0.11916490077953673
19545,0.0055448952213266196,0.0017588065607364641,0.9926962982179368
19546,0.8659167933634175,0.002223075830362041,0.13186013080622033
19547,0.9480233739228143,0.007144549768736875,0.044832076308448654
19548,0.2996060927897823,0.08058303086268759,0.6198108763475301
19549,0.9794104197882105,0.0014088202570888579,0.019180759954700657
19550,0.903220355363812,0.0011011240190080176,0.09567852061717992
19551,0.4553467016343108,0.07231825122661614,0.47233504713907315
19552,0.05489966972808911,0.005468903022948201,0.9396314272489628
19553,0.23384440038920004,0.02819411984364731,0.7379614797671525
19554,0.9241238276808112,0.0057804598551258945,0.07009571246406306
19555,0.991056968409845,0.0010335136321213136,0.007909517958033544
19556,0.6441520079244725,0.05477351769796946,0.30107447437755797
19557,0.9843866061642759,0.0022583440638489576,0.013355049771875351
19558,0.8761014280211041,0.046759741887785235,0.07713883009111071
19559,0.2392078027621352,0.0073589329723729,0.7534332642654917
19560,0.9770774741091546,0.00834396794910542,0.014578557941739975
19561,0.20979395806489703,0.0012859505259647532,0.7889200914091382
19562,0.6363420872679197,0.02951096091325997,0.33414695181882037
19563,0.9623361417523163,0.002484259928118685,0.03517959831956505
19564,0.944914571752395,0.0034587976968895712,0.05162663055071557
19565,0.0012086523439822526,0.0005047098057671754,0.9982866378502504
19566,0.5930800931280016,0.10935434770493418,0.2975655591670643
19567,0.011052902411549603,0.012601616670468871,0.9763454809179815
19568,0.9793784451507329,0.0025003323786541207,0.018121222470613048
19569,0.9751639063886219,0.003422683940508893,0.02141340967086912
19570,0.9802591433700054,0.014421280517429386,0.005319576112565037
19571,0.8586118012294535,0.0027395430767250635,0.1386486556938215
19572,0.8335630992309213,0.013780477594676242,0.15265642317440248
19573,0.8978895100739339,0.015955885069637236,0.08615460485642887
19574,0.9733472066010138,0.0026898002172042914,0.02396299318178182
19575,0.7766289967124896,0.004951787425686867,0.21841921586182345
19576,0.888928500624562,0.010164031240414352,0.10090746813502363
19577,0.9387670096702356,0.006098528926778431,0.05513446140298597
19578,0.9802704342249323,0.00904974696013376,0.0106798188149339
19579,0.9744044366014806,0.004064719743039496,0.021530843655479984
19580,0.9263281086226886,0.006763375854432082,0.06690851552287948
19581,0.9168293852788785,0.018639671961108835,0.06453094276001263
19582,0.45653188945982714,0.016143325224197834,0.527324785315975
19583,0.005640687675056768,0.0013395170109170946,0.9930197953140262
19584,0.8121480291761587,0.07873307624948658,0.10911889457435484
19585,0.8922111989581083,0.006236087510683771,0.10155271353120794
19586,0.08343893715402656,0.13630250819974782,0.7802585546462255
19587,0.5916545904318474,0.0014525300108961222,0.4068928795572565
19588,0.955175810386049,0.013615621634342906,0.03120856797960811
19589,0.9293012692937472,0.005010065773887924,0.0656886649323648
19590,0.9772277616528267,0.008640125320456531,0.014132113026716717
19591,0.5946365074441283,0.04169153670371312,0.3636719558521586
19592,0.9766633153391995,0.006089170620658941,0.017247514040141698
19593,0.9745813491003213,0.002521016614366094,0.02289763428531265
19594,0.9367262221185805,0.047809948670302874,0.015463829211116612
19595,0.08595795681502488,0.01174345180585969,0.9022985913791153
19596,0.9395427574784116,0.007276966677811322,0.05318027584377704
19597,0.9246307289599289,0.005376460198930292,0.06999281084114076
19598,0.10862673955355599,0.017558388556890174,0.873814871889554
19599,0.9631352802224407,0.019652696427752442,0.017212023349806836
19600,0.002915027738786279,0.003954975276557273,0.9931299969846565
19601,0.9317689016964575,0.004329113963029747,0.06390198434051272
19602,0.942452741561361,0.01524730114100279,0.04229995729763611
19603,0.05215157065445494,0.007666352074544773,0.9401820772710003
19604,0.10136005827924163,0.012021421265769827,0.8866185204549887
19605,0.7634860398313058,0.030639047315974863,0.20587491285271928
19606,0.7938666630826907,0.16587671303083726,0.04025662388647196
19607,0.9376334752133799,0.03032934662821309,0.032037178158406995
19608,0.34649265560877135,0.011397613479413378,0.6421097309118153
19609,0.8376547628157829,0.006557572153836496,0.15578766503038063
19610,0.9654489576966594,0.0015723433837775032,0.03297869891956326
19611,0.9718155281188483,0.002859754526587579,0.025324717354564104
19612,0.9434291934234367,0.006742947779514546,0.04982785879704862
19613,0.5870976818259394,0.05644552821364733,0.3564567899604133
19614,0.9769214972623629,0.002482699670184124,0.02059580306745299
19615,0.21456095633646438,0.015717140100900306,0.7697219035626354
19616,0.15906637507372115,0.04352865453159886,0.79740497039468
19617,0.8708102917034721,0.0101560404121626,0.1190336678843653
19618,0.8475362724134647,0.022613699330443784,0.1298500282560914
19619,0.9718131567223917,0.010780559805587689,0.017406283472020778
19620,0.5719421965182379,0.0075956375978054975,0.4204621658839566
19621,0.7762670503863485,0.005337175185832647,0.21839577442781877
19622,0.9815061279924548,0.001218663868275926,0.017275208139269357
19623,0.9696288566126878,0.003494775049713612,0.026876368337598544
19624,0.9834992921533863,0.008569633949485334,0.007931073897128481
19625,0.018551410575482218,0.007039909136308634,0.974408680288209
19626,0.8479415541475661,0.0014558256830558697,0.15060262016937803
19627,0.9430358680361396,0.004979691616289636,0.05198444034757071
19628,0.14007256818681593,0.004154320872457658,0.8557731109407263
19629,0.9700786824415752,0.0041824115995001115,0.02573890595892464
19630,0.342914547924392,0.007193393985285348,0.6498920580903227
19631,0.9704977413544378,0.009822435790160108,0.019679822855402013
19632,0.3919450185360106,0.002284498414907993,0.6057704830490814
19633,0.9843213796855397,0.001772176031406501,0.01390644428305378
19634,0.14890560483322346,0.0021026302645268265,0.8489917649022497
19635,0.8836471546251035,0.006540660384885507,0.10981218499001108
19636,0.957344080635774,0.0086117137350274,0.03404420562919871
19637,0.9078135177260258,0.04525444153931868,0.046932040734655525
19638,0.9072430319347538,0.003600284514829792,0.08915668355041648
19639,0.9205208518502779,0.003888724089110608,0.07559042406061159
19640,0.11356251912962748,0.035467914927325615,0.850969565943047
19641,0.9729799197283373,0.0023686450859983638,0.024651435185664514
19642,0.20818979520412734,0.059087362292371944,0.7327228425035007
19643,0.054297401717466665,0.005553309154555569,0.9401492891279777
19644,0.8909255532273623,0.03374138796534777,0.07533305880728985
19645,0.9684667032183045,0.014091786437029725,0.017441510344665723
19646,0.904210916094405,0.00796152843987452,0.08782755546572059
19647,0.4718998000812837,0.053354457388205295,0.474745742530511
19648,0.9674493638685053,0.0013110005644843743,0.03123963556701044
19649,0.792127751003854,0.004613036887495755,0.2032592121086503
19650,0.9301948991547109,0.0038620095769534178,0.06594309126833559
19651,0.8665836406639635,0.03628541661339699,0.09713094272263957
19652,0.7014526647295799,0.0243649539727311,0.27418238129768907
19653,0.9682650546091918,0.021927461277925137,0.009807484112883007
19654,0.5313174972508704,0.01124009822301476,0.45744240452611495
19655,0.9503590814198618,0.011885719577169315,0.03775519900296895
19656,0.9765378767451185,0.0008692042567944426,0.02259291899808702
19657,0.023261412780408837,0.024771485161554127,0.9519671020580369
19658,0.5348798433466981,0.02188762715691923,0.44323252949638275
19659,0.9325623000325302,0.0008843927388149401,0.06655330722865495
19660,0.5234023589896297,0.05256915257914782,0.42402848843122243
19661,0.9848041892609659,0.0032090434610259236,0.011986767278008143
19662,0.8947628779199697,0.0021668025391758747,0.10307031954085447
19663,0.8884747223133995,0.012105978558272522,0.09941929912832805
19664,0.8385788020960174,0.01831731409177802,0.1431038838122046
19665,0.7660849216136447,0.030701294721507847,0.20321378366484744
19666,0.5130458794261766,0.006133887833532343,0.48082023274029106
19667,0.8073271481302278,0.12819417152985474,0.06447868033991744
19668,0.11366995235139593,0.018640610189096504,0.8676894374595077
19669,0.9705640108033553,0.005990544637120028,0.0234454445595246
19670,0.7796299918536486,0.001183630773382352,0.21918637737296898
19671,0.08585122189550329,0.005946769209126193,0.9082020088953706
19672,0.7626773023725592,0.01082350022464944,0.22649919740279134
19673,0.8976720921912977,0.004842917014330633,0.09748499079437162
19674,0.9881709727756055,0.0053429756394794145,0.00648605158491505
19675,0.07110500822446163,0.004574419838726905,0.9243205719368115
19676,0.4118278297081004,0.0064500509861180125,0.5817221193057815
19677,0.9828961576623984,0.003025622055804083,0.01407822028179758
19678,0.08370810576959838,0.012474739032491924,0.9038171551979097
19679,0.0054343513270623724,0.0005832558455101097,0.9939823928274276
19680,0.01634377361199658,0.026152077468359347,0.957504148919644
19681,0.8505651531607057,0.0036546742224656923,0.14578017261682863
19682,0.9681090497496363,0.0037488299382549117,0.02814212031210877
19683,0.003417748022200808,0.0017450946074137174,0.9948371573703854
19684,0.8392005090450589,0.024839517904841013,0.13595997305010013
19685,0.9720817407368115,0.003621426945038306,0.024296832318150198
19686,0.23324017957493198,0.012893041561250382,0.7538667788638177
19687,0.9665590129879468,0.0031040422429055117,0.030336944769147674
19688,0.011275266523209298,0.0029444542107106854,0.9857802792660799
19689,0.5666573802456091,0.17676188940511012,0.25658073034928075
19690,0.9841745972992039,0.0053677659965803,0.010457636704215807
19691,0.9631725157789057,0.0071199346573084,0.029707549563785754
19692,0.3614890637404125,0.004164308298216319,0.6343466279613712
19693,0.5021869694814777,0.10538765709274307,0.3924253734257793
19694,0.9887872239756204,0.008085773094083107,0.003127002930296496
19695,0.9671228864264749,0.0067323390030735964,0.026144774570451598
19696,0.8035237319270934,0.01990656252964797,0.17656970554325874
19697,0.9385095240925283,0.0178037365942869,0.04368673931318487
19698,0.8052718600584905,0.016079294079640892,0.1786488458618687
19699,0.502285852550754,0.008966864305218515,0.48874728314402754
19700,0.9705166583171851,0.0014066146634590469,0.0280767270193558
19701,0.41484314821027424,0.00499369831405044,0.5801631534756753
19702,0.9614276091139797,0.0031067533178741197,0.03546563756814602
19703,0.38340587249270575,0.0228041790806139,0.5937899484266803
19704,0.9632298267566413,0.0034249484625244013,0.03334522478083433
19705,0.9865521106368591,0.004123230803188375,0.009324658559952454
19706,0.8416850420235394,0.013387996181770391,0.14492696179469008
19707,0.9752541444616407,0.007472542952827387,0.0172733125855319
19708,0.30946856727084154,0.21423617480687915,0.4762952579222793
19709,0.8415179240915142,0.018065902142451372,0.14041617376603438
19710,0.9682495442055012,0.006231045280711841,0.025519410513786984
19711,0.49805979136721606,0.00529432966370334,0.49664587896908063
19712,0.3483168850032009,0.007248573381659261,0.6444345416151399
19713,0.9176079257799297,0.007938472845080568,0.07445360137498988
19714,0.7094678079259951,0.2522804170317028,0.038251775042302115
19715,0.8651748936635432,0.004470735941516187,0.13035437039494066
19716,0.7229567864060611,0.09963372390400888,0.1774094896899301
19717,0.019006758716504705,0.002018425648680801,0.9789748156348144
19718,0.9616858993978329,0.002409270431872773,0.03590483017029447
19719,0.027345078859118743,0.003092372460678003,0.9695625486802032
19720,0.9410907815779692,0.0010928607267921956,0.057816357695238595
19721,0.16437131442197206,0.07147546299526356,0.7641532225827645
19722,0.8907750093151505,0.06902472600197986,0.04020026468286964
19723,0.49098237627354246,0.4592734423919307,0.04974418133452676
19724,0.9788128536572618,0.005707208380153037,0.01547993796258509
19725,0.30886717480794923,0.011804363006717,0.6793284621853338
19726,0.9707176624808134,0.006276735538199393,0.023005601980987233
19727,0.6380426512765784,0.015974580004313364,0.3459827687191081
19728,0.2913962475455138,0.059186999143836926,0.6494167533106492
19729,0.9640082252002633,0.016070593420699764,0.01992118137903688
19730,0.9760084998783222,0.005711486465225813,0.018280013656452022
19731,0.044316190316801084,0.07234253420267056,0.8833412754805283
19732,0.1306268324252604,0.172834728273321,0.6965384393014187
19733,0.9349512740580699,0.005681730603985258,0.05936699533794493
19734,0.9536232436301442,0.024093293729474136,0.02228346264038164
19735,0.9659069210406542,0.00148204212130986,0.03261103683803583
19736,0.03677515257598507,0.007587089530584581,0.9556377578934304
19737,0.9731837511214294,0.0015965039226485222,0.02521974495592214
19738,0.8342593906921095,0.011117178049399193,0.1546234312584913
19739,0.07709964068479024,0.005018146970927886,0.9178822123442819
19740,0.9361954209874679,0.0038664753376261287,0.05993810367490604
19741,0.9889806244734776,0.0008311518422094244,0.010188223684312997
19742,0.9732291871088459,0.0009139210117707327,0.025856891879383254
19743,0.9631186807103778,0.015470787706078123,0.021410531583544234
19744,0.13328681762884653,0.009096584931175747,0.8576165974399776
19745,0.962960171346644,0.009391639920354987,0.027648188733001053
19746,0.7165633967118896,0.01195366376805886,0.27148293952005154
19747,0.9623003554984586,0.013955006128005829,0.023744638373535586
19748,0.964851161352569,0.007939673426273814,0.027209165221157152
19749,0.11597873343334562,0.09925506614892782,0.7847662004177266
19750,0.4119032739674542,0.30075745118086933,0.2873392748516764
19751,0.4200832411875981,0.002212028729974951,0.577704730082427
19752,0.9323070959108211,0.002689726790193948,0.06500317729898492
19753,0.8100914936192752,0.04982168131545214,0.1400868250652727
19754,0.2519612050334283,0.025253671058317335,0.7227851239082543
19755,0.9232410067263643,0.00573831220061606,0.07102068107301966
19756,0.7324493797025526,0.01941292119992023,0.24813769909752714
19757,0.9724525950584821,0.0035280306902911096,0.02401937425122686
19758,0.30276087395307705,0.0029580455774273536,0.6942810804694955
19759,0.9862254457090391,0.0032341890472269257,0.010540365243733918
19760,0.06681266657401311,0.027058937556398547,0.9061283958695883
19761,0.986104243899032,0.002108062376318041,0.01178769372464985
19762,0.9825892411886347,0.01008769755381178,0.0073230612575536
19763,0.7825731542279584,0.008668617018589413,0.20875822875345235
19764,0.9403753728494266,0.0033101797229869185,0.05631444742758643
19765,0.07899021909729034,0.016385976916894394,0.9046238039858153
19766,0.007999223707103164,0.0011109665635575102,0.9908898097293393
19767,0.034116000075608624,0.0017643304812021141,0.9641196694431893
19768,0.9687991175787747,0.003233882105133841,0.027967000316091478
19769,0.9488821646235078,0.0014385614051013991,0.04967927397139091
19770,0.8232790387697317,0.02926010844796699,0.14746085278230125
19771,0.8614886244932234,0.016293301230797055,0.12221807427597964
19772,0.4615285224086717,0.0826491490549636,0.45582232853636473
19773,0.9825799075891725,0.0016833128117173534,0.01573677959911021
19774,0.5666365450968405,0.029392585016291883,0.4039708698868675
19775,0.40940908749927873,0.1299058244642426,0.4606850880364787
19776,0.9379344895241477,0.013544461328983773,0.04852104914686858
19777,0.9021669313545544,0.005505300410613227,0.09232776823483246
19778,0.9131695620610625,0.003745894899718227,0.0830845430392193
19779,0.49049271277355616,0.18364774905849432,0.3258595381679495
19780,0.10562898706066884,0.00785838148601021,0.886512631453321
19781,0.9515788078034986,0.020370308533047544,0.028050883663454054
19782,0.47607419408569945,0.00869779061333221,0.5152280153009684
19783,0.99156165825784,0.00047055061104707,0.007967791131112806
19784,0.2625520557893067,0.049185108519000945,0.6882628356916924
19785,0.9067280128494262,0.013743561762222342,0.07952842538835156
19786,0.7811050233541871,0.14325038381509358,0.07564459283071939
19787,0.9117396041519571,0.005574162042246618,0.08268623380579629
19788,0.6901759105421654,0.03591789842557611,0.2739061910322584
19789,0.9794795955931497,0.0037015322541773003,0.01681887215267301
19790,0.9753026732799396,0.002388288812362454,0.022309037907697938
19791,0.9606648891392455,0.0024740325499919952,0.036861078310762414
19792,0.9690873702311098,0.0010703942449814677,0.029842235523908724
19793,0.8661701032190812,0.01322968922501561,0.12060020755590323
19794,0.9220998523405906,0.00632865334189459,0.07157149431751479
19795,0.006879226981311975,0.0008106484661426847,0.9923101245525452
19796,0.034351451278174544,0.001958478332387644,0.963690070389438
19797,0.0624902694341441,0.0015672845500341614,0.9359424460158217
19798,0.8671717856697116,0.003693926073539187,0.12913428825674927
19799,0.8685685329142788,0.006340226512376165,0.12509124057334506
19800,0.009517649170746812,0.0017926630462222746,0.9886896877830309
19801,0.9369750477491753,0.005440166523333272,0.05758478572749156
19802,0.9759376768659247,0.013832527687876137,0.0102297954461992
19803,0.5929732946685966,0.009914839098460743,0.39711186623294265
19804,0.8908843594601279,0.0022324869047199826,0.10688315363515218
19805,0.9689095103402092,0.0031245221023554213,0.027965967557435436
19806,0.327050806610969,0.0021260207602793644,0.6708231726287516
19807,0.9419203010764499,0.004397427279315144,0.05368227164423498
19808,0.9805578977772789,0.0015957531220400633,0.017846349100681086
19809,0.45611824885147345,0.07640544623167816,0.4674763049168484
19810,0.9370569607869788,0.004067003050217778,0.05887603616280364
19811,0.009004458772476581,0.0004676301816323716,0.9905279110458911
19812,0.9685857647023814,0.011070236388825611,0.020343998908792946
19813,0.964149882349201,0.0016670177907315352,0.03418309986006737
19814,0.7949505299399169,0.005023269936682466,0.20002620012340064
19815,0.9179536223826197,0.0063828918522816054,0.07566348576509864
19816,0.9302343287489073,0.00250398342038271,0.06726168783070996
19817,0.7669761652550784,0.0071713900648723355,0.22585244468004936
19818,0.005576064986768691,0.0038975918540200185,0.9905263431592113
19819,0.885499784754795,0.0026339212700459006,0.11186629397515904
19820,0.8826488022244662,0.011697658847314336,0.10565353892821956
19821,0.9798320108190439,0.0012386764756942936,0.018929312705261724
19822,0.9716587518710837,0.0015460003990735763,0.02679524772984261
19823,0.9489912864809786,0.0043255546684945675,0.04668315885052676
19824,0.007559278278511719,0.0006815092322422714,0.991759212489246
19825,0.7299791227732798,0.0045173070218457664,0.26550357020487436
19826,0.3965983518457665,0.029105240041501487,0.5742964081127321
19827,0.09128236711746568,0.21452871146963215,0.6941889214129022
19828,0.910702758334915,0.004594266874362606,0.08470297479072245
19829,0.9720258696880202,0.015929637357682283,0.012044492954297412
19830,0.8402487037790187,0.0056988918387861935,0.15405240438219503
19831,0.9198031123023773,0.009598588939509742,0.07059829875811291
19832,0.20791375395989142,0.19895704231542993,0.5931292037246787
19833,0.9499855415430773,0.0006001319464474917,0.04941432651047517
19834,0.9800947419038014,0.0018437402614516771,0.01806151783474696
19835,0.7718233572999251,0.023545769108714653,0.20463087359136017
19836,0.5536510791554423,0.00817544918329269,0.43817347166126497
19837,0.9700361199016976,0.022009197592190586,0.007954682506111917
19838,0.25368708388747546,0.0019604092842098637,0.7443525068283147
19839,0.9296141786471489,0.003362118169862388,0.06702370318298866
19840,0.9712547409192305,0.0006032777607935518,0.028141981319975938
19841,0.09524138121572229,0.0031953121864419167,0.9015633065978359
19842,0.5393228647645044,0.23215328062029753,0.2285238546151981
19843,0.9522759902647258,0.004699552668852759,0.04302445706642163
19844,0.016417591359639362,0.0056253711667798145,0.9779570374735809
19845,0.8598016740949517,0.02987888853337009,0.11031943737167829
19846,0.030607742692346892,0.01778411448373626,0.9516081428239169
19847,0.11176951457397882,0.002447101962187019,0.8857833834638342
19848,0.018705819670009206,0.006042242052000735,0.9752519382779901
19849,0.9431258188709154,0.0017322000068251677,0.05514198112225943
19850,0.04624485243316458,0.020934936962131664,0.9328202106047037
19851,0.9857597783713752,0.004123723111010039,0.010116498517614807
19852,0.9784722249374289,0.00317661613121024,0.018351158931360946
19853,0.9072209321833473,0.018555792211051057,0.07422327560560175
19854,0.09504298473222655,0.004463772169433335,0.9004932430983401
19855,0.5932846431932182,0.009745062911326124,0.3969702938954558
19856,0.9877421107086817,0.004000848946754443,0.008257040344563895
19857,0.8217686116135476,0.13556896174260002,0.04266242664385242
19858,0.9919886968004373,0.0028876869455786098,0.0051236162539839486
19859,0.9755073063100973,0.007591004083285105,0.01690168960661753
19860,0.983244476646028,0.0010460717888354084,0.01570945156513665
19861,0.575664733311863,0.027886570688396964,0.39644869599974003
19862,0.6023017041656877,0.019502566625188962,0.37819572920912337
19863,0.011254369147113485,0.002351522666917787,0.9863941081859688
19864,0.11238095304044213,0.00625212437318423,0.8813669225863736
19865,0.7417305299836794,0.016769550944708334,0.24149991907161228
19866,0.7537189399903995,0.022633947139995926,0.2236471128696045
19867,0.5757793002890111,0.0356057790976337,0.3886149206133551
19868,0.8768412110175945,0.030978231719015037,0.09218055726339053
19869,0.87928637527502,0.00207634476024961,0.11863727996473042
19870,0.971004083958895,0.0077369404356938155,0.021258975605411026
19871,0.8812309086798586,0.0017512807507568933,0.11701781056938443
19872,0.5152317023067257,0.029430327291344226,0.4553379704019301
19873,0.4471113015644199,0.0050326065892896885,0.5478560918462904
19874,0.6520169613046832,0.03815720218678406,0.3098258365085327
19875,0.9054257997722822,0.007264743411144159,0.08730945681657348
19876,0.9564256486239676,0.007718794737371701,0.035855556638660635
19877,0.0065117290104870764,0.004180972494311639,0.9893072984952012
19878,0.9868612665625696,0.0016061419649580143,0.011532591472472454
19879,0.9689070919007552,0.005676306079770479,0.025416602019474287
19880,0.3568050207244171,0.014109812705766982,0.629085166569816
19881,0.9401296096822529,0.005276225624491773,0.05459416469325537
19882,0.9816919505229413,0.0017669901052187109,0.016541059371839997
19883,0.9882057853693169,0.0032286155329207976,0.008565599097762349
19884,0.9483985556918106,0.0045329452050518835,0.04706849910313758
19885,0.32982692564078125,0.46465139073500183,0.2055216836242169
19886,0.9150726834098633,0.013412287166178444,0.07151502942395817
19887,0.09840742874875583,0.014937521425834693,0.8866550498254094
19888,0.9799506852942983,0.00163999774223187,0.018409316963469806
19889,0.8242633653844422,0.004497575782333409,0.17123905883322438
19890,0.9528123637240536,0.0031363705010945065,0.04405126577485177
19891,0.9645642935343974,0.006026552155617005,0.029409154309985554
19892,0.0327175993222751,0.010989129103869264,0.9562932715738556
19893,0.40483752416742047,0.014770789401027096,0.5803916864315524
19894,0.9393306678690484,0.0029612172387740057,0.057708114892177614
19895,0.7167374717908217,0.005719242993584449,0.27754328521559396
19896,0.8766390836800286,0.001932604086722562,0.12142831223324879
19897,0.91845034431674,0.01782014599664555,0.0637295096866145
19898,0.9657635645220524,0.0009173575211124477,0.03331907795683503
19899,0.9407462871574692,0.008948006290122306,0.05030570655240837
19900,0.37417748863361766,0.0032527986538736925,0.6225697127125086
19901,0.35699698373132716,0.014593116931353262,0.6284098993373195
19902,0.0017762028808165841,0.0005494543376273339,0.9976743427815562
19903,0.9744329566395971,0.0013058577427624493,0.024261185617640593
19904,0.05866603235595083,0.003968719031877941,0.9373652486121712
19905,0.6589811036260858,0.011456210541268528,0.3295626858326457
19906,0.9486547824799545,0.0017189264682089885,0.0496262910518366
19907,0.4986261605213238,0.05240320982064665,0.4489706296580295
19908,0.9290480360793476,0.009534964822597532,0.06141699909805476
19909,0.03548995361033679,0.013094533814023519,0.9514155125756398
19910,0.007085433850387526,0.0007310285143582631,0.9921835376352541
19911,0.9691239267560249,0.012614710031770674,0.018261363212204396
19912,0.6467079234814879,0.08638156345952984,0.26691051305898233
19913,0.27117487073951807,0.01396691229910704,0.7148582169613749
19914,0.020073825061606747,0.009951619198551389,0.9699745557398419
19915,0.2004114760217115,0.034277436273656696,0.7653110877046317
19916,0.012894847416050459,0.0016652934126041672,0.9854398591713454
19917,0.7280532538865072,0.012171793023587889,0.25977495308990495
19918,0.7140907692720917,0.013226231152197055,0.2726829995757113
19919,0.8663575316331142,0.006260156624983387,0.12738231174190232
19920,0.8728846093365757,0.059082417028413645,0.06803297363501067
19921,0.8013322683808887,0.09190198087140737,0.10676575074770397
19922,0.09240635638009184,0.005857959271916884,0.9017356843479913
19923,0.7261482626120234,0.005979257706141005,0.2678724796818357
19924,0.1948173467531253,0.011815253397364446,0.7933673998495103
19925,0.8623555792921707,0.005560259247443751,0.13208416146038562
19926,0.9769172439648428,0.004005027239671178,0.019077728795485836
19927,0.43675684151581595,0.013505279902892155,0.5497378785812919
19928,0.9283844906084724,0.013744326598192115,0.05787118279333547
19929,0.864864836511866,0.010049013904986191,0.12508614958314782
19930,0.9242934313440676,0.014400062562493855,0.06130650609343863
19931,0.9738095403100999,0.008868620346694223,0.017321839343205928
19932,0.20606507025429488,0.20897045525555524,0.5849644744901499
19933,0.9357777266715952,0.0007721083094151802,0.06345016501898973
19934,0.9227342162849503,0.00547550578014345,0.07179027793490624
19935,0.9195166300256279,0.008604540840725036,0.07187882913364703
19936,0.7012361779425416,0.0090454544611671,0.2897183675962914
19937,0.16382240362968375,0.08257612157646063,0.7536014747938558
19938,0.29636345273601516,0.0055777889924626635,0.6980587582715221
19939,0.0027371699628053825,0.00451841798817853,0.9927444120490161
19940,0.7910474238276979,0.006291801103107677,0.20266077506919453
19941,0.007344587666401968,0.0016328488440353532,0.9910225634895627
19942,0.9135042159703944,0.03073243646954581,0.05576334756005981
19943,0.9523559307086268,0.021918783872213105,0.02572528541916015
19944,0.9350560085709541,0.04811428137220042,0.016829710056845457
19945,0.8633114415193035,0.005754272529748691,0.13093428595094786
19946,0.5495993055367503,0.04593033319525819,0.4044703612679915
19947,0.969788066367324,0.01031772838447287,0.01989420524820327
19948,0.6380239337967237,0.004356550703853954,0.3576195154994224
19949,0.10011507464904058,0.01249188450379203,0.8873930408471673
19950,0.9609262200247599,0.0007128018509060855,0.03836097812433407
19951,0.5874806374025451,0.016093449112541527,0.3964259134849134
19952,0.9788169134825138,0.0010894824493103536,0.020093604068175862
19953,0.986122458793073,0.0009179329983575981,0.012959608208569482
19954,0.48692477333825923,0.11113624775433861,0.40193897890740204
19955,0.9169670731090828,0.0039674486058429975,0.07906547828507426
19956,0.01845625792271171,0.006585180942068432,0.9749585611352198
19957,0.9489129266745094,0.010926001273090246,0.0401610720524002
19958,0.6535835729648661,0.009174658153800369,0.3372417688813336
19959,0.764821366532795,0.012423533169473576,0.22275510029773132
19960,0.8970911836158613,0.00817092418914007,0.09473789219499867
19961,0.8851088820837569,0.0011643298734975132,0.11372678804274564
19962,0.06180368796735392,0.03501779733339069,0.9031785146992555
19963,0.04728323479014895,0.002180136262537073,0.950536628947314
19964,0.9565593316924913,0.002685369219876935,0.0407552990876317
19965,0.5087239282286037,0.002559401919545922,0.4887166698518504
19966,0.0968801057954061,0.007460339010640908,0.895659555193953
19967,0.8761053288107629,0.024590052685233448,0.0993046185040038
19968,0.24635034660021857,0.00946792170090859,0.7441817316988729
19969,0.04394948157261838,0.008093731255417968,0.9479567871719637
19970,0.8675682773078369,0.020834393819073045,0.11159732887309007
19971,0.9215645380074332,0.06882017682687572,0.009615285165691061
19972,0.7043564906731716,0.0031551444037780955,0.2924883649230503
19973,0.08183643080366336,0.0212077290321152,0.8969558401642215
19974,0.021587363845658875,0.0457291984122841,0.932683437742057
19975,0.9783927023366789,0.0027242792432840683,0.01888301842003712
19976,0.9035425151232745,0.007861181512768128,0.08859630336395738
19977,0.4955559515944111,0.005384647278691179,0.4990594011268976
19978,0.9454304937825687,0.004204407284437556,0.0503650989329938
19979,0.1361222344561061,0.0019714452815755403,0.8619063202623185
19980,0.002505417256852073,0.0012860269409551526,0.9962085558021927
19981,0.9733204867549292,0.0016052318726393231,0.025074281372431523
19982,0.512638789795634,0.0357437967757131,0.45161741342865286
19983,0.8652614969907039,0.002114647632330512,0.13262385537696564
19984,0.9640730596231217,0.01913875464483011,0.016788185732048117
19985,0.9579084706557064,0.013111841460477093,0.02897968788381655
19986,0.9586752807636787,0.0032015971130172492,0.038123122123303925
19987,0.9890704943595305,0.0010077581783109705,0.009921747462158542
19988,0.04005285880417762,0.008280046592385898,0.9516670946034365
19989,0.4165398013065655,0.495457554506757,0.08800264418667765
19990,0.9777654674279799,0.004030709629879045,0.018203822942141196
19991,0.9712937512453568,0.0018719587468608904,0.026834290007782254
19992,0.7688997371592594,0.020589066860368262,0.21051119598037227
19993,0.9219083428614081,0.004550753050143991,0.07354090408844784
19994,0.03906748496639822,0.0014322776817038668,0.959500237351898
19995,0.9420531516871316,0.0021053727594648117,0.05584147555340367
19996,0.8436444754096142,0.010275563055758868,0.14607996153462688
19997,0.9813893080999991,0.001155761930225606,0.017454929969775306
19998,0.9888898886164197,0.000615497389894539,0.010494613993685604
19999,0.8436873138775252,0.028734830592221924,0.1275778555302529
20000,0.9630983258403931,0.019993785481881514,0.01690788867772541
20001,0.8412583917292917,0.0392464832684728,0.11949512500223536
20002,0.9916421234527943,0.0033300977541099583,0.005027778793095713
20003,0.9736335788847802,0.0010735778424906723,0.02529284327272919
20004,0.9189230256436587,0.004713668401562048,0.07636330595477918
20005,0.11333764508750369,0.0030166880393697423,0.8836456668731265
20006,0.20239610565037253,0.0017122517839501803,0.7958916425656772
20007,0.5202111582908217,0.025728682529072636,0.45406015918010567
20008,0.4537501765378929,0.047067685760811946,0.49918213770129516
20009,0.3686450818069882,0.0026190737591446425,0.6287358444338671
20010,0.983167271998618,0.0019136699502329338,0.014919058051148942
20011,0.052557910642022115,0.1427466445633554,0.8046954447946225
20012,0.5337324175220223,0.01916901394327327,0.44709856853470437
20013,0.9877855895910447,0.0025176841558335,0.009696726253121821
20014,0.27337737749593916,0.020225356819421815,0.7063972656846391
20015,0.1678806405529139,0.058083208973938566,0.7740361504731474
20016,0.9474275375048647,0.003320380754668889,0.04925208174046637
20017,0.8995669852567221,0.053135945608638074,0.0472970691346397
20018,0.14210645321299634,0.007361639476840763,0.8505319073101629
20019,0.8933257702265409,0.04280813018924922,0.06386609958420991
20020,0.021068910370568558,0.008350284525490815,0.9705808051039406
20021,0.00641452442940235,0.009127807063544057,0.9844576685070536
20022,0.006670407999187775,0.0019121014062336416,0.9914174905945786
20023,0.9136916531543653,0.005112949457049266,0.08119539738858536
20024,0.26592288725725277,0.03291554008299352,0.7011615726597537
20025,0.946049481642483,0.0029537906144110936,0.0509967277431059
20026,0.3801760398619619,0.0030266567963215213,0.6167973033417167
20027,0.5165420396486199,0.01237680534363195,0.47108115500774816
20028,0.8028156448017051,0.001836105729456769,0.19534824946883816
20029,0.33491564931402173,0.005170655724435564,0.6599136949615427
20030,0.899505250950257,0.002227543390764029,0.09826720565897891
20031,0.07835259314118576,0.18168587480181356,0.7399615320570007
20032,0.10233561932655381,0.01828124713108747,0.8793831335423589
20033,0.9902108186264802,0.0012060554958883917,0.008583125877631423
20034,0.8579678862502464,0.01184087603867747,0.1301912377110761
20035,0.971828637804135,0.0015123726213126197,0.026658989574552414
20036,0.3444688878170983,0.026571356416252287,0.6289597557666494
20037,0.703984077466393,0.05510747538476964,0.2409084471488372
20038,0.9741346447589887,0.003140447274623966,0.022724907966387285
20039,0.020887614460624676,0.0014249584175878452,0.9776874271217875
20040,0.11120229313356016,0.02072462023413855,0.8680730866323013
20041,0.1453295323426195,0.03004435517156249,0.824626112485818
20042,0.7460972228740046,0.13299560573972835,0.12090717138626715
20043,0.052570162385743024,0.02259451525664241,0.9248353223576146
20044,0.6475581687056535,0.023668631669809773,0.32877319962453666
20045,0.6610196842008479,0.0039211687853576834,0.33505914701379447
20046,0.033187560134903094,0.004482698082450108,0.9623297417826469
20047,0.12938037254041376,0.005328106297572533,0.8652915211620137
20048,0.8195130741528198,0.006991537209472344,0.17349538863770772
20049,0.9170729619990311,0.011953651696197005,0.07097338630477179
20050,0.9579525183399683,0.0013751022888411173,0.04067237937119057
20051,0.9708228129941843,0.007612944655184613,0.02156424235063118
20052,0.039066665047520086,0.005713746883830041,0.9552195880686499
20053,0.6140178615354281,0.05726423076478816,0.32871790769978376
20054,0.8954020949230113,0.005081267425809288,0.09951663765117943
20055,0.6050327453136561,0.003680410105290131,0.3912868445810536
20056,0.16067925909330413,0.009133009347461916,0.830187731559234
20057,0.9468000026858333,0.001426941269115205,0.05177305604505149
20058,0.9776042098323625,0.005162474696027097,0.017233315471610333
20059,0.9545889197067938,0.020655256549164516,0.024755823744041575
20060,0.9552851615401202,0.001260753218391196,0.043454085241488555
20061,0.9862608272968492,0.0011134472099528416,0.012625725493198011
20062,0.9555366396640776,0.012563799936912586,0.03189956039900984
20063,0.029646680816730872,0.0026841454917169334,0.9676691736915523
20064,0.8629542179347859,0.0033679313442036567,0.13367785072101035
20065,0.0007561443858227603,0.00017045175415593487,0.9990734038600211
20066,0.0011985444516903207,0.0003168832650514342,0.9984845722832582
20067,0.18797814415714037,0.007160494801432472,0.8048613610414271
20068,0.9009994032460779,0.005152883467700687,0.09384771328622141
20069,0.7572525042826401,0.012554108535266707,0.2301933871820931
20070,0.9717291873071725,0.005098948599266513,0.023171864093560892
20071,0.06861617349814973,0.16362037969215587,0.7677634468096943
20072,0.02508147621217759,0.00958038138707457,0.9653381424007479
20073,0.9686095132558967,0.0009032103719623251,0.030487276372140958
20074,0.924028904470644,0.01735716540415843,0.05861393012519756
20075,0.2586080029647126,0.06737447185661122,0.6740175251786761
20076,0.6800216049447405,0.008057740221816167,0.3119206548334433
20077,0.4121562699375862,0.05616778674514471,0.5316759433172691
20078,0.37300382460063,0.03629477702732501,0.5907013983720449
20079,0.013775627984644743,0.05527401547166611,0.9309503565436892
20080,0.8175505367063345,0.09862262144659323,0.08382684184707234
20081,0.3946653439481257,0.01919893968048297,0.5861357163713913
20082,0.10155317301354841,0.004402388369619207,0.8940444386168324
20083,0.9128598923838631,0.002639517705867376,0.08450058991026953
20084,0.7494055372247743,0.0023983206213919073,0.2481961421538337
20085,0.8985609267001702,0.005621264625756635,0.09581780867407316
20086,0.028025631088553833,0.002254368195596786,0.9697200007158495
20087,0.9249865342598806,0.002962670171073911,0.07205079556904559
20088,0.9687680595860998,0.0034135160682638725,0.02781842434563644
20089,0.18110090442848076,0.021388424768094057,0.7975106708034252
20090,0.6147120487308371,0.03457275157555632,0.3507151996936068
20091,0.10072146837253032,0.006396143535302604,0.892882388092167
20092,0.9513874424361989,0.003196253507451537,0.04541630405634956
20093,0.9759446369103324,0.0025006216816225025,0.02155474140804506
20094,0.835590112984791,0.002593282950366845,0.16181660406484205
20095,0.9839026940881235,0.0024037725787696643,0.013693533333106932
20096,0.9760092570967241,0.011248741823245176,0.012742001080030638
20097,0.8916603726858708,0.06667592517706603,0.041663702137063184
20098,0.9616227494550443,0.003177625333602195,0.03519962521135333
20099,0.9110208835379874,0.04436675645579391,0.04461236000621878
20100,0.9871686127524582,0.0015804446421041778,0.011250942605437658
20101,0.13761939989547942,0.008267702363725322,0.8541128977407954
20102,0.9761344006209832,0.0031096907668409445,0.020755908612175786
20103,0.21131641785592956,0.0200826952600763,0.7686008868839941
20104,0.001949848844178992,0.000369215414393708,0.9976809357414275
20105,0.76611669120598,0.19892223449986302,0.03496107429415678
20106,0.924025647459068,0.04466517523444634,0.031309177306485775
20107,0.9302422236658638,0.0012324262255739413,0.06852535010856228
20108,0.536948531940086,0.009515344910068734,0.45353612314984526
20109,0.9620431109604064,0.002164414798128333,0.03579247424146528
20110,0.9363262448246448,0.02717412956327073,0.036499625612084544
20111,0.9421839136927421,0.0043263176114789765,0.053489768695778955
20112,0.034016094770190665,0.016148948350596406,0.9498349568792129
20113,0.9406327910150654,0.003823352934513772,0.05554385605042095
20114,0.8601794437438519,0.01620694397378085,0.12361361228236742
20115,0.041097005668314146,0.5174707893624743,0.4414322049692116
20116,0.9200933819315854,0.0017379820165592517,0.07816863605185527
20117,0.8795404116534256,0.08176439684826495,0.03869519149830947
20118,0.682634264832231,0.008378894149101415,0.30898684101866775
20119,0.021656900456756917,0.0037000332082917763,0.9746430663349512
20120,0.9789794137915959,0.001926304000344585,0.019094282208059383
20121,0.6856845274907721,0.0174617258920706,0.29685374661715724
20122,0.030066195196574177,0.12228144605021804,0.8476523587532078
20123,0.9735824692391075,0.001937142123741016,0.024480388637151417
20124,0.6361690798526639,0.02983897176395373,0.3339919483833824
20125,0.8343834833590739,0.06473750094652005,0.10087901569440617
20126,0.9873408942201943,0.004481365973450843,0.008177739806354833
20127,0.0029402001108582813,0.003545165188562839,0.993514634700579
20128,0.8663725222473324,0.0025288743546757115,0.1310986033979919
20129,0.8288247312221613,0.0072518535419268376,0.1639234152359118
20130,0.08757130377528015,0.029456915144834214,0.8829717810798857
20131,0.9819026272022074,0.0013590993067650432,0.016738273491027546
20132,0.9830176493605864,0.0006567413542656647,0.016325609285147733
20133,0.7181089082657768,0.15573812470916995,0.1261529670250532
20134,0.36995966919257517,0.015241207782556524,0.6147991230248683
20135,0.016563413938472566,0.0023417750361222674,0.9810948110254052
20136,0.1594005817593397,0.4899229369061895,0.35067648133447077
20137,0.014234780102688215,0.000828027393114644,0.9849371925041972
20138,0.8468237416883919,0.009714396179884122,0.14346186213172393
20139,0.09468241100506289,0.003718542969719812,0.9015990460252173
20140,0.9724734245643508,0.006943353703413383,0.02058322173223573
20141,0.6625756728094286,0.01457256503371909,0.3228517621568523
20142,0.011937531403798253,0.004181200541230706,0.9838812680549711
20143,0.9902598095345109,0.0013345237141631822,0.00840566675132581
20144,0.9641330120567101,0.007414173922016711,0.028452814021273108
20145,0.9692692635363913,0.006135899912202183,0.024594836551406464
20146,0.7392088882643363,0.002212675881089746,0.258578435854574
20147,0.9413436214383338,0.005967434254774394,0.052688944306891715
20148,0.1858035818539386,0.11112333936251904,0.7030730787835424
20149,0.8070326236588606,0.01846569536320064,0.17450168097793864
20150,0.5167983659142583,0.008842211567656568,0.47435942251808505
20151,0.18579777972928757,0.007828999009478357,0.8063732212612341
20152,0.16014969049489217,0.06950770359475696,0.7703426059103509
20153,0.5887054814776332,0.20587725564340972,0.20541726287895712
20154,0.9402874317756817,0.028152801379001502,0.031559766845316764
20155,0.004320828979240566,0.0027220774925093053,0.9929570935282502
20156,0.937940612005967,0.008966408057036496,0.053092979936996534
20157,0.00542064897131762,0.0006232905773010604,0.9939560604513813
20158,0.8927760515592265,0.019919732246454866,0.08730421619431872
20159,0.9720189621602111,0.002665060050864529,0.025315977788924353
20160,0.2897059106537812,0.029960474897272764,0.680333614448946
20161,0.013157755686459187,0.001165266781396407,0.9856769775321443
20162,0.7539879211556546,0.06794790599611618,0.17806417284822929
20163,0.9824431824275803,0.0011375387035653462,0.01641927886885427
20164,0.9696019189640142,0.0024970016840534077,0.027901079351932364
20165,0.9583991900953002,0.0028461936093674154,0.03875461629533245
20166,0.9606990919212315,0.010264416988144764,0.02903649109062371
20167,0.046187131005163626,0.0049340117805068045,0.9488788572143296
20168,0.017767837724612212,0.0020161545441361667,0.9802160077312516
20169,0.2527246225343206,0.11853315569452333,0.628742221771156
20170,0.5822326414998938,0.04212684612692001,0.3756405123731862
20171,0.0628474367695157,0.014087636378521312,0.9230649268519631
20172,0.6643432682837149,0.0024413046446596625,0.33321542707162544
20173,0.8146731609094204,0.08822370309694622,0.09710313599363353
20174,0.8807177710763986,0.004957924559684811,0.11432430436391648
20175,0.9939642459660798,0.00167017294914089,0.004365581084779232
20176,0.8502124495913925,0.04095706620104775,0.10883048420755975
20177,0.45268703634743973,0.023053093137646627,0.5242598705149136
20178,0.9526460257744329,0.003176322087038157,0.04417765213852885
20179,0.9524760628339844,0.02860669738344775,0.01891723978256797
20180,0.1664462762521169,0.008754441737533303,0.8247992820103498
20181,0.03128547549012184,0.05290911887889194,0.9158054056309861
20182,0.29892014337276834,0.05364849767220099,0.6474313589550306
20183,0.8567891408497823,0.021847803630871816,0.12136305551934573
20184,0.9508258820568583,0.001972571755248847,0.04720154618789298
20185,0.9866863103802188,0.0009699886925608173,0.012343700927220428
20186,0.8045699602687818,0.006389967481013923,0.18904007225020428
20187,0.44614542258832934,0.02556183296917531,0.5282927444424953
20188,0.9388667232733567,0.002267986527104536,0.058865290199538775
20189,0.982095209849325,0.002975643297642664,0.014929146853032309
20190,0.8949172459792686,0.0038429663350695157,0.1012397876856619
20191,0.5415789054766599,0.0021071973497996067,0.45631389717354054
20192,0.9371513279288956,0.025233813878039153,0.03761485819306522
20193,0.9618669874206606,0.014394599394673519,0.023738413184666095
20194,0.7697322835639997,0.006524095066802097,0.22374362136919812
20195,0.956528865491069,0.005455121458354399,0.038016013050576655
20196,0.9327042747642045,0.005722016995280438,0.06157370824051508
20197,0.28020026201941695,0.2734026478377511,0.4463970901428319
20198,0.0632940955891766,0.03474775859799665,0.9019581458128269
20199,0.9782900122675482,0.000967226689328473,0.020742761043123368
20200,0.7411942442264365,0.006332824776163665,0.25247293099739987
20201,0.8125158833073918,0.03903358092158266,0.14845053577102563
20202,0.9362954792871468,0.0047803425750549905,0.058924178137798114
20203,0.24835132840852234,0.008518345765134473,0.7431303258263433
20204,0.8087528326930056,0.025229952544267735,0.16601721476272668
20205,0.9474515459557702,0.0028246903717905935,0.04972376367243933
20206,0.0065598984152174175,0.0036139168644069553,0.9898261847203756
20207,0.9089368323614664,0.03449182755778523,0.05657134008074846
20208,0.91345684082192,0.0061150711865953205,0.08042808799148454
20209,0.045467439940355535,0.04876424239939999,0.9057683176602445
20210,0.8853376281386057,0.05577186967576676,0.05889050218562763
20211,0.9572182909463598,0.003716039717532726,0.0390656693361074
20212,0.013853443110307048,0.005752261424041676,0.9803942954656513
20213,0.9428578639139076,0.02396758957560676,0.03317454651048567
20214,0.7206535412550892,0.026794793224370745,0.25255166552054004
20215,0.9532531823585422,0.008393928711055501,0.03835288893040248
20216,0.9215807896657917,0.029063304259596492,0.04935590607461185
20217,0.792259034755914,0.06682234046917951,0.14091862477490655
20218,0.45279200901030625,0.0442077082091024,0.5030002827805914
20219,0.9482080541000469,0.004448830057118512,0.04734311584283451
20220,0.9634073479326923,0.011461617509159397,0.025131034558148246
20221,0.9736943165321712,0.0021968603304544643,0.024108823137374266
20222,0.42474106760035035,0.0012959868646880797,0.5739629455349615
20223,0.36090244476881295,0.22263054447133407,0.41646701075985293
20224,0.949804050084732,0.001604766893280878,0.048591183021987186
20225,0.041743919682282485,0.021477093205530935,0.9367789871121865
20226,0.9196308251390516,0.005707254536824145,0.07466192032412416
20227,0.17607565874005948,0.010036416717870193,0.8138879245420703
20228,0.9750388248655706,0.0014271956742946173,0.023533979460134826
20229,0.8101587960957636,0.023045314572691718,0.16679588933154457
20230,0.11193371597856766,0.04690637909987239,0.8411599049215599
20231,0.9868744237428124,0.0035553866767937714,0.009570189580393821
20232,0.9653135401069481,0.0007576121781435792,0.03392884771490821
20233,0.9614045481050342,0.00398091074961129,0.03461454114535447
20234,0.9240640521686623,0.005971399886708579,0.06996454794462913
20235,0.41365052453330287,0.07279720478658713,0.5135522706801101
20236,0.7190527877733368,0.038012212076725546,0.24293500014993766
20237,0.9454593116106207,0.00500841071551212,0.049532277673867295
20238,0.9653250730020633,0.02133693135350221,0.01333799564443444
20239,0.004954910180580627,0.0016884351717694375,0.99335665464765
20240,0.9284239658947018,0.014974229700311786,0.05660180440498638
20241,0.968534059234126,0.003585049716839247,0.027880891049034552
20242,0.011328657306857181,0.0015608598897258825,0.987110482803417
20243,0.6157640373161899,0.028673774283001892,0.3555621884008082
20244,0.01751394892695387,0.019097235150972523,0.9633888159220736
20245,0.783850678181407,0.003488325377916901,0.2126609964406762
20246,0.5312652220191058,0.06373187407652675,0.40500290390436755
20247,0.8383916565743418,0.05080918272986654,0.11079916069579168
20248,0.04912849052308638,0.0048585770413829025,0.9460129324355306
20249,0.7602340963651049,0.005587864220241915,0.23417803941465318
20250,0.9214788423575837,0.02595102626206499,0.05257013138035135
20251,0.19127889319947916,0.0013227038384625227,0.8073984029620583
20252,0.9783235035300938,0.0035902093027029413,0.01808628716720309
20253,0.964623684028799,0.006924640338251096,0.028451675632949883
20254,0.8715330387125778,0.008284356035180363,0.12018260525224177
20255,0.9276971998104888,0.032127417211551386,0.04017538297795983
20256,0.9429319110519655,0.003284978226253015,0.05378311072178155
20257,0.7023648686628466,0.020134594695712393,0.2775005366414409
20258,0.9352074391912032,0.009364217391914773,0.055428343416882124
20259,0.7326893613724821,0.005035560331809532,0.2622750782957084
20260,0.9897996051863592,0.0011675547059914948,0.009032840107649303
20261,0.39180781076557264,0.006838035930812791,0.6013541533036145
20262,0.9458541032013588,0.006161103747025465,0.04798479305161586
20263,0.1823517586173976,0.004068744474746452,0.8135794969078559
20264,0.9894866592628634,0.003288277930928902,0.007225062806207716
20265,0.9919516108002346,0.0015107470945578164,0.006537642105207503
20266,0.833633297144055,0.001756498940141288,0.16461020391580378
20267,0.0030954700697137212,0.000829127200077934,0.9960754027302083
20268,0.29467367293875585,0.020450704284528276,0.6848756227767159
20269,0.2311073102418535,0.01961043076056231,0.7492822589975843
20270,0.08018007587908264,0.04069791931707474,0.8791220048038427
20271,0.07078560366938634,0.08040426977402748,0.8488101265565862
20272,0.9077310163535945,0.0023435701732033142,0.08992541347320214
20273,0.9092530170012154,0.012318825029965843,0.07842815796881872
20274,0.9746105043586285,0.012945833216411644,0.012443662424959926
20275,0.8087498888127587,0.0026091933956040375,0.18864091779163725
20276,0.8168547495816239,0.004232251479655696,0.17891299893872056
20277,0.9895149394215678,0.0006719799107764348,0.009813080667655797
20278,0.7019168133648253,0.02322225355142585,0.2748609330837489
20279,0.9737561156520891,0.004648781033965406,0.02159510331394558
20280,0.1695350522948107,0.2551664089878657,0.5752985387173236
20281,0.9053463572209762,0.01646736120944763,0.0781862815695761
20282,0.9380519890034145,0.013824537981529909,0.048123473015055665
20283,0.767414661669947,0.12622514645437172,0.10636019187568144
20284,0.261382068396029,0.019681645788732622,0.7189362858152385
20285,0.8030418651742376,0.025951862046753364,0.17100627277900904
20286,0.5738142982295679,0.006444950787208381,0.4197407509832237
20287,0.9860479663213443,0.001057438761620039,0.012894594917035672
20288,0.9751548115483704,0.0018831482840577672,0.022962040167572
20289,0.971758810072813,0.013835206669785825,0.014405983257401354
20290,0.9736302243618163,0.021870965876429123,0.004498809761754427
20291,0.02411268491590737,0.00852094552691097,0.9673663695571816
20292,0.4655391566802941,0.02337444793366626,0.5110863953860397
20293,0.62137554049826,0.01393408307249787,0.3646903764292422
20294,0.6828833350576113,0.059494400220377476,0.2576222647220112
20295,0.6722050728045051,0.012417113760595098,0.3153778134348996
20296,0.014475787820597295,0.002043867739998626,0.983480344439404
20297,0.9861856950390306,0.003569787670448866,0.010244517290520403
20298,0.945661570749659,0.001257859769070259,0.05308056948127088
20299,0.007445900257219173,0.009755342229565322,0.9827987575132154
20300,0.316581602386404,0.01531127864710984,0.6681071189664862
20301,0.7100932378964803,0.08128207336461399,0.20862468873890563
20302,0.6058294898606431,0.007258868387406555,0.38691164175195036
20303,0.024381288680595824,0.03268787922906513,0.942930832090339
20304,0.127454378616917,0.003168797894005824,0.8693768234890771
20305,0.7820849461688482,0.04394607551798415,0.1739689783131678
20306,0.020236644769882628,0.03083005492975118,0.9489333003003662
20307,0.8179346769416174,0.027211883865957485,0.15485343919242509
20308,0.4582961834947401,0.007935323336758258,0.5337684931685016
20309,0.97648337207261,0.0026470236241212643,0.020869604303268577
20310,0.9901042425265302,0.0006674530131411989,0.009228304460328629
20311,0.9260497237720744,0.00895826748677509,0.06499200874115056
20312,0.006280870281560611,0.011797568933456596,0.9819215607849827
20313,0.9286095185776878,0.014797472138244911,0.05659300928406716
20314,0.09149241850496924,0.009817766601235883,0.898689814893795
20315,0.9533742141610031,0.005358129049324094,0.04126765678967283
20316,0.9400117608588878,0.0411193447350679,0.018868894406044313
20317,0.9725938450971899,0.004411215425341908,0.022994939477468126
20318,0.595223817348377,0.008940317226408178,0.3958358654252148
20319,0.7562553997491372,0.0066812848716395696,0.23706331537922315
20320,0.0025659397444956393,0.0012713816347029857,0.9961626786208013
20321,0.9658505971048708,0.0018454128835629388,0.03230399001156633
20322,0.8364048363099135,0.05096332606234712,0.11263183762773941
20323,0.9515987036189317,0.0016148814421066014,0.046786414938961726
20324,0.8366340485395589,0.012280592469514504,0.15108535899092657
20325,0.982259115506229,0.0013632967093695379,0.01637758778440143
20326,0.9509154644315239,0.010101849333331029,0.0389826862351451
20327,0.9025882100602349,0.0031749262225965664,0.09423686371716847
20328,0.9773743389208732,0.0021222558421177045,0.020503405237009123
20329,0.14872621497537042,0.08677458301728755,0.764499202007342
20330,0.363928616551892,0.25953856234789263,0.3765328211002153
20331,0.9755300415526662,0.002252585943524356,0.02221737250380948
20332,0.019461877780651067,0.0022415137941767032,0.9782966084251723
20333,0.6250507142796021,0.009235874226893032,0.3657134114935049
20334,0.024811195114308418,0.0035647374321287027,0.9716240674535629
20335,0.008654543730731497,0.0011737421818305842,0.990171714087438
20336,0.9485125434781332,0.0020846203224317633,0.04940283619943518
20337,0.8670940280402428,0.015772564423113106,0.11713340753664397
20338,0.3235489451558953,0.02240588747057907,0.6540451673735257
20339,0.9500061214509072,0.005090976514438256,0.04490290203465448
20340,0.938380134335367,0.021158223449442196,0.0404616422151908
20341,0.9588674326394627,0.007937692365812456,0.033194874994724705
20342,0.6160114685745712,0.006387908349839127,0.3776006230755896
20343,0.014080262293646499,0.0039394901816770045,0.9819802475246764
20344,0.7149448383590147,0.018947876243971533,0.26610728539701384
20345,0.18594364412951875,0.011595159946416758,0.8024611959240644
20346,0.7472222036707133,0.23505191495463995,0.01772588137464665
20347,0.9256708921562091,0.005641259824130414,0.06868784801966048
20348,0.9643377160048856,0.021480950654527743,0.014181333340586761
20349,0.7726844919927368,0.012478518704637044,0.2148369893026261
20350,0.9345474587234774,0.004055392998453458,0.06139714827806914
20351,0.4124015113033923,0.06849343257543128,0.5191050561211764
20352,0.46250939445705225,0.04158648728619195,0.4959041182567558
20353,0.9557689066216254,0.008187118964493598,0.03604397441388094
20354,0.6161601305884462,0.01137567086214514,0.3724641985494087
20355,0.09256550167849825,0.004109465059352678,0.9033250332621491
20356,0.18554873263970229,0.022181882712407903,0.7922693846478897
20357,0.881562881297038,0.01752382455100627,0.10091329415195566
20358,0.9292713783832932,0.0013902272565742605,0.06933839436013242
20359,0.8230460654956651,0.005368129404187722,0.17158580510014723
20360,0.5638103338728153,0.01846200426017923,0.4177276618670056
20361,0.1511408625874956,0.009417743770721956,0.8394413936417824
20362,0.9923201790884298,0.001027319189593917,0.006652501721976328
20363,0.9867270398116296,0.000647427210190844,0.01262553297817955
20364,0.967214667581731,0.002855767725644833,0.029929564692623978
20365,0.4319883343548725,0.02072027101773047,0.547291394627397
20366,0.02653562049444611,0.0067442129303813565,0.9667201665751726
20367,0.06118927322630757,0.0046348670235226395,0.9341758597501698
20368,0.9327326329114498,0.023139663313237344,0.04412770377531295
20369,0.5141721622667228,0.09124122971551421,0.394586608017763
20370,0.9405439121094492,0.010071891337699436,0.04938419655285146
20371,0.7057118851067937,0.004513744443477407,0.28977437044972887
20372,0.22659138847613133,0.10133340402948834,0.6720752074943803
20373,0.12798823259957343,0.06367846440192187,0.8083333029985047
20374,0.41074820768769116,0.3335954692973151,0.25565632301499375
20375,0.48616526119178094,0.0191716808437769,0.4946630579644422
20376,0.9734436499478192,0.0015433618103147947,0.02501298824186597
20377,0.981450285483671,0.0043546809677736725,0.014195033548555308
20378,0.9784835536128317,0.0028328320304299133,0.018683614356738446
20379,0.9835040663413116,0.0032382648983535116,0.013257668760334844
20380,0.8435609006785388,0.06444211933763362,0.09199697998382755
20381,0.01672225332555166,0.003136408372898152,0.9801413383015501
20382,0.5061857594305526,0.10178534917917528,0.3920288913902721
20383,0.8126877727643582,0.040055975660299295,0.14725625157534242
20384,0.9697971531936447,0.002760248256554741,0.027442598549800558
20385,0.28351352923108675,0.002557302712005419,0.7139291680569078
20386,0.0042056752508161524,0.0018820827221445059,0.9939122420270394
20387,0.7160047723143135,0.0667312306486979,0.2172639970369886
20388,0.9806967539402995,0.00705592105938532,0.012247325000315107
20389,0.1813595571607429,0.006161110348212896,0.8124793324910442
20390,0.9712107359205644,0.001997438860787253,0.02679182521864836
20391,0.9858493986887561,0.002630074124344858,0.011520527186899082
20392,0.9810278034930826,0.0034846063152003718,0.015487590191717058
20393,0.9142412775864086,0.002537978415091715,0.08322074399849963
20394,0.9835711378584343,0.0011912078938721964,0.015237654247693418
20395,0.6031671557301898,0.013541022006125896,0.38329182226368436
20396,0.9872665030416722,0.003019162490733189,0.009714334467594699
20397,0.5763512460393945,0.3672282476101866,0.056420506350418995
20398,0.8533881593520567,0.011494573848726455,0.13511726679921698
20399,0.02989495120556706,0.0017752595647494503,0.9683297892296836
20400,0.01473108636122012,0.0092288931842409,0.9760400204545387
20401,0.08611019970603707,0.03454031687335839,0.8793494834206046
20402,0.5669513552520694,0.01521417387397091,0.41783447087395964
20403,0.9236330133188408,0.008237362415331578,0.06812962426582743
20404,0.7987051654494428,0.014329818864044653,0.1869650156865125
20405,0.9444258926559608,0.004101737514652677,0.0514723698293867
20406,0.954756228354215,0.023268001655289666,0.021975769990495372
20407,0.9394337148574337,0.002057086231430363,0.058509198911135915
20408,0.004487779981045646,0.010550828464836907,0.9849613915541174
20409,0.9643107627146874,0.0004125118633921281,0.03527672542192039
20410,0.08556455140223428,0.0038766828945633472,0.9105587657032026
20411,0.9191058539061654,0.006843670521656699,0.0740504755721778
20412,0.9588310384281857,0.007557721400895586,0.03361124017091885
20413,0.047923011973061966,0.011712583569113973,0.940364404457824
20414,0.5715334422856624,0.002567229748986942,0.4258993279653508
20415,0.7471216319671519,0.06949284864164679,0.1833855193912012
20416,0.5266962371172049,0.03014346129067716,0.44316030159211783
20417,0.8558230408730925,0.006600898502822321,0.1375760606240852
20418,0.9700379447191412,0.0014640962227162903,0.028497959058142584
20419,0.8533196331354049,0.12314476609026828,0.023535600774326947
20420,0.9182994041140154,0.002258513578387883,0.0794420823075966
20421,0.9861215670604988,0.0022707053494660356,0.011607727590035246
20422,0.7151649772727399,0.015154851666419802,0.26968017106084025
20423,0.847486413471431,0.008057595986751893,0.14445599054181724
20424,0.19135215905419667,0.011452902737873975,0.7971949382079293
20425,0.41225518534975575,0.09092629627048078,0.49681851837976354
20426,0.9698077683619742,0.002373780511311856,0.027818451126713776
20427,0.02112528185609349,0.0034381227797200984,0.9754365953641865
20428,0.8995370304458676,0.029225282963379062,0.0712376865907532
20429,0.9234664578821052,0.013143450545046483,0.06339009157284814
20430,0.9538773213301192,0.00438199614677965,0.04174068252310115
20431,0.9344902450111208,0.0021551770201623096,0.06335457796871699
20432,0.9702047785927292,0.0008663713217401396,0.028928850085530484
20433,0.009258498387506461,0.001126119811759424,0.9896153818007342
20434,0.8653990040289705,0.02777077109425394,0.10683022487677546
20435,0.9833771965340578,0.003408201819128252,0.013214601646813932
20436,0.9627423223751044,0.0075582415436864486,0.029699436081209056
20437,0.33510112010740106,0.019544562745458946,0.6453543171471401
20438,0.3725355112934964,0.07522240995100674,0.5522420787554969
20439,0.8224546767480678,0.031801794364402634,0.14574352888752956
20440,0.7459630005335399,0.010083252365707066,0.24395374710075296
20441,0.8655149770649437,0.011151997508581412,0.12333302542647484
20442,0.29128985538760227,0.0485526217071352,0.6601575229052626
20443,0.02035874883431813,0.0026030541224648235,0.9770381970432171
20444,0.3306051391083106,0.010571682877936644,0.6588231780137528
20445,0.9035492257921396,0.003958091076620528,0.0924926831312399
20446,0.06343176987691389,0.0007217883872373312,0.9358464417358487
20447,0.9833562577718695,0.0016535670967629957,0.014990175131367432
20448,0.5569562777699323,0.024299646825326475,0.41874407540474123
20449,0.3839220004507897,0.024362559230746535,0.5917154403184637
20450,0.8999455086746242,0.00525490413956275,0.09479958718581316
20451,0.8367035110377876,0.01592041483693525,0.14737607412527712
20452,0.7527240167496058,0.0048608322116169105,0.2424151510387773
20453,0.8210397102107317,0.0037674905661992204,0.17519279922306902
20454,0.9892616029409877,0.00043138682497081103,0.0103070102340415
20455,0.8118250130740776,0.01196326397480825,0.17621172295111417
20456,0.004798168021562652,0.004076293944227079,0.9911255380342103
20457,0.9465182639455003,0.0056165594043098965,0.047865176650189994
20458,0.48728436732586544,0.007301284552266262,0.5054143481218681
20459,0.9678684114300564,0.0009940056871071716,0.031137582882836332
20460,0.946662015441769,0.0012212260062034307,0.05211675855202756
20461,0.9704540633122785,0.0036773349106435415,0.02586860177707816
20462,0.5622686741111321,0.001143607053525651,0.43658771883534225
20463,0.8707999757821328,0.012347739896339926,0.11685228432152728
20464,0.9829618511579761,0.002627563647888723,0.014410585194135355
20465,0.28143369821437525,0.00376019299019747,0.7148061087954274
20466,0.41122749795170677,0.02322017785678713,0.5655523241915061
20467,0.8796405258197562,0.007538211090069908,0.11282126309017391
20468,0.987791531214421,0.005047805916631419,0.007160662868947664
20469,0.9354398399815342,0.0032409021964280287,0.06131925782203776
20470,0.9619426401975115,0.010782752072149803,0.027274607730338653
20471,0.002082260897100301,0.000812055209071177,0.9971056838938285
20472,0.9478515240702287,0.006382724292026655,0.04576575163774481
20473,0.012134231449742159,0.002144342311536364,0.9857214262387215
20474,0.5183863026461305,0.03350770630368632,0.44810599105018317
20475,0.8481257860566689,0.004157752074867956,0.14771646186846327
20476,0.512402141835464,0.022320414148423638,0.4652774440161124
20477,0.9128924354065349,0.002456958155693042,0.08465060643777204
20478,0.23725825977592285,0.0005190976540842769,0.7622226425699927
20479,0.06944724074927763,0.06707001708155555,0.8634827421691668
20480,0.884108009652274,0.04721936685232924,0.06867262349539693
20481,0.4877135719202198,0.03371002623911172,0.4785764018406684
20482,0.9543688950062366,0.009168139351283406,0.03646296564247999
20483,0.9494800743216849,0.0028764425273148635,0.04764348315100023
20484,0.9787342808449039,0.0022571412286563103,0.019008577926439795
20485,0.8787199576600205,0.0018654965643407993,0.1194145457756387
20486,0.9856001645324919,0.0007049296219914007,0.01369490584551674
20487,0.95573341204368,0.0036980450595317433,0.04056854289678829
20488,0.17367862528127032,0.03380622547942494,0.7925151492393046
20489,0.5138562192228181,0.019654519538627457,0.4664892612385544
20490,0.9752657126971347,0.008250983886835497,0.016483303416029722
20491,0.9691276778762747,0.004227758909928109,0.026644563213797188
20492,0.8500882159740377,0.059716383383292826,0.09019540064266936
20493,0.016561322460976278,0.002495773697997571,0.9809429038410261
20494,0.7907687629887035,0.005685433673954009,0.2035458033373425
20495,0.9623905876624543,0.005318579365064814,0.03229083297248098
20496,0.9046063819199803,0.024376336762698146,0.07101728131732153
20497,0.5347627190339843,0.01562261284349308,0.4496146681225226
20498,0.18147936709734386,0.0016471473094068836,0.8168734855932492
20499,0.05451202911513959,0.003439617088316432,0.9420483537965441
20500,0.43367078428906025,0.001429255728040688,0.5648999599828991
20501,0.47798737616225284,0.025846941862692534,0.49616568197505456
20502,0.9503231391639255,0.02729990814745378,0.022376952688620777
20503,0.5427555905786596,0.00468889798258197,0.4525555114387584
20504,0.9697957438756719,0.002509460003939535,0.0276947961203885
20505,0.8954845279314089,0.007509674302899524,0.09700579776569165
20506,0.9854630565743951,0.003588539783043362,0.010948403642561453
20507,0.009360075474501007,0.0073459924222533165,0.9832939321032457
20508,0.8687496181461962,0.01779991717828993,0.11345046467551385
20509,0.940732616046309,0.020351872278958415,0.03891551167473266
20510,0.6594272948709974,0.010137582934999322,0.3304351221940033
20511,0.9852976231049294,0.0025713586518764297,0.012131018243194158
20512,0.627868740002177,0.015718104224111087,0.356413155773712
20513,0.9212579322726916,0.021618514634561235,0.057123553092747165
20514,0.9696010606240321,0.0007600250532860189,0.02963891432268189
20515,0.9809003291519345,0.0026860638623626425,0.01641360698570292
20516,0.944140200256096,0.0014069052030752471,0.054452894540828876
20517,0.004435783372827462,0.00210371225158154,0.9934605043755909
20518,0.06665494728310956,0.004028152709883928,0.9293169000070064
20519,0.9578380267680463,0.02564400495406621,0.01651796827788752
20520,0.8874101011311641,0.006833800519711767,0.10575609834912407
20521,0.06156016637629379,0.002352216413036589,0.9360876172106696
20522,0.8676040519568946,0.04025445728904688,0.0921414907540585
20523,0.9828788896078244,0.0024751298086266365,0.014645980583548997
20524,0.5557615631560339,0.00507538927375447,0.43916304757021163
20525,0.9387648467621111,0.007418232130675801,0.053816921107213186
20526,0.9867112169090704,0.00543403456373827,0.00785474852719149
20527,0.7743046014162083,0.0022871759392798347,0.22340822264451177
20528,0.11660225218769098,0.01663768293622656,0.8667600648760825
20529,0.9161749733428197,0.0032037473736161934,0.08062127928356409
20530,0.8185863612062659,0.006706960928998326,0.17470667786473587
20531,0.973732877880606,0.016278375692596193,0.009988746426797904
20532,0.9475974970758333,0.0020830894908393173,0.050319413433327395
20533,0.9514840354528755,0.004870242670839338,0.04364572187628524
20534,0.21170790368883274,0.006535944728559274,0.7817561515826081
20535,0.8513793163007949,0.032274745999309795,0.11634593769989532
20536,0.8408148338723613,0.13839241996088933,0.020792746166749233
20537,0.9293070385605846,0.00564108414373519,0.06505187729568028
20538,0.0036735650354367028,0.006746471800183937,0.9895799631643794
20539,0.8059493754580291,0.007237252829733483,0.18681337171223733
20540,0.005945612309331908,0.005565639198167157,0.988488748492501
20541,0.8800153100321868,0.0706865663670643,0.04929812360074897
20542,0.9119741564103052,0.005121669506782652,0.08290417408291227
20543,0.005845872481155497,0.0009017902087238923,0.9932523373101206
20544,0.01945254870977889,0.004467608163527658,0.9760798431266935
20545,0.9890352049479719,0.001668489311310693,0.009296305740717513
20546,0.9629155776290252,0.0018169285237848178,0.035267493847189926
20547,0.9717027366857665,0.0030728134697652907,0.025224449844468085
20548,0.9637093259778916,0.014605181917888243,0.021685492104220147
20549,0.08408987931717132,0.015446193660909234,0.9004639270219195
20550,0.8809069748435356,0.00173417188303388,0.11735885327343039
20551,0.014400788748612213,0.0003012837461995753,0.9852979275051881
20552,0.07069414267420893,0.0027439661459382507,0.9265618911798529
20553,0.8939339033571317,0.05502248004465701,0.05104361659821122
20554,0.06190427890012845,0.007507754220739486,0.9305879668791321
20555,0.08246610613049783,0.017308289568730262,0.9002256043007718
20556,0.9374600773752109,0.00869199287543091,0.05384792974935819
20557,0.9817733037314749,0.0017869457933371359,0.016439750475188093
20558,0.9373846122092431,0.003960522804949036,0.05865486498580795
20559,0.7274684383770804,0.012078406313108778,0.2604531553098108
20560,0.9750859129265397,0.006089214115623649,0.018824872957836778
20561,0.9853667043651089,0.002564769257246131,0.012068526377645005
20562,0.04265013654978901,0.11393374555460224,0.8434161178956088
20563,0.9385523010812359,0.003953217262136545,0.05749448165662764
20564,0.1497069520177399,0.21523469612194296,0.6350583518603172
20565,0.912960545738484,0.009311415725706134,0.0777280385358098
20566,0.5390626026236658,0.01600983601824899,0.4449275613580852
20567,0.9521398510581758,0.018664115733081042,0.029196033208743078
20568,0.9347295309827228,0.04042647529761991,0.024843993719657273
20569,0.9735573479883,0.00520196518449724,0.021240686827202752
20570,0.9636844956268581,0.002550756163881878,0.033764748209260086
20571,0.9672262129483848,0.007505359958460167,0.02526842709315516
20572,0.6604926272158258,0.002850873774895349,0.33665649900927874
20573,0.627351032964881,0.01217937760237323,0.36046958943274565
20574,0.2607065750859655,0.007509398296992595,0.7317840266170419
20575,0.8602188167769246,0.061621145043077655,0.07816003817999775
20576,0.950920408403795,0.007198791481776658,0.04188080011442835
20577,0.8825537739289802,0.0070783537778598546,0.11036787229315995
20578,0.8820250070595133,0.055894045648544805,0.06208094729194192
20579,0.9644523216099512,0.001895761726467363,0.03365191666358152
20580,0.9402677428456148,0.004176769183795157,0.05555548797059018
20581,0.15352071126076422,0.006284434641006639,0.840194854098229
20582,0.831078915733986,0.07042695010084118,0.09849413416517287
20583,0.030309568320869132,0.003748419496340435,0.9659420121827904
20584,0.9610067155416212,0.004367019187475299,0.034626265270903754
20585,0.011990472809205888,0.005114249835239947,0.9828952773555543
20586,0.9722655216209588,0.005256570504916518,0.022477907874124622
20587,0.1292341268259217,0.029758192212454234,0.8410076809616241
20588,0.8499855018311655,0.043522347727439945,0.1064921504413946
20589,0.6862664251629417,0.003080874268881295,0.3106527005681771
20590,0.9834491160436387,0.0023830953993655654,0.01416778855699571
20591,0.6499724708456263,0.04721037259006101,0.30281715656431274
20592,0.9237278354317606,0.04535808944224237,0.030914075125997004
20593,0.9680860676647671,0.011993691146237783,0.019920241188995103
20594,0.9209719792810975,0.0035343784815823447,0.07549364223732008
20595,0.4151414782708768,0.003094790565708571,0.5817637311634147
20596,0.038419901125320004,0.002251931306224268,0.9593281675684557
20597,0.9496615058947053,0.002620006944525351,0.04771848716076932
20598,0.8767758160536959,0.020816399103536377,0.10240778484276776
20599,0.9179589230305476,0.003937960817890329,0.07810311615156214
20600,0.9507416906094929,0.001280836386508331,0.047977473003998905
20601,0.927676183088598,0.01352069951983614,0.0588031173915659
20602,0.941716609709925,0.00851247234845241,0.049770917941622556
20603,0.5226221662815107,0.004400904550265476,0.47297692916822387
20604,0.9320945725791603,0.007425829484931564,0.06047959793590809
20605,0.26693122677274395,0.018927745128384365,0.7141410280988718
20606,0.9296207788700562,0.0382445697460749,0.032134651383868854
20607,0.9382648481808513,0.0035911739738635168,0.05814397784528515
20608,0.14276313272568303,0.0007955438303204612,0.8564413234439966
20609,0.987650039163914,0.0019303009012904097,0.010419659934795655
20610,0.9588225992555032,0.0027656749926427645,0.0384117257518541
20611,0.708374703480283,0.04037439327682018,0.2512509032428968
20612,0.863060902052796,0.0012976399357090788,0.135641458011495
20613,0.974252384361936,0.011374431257337163,0.014373184380726847
20614,0.9723522082206228,0.0010456672063717347,0.026602124573005342
20615,0.9280650242748366,0.0065370126940026245,0.06539796303116076
20616,0.00693835452583064,0.0010346353573929157,0.9920270101167765
20617,0.023760707674755004,0.002406854194085634,0.9738324381311593
20618,0.9360555459551545,0.002492770137240336,0.06145168390760526
20619,0.20150281086489813,0.005837000607162742,0.7926601885279392
20620,0.6412036121262248,0.23567983355385339,0.1231165543199217
20621,0.9216666490152311,0.0013846164504171259,0.0769487345343517
20622,0.7939575922855191,0.0027172107241140346,0.20332519699036677
20623,0.9779911589772893,0.005231647172758255,0.016777193849952632
20624,0.672070500193942,0.231568721805257,0.09636077800080091
20625,0.3853906277011405,0.02182785849786891,0.5927815138009906
20626,0.006966985517820475,0.018227987064446022,0.9748050274177336
20627,0.947440075998613,0.02934548938446942,0.02321443461691769
20628,0.020435061004897313,0.07160332336370187,0.9079616156314008
20629,0.9301274634353438,0.008291311806417944,0.061581224758238226
20630,0.9299988192934135,0.00357783091253815,0.0664233497940483
20631,0.14028119421086233,0.006519342730806111,0.8531994630583316
20632,0.9493230211970644,0.008432073003693448,0.042244905799242186
20633,0.2649632232237874,0.021269402123232927,0.7137673746529796
20634,0.9874117532350412,0.0017496822066227682,0.010838564558336022
20635,0.691997254002303,0.0055289188048949015,0.3024738271928021
20636,0.3685421446740458,0.016079103036662108,0.6153787522892921
20637,0.27901421837181956,0.006586980387959554,0.7143988012402209
20638,0.7711433895329314,0.05885883242973883,0.16999777803732988
20639,0.9246888090453429,0.03745855148990916,0.03785263946474793
20640,0.9734859042043889,0.0029296225041323606,0.023584473291478752
20641,0.9843687013811986,0.0007930861183029415,0.014838212500498474
20642,0.014915353785912421,0.005661259859921938,0.9794233863541657
20643,0.943775761331731,0.0022068574748431912,0.05401738119342592
20644,0.8277424631686818,0.004409630706051553,0.16784790612526668
20645,0.020497898523707807,0.004494910160651884,0.9750071913156403
20646,0.13913575004260992,0.05508927934646344,0.8057749706109266
20647,0.7538811214152172,0.014272734430644522,0.23184614415413837
20648,0.9903072576806833,0.004348695349074802,0.0053440469702419795
20649,0.06322713528633139,0.0038868904869056977,0.932885974226763
20650,0.9707553224873486,0.0020736130838095762,0.027171064428841714
20651,0.5444184764033381,0.06951616250140948,0.3860653610952524
20652,0.4520822353307392,0.012380296284492526,0.5355374683847682
20653,0.002321936714445651,0.0007703308713845518,0.9969077324141699
20654,0.9315857146012121,0.0070506067215402295,0.061363678677247846
20655,0.0011998446130784691,0.00029639479510793333,0.9985037605918137
20656,0.6507466204496126,0.036639506139752025,0.3126138734106353
20657,0.81124118143306,0.023560641833581548,0.16519817673335838
20658,0.9420277349945028,0.004447418147839139,0.05352484685765807
20659,0.9692967068482617,0.02145493696576677,0.00924835618597143
20660,0.2937244464858826,0.03747259444998265,0.6688029590641348
20661,0.9266179873438526,0.012036876864601077,0.06134513579154624
20662,0.9126914011102154,0.0014000474624056751,0.0859085514273791
20663,0.878112188886762,0.0018968428651047625,0.11999096824813318
20664,0.9686027149824187,0.0164572951078767,0.01493998990970454
20665,0.40931937376947203,0.02726688429242712,0.5634137419381009
20666,0.9546976128095007,0.004892977341383195,0.040409409849116076
20667,0.9207964760865299,0.0056879456945342684,0.07351557821893594
20668,0.9747613291820048,0.002457226844191587,0.022781443973803737
20669,0.05424791234892367,0.0033214318022913884,0.9424306558487848
20670,0.9334972513473628,0.04204850297656813,0.02445424567606908
20671,0.6669961694722129,0.004838549736019909,0.32816528079176727
20672,0.9604726417243868,0.005636862247846961,0.03389049602776615
20673,0.9342786773024971,0.02223804751763314,0.04348327517986978
20674,0.9829987630453347,0.002577554804096044,0.014423682150569234
20675,0.9102537314682784,0.02429828627429143,0.0654479822574301
20676,0.9288478743275479,0.017166773061506928,0.05398535261094524
20677,0.9714852014941031,0.002170796467196343,0.02634400203870057
20678,0.8236286238690783,0.08466612488435576,0.09170525124656595
20679,0.8631078525214417,0.03453431926651519,0.102357828212043
20680,0.0019709437720800685,0.001098212965935419,0.9969308432619846
20681,0.9867945044161732,0.001616163829496344,0.011589331754330447
20682,0.8418781713075356,0.008013445641765229,0.15010838305069918
20683,0.9194475845835146,0.004978779825049925,0.07557363559143543
20684,0.7380319939494024,0.008587696149366178,0.2533803099012315
20685,0.9679173189777848,0.002738036938304985,0.02934464408391018
20686,0.5553997667084666,0.21086815350851656,0.2337320797830168
20687,0.8177977789626641,0.013967271097679153,0.16823494993965665
20688,0.6487436139600874,0.044144538445711,0.3071118475942016
20689,0.9704210625224744,0.0023440366660212814,0.027234900811504346
20690,0.4594339010466563,0.014093142198137594,0.5264729567552061
20691,0.6724869339255471,0.009735234849832982,0.3177778312246199
20692,0.9818518022117597,0.004407293968662261,0.013740903819578074
20693,0.9507305773279942,0.03494558701634121,0.014323835655664573
20694,0.0929141573373124,0.009028687556411936,0.8980571551062757
20695,0.9931825697535921,0.0028077303896460737,0.004009699856762055
20696,0.9813106879117826,0.002518057683999177,0.016171254404218263
20697,0.7264931580999161,0.0032943529802815026,0.2702124889198025
20698,0.9539559145059966,0.013601857571995574,0.03244222792200785
20699,0.031992154221840874,0.0027133350991744546,0.9652945106789845
20700,0.751779618161633,0.028440947096178143,0.21977943474218897
20701,0.9284490787275416,0.00372877788963987,0.06782214338281857
20702,0.6307356207730977,0.0017399816258898563,0.3675243976010123
20703,0.8029143761460021,0.17202460327153152,0.02506102058246636
20704,0.9671344649297015,0.017558124614868307,0.015307410455430163
20705,0.8415915647734566,0.012380258646144296,0.1460281765803989
20706,0.6595918900950282,0.013456981242026947,0.3269511286629449
20707,0.3087286725312365,0.03671192010493991,0.6545594073638236
20708,0.9607453817603326,0.008179335003615885,0.03107528323605157
20709,0.6400494699723565,0.011596342082732938,0.3483541879449105
20710,0.5769459097512853,0.007920094873803315,0.41513399537491136
20711,0.9878540799805429,0.0017364986375956694,0.010409421381861548
20712,0.9620484530692506,0.0015634170862426902,0.03638812984450674
20713,0.36996078479312733,0.008112489071515176,0.6219267261353575
20714,0.010822009192656603,0.0015946761524897645,0.9875833146548536
20715,0.9621220286748972,0.0023584793091819545,0.03551949201592096
20716,0.977164270277922,0.009287171825258633,0.013548557896819502
20717,0.015451399799828128,0.008960546466782546,0.9755880537333893
20718,0.8789502484367215,0.05865591151541753,0.062393840047860985
20719,0.7919442582047704,0.004732718447972813,0.20332302334725674
20720,0.15889956308692638,0.012093317279037546,0.8290071196340361
20721,0.21196791811735222,0.021673831961544054,0.7663582499211037
20722,0.5321878898298819,0.054122192863877906,0.41368991730624016
20723,0.11764578785392671,0.019703798720673932,0.8626504134253993
20724,0.9720443857863909,0.0028144987100855346,0.025141115503523527
20725,0.9446555057636192,0.0024772998690223026,0.05286719436735837
20726,0.8591620738965258,0.06346078118851563,0.07737714491495855
20727,0.014707932130475386,0.007614846978974448,0.9776772208905501
20728,0.6131667448624447,0.20278112639586598,0.18405212874168939
20729,0.9477897572795424,0.01992686815886914,0.03228337456158843
20730,0.9653174195476978,0.0028453430941989483,0.031837237358103225
20731,0.23110341712495122,0.022249436325855673,0.7466471465491931
20732,0.9052291660419045,0.029320813202129193,0.06545002075596648
20733,0.620301406236038,0.11989598715914485,0.2598026066048171
20734,0.044861502827153135,0.004716813821051406,0.9504216833517956
20735,0.16590602313912783,0.0018710486463817122,0.8322229282144905
20736,0.24651422545135282,0.004438812211267,0.7490469623373801
20737,0.9207315816152861,0.004398880648250536,0.07486953773646327
20738,0.9889052395115794,0.0010961995287628629,0.00999856095965772
20739,0.9532500349070728,0.004323378600656789,0.04242658649227036
20740,0.22888126797077285,0.01587649458806424,0.7552422374411629
20741,0.9420138175304145,0.007605916075400879,0.050380266394184685
20742,0.19213965706473388,0.02435539540088507,0.783504947534381
20743,0.9501972003349892,0.03332773934452826,0.01647506032048252
20744,0.6008307132574625,0.018202522235830708,0.38096676450670675
20745,0.6298504303244497,0.0040277644844023824,0.366121805191148
20746,0.978743700242552,0.0013661584160525085,0.01989014134139557
20747,0.9245034484219188,0.021496819753181236,0.05399973182489998
20748,0.9693764920702943,0.004775870966865105,0.025847636962840637
20749,0.016346043451037778,0.00493149594086935,0.9787224606080929
20750,0.8644617099296956,0.005053393710506357,0.13048489635979807
20751,0.056169960909384406,0.004942935428698506,0.9388871036619172
20752,0.5290692333048517,0.006415136858548573,0.4645156298365998
20753,0.1638034179844994,0.01425793845139262,0.821938643564108
20754,0.3468813303402798,0.046059240058599966,0.6070594296011202
20755,0.9193329289169117,0.0038332355086911256,0.07683383557439724
20756,0.9862516552600136,0.0028279113770342057,0.010920433362952052
20757,0.972585455929272,0.006120879431672895,0.021293664639055243
20758,0.022574628203969112,0.0028710370631029373,0.9745543347329279
20759,0.9450929476280554,0.013932224851931175,0.04097482752001355
20760,0.8482208199842141,0.007313270389390903,0.14446590962639505
20761,0.04864204743766201,0.007619796509874091,0.9437381560524638
20762,0.8479246293222868,0.013189913258365913,0.13888545741934732
20763,0.8950198362146367,0.004591713001283633,0.10038845078407975
20764,0.8669973093610746,0.0037901535676859144,0.1292125370712395
20765,0.5223774267591211,0.014667379567878187,0.4629551936730007
20766,0.4406142944918737,0.007961227588970379,0.5514244779191559
20767,0.8761327519523694,0.08497217407420297,0.03889507397342752
20768,0.9803830793693674,0.001061413088962535,0.01855550754167011
20769,0.9676752454053736,0.002092510375155907,0.030232244219470454
20770,0.6426528124390462,0.0026694984834444825,0.3546776890775093
20771,0.09135507668150186,0.037488987052712655,0.8711559362657855
20772,0.9676082623721968,0.009691250824200043,0.022700486803603155
20773,0.77979181360798,0.03824017147741517,0.18196801491460485
20774,0.9803380680979563,0.0025896571325886423,0.017072274769454995
20775,0.9702159233201082,0.0014170700840708188,0.028367006595820966
20776,0.3084023146720079,0.0008516558424562805,0.6907460294855359
20777,0.42071470725885357,0.11001271204367719,0.46927258069746924
20778,0.9367319354157189,0.004261020017636444,0.05900704456664467
20779,0.018169757925388722,0.013715630664892335,0.9681146114097188
20780,0.7764040020948769,0.016742233122701004,0.20685376478242207
20781,0.5966329092001691,0.24500290482882742,0.1583641859710035
20782,0.8324968205104641,0.06466630851515748,0.10283687097437838
20783,0.2752876535499639,0.025392397149246997,0.6993199493007892
20784,0.6597855836312365,0.016614833770025653,0.32359958259873783
20785,0.5772987040328966,0.015768463776825017,0.4069328321902783
20786,0.9725934963710545,0.01780036408210011,0.009606139546845388
20787,0.9756827525442805,0.003769155986819769,0.020548091468899833
20788,0.942098085927823,0.00508637007431616,0.0528155439978608
20789,0.810215629780494,0.06910349553620587,0.12068087468330019
20790,0.9153805190053566,0.05370169014099126,0.03091779085365226
20791,0.016371190951309157,0.009348056990107333,0.9742807520585836
20792,0.924275817750409,0.0057044799393686976,0.07001970231022216
20793,0.9613647786894243,0.02673281337506156,0.01190240793551415
20794,0.9650620837467769,0.003434801956878177,0.031503114296344864
20795,0.8750533967246801,0.06423096178069379,0.06071564149462608
20796,0.296919040546259,0.0019184358638683482,0.7011625235898726
20797,0.0840503258243143,0.07929294380263857,0.836656730373047
20798,0.9204682273717677,0.04188478890696974,0.037646983721262475
20799,0.8250062917662837,0.04484763615078224,0.1301460720829341
20800,0.9034495037563806,0.06162141602053637,0.03492908022308295
20801,0.9149084041053687,0.04705000812502427,0.03804158776960702
20802,0.8994160078496829,0.0042219526462801546,0.09636203950403696
20803,0.9694170833667934,0.004895339828958496,0.025687576804247964
20804,0.9137601135775169,0.010756126419371908,0.07548376000311119
20805,0.8264087648222016,0.043480366256667624,0.1301108689211306
20806,0.8207605277393522,0.007802470497134404,0.17143700176351354
20807,0.1790441736990537,0.025561362141782146,0.795394464159164
20808,0.9713923561677885,0.0009431027684506539,0.027664541063760796
20809,0.013146523736285855,0.00391669926855632,0.9829367769951577
20810,0.9709331307432373,0.0019435467700444661,0.02712332248671826
20811,0.9497210625957322,0.01766086742282871,0.032618069981439034
20812,0.7558669616473148,0.0019342595381954797,0.2421987788144897
20813,0.9708892763714183,0.0013907412449483284,0.02771998238363339
20814,0.9494842653936565,0.004771854150770278,0.04574388045557319
20815,0.9791358874576919,0.0007377949592368443,0.020126317583071197
20816,0.8753901849037918,0.006010061158121048,0.11859975393808711
20817,0.9910990819410339,0.0004683573148309005,0.00843256074413531
20818,0.8844130350704446,0.004315863651229947,0.11127110127832546
20819,0.9743053283174177,0.01326348041087823,0.012431191271704105
20820,0.7612093171505097,0.011886434670451087,0.22690424817903923
20821,0.07031015762625274,0.02499750415368472,0.9046923382200625
20822,0.940249478079603,0.01094521162157813,0.04880531029881883
20823,0.010109388101406769,0.0017115472104156692,0.9881790646881776
20824,0.9852001909743069,0.0022237129264867025,0.012576096099206326
20825,0.9074743906138021,0.009073129535015588,0.08345247985118237
20826,0.2485590500054582,0.0018197656381262212,0.7496211843564156
20827,0.3433392750942583,0.06209411936416324,0.5945666055415784
20828,0.6570555232090811,0.004974428165505373,0.33797004862541347
20829,0.008370099484926752,0.0019824038555351377,0.9896474966595381
20830,0.9235390168712264,0.001931609915949972,0.07452937321282366
20831,0.9809629298677974,0.0011216277750317266,0.017915442357170866
20832,0.030066923297816184,0.01429022237543518,0.9556428543267486
20833,0.7370191707383933,0.014321664832853702,0.24865916442875297
20834,0.5723085732143883,0.0028159132779102705,0.42487551350770136
20835,0.9743142748742208,0.014208559508226928,0.011477165617552297
20836,0.48866869497993226,0.08437308820170883,0.42695821681835894
20837,0.8685598468607663,0.008841955076919563,0.12259819806231423
20838,0.47626138582678873,0.1413661183782717,0.3823724957949396
20839,0.9891189342371283,0.0034369571811133067,0.007444108581758416
20840,0.958929020278815,0.013086460447110773,0.02798451927407416
20841,0.13445167583563372,0.029142686218291365,0.836405637946075
20842,0.01937402494510563,0.001987105979475323,0.9786388690754191
20843,0.8785028829282922,0.03298733334909101,0.0885097837226168
20844,0.9354318518177933,0.03918687213435414,0.025381276047852484
20845,0.09620430125407495,0.02455723496623386,0.8792384637796913
20846,0.7587832629469202,0.018946347007170832,0.222270390045909
20847,0.8801123919624121,0.011454718356555451,0.10843288968103232
20848,0.950117741160394,0.014858594222360818,0.03502366461724511
20849,0.7675193990651286,0.0009748672733491366,0.23150573366152238
20850,0.8421509355084106,0.013190433140433458,0.14465863135115592
20851,0.9607932146969849,0.0044361502562351544,0.034770635046780046
20852,0.9361806847250045,0.0071177330166677984,0.05670158225832775
20853,0.33068880362691755,0.0075021036628857354,0.6618090927101967
20854,0.9914598144941469,0.0002771276459190378,0.00826305785993406
20855,0.7669971934482499,0.016173900464574967,0.2168289060871752
20856,0.9388273368591751,0.03975625446138792,0.02141640867943699
20857,0.9729358201513156,0.006738292339991729,0.020325887508692613
20858,0.23479012031955088,0.0675400714037023,0.6976698082767469
20859,0.8836802085055202,0.013561250679809431,0.10275854081467023
20860,0.5567910447089789,0.024674181015020457,0.4185347742760006
20861,0.1642228889902637,0.0031071311826460788,0.8326699798270902
20862,0.7410530126945774,0.14992546102608784,0.10902152627933483
20863,0.48370213305365783,0.036690990564880364,0.47960687638146177
20864,0.6825987013999244,0.0625085325246485,0.254892766075427
20865,0.7247392293351902,0.0074987126289006376,0.26776205803590925
20866,0.9199261294865428,0.012447929984036266,0.06762594052942086
20867,0.862368109780703,0.024602230071391555,0.1130296601479053
20868,0.26434143234282964,0.014784337934889393,0.720874229722281
20869,0.6573605476877368,0.03952584613334169,0.3031136061789215
20870,0.4992052314829662,0.12568269886778408,0.37511206964924965
20871,0.019685986270389047,0.0018464930125040332,0.9784675207171071
20872,0.27161759505127236,0.02429695478283468,0.704085450165893
20873,0.8810026506691655,0.0022712329592235424,0.11672611637161087
20874,0.8045487846491741,0.006300984413285067,0.1891502309375408
20875,0.7547093819368558,0.01907681371359122,0.22621380434955296
20876,0.9727342615210679,0.00744468009655059,0.01982105838238154
20877,0.9199421008069706,0.009248181389574612,0.07080971780345498
20878,0.9876803966360733,0.0022814505865221407,0.010038152777404585
20879,0.38476810484643087,0.02605554969086629,0.5891763454627028
20880,0.8270114377219776,0.005191605435780028,0.16779695684224233
20881,0.8993885728240034,0.007267849834025614,0.09334357734197107
20882,0.9799186774074389,0.0028007333274565334,0.01728058926510471
20883,0.059299993607773965,0.011794589363096467,0.9289054170291295
20884,0.9635516777999238,0.019288801135976336,0.01715952106409976
20885,0.9278923276562252,0.01030559155594192,0.06180208078783293
20886,0.9153662074749036,0.03134706553443383,0.05328672699066256
20887,0.9649232755213426,0.0032322242528841486,0.03184450022577335
20888,0.9424638989447341,0.003934100257264768,0.05360200079800119
20889,0.41095738066368603,0.0016669875063480288,0.587375631829966
20890,0.9576034583416191,0.003017749203278859,0.03937879245510187
20891,0.9856694341917994,0.00046536451171992784,0.013865201296480598
20892,0.045539372717409723,0.009499120964575537,0.9449615063180147
20893,0.7036154614100891,0.00773989992466386,0.28864463866524703
20894,0.9070876663266627,0.031205894651889252,0.061706439021448234
20895,0.3916668721681459,0.28782398863424097,0.32050913919761315
20896,0.9432566689415154,0.006670676157899792,0.05007265490058491
20897,0.9435191768374965,0.0024920893520192404,0.05398873381048441
20898,0.8645159005656329,0.008071855115924231,0.12741224431844306
20899,0.9868661053839869,0.0012318750073466906,0.011902019608666544
20900,0.9820386471416263,0.006283830048438641,0.011677522809935125
20901,0.9747932622989638,0.003909798882825398,0.021296938818210633
20902,0.7931934797172435,0.010314859369371094,0.19649166091338532
20903,0.058398105267635794,0.0019447095295394182,0.9396571852028248
20904,0.6917273330311153,0.011759304838116616,0.2965133621307682
20905,0.9519162966096223,0.017046657600782597,0.03103704578959511
20906,0.9917038004007077,0.0004557538257757131,0.007840445773516485
20907,0.00300532818893427,0.0015736005251052382,0.9954210712859606
20908,0.33110371990521015,0.04450685193510531,0.6243894281596846
20909,0.8864168878699041,0.007109786706219098,0.10647332542387677
20910,0.826129471892387,0.0008669624970360624,0.1730035656105769
20911,0.019420853431036125,0.002272341722612531,0.9783068048463515
20912,0.5448950434634521,0.01718334757524914,0.43792160896129884
20913,0.5904709286953912,0.012249930108976138,0.3972791411956327
20914,0.9751702553298314,0.002745548946886457,0.022084195723282136
20915,0.01174587098845543,0.0009574904059710187,0.9872966386055736
20916,0.44609301101951737,0.023217248780202593,0.53068974020028
20917,0.8905919221611699,0.045419969249781734,0.06398810858904842
20918,0.9524740333687579,0.014191500724727659,0.033334465906514565
20919,0.9173668387529887,0.0017525463807096533,0.08088061486630156
20920,0.9602064096716167,0.003716587872242304,0.036077002456140796
20921,0.8502533439633191,0.008930115377233783,0.14081654065944701
20922,0.22229550375581425,0.42888284449695413,0.3488216517472315
20923,0.9853562341297954,0.0010010054303240645,0.013642760439880434
20924,0.8359628507740056,0.006855508260169131,0.1571816409658254
20925,0.7378896308058229,0.05390582961338693,0.2082045395807902
20926,0.7946475679235335,0.01543929380729842,0.18991313826916803
20927,0.23747286308215476,0.09378867847847633,0.668738458439369
20928,0.9920755080980646,0.004755698241750639,0.003168793660184904
20929,0.002166785409134239,0.002219411807709023,0.9956138027831567
20930,0.8329239254656375,0.006713509398090686,0.1603625651362717
20931,0.2317184877310053,0.016020073629866204,0.7522614386391284
20932,0.6998082914340196,0.007815067965484247,0.2923766406004962
20933,0.9664880803955914,0.004612841747285405,0.028899077857123198
20934,0.9618268344704799,0.0010999024528321926,0.037073263076687964
20935,0.9316308792292461,0.0012980728045520712,0.06707104796620174
20936,0.9587839717221571,0.004843546324587341,0.03637248195325572
20937,0.5497642570202607,0.0498363451571538,0.40039939782258555
20938,0.9420696823654895,0.003538182970818227,0.054392134663692346
20939,0.9002651576901759,0.02267536003926348,0.07705948227056061
20940,0.982797029778308,0.003680766840928107,0.013522203380763893
20941,0.9758225178366415,0.010722837329931406,0.013454644833427077
20942,0.9560686109735825,0.007943065339256719,0.03598832368716072
20943,0.8490019922040171,0.06373189731471855,0.08726611048126427
20944,0.5793420557630482,0.00694063573819286,0.413717308498759
20945,0.9799787124857893,0.0018566081974230619,0.01816467931678788
20946,0.2913090069369517,0.024296825695322898,0.6843941673677253
20947,0.0021202487381860495,0.0006417100620518015,0.9972380411997622
20948,0.7975783522969706,0.03154563906585901,0.1708760086371703
20949,0.1024395528728306,0.004863108793078096,0.8926973383340913
20950,0.9632778206223503,0.003298818646188752,0.033423360731460995
20951,0.7719263320620174,0.018390907182860183,0.20968276075512235
20952,0.7970198154601519,0.0018212918357690343,0.20115889270407925
20953,0.9384753943396593,0.004729153135871404,0.05679545252446935
20954,0.9764358260885818,0.004604257745294277,0.018959916166123917
20955,0.9798747643549419,0.004453373332195174,0.015671862312862942
20956,0.809413498376347,0.030799447585905575,0.1597870540377474
20957,0.005272062714838842,0.0007410743428244044,0.9939868629423367
20958,0.7868285585884713,0.15558863776877144,0.057582803642757155
20959,0.8727159309874655,0.006461248330825349,0.12082282068170919
20960,0.9689441165883116,0.0006747286138607794,0.030381154797827666
20961,0.9348021668047242,0.004660862398311082,0.06053697079696467
20962,0.9210651687655506,0.004008840473692665,0.07492599076075679
20963,0.01971125674821789,0.002782802253298652,0.9775059409984834
20964,0.9103193949461319,0.024981433865570245,0.0646991711882978
20965,0.9704779420058386,0.004436806175424363,0.025085251818737088
20966,0.9505951910710477,0.021598262040033612,0.02780654688891873
20967,0.987410622404182,0.001226825360665801,0.01136255223515227
20968,0.6520165937913353,0.0061275592199435906,0.3418558469887211
20969,0.9705687070047269,0.0014687365230565833,0.027962556472216717
20970,0.9695537566511625,0.017834025070479338,0.012612218278358319
20971,0.04065208677318633,0.017547030216247154,0.9418008830105665
20972,0.9813502837617339,0.005208998180254795,0.01344071805801122
20973,0.9772350368469893,0.013620278424605302,0.009144684728405404
20974,0.9487237870668817,0.02651550353482438,0.024760709398293845
20975,0.4999386704157218,0.02689340527065335,0.4731679243136248
20976,0.9442106957798457,0.00466833614130953,0.05112096807884475
20977,0.8451524148734737,0.017107861732624564,0.1377397233939016
20978,0.9468874559597168,0.021850038466992044,0.03126250557329111
20979,0.8236945799675761,0.009798098477424981,0.1665073215549989
20980,0.6510658641990917,0.06123582205688053,0.28769831374402777
20981,0.964118108769946,0.007811520642930116,0.02807037058712397
20982,0.4402760968404166,0.031016128916833835,0.5287077742427496
20983,0.08640528651444361,0.007950148221342494,0.9056445652642139
20984,0.9845785639204476,0.0010838244519555782,0.01433761162759696
20985,0.9513143836631217,0.02281419433010278,0.025871422006775505
20986,0.5919191762806155,0.011155609266973052,0.39692521445241147
20987,0.736286696101678,0.08372020820057234,0.17999309569774968
20988,0.3912387497554883,0.004845920777249348,0.6039153294672623
20989,0.9421868997687227,0.01091128970570427,0.04690181052557288
20990,0.12918578235616168,0.021976723128390975,0.8488374945154473
20991,0.9768023678556191,0.005219308062930339,0.017978324081450593
20992,0.8595297732957681,0.01526252487257258,0.12520770183165936
20993,0.9131630001138596,0.008229469251278229,0.07860753063486224
20994,0.10794170702706667,0.004979824923220941,0.8870784680497124
20995,0.3041413759659538,0.015525784069166913,0.6803328399648794
20996,0.9087405743092747,0.00410083460623753,0.08715859108448785
20997,0.9806362743779333,0.008767085711580498,0.010596639910486169
20998,0.057084540344486484,0.007739447690377719,0.9351760119651358
20999,0.3451585585145836,0.0040074728686990465,0.6508339686167173
21000,0.9775846801142138,0.012025992280338158,0.01038932760544804
21001,0.9387991197541712,0.005858015798327192,0.055342864447501694
21002,0.8468745079331128,0.006557806369533471,0.14656768569735384
21003,0.28754797111285973,0.0022766352103844407,0.7101753936767558
21004,0.949551868820059,0.007857633258164595,0.0425904979217762
21005,0.9592185590875624,0.003642749701675878,0.037138691210761826
21006,0.9837082089846274,0.0043311107120968095,0.011960680303275921
21007,0.9753204912072719,0.004672616145109685,0.020006892647618395
21008,0.1821012821872405,0.00565816944571527,0.8122405483670443
21009,0.2668445413756968,0.017562172305138388,0.7155932863191649
21010,0.019583947547790026,0.0012956967490998072,0.9791203557031102
21011,0.9817686445697543,0.0009491699978516333,0.017282185432394147
21012,0.3606457268784521,0.01669013442131613,0.6226641387002319
21013,0.9885227993378909,0.0024331402039598857,0.009044060458149284
21014,0.7794858767210591,0.01283840409718506,0.20767571918175598
21015,0.7073623274280201,0.0023680652007756313,0.2902696073712043
21016,0.9265331424246461,0.002615090141188472,0.07085176743416553
21017,0.9856795839938697,0.00052754329091519,0.013792872715215187
21018,0.9385682533586535,0.01730290310290013,0.04412884353844652
21019,0.9524717248152299,0.0031074152502224847,0.04442085993454761
21020,0.9390132059805424,0.004721973076616927,0.056264820942840695
21021,0.9810180251865855,0.0012286777309735298,0.017753297082440996
21022,0.02062956818158002,0.004448933529252547,0.9749214982891674
21023,0.45956578871557596,0.0035841456532876258,0.5368500656311364
21024,0.9443202677856913,0.002681525183462913,0.05299820703084566
21025,0.9762746720024609,0.002190485330887289,0.021534842666651857
21026,0.990940464968015,0.0014219489093663376,0.007637586122618721
21027,0.9270696099313563,0.004028709704199882,0.06890168036444391
21028,0.21630526368082753,0.03270720325301445,0.7509875330661581
21029,0.9713617478652843,0.0017440193416835602,0.02689423279303227
21030,0.1460213260078383,0.02233688169392147,0.8316417922982402
21031,0.8270443008871122,0.01715330456415654,0.15580239454873124
21032,0.9597869048505141,0.002768250434602357,0.037444844714883616
21033,0.906834226293846,0.0036003533998596156,0.08956542030629423
21034,0.9788403117387064,0.004215047020535644,0.016944641240757945
21035,0.8697221280004201,0.020690712548006515,0.1095871594515733
21036,0.9656835024952094,0.0012524239037639928,0.033064073601026506
21037,0.7900211836454607,0.004446047857208729,0.20553276849733065
21038,0.9314301932751208,0.004326062490524657,0.06424374423435447
21039,0.6865511666329085,0.11956565428658322,0.19388317908050828
21040,0.8463345586067632,0.015290487115960094,0.13837495427727686
21041,0.8474757872498178,0.010987941842131881,0.14153627090805035
21042,0.934267723461003,0.0009623565532037804,0.06476991998579333
21043,0.9748733489473507,0.00861150474244508,0.016515146310204218
21044,0.003555277032137293,0.003372740853271506,0.9930719821145911
21045,0.8968855071520172,0.0013886399818536796,0.10172585286612928
21046,0.9731759746815223,0.015910435408318914,0.010913589910158821
21047,0.6578627686419369,0.013433202354596906,0.3287040290034662
21048,0.975118839583001,0.009536649576916146,0.01534451084008278
21049,0.07724865952117106,0.049778259645134125,0.8729730808336948
21050,0.10914121973854382,0.005220740594553833,0.8856380396669024
21051,0.9614511097230332,0.008668764880854905,0.029880125396111908
21052,0.4079509169521808,0.21607533086407382,0.3759737521837454
21053,0.943086476532488,0.005563163907881011,0.05135035955963094
21054,0.1733896172250034,0.008640141218732187,0.8179702415562644
21055,0.9502055393769449,0.024474082642988438,0.02532037798006671
21056,0.9254080265128755,0.003499551726720235,0.07109242176040431
21057,0.9770050874041141,0.003262142862355602,0.019732769733530307
21058,0.8724148590182578,0.011855131796089794,0.11573000918565232
21059,0.9702297074494526,0.007934402038198543,0.021835890512348965
21060,0.2543197869511182,0.035634707591298484,0.7100455054575834
21061,0.3010243594690387,0.0047091815187588065,0.6942664590122024
21062,0.9929571524820101,0.0020168436095874278,0.005026003908402526
21063,0.8274420275299044,0.005336285741969055,0.1672216867281266
21064,0.9746873477089322,0.01121735169609139,0.014095300594976322
21065,0.8091518503736977,0.00392468351836905,0.18692346610793323
21066,0.944434583655592,0.0031392380428857444,0.05242617830152221
21067,0.020627951898520153,0.21210167417500578,0.7672703739264741
21068,0.08885354076140844,0.010726838028144087,0.9004196212104474
21069,0.9264007781806727,0.0030315122694268455,0.07056770954990058
21070,0.9239710614384996,0.00100618850234592,0.07502275005915456
21071,0.9545919392411971,0.025673233029121025,0.019734827729681843
21072,0.04356597707265449,0.03217055700344178,0.9242634659239037
21073,0.9460581214792958,0.011078798810466056,0.04286307971023817
21074,0.9532010998013556,0.006201063738206874,0.04059783646043748
21075,0.7441759696022576,0.0023220160377354685,0.2535020143600069
21076,0.09575659825915464,0.02567968785745755,0.8785637138833877
21077,0.004342050466621323,0.0030425975579066317,0.9926153519754721
21078,0.9892284952193555,0.0005156534053340089,0.010255851375310427
21079,0.11074789738940245,0.035236044399339646,0.8540160582112579
21080,0.037321047836228693,0.012440648782043224,0.9502383033817281
21081,0.9649285067328777,0.004913793485454003,0.030157699781668233
21082,0.977867415207224,0.0007810032971040804,0.021351581495671998
21083,0.6943962062623426,0.005522455711802725,0.3000813380258547
21084,0.4078403309253787,0.04088567095598788,0.5512739981186334
21085,0.979031063683566,0.0005845023436354441,0.0203844339727987
21086,0.9220557678148464,0.004489995981394546,0.0734542362037591
21087,0.9124206682865265,0.0058586164540541386,0.08172071525941951
21088,0.6281384430402166,0.009018181688290581,0.3628433752714928
21089,0.9197389525041026,0.04184057604543113,0.03842047145046608
21090,0.006569691165097197,0.0015423516084922995,0.9918879572264105
21091,0.9677347538877568,0.0030156479657423153,0.029249598146500966
21092,0.9727285180347688,0.008391925498017703,0.01887955646721344
21093,0.9873626318342158,0.0009243968739943012,0.011712971291789848
21094,0.9797678357063762,0.0013829276490661597,0.01884923664455778
21095,0.9806002153486872,0.003337333129880596,0.01606245152143219
21096,0.9727763719240631,0.00759266190177443,0.019630966174162497
21097,0.9351307576393886,0.004668428649816173,0.060200813710795116
21098,0.9781274269142852,0.008390225649044078,0.013482347436670735
21099,0.9702389009592637,0.0014834540711527045,0.02827764496958364
21100,0.470307767670989,0.0005964755421274893,0.5290957567868835
21101,0.9791440075392409,0.01336150000712849,0.007494492453630547
21102,0.9583806594755282,0.004255204731453806,0.03736413579301798
21103,0.022636336033007125,0.002080130870397168,0.9752835330965954
21104,0.9272709131486847,0.00935445854328205,0.0633746283080333
21105,0.5735511078271319,0.02319159570568855,0.40325729646717956
21106,0.8903443821299344,0.0057995991106381505,0.10385601875942752
21107,0.9795427626081168,0.005428634361186558,0.015028603030696575
21108,0.3671256805461921,0.019900251660540217,0.6129740677932677
21109,0.9721595306464625,0.001280064664864975,0.02656040468867258
21110,0.029091973868047502,0.011166024855364146,0.9597420012765883
21111,0.001652729449346198,0.0005770669290541488,0.9977702036215996
21112,0.9518983470521369,0.026210080696210118,0.021891572251652936
21113,0.9348503405074009,0.0014856445097578394,0.06366401498284134
21114,0.9707107392877914,0.0048683390241929785,0.024420921688015577
21115,0.024272804431541437,0.003845496818332898,0.9718816987501255
21116,0.09200950610408791,0.006876068330621139,0.901114425565291
21117,0.969496796898515,0.0025611636000291635,0.02794203950145583
21118,0.7698264965609188,0.008092860127706523,0.22208064331137461
21119,0.8627206329458061,0.012886666860499725,0.1243927001936942
21120,0.5750860232977778,0.284475874475338,0.1404381022268842
21121,0.945791540215611,0.003855934052617636,0.05035252573177139
21122,0.8425166789533677,0.049375091100761104,0.10810822994587133
21123,0.964493293553361,0.011529758655344509,0.02397694779129443
21124,0.9327816407802518,0.007264886121345458,0.05995347309840261
21125,0.988340594680981,0.0008101326664749287,0.010849272652544078
21126,0.6731953751159804,0.005819599113268018,0.3209850257707516
21127,0.9608237301723317,0.0027845478117352,0.03639172201593317
21128,0.015595201247079027,0.02624533778319337,0.9581594609697276
21129,0.6957185094385527,0.004737557799997723,0.2995439327614495
21130,0.9563143622122297,0.005828251692032408,0.03785738609573799
21131,0.964220903792774,0.01455194283536419,0.02122715337186174
21132,0.035679068787798154,0.002433044316025856,0.961887886896176
21133,0.17041457763595513,0.03463123028370338,0.7949541920803415
21134,0.2743562108809721,0.5187285242551776,0.20691526486385037
21135,0.07199755892102111,0.0027307234032261218,0.9252717176757528
21136,0.8170506881118882,0.014690766764551525,0.1682585451235603
21137,0.8443711197614101,0.001982542073362129,0.1536463381652278
21138,0.9334688476499657,0.0015909289578690676,0.0649402233921651
21139,0.947200383729859,0.0043502141835976525,0.0484494020865433
21140,0.8179153851923362,0.011682415919821502,0.17040219888784228
21141,0.9795658450190827,0.004765369680058034,0.01566878530085943
21142,0.8826971827909188,0.0072380035287516005,0.11006481368032969
21143,0.9730108888901683,0.00913199085684292,0.01785712025298891
21144,0.5793630252344794,0.012652654055983582,0.40798432070953705
21145,0.02724125682998786,0.003773927336098339,0.9689848158339137
21146,0.9699512028578576,0.015260923612713662,0.014787873529428754
21147,0.7112907184150008,0.03691675200339833,0.25179252958160075
21148,0.8613243602766609,0.005522730226832203,0.1331529094965069
21149,0.7894229686077936,0.0013571422530500386,0.2092198891391564
21150,0.9881934341845977,0.007084735957059688,0.00472182985834252
21151,0.7003854209518433,0.04557722586687804,0.2540373531812786
21152,0.5434511318689783,0.00782959222490073,0.44871927590612115
21153,0.9786078396084337,0.008843544534639406,0.012548615856926855
21154,0.4697665351898078,0.04485451312913383,0.4853789516810584
21155,0.2115475194949541,0.00853367045141409,0.7799188100536318
21156,0.9286422020330468,0.003947885397289319,0.06740991256966383
21157,0.8781122298256491,0.08302766510464119,0.03886010506970975
21158,0.7417451481290676,0.005829766919435059,0.25242508495149746
21159,0.011769549190379092,0.012632553884507205,0.9755978969251137
21160,0.07879245692850778,0.0015424623507904955,0.9196650807207019
21161,0.9656506048235081,0.0021490593422671014,0.032200335834224825
21162,0.9623233606413406,0.019865969961009186,0.01781066939765022
21163,0.96948256296262,0.003019259094048621,0.02749817794333144
21164,0.8698907479229372,0.006772043721168401,0.12333720835589446
21165,0.001961491406330599,0.0012546740226895212,0.99678383457098
21166,0.9774944634524847,0.008117500459137497,0.014388036088377982
21167,0.7962032260094569,0.0025349258417368794,0.20126184814880632
21168,0.9840013730606578,0.006239717577479599,0.009758909361862736
21169,0.11767050107415834,0.4162301198705045,0.4660993790553372
21170,0.0155675164549827,0.0015295829003766543,0.9829029006446406
21171,0.7145099170954102,0.03182744065232665,0.2536626422522632
21172,0.8747698967955178,0.0229142246300194,0.10231587857446281
21173,0.024687145170258086,0.0023692864809163367,0.9729435683488254
21174,0.9840171697592768,0.003079216000061799,0.012903614240661547
21175,0.5280960820980873,0.002860889455435655,0.469043028446477
21176,0.8528910655404902,0.0060493796233638325,0.14105955483614593
21177,0.11066626090116201,0.004841782850293535,0.8844919562485445
21178,0.949172684228537,0.005124419410920636,0.045702896360542394
21179,0.3792245528805562,0.020591304622696736,0.6001841424967471
21180,0.9861069774475776,0.00582721885096333,0.008065803701459113
21181,0.012561045030244735,0.0007789206643576874,0.9866600343053976
21182,0.8746690160826465,0.03506646535174604,0.09026451856560735
21183,0.9480252276263508,0.0024759353823562047,0.04949883699129298
21184,0.9891847220117236,0.002473093363532851,0.00834218462474345
21185,0.977822883027401,0.001761258942971713,0.0204158580296274
21186,0.8080377740003832,0.013362236900564147,0.17859998909905256
21187,0.8715947431798741,0.005770002418179181,0.12263525440194678
21188,0.8614890663215578,0.06889751373261431,0.06961341994582784
21189,0.012901008696999557,0.010546485059602246,0.9765525062433983
21190,0.3340392026328276,0.0657679686160473,0.600192828751125
21191,0.9676585363498478,0.0031261680851211466,0.02921529556503103
21192,0.22515217183288674,0.005691213220542552,0.7691566149465707
21193,0.95746212743295,0.012424775726490866,0.03011309684055919
21194,0.6735880267909712,0.028515997070642167,0.2978959761383867
21195,0.826518604777233,0.08628794241339327,0.08719345280937357
21196,0.9801033090335025,0.005741892148037513,0.014154798818459994
21197,0.01302254746131109,0.006939583447014931,0.980037869091674
21198,0.9881027561564183,0.0010221379999801857,0.010875105843601515
21199,0.13793294065138126,0.010756567639645,0.8513104917089737
21200,0.018027240565244466,0.0023146659739453003,0.9796580934608103
21201,0.9603629391319962,0.0055303381444348505,0.034106722723569
21202,0.21974329207270982,0.029505657652466502,0.7507510502748236
21203,0.9781222983022893,0.002371395855515555,0.01950630584219519
21204,0.9878790392807411,0.0011092123227874672,0.01101174839647138
21205,0.8041794668028031,0.14252310444341018,0.05329742875378667
21206,0.940577664601598,0.002176166622784588,0.05724616877561749
21207,0.03912426424035567,0.003430871103702825,0.9574448646559415
21208,0.7866714604052791,0.05094093722028466,0.16238760237443628
21209,0.2593089407478013,0.05176193086060847,0.6889291283915902
21210,0.9619978815134465,0.002062095653644772,0.0359400228329087
21211,0.982741009896094,0.0021573563608258996,0.015101633743080174
21212,0.02519423753797013,0.0023761389531363796,0.9724296235088936
21213,0.961309689015668,0.004644772517543949,0.034045538466787824
21214,0.5013484945327686,0.0013496345219144081,0.49730187094531697
21215,0.6313128405930477,0.0653551090318853,0.303332050375067
21216,0.9857643733660602,0.0006213055917264718,0.013614321042213409
21217,0.963814275456838,0.003468187019442943,0.032717537523719344
21218,0.025286819184884086,0.001051459704050266,0.9736617211110656
21219,0.9734980364300809,0.004293452323949368,0.02220851124596971
21220,0.9806323957763782,0.0015916691599123453,0.017775935063709534
21221,0.9728267241455211,0.0005841624739037715,0.026589113380575007
21222,0.12891424114388927,0.011421641859058654,0.859664116997052
21223,0.9505148726897646,0.0022803943848416375,0.047204732925393754
21224,0.5622145487678304,0.0025863869662668903,0.43519906426590277
21225,0.9660365409163019,0.0035610115563770514,0.03040244752732093
21226,0.976663003274808,0.003958749858951552,0.019378246866240546
21227,0.8684166027970055,0.005163144492083922,0.12642025271091062
21228,0.9681180617473522,0.0013809988807863987,0.030500939371861623
21229,0.9385380814765694,0.007363088478485459,0.05409883004494521
21230,0.8816701278763827,0.03176519783957379,0.08656467428404356
21231,0.9568786694187132,0.004500766998975199,0.038620563582311446
21232,0.5642684701103042,0.00447478295489565,0.4312567469348002
21233,0.10133327919727435,0.017553538821288038,0.8811131819814376
21234,0.6277687161733132,0.3185213847944932,0.05370989903219364
21235,0.031945507046407695,0.0042791049601240815,0.9637753879934683
21236,0.893783677844346,0.004407761607258061,0.10180856054839599
21237,0.5794207190979261,0.003137424594454818,0.41744185630761904
21238,0.9781591624872741,0.009390339106751912,0.012450498405973853
21239,0.9134299941307455,0.02390588300612607,0.06266412286312839
21240,0.8417932909928834,0.0692496335028416,0.0889570755042749
21241,0.8099135883571571,0.025836225778712273,0.16425018586413057
21242,0.5444123470217622,0.024924810970321842,0.4306628420079158
21243,0.4789464622172797,0.017890575290768086,0.5031629624919521
21244,0.3269663530307346,0.07048234316000929,0.6025513038092563
21245,0.7671994982114417,0.15722165469440164,0.07557884709415669
21246,0.8999515448931243,0.023607398610722516,0.07644105649615324
21247,0.9526749175833009,0.01219536610948789,0.03512971630721122
21248,0.8977048642324778,0.0010380901584899549,0.10125704560903231
21249,0.0020010982755139166,0.00032587988868711413,0.9976730218357991
21250,0.897074167863404,0.0100754708885002,0.09285036124809584
21251,0.29014504284017406,0.20023879730456925,0.5096161598552567
21252,0.9251405537928725,0.009066231190183398,0.06579321501694417
21253,0.029041619215579698,0.007022221841320766,0.9639361589430995
21254,0.981211717566298,0.008910040431988234,0.009878242001713833
21255,0.9716065365108368,0.003172240334302505,0.025221223154860736
21256,0.9802657554074008,0.003931956679311726,0.015802287913287527
21257,0.9831922434586738,0.0025860685026851326,0.014221688038640923
21258,0.3759151379495165,0.017695764936937017,0.6063890971135464
21259,0.9495999892952967,0.011945681337585641,0.038454329367117755
21260,0.9400625208380107,0.005257778128131911,0.05467970103385738
21261,0.3093190460722553,0.6015260249313006,0.08915492899644414
21262,0.8692214513927624,0.025132534173621445,0.10564601443361607
21263,0.0016949063140746768,0.0017082089919495129,0.9965968846939757
21264,0.19857330212986712,0.06734995920579294,0.7340767386643399
21265,0.38747444295460526,0.054601788771898044,0.5579237682734968
21266,0.9833950867674173,0.0022160509560341284,0.014388862276548616
21267,0.08209569509619385,0.018069491455715462,0.8998348134480908
21268,0.9576868061957406,0.0200790761834699,0.022234117620789397
21269,0.5689822252739255,0.03442123971121942,0.3965965350148551
21270,0.09524238887171374,0.03866354894244927,0.8660940621858371
21271,0.8963766361211731,0.005077327894263328,0.09854603598456353
21272,0.08117148805361177,0.0007026965567663341,0.9181258153896218
21273,0.13555811494959435,0.01830035939455672,0.8461415256558491
21274,0.6206295772708792,0.04264247494834549,0.3367279477807753
21275,0.9858826571360735,0.002400150119063995,0.01171719274486252
21276,0.11605676210858888,0.008198021677672945,0.8757452162137382
21277,0.9740980514325394,0.003649525357680216,0.022252423209780298
21278,0.8826895372700261,0.08535276108458847,0.03195770164538559
21279,0.06052375163251987,0.00636855023375962,0.9331076981337205
21280,0.970585103841582,0.015182745454527913,0.014232150703890074
21281,0.7274633226871812,0.014515255410431974,0.2580214219023868
21282,0.972356279727405,0.007527777451438235,0.02011594282115672
21283,0.9792557146649237,0.0016856804882837788,0.019058604846792532
21284,0.011271233773572658,0.023102328785186206,0.9656264374412411
21285,0.9799802766370491,0.0049378658652604835,0.015081857497690377
21286,0.9018566546785403,0.045576959923082264,0.052566385398377394
21287,0.9894944881622512,0.0008089381861809908,0.009696573651567836
21288,0.7897336563383274,0.004092008435266738,0.20617433522640594
21289,0.978537721450122,0.001823579573164898,0.019638698976713047
21290,0.013576399024140245,0.0006319690948113891,0.9857916318810483
21291,0.014802027619547117,0.03346498741808505,0.9517329849623679
21292,0.602566240365093,0.20097911348893638,0.19645464614597064
21293,0.005586933664157023,0.005650508610036468,0.9887625577258065
21294,0.9718848428428705,0.012102214584115603,0.016012942573013958
21295,0.8757890093996412,0.010739826762636028,0.11347116383772259
21296,0.02923865399243121,0.009351279291146208,0.9614100667164227
21297,0.45222918470145074,0.025945321989810838,0.5218254933087384
21298,0.34381608300177485,0.02071158667180438,0.6354723303264207
21299,0.7822893612820697,0.01853838884310286,0.19917224987482746
21300,0.9392230858874124,0.004888798111794792,0.05588811600079262
21301,0.011076051780367023,0.0025371561230663176,0.9863867920965668
21302,0.6944453266631754,0.029912068105294485,0.27564260523153006
21303,0.13581633300845444,0.01430389641518507,0.8498797705763604
21304,0.7419006420114174,0.01371767410583373,0.2443816838827488
21305,0.9819538086708269,0.007011495884248941,0.011034695444924067
21306,0.7833739385331366,0.00579418182752995,0.21083187963933347
21307,0.7725956311092037,0.0814311511375976,0.14597321775319871
21308,0.01613459134168985,0.0022040347360689017,0.9816613739222413
21309,0.6939396400048528,0.004298205362200725,0.30176215463294653
21310,0.7365734468504205,0.014365770325044791,0.24906078282453473
21311,0.9790446776148558,0.003936513409953393,0.017018808975190675
21312,0.32083177168433386,0.007333270044419575,0.6718349582712466
21313,0.8158006032017546,0.1076480841579179,0.07655131264032738
21314,0.8828243962965339,0.014070665161731884,0.10310493854173418
21315,0.07093555287832119,0.36103899162519837,0.5680254554964804
21316,0.7293923433568533,0.022381000054803528,0.2482266565883432
21317,0.9429588301931571,0.006669283340608753,0.050371886466234014
21318,0.9179510293106101,0.004978054077562381,0.07707091661182747
21319,0.9040960096731778,0.004805657518942086,0.09109833280787996
21320,0.0756642511130105,0.0055414651860052865,0.9187942837009843
21321,0.9783948625295424,0.0011173015604582163,0.020487835909999266
21322,0.7101151325520041,0.0633778578024254,0.22650700964557052
21323,0.9588013291458473,0.004899726430699925,0.03629894442345278
21324,0.03915958166629784,0.0035136028288250158,0.9573268155048771
21325,0.9846981725794259,0.0008837804538485215,0.014418046966725424
21326,0.9796763963276995,0.0017793587849706267,0.018544244887329815
21327,0.9054301061800266,0.0013574828778272247,0.09321241094214619
21328,0.9497188015240828,0.007410278098616855,0.04287092037730047
21329,0.7991470011673499,0.006525002846170318,0.19432799598647973
21330,0.9820433781688686,0.006833373323697396,0.011123248507433995
21331,0.8822611221715952,0.006849832744085907,0.11088904508431882
21332,0.9582947624648729,0.004899460507119294,0.036805777028007865
21333,0.919290234475935,0.0058535020055668205,0.074856263518498
21334,0.8820889328957231,0.0020067951407476215,0.11590427196352932
21335,0.9674934633967212,0.009351069166541805,0.023155467436736944
21336,0.9694214405434567,0.0012469705125159449,0.029331588944027435
21337,0.2749190164652291,0.15331278099299803,0.5717682025417729
21338,0.4139076063387933,0.14594344127042938,0.4401489523907772
21339,0.10716200038183513,0.05557562914751637,0.8372623704706486
21340,0.9587431345002799,0.008344951708386818,0.032911913791333326
21341,0.48570107617550423,0.08089142586031772,0.43340749796417805
21342,0.7267692778086584,0.018314027936237032,0.25491669425510444
21343,0.9553208240680653,0.0016379823999476014,0.04304119353198721
21344,0.041547742098523646,0.005783561828894996,0.9526686960725814
21345,0.8674538756895511,0.004647984164365123,0.12789814014608375
21346,0.5433800271633938,0.0029043369017769938,0.4537156359348291
21347,0.419297771634237,0.06307449562187153,0.5176277327438915
21348,0.21305469382272268,0.001827272403082966,0.7851180337741943
21349,0.010383368320537784,0.002705446895049219,0.986911184784413
21350,0.9509931426796463,0.0007308480928718262,0.048276009227482014
21351,0.14299994262841534,0.0015630860542441309,0.8554369713173404
21352,0.4765465318206515,0.054045878350387856,0.4694075898289607
21353,0.9782013410323098,0.003881588739557662,0.017917070228132513
21354,0.27027042259466255,0.0068159986553912935,0.7229135787499462
21355,0.9884191567742588,0.0017249213617046557,0.009855921864036438
21356,0.4647517316321199,0.022653057584720446,0.5125952107831596
21357,0.9540816345044096,0.026197649863076676,0.01972071563251383
21358,0.7959699645794514,0.0037439403745665356,0.20028609504598205
21359,0.004536455065806088,0.0018157087105884866,0.9936478362236054
21360,0.19044315955301283,0.008258134657119928,0.8012987057898672
21361,0.006786984981714125,0.0006171599877865676,0.9925958550304994
21362,0.017032695553423245,0.011062755906011445,0.9719045485405653
21363,0.9865502968132109,0.005727487591989502,0.007722215594799492
21364,0.04379055010889517,0.005601686528417376,0.9506077633626874
21365,0.021836664120012676,0.0018797036637407815,0.9762836322162465
21366,0.5895350446616631,0.016898929707902324,0.3935660256304345
21367,0.9423450374283651,0.004985488413255714,0.052669474158379255
21368,0.23258704195204039,0.022862366729343178,0.7445505913186165
21369,0.9302193452298435,0.003709902400274896,0.06607075236988154
21370,0.9921003116036693,0.001800451530139783,0.0060992368661909584
21371,0.451728191948865,0.02854725341705589,0.5197245546340792
21372,0.7435434232137269,0.011201505679328374,0.24525507110694472
21373,0.9534545382138029,0.006397635532335001,0.04014782625386215
21374,0.992379013890567,0.0027249212974531653,0.004896064811979798
21375,0.8529578752501032,0.020363597496235415,0.12667852725366147
21376,0.6395928414589457,0.05048476478106007,0.30992239375999436
21377,0.6937642162438153,0.06468967865594527,0.24154610510023947
21378,0.8218632581038652,0.013527623115284606,0.1646091187808502
21379,0.9935423299295043,0.0003222057974461856,0.006135464273049606
21380,0.7582140683037555,0.022091807120012106,0.2196941245762324
21381,0.8707787525667724,0.012185448350251803,0.11703579908297582
21382,0.9530508583788653,0.016873553913502204,0.03007558770763259
21383,0.8292859066382743,0.08460152801780277,0.08611256534392292
21384,0.8951858352626318,0.03719811446223967,0.06761605027512849
21385,0.8454586332700949,0.02048594286692974,0.1340554238629754
21386,0.6326333625420968,0.04282780923664409,0.3245388282212591
21387,0.9753762523996646,0.007383249435642883,0.017240498164692517
21388,0.9062351119521266,0.007582074169893991,0.08618281387797953
21389,0.6956533550124171,0.00238454317886049,0.3019621018087224
21390,0.6499158899973538,0.017200290414448476,0.3328838195881977
21391,0.9102949367013897,0.007858995896692478,0.08184606740191783
21392,0.9018368477635161,0.005360970491708982,0.09280218174477475
21393,0.7075651475828176,0.0015325313969327594,0.2909023210202496
21394,0.1818886744295079,0.005452177834914369,0.8126591477355778
21395,0.9266168493645173,0.028097850629120822,0.04528530000636197
21396,0.7454411194988041,0.21456016151988883,0.03999871898130707
21397,0.7497667835088558,0.003964169638603713,0.24626904685254059
21398,0.8613546483377689,0.027144824288682937,0.11150052737354815
21399,0.9325290351022738,0.04360823021030555,0.02386273468742061
21400,0.9211983800839619,0.006203206279670841,0.07259841363636718
21401,0.17932533219941493,0.0043040822221277935,0.8163705855784573
21402,0.9243656774083059,0.0061643974999506254,0.06946992509174352
21403,0.9542022054441274,0.010969236889450534,0.03482855766642196
21404,0.9630845070714256,0.003319513612456403,0.03359597931611815
21405,0.9715606726545679,0.00397500596767755,0.024464321377754457
21406,0.9670466304683292,0.0032241495155942226,0.029729220016076533
21407,0.04150862968804945,0.00248040841268612,0.9560109618992645
21408,0.1099262204811716,0.0062072633804044885,0.8838665161384239
21409,0.3746562477238065,0.0018953738512804182,0.623448378424913
21410,0.9532234241096077,0.026633607651183125,0.020142968239209136
21411,0.01232290285040397,0.03369608532088953,0.9539810118287066
21412,0.08611920687082115,0.01804810825429503,0.8958326848748839
21413,0.9824801236361635,0.007546636600473021,0.00997323976336351
21414,0.8394852080125568,0.004546671208979204,0.155968120778464
21415,0.9652828192923416,0.00324739355253045,0.031469787155127875
21416,0.9866372340580183,0.0013951869841684916,0.011967578957813304
21417,0.9236080861209734,0.0016217956523078528,0.07477011822671865
21418,0.9224512980646972,0.00591717304809875,0.07163152888720414
21419,0.71158416998779,0.04920046000803487,0.2392153700041753
21420,0.9678875618182372,0.003196177135483258,0.028916261046279416
21421,0.7015771741842622,0.0034753847243487734,0.2949474410913891
21422,0.9398018255775045,0.005411080223059804,0.054787094199435636
21423,0.8575408759819543,0.010554685875413866,0.13190443814263184
21424,0.8637927626042357,0.06746038105820698,0.06874685633755734
21425,0.15836569802414072,0.15151032464118236,0.690123977334677
21426,0.07119138118341939,0.16041266803851795,0.7683959507780628
21427,0.9296647150211556,0.009670076128451327,0.06066520885039319
21428,0.9718969091575878,0.008928968894513934,0.019174121947898293
21429,0.9759386487223827,0.0025678990716274212,0.02149345220598988
21430,0.11366905437950382,0.0066265398858276646,0.8797044057346683
21431,0.9113810137678411,0.029636310621772983,0.058982675610385976
21432,0.01851798572668111,0.0035280491507650807,0.9779539651225537
21433,0.9304457191338331,0.006944653725934806,0.06260962714023208
21434,0.8506769431353758,0.016211305012458467,0.13311175185216576
21435,0.5389034991089996,0.030663350683508922,0.43043315020749146
21436,0.34012440413133527,0.0019443595896691014,0.6579312362789957
21437,0.9727881430006007,0.005913954324126839,0.02129790267527248
21438,0.3708770906989167,0.009139799265117056,0.6199831100359663
21439,0.08565662064790898,0.054734087858093056,0.8596092914939979
21440,0.9663655462360617,0.008754524145563602,0.02487992961837465
21441,0.0029922250517892494,0.0009964662321029737,0.9960113087161079
21442,0.9149916146490098,0.017126706885103284,0.06788167846588687
21443,0.9254140946670272,0.0016244088826796407,0.07296149645029303
21444,0.8820487202984346,0.01634922955300061,0.10160205014856491
21445,0.8802854930302104,0.008317268263447138,0.11139723870634241
21446,0.8868322075190211,0.005905172342611034,0.10726262013836768
21447,0.8361969241170388,0.0010850894757464355,0.16271798640721474
21448,0.15610560597645706,0.025239565775480026,0.818654828248063
21449,0.9612720160937199,0.002858092485460189,0.035869891420819776
21450,0.9087099746034819,0.026101064957099948,0.06518896043941823
21451,0.9547852339184252,0.0034005744078318637,0.04181419167374284
21452,0.9417481706650426,0.0047339438605996705,0.053517885474357804
21453,0.01439236160438922,0.007474206404962552,0.9781334319906482
21454,0.40817456064466007,0.0020103508332301756,0.5898150885221097
21455,0.46172675518401385,0.001968235117681487,0.5363050096983047
21456,0.7368166987117637,0.039880298489341166,0.2233030027988951
21457,0.9632358462178578,0.015356949497132281,0.021407204285009907
21458,0.877164244229822,0.07677528204156733,0.04606047372861059
21459,0.9365826843204401,0.00843649388126954,0.05498082179829032
21460,0.9409723677361708,0.003958124256211074,0.0550695080076184
21461,0.9855925830335495,0.001680229934146494,0.012727187032304074
21462,0.9542791140997149,0.03090614219717394,0.01481474370311112
21463,0.6896620685884126,0.11336352633406117,0.19697440507752623
21464,0.9079208126363789,0.017628677192195935,0.074450510171425
21465,0.9228172561376367,0.011660924175899165,0.06552181968646412
21466,0.14206230673114445,0.006284206225559003,0.8516534870432966
21467,0.7376338037045576,0.02200110327992407,0.24036509301551842
21468,0.1897962548058164,0.02011773385520979,0.7900860113389738
21469,0.9147777044206704,0.0025898245998672354,0.08263247097946237
21470,0.5337925901999474,0.02676743724698891,0.4394399725530637
21471,0.9923751683865126,0.0010005538314153605,0.0066242777820719086
21472,0.19337645949663362,0.016636151228175036,0.7899873892751914
21473,0.0011518949087463912,0.00020602903427539534,0.9986420760569783
21474,0.8956973802983088,0.01761281613765316,0.08668980356403808
21475,0.3911883513514125,0.15497938042353315,0.45383226822505435
21476,0.38213995869150325,0.011290107857999068,0.6065699334504977
21477,0.8276504586106228,0.02685041957440483,0.1454991218149724
21478,0.7754416706972194,0.012283625310520751,0.21227470399225973
21479,0.8022266357491232,0.011415776597064279,0.18635758765381236
21480,0.8937276155384501,0.0032172512952639977,0.10305513316628577
21481,0.8828619620951711,0.019222727389872813,0.09791531051495607
21482,0.7420306603291262,0.10269230445860446,0.15527703521226932
21483,0.9113113926814328,0.0011697767865302515,0.08751883053203686
21484,0.975809879726795,0.0018991320256974307,0.022290988247507665
21485,0.934542257661896,0.04269792025258698,0.022759822085516933
21486,0.9712433125912436,0.003133048369391365,0.025623639039365
21487,0.24719640893605205,0.028490907366471616,0.7243126836974764
21488,0.9478376757662532,0.023322945271469765,0.028839378962276785
21489,0.7239370997971202,0.036403463183211734,0.23965943701966802
21490,0.5891403936112515,0.09171213399253508,0.31914747239621344
21491,0.9709226653256708,0.0032316142409807773,0.0258457204333482
21492,0.9735591636049743,0.007070559205809623,0.019370277189216245
21493,0.7232761132019776,0.008431933968269828,0.2682919528297525
21494,0.022293378189849767,0.011847606357931221,0.9658590154522191
21495,0.5377727465419981,0.021311464576233678,0.44091578888176813
21496,0.92737077773104,0.03465184518010728,0.03797737708885253
21497,0.9742421977825845,0.0021430492925422367,0.023614752924873313
21498,0.9271907207058065,0.0036342225075530693,0.06917505678664046
21499,0.9787521965114263,0.0016244336124758693,0.019623369876097647
21500,0.7026172717972805,0.032824757528845096,0.26455797067387454
21501,0.9721966535920019,0.0022337760392781977,0.02556957036871979
21502,0.9652250044642532,0.005782183032858549,0.028992812502888245
21503,0.447218322793006,0.0897761678586465,0.4630055093483474
21504,0.10075573938957759,0.02690877264805405,0.8723354879623685
21505,0.015099999760928781,0.03385271335546552,0.9510472868836057
21506,0.9687931229952915,0.001064859874015079,0.030142017130693366
21507,0.9396582011038691,0.004216087815426506,0.056125711080704355
21508,0.9792580558709847,0.0028536418712329565,0.017888302257782217
21509,0.9875056416333006,0.0006477726494907261,0.011846585717208844
21510,0.4199095553822356,0.04623958786494983,0.5338508567528145
21511,0.024921147839695068,0.006202488073711381,0.9688763640865934
21512,0.6716343684398298,0.010466710507457053,0.3178989210527131
21513,0.942558027730553,0.002984141098437467,0.05445783117100942
21514,0.9464694255590793,0.003040592971399127,0.05048998146952151
21515,0.9010974736557621,0.005166507486279856,0.09373601885795807
21516,0.01133130237157904,0.004654904838242488,0.9840137927901786
21517,0.8927696313135806,0.023648264181722438,0.08358210450469714
21518,0.7524569591434103,0.016458766506151714,0.2310842743504381
21519,0.9644528063701097,0.004963676427697182,0.03058351720219303
21520,0.925115890806366,0.0033853428012937635,0.07149876639234014
21521,0.9684247808463993,0.005564816081546485,0.026010403072054183
21522,0.49422435827439126,0.09494551826076304,0.41083012346484576
21523,0.3313704543891873,0.010148451560475375,0.6584810940503374
21524,0.8657736142242427,0.11482413608136013,0.019402249694397238
21525,0.5792789152376436,0.019843584154222757,0.40087750060813354
21526,0.7329798264492977,0.0007271985400400189,0.2662929750106622
21527,0.9879699215606603,0.0006023027211473941,0.011427775718192302
21528,0.9644411413292172,0.0038616723954708766,0.031697186275311845
21529,0.010256696935529141,0.0023705486063426377,0.9873727544581283
21530,0.025303977296409312,0.014664588257230235,0.9600314344463604
21531,0.56357621394,0.10676529010764037,0.3296584959523596
21532,0.9334160714094033,0.02363708134666539,0.042946847243931316
21533,0.9685322114810326,0.0071884878498328,0.024279300669134647
21534,0.9241692941261755,0.0036558621608501598,0.07217484371297443
21535,0.45175083380171455,0.0053863897386509565,0.5428627764596345
21536,0.3030532466623076,0.180829119023138,0.5161176343145544
21537,0.5925767943648781,0.00424647135736396,0.403176734277758
21538,0.963381175007276,0.017024090111838724,0.019594734880885336
21539,0.9588487901290945,0.00376470095985645,0.037386508911048943
21540,0.9601931917233366,0.0030240085132009287,0.0367827997634624
21541,0.9852610710253908,0.0021930121463600333,0.012545916828249104
21542,0.969641456325413,0.004203738733837536,0.026154804940749413
21543,0.8950128198812837,0.07513304484896502,0.029854135269751333
21544,0.013199809689112338,0.005888329963240488,0.9809118603476472
21545,0.923865365951605,0.008866022269527016,0.06726861177886798
21546,0.9267789206688796,0.0036019051377838176,0.06961917419333667
21547,0.7164970439376768,0.22290874246375125,0.060594213598572075
21548,0.8937447624081193,0.0028520243456109304,0.10340321324626978
21549,0.07133928868511276,0.002921388966861856,0.9257393223480254
21550,0.9728798524986646,0.01593482267853892,0.011185324822796485
21551,0.5998841983240722,0.1954467273096091,0.20466907436631865
21552,0.9737437075546342,0.0007637475099655758,0.025492544935400298
21553,0.015971194980880267,0.02049760499417218,0.9635312000249476
21554,0.020032413288145964,0.0027777965710867156,0.9771897901407673
21555,0.8707713632856248,0.02739184774488857,0.10183678896948671
21556,0.7700876976469685,0.005521960845362248,0.22439034150766946
21557,0.005299973060813017,0.0014440462449886293,0.9932559806941983
21558,0.008690209463177301,0.0013105206931035601,0.9899992698437192
21559,0.9072531296764967,0.008052045922219682,0.08469482440128369
21560,0.967970090755879,0.01746812928657282,0.01456177995754827
21561,0.01533990324778452,0.0073752223739782935,0.9772848743782372
21562,0.4331294321269847,0.020653150018669155,0.5462174178543462
21563,0.8750193803014628,0.0032168671096277843,0.12176375258890941
21564,0.9380392969331672,0.010073357832379266,0.05188734523445343
21565,0.9523155373523438,0.017412166536960347,0.030272296110695898
21566,0.8326922681308659,0.00815105128207239,0.15915668058706162
21567,0.8719924628376992,0.0026593059049018833,0.12534823125739888
21568,0.9714007793029511,0.0023623284498227692,0.026236892247226203
21569,0.9796725227261017,0.012577136919877357,0.0077503403540209095
21570,0.9355680191228298,0.009363607306108974,0.05506837357106127
21571,0.8533406106244878,0.03627131673281199,0.11038807264270023
21572,0.07469688737513502,0.005791559053222492,0.9195115535716425
21573,0.003192748216990486,0.000942090172966772,0.9958651616100427
21574,0.7442885561406649,0.010678805766419755,0.24503263809291545
21575,0.9684727786147429,0.002651461981650664,0.02887575940360658
21576,0.9670364497971348,0.0035266228335947194,0.02943692736927037
21577,0.9825730626477316,0.0034281205717413667,0.013998816780526974
21578,0.9494789588533912,0.0036423343609624926,0.046878706785646374
21579,0.3113697247834414,0.10568565326935295,0.5829446219472058
21580,0.96095024632216,0.00457030776572538,0.03447944591211468
21581,0.9209388138426794,0.0012999504835171601,0.07776123567380355
21582,0.6032240542858134,0.03151560631864567,0.365260339395541
21583,0.7100613726139103,0.03640599921545326,0.25353262817063643
21584,0.005087725812006042,0.0019540544531345917,0.9929582197348594
21585,0.9376225592819196,0.003997001943954673,0.058380438774125874
21586,0.1130882486657471,0.004934950363538232,0.8819768009707145
21587,0.5399900348668365,0.2077767628022144,0.2522332023309491
21588,0.3649202447504137,0.2118575100106857,0.4232222452389007
21589,0.6860496075835275,0.0018087035939788612,0.3121416888224935
21590,0.04447135184713182,0.0028981286685482,0.9526305194843199
21591,0.9483120414641864,0.0011723484292649822,0.05051561010654855
21592,0.9628572672697766,0.008202382565249746,0.028940350164973656
21593,0.7821927278915893,0.004536770751354784,0.21327050135705589
21594,0.5568121963717999,0.37911652741413837,0.06407127621406175
21595,0.7677247611999799,0.0036487418260297425,0.2286264969739904
21596,0.7940748283805212,0.1311294517684501,0.07479571985102876
21597,0.9669574491561699,0.004163021694938181,0.0288795291488919
21598,0.5511420089914425,0.024417595412565725,0.4244403955959918
21599,0.299314784173377,0.22092866430322466,0.47975655152339836
21600,0.46291912281174197,0.010163465718433157,0.526917411469825
21601,0.8596458874774267,0.0031835681228205297,0.13717054439975274
21602,0.5374268286993262,0.0063544257948818135,0.45621874550579194
21603,0.901343739564336,0.01757820977560056,0.08107805066006328
21604,0.9406781335127424,0.013114883698454018,0.046206982788803544
21605,0.9531724872702348,0.0044838021704780625,0.042343710559287144
21606,0.9514636029245533,0.022451698506064086,0.026084698569382704
21607,0.715188428166962,0.0005339503783916171,0.2842776214546463
21608,0.901035793831898,0.003352714386496966,0.09561149178160497
21609,0.816516919084944,0.007953622875635403,0.17552945803942063
21610,0.9679811836803914,0.010825740359605549,0.02119307596000308
21611,0.9491335940585143,0.004740430619920565,0.046125975321565184
21612,0.9445040581662543,0.029469422038886577,0.026026519794859246
21613,0.00809478865592694,0.0048336365604064475,0.9870715747836666
21614,0.751562741535304,0.0026273755482788238,0.2458098829164172
21615,0.9877409723356213,0.0017966294826044706,0.010462398181774257
21616,0.8969598856227479,0.06832896949264936,0.03471114488460279
21617,0.607554613402712,0.0109668297901694,0.38147855680711856
21618,0.9285947862326104,0.004847259768429873,0.0665579539989598
21619,0.8332929790506661,0.015112895108207694,0.1515941258411261
21620,0.9810570176835501,0.0027324834939223396,0.016210498822527626
21621,0.054126597805201536,0.002861265494047764,0.9430121367007507
21622,0.9723770048804643,0.0032757693696193304,0.02434722574991642
21623,0.46721326871539504,0.015682594402904124,0.5171041368817009
21624,0.9936163823631794,0.000504172777338945,0.005879444859481711
21625,0.9059977632797294,0.006052717776418591,0.08794951894385204
21626,0.6212370535117542,0.051702876671834375,0.32706006981641145
21627,0.9715060940031182,0.0038508843516128098,0.02464302164526917
21628,0.04077662851396932,0.004494700220693757,0.954728671265337
21629,0.9531445001688481,0.002724973155042522,0.04413052667610956
21630,0.8486494763069699,0.1226381463799624,0.02871237731306792
21631,0.03921539753978382,0.0026041710946817583,0.9581804313655345
21632,0.008613594174508953,0.02564754837368084,0.9657388574518102
21633,0.8490553806145127,0.06340928048115312,0.0875353389043341
21634,0.3591035466148925,0.00434128591275564,0.6365551674723517
21635,0.9440608366962774,0.016507272695162528,0.0394318906085601
21636,0.97710378741692,0.0008904587220597671,0.02200575386102025
21637,0.7407699775107357,0.019594431485126008,0.23963559100413817
21638,0.7665674022051134,0.04720337790432154,0.186229219890565
21639,0.8912955880458515,0.015386107025685013,0.09331830492846352
21640,0.9760774882543266,0.009727138604935298,0.014195373140738102
21641,0.02920829312523126,0.03964287799311188,0.9311488288816568
21642,0.9526176637908543,0.0022774267892162253,0.04510490941992959
21643,0.07053641069994926,0.08445313913848751,0.8450104501615634
21644,0.5584412029270183,0.007326191273664355,0.43423260579931744
21645,0.024049225084439088,0.0013493403752820722,0.9746014345402788
21646,0.7650917945928343,0.056770810342569616,0.17813739506459614
21647,0.9123210195578604,0.005525499311365938,0.08215348113077361
21648,0.43189655372931496,0.03343749548795182,0.5346659507827332
21649,0.7969678377750129,0.01693812705152372,0.18609403517346335
21650,0.768925237821212,0.011546862190775102,0.2195278999880129
21651,0.20040647098209588,0.007521420290254859,0.7920721087276492
21652,0.3167827946581681,0.006329331782515449,0.6768878735593165
21653,0.5035960988008953,0.014398586215132415,0.48200531498397237
21654,0.021829771066498742,0.0024843648795350587,0.9756858640539663
21655,0.8946981493733398,0.0077956861588712924,0.0975061644677889
21656,0.9665092974321958,0.0017421290612303505,0.03174857350657381
21657,0.6562159448320632,0.03213755898318683,0.3116464961847499
21658,0.920808698692435,0.03259203063461534,0.04659927067294954
21659,0.9458318949455182,0.01243319301937134,0.04173491203511051
21660,0.8910229585427698,0.026004048927721148,0.08297299252950906
21661,0.8412730540976755,0.014147787693703697,0.14457915820862077
21662,0.00999145530182645,0.0015502833549691122,0.9884582613432045
21663,0.9215949733497659,0.004511534933763008,0.07389349171647111
21664,0.9699990697356704,0.0003259723711159266,0.02967495789321363
21665,0.8977022900360001,0.004926473147449892,0.09737123681654994
21666,0.9259023295744659,0.0027553672157026817,0.07134230320983134
21667,0.026250597855169963,0.08515842175232714,0.8885909803925028
21668,0.9532785088127627,0.0011178933867757063,0.045603597800461464
21669,0.03567538763933659,0.0017030836032495978,0.9626215287574137
21670,0.7921543290442941,0.08960109227308499,0.118244578682621
21671,0.13297291591416366,0.015198852991340793,0.8518282310944956
21672,0.9404460424777173,0.006393178290436013,0.053160779231846735
21673,0.9442809933175019,0.009585506432806088,0.046133500249691914
21674,0.9708693537454068,0.01624815421260821,0.012882492041985029
21675,0.9453036875277134,0.006939899512370203,0.04775641295991641
21676,0.7266818587520153,0.005878478034549406,0.2674396632134352
21677,0.9655176500468153,0.005886665596678488,0.028595684356506085
21678,0.9408736462177748,0.004537391091781208,0.05458896269044392
21679,0.7428081539962539,0.041224119920037064,0.2159677260837089
21680,0.85407587408584,0.031596100056085985,0.11432802585807411
21681,0.005727515843393613,0.001117891694509794,0.9931545924620965
21682,0.794161314510761,0.15936291214202064,0.04647577334721832
21683,0.9745178490342441,0.005759724591464076,0.01972242637429192
21684,0.9339251408654224,0.0010609992392455973,0.06501385989533205
21685,0.9914534627656928,0.0005911950635473843,0.007955342170759936
21686,0.7883498520932293,0.017092992218647237,0.1945571556881236
21687,0.9285458040031949,0.00473285601375396,0.06672133998305109
21688,0.9282325237925955,0.008678533159608337,0.06308894304779622
21689,0.9700325806481467,0.016481378434970873,0.013486040916882654
21690,0.8832551783663654,0.024483671194210115,0.09226115043942461
21691,0.34137483436191207,0.01552573859670093,0.643099427041387
21692,0.8876682326444183,0.007391421779581114,0.10494034557600058
21693,0.890209934005814,0.019064871191417296,0.09072519480276875
21694,0.022359492333590848,0.009704745181068772,0.9679357624853402
21695,0.9416542527176377,0.0074412088052221975,0.05090453847714003
21696,0.9343545224073337,0.024141058421228493,0.04150441917143792
21697,0.7308520693742374,0.006864497712401623,0.26228343291336087
21698,0.977941857872156,0.001029742626559111,0.021028399501284895
21699,0.9464200265084514,0.005802935082106702,0.047777038409441926
21700,0.9797940731896609,0.0009943589420244345,0.019211567868314672
21701,0.83749752018111,0.010543232013622297,0.15195924780526773
21702,0.7957464004421029,0.024690230852571,0.17956336870532605
21703,0.5614783593162082,0.04490542418486448,0.3936162164989274
21704,0.08398077382539955,0.004921757766019714,0.9110974684085806
21705,0.11060149268911543,0.013723215679402954,0.8756752916314816
21706,0.9788800137869074,0.0026654322458928847,0.018454553967199756
21707,0.9740612199033749,0.005924900339180512,0.02001387975744474
21708,0.3510506586330217,0.0109366713630975,0.6380126700038807
21709,0.9524171057328072,0.004860562165816807,0.04272233210137595
21710,0.8520063879603956,0.004377317438107103,0.1436162946014972
21711,0.04033067271432848,0.08497702537330346,0.8746923019123681
21712,0.9681621711977972,0.012771254973396883,0.01906657382880584
21713,0.9849600173843895,0.002018955046300703,0.013021027569309774
21714,0.9883895745226837,0.0025313639179964896,0.009079061559319852
21715,0.7907610910655655,0.004341942452398057,0.2048969664820365
21716,0.7441849614589255,0.06729761910357476,0.18851741943749964
21717,0.14548299623549565,0.01242106872682083,0.8420959350376835
21718,0.9492877252423765,0.024087245088686662,0.026625029668936675
21719,0.06968926307711819,0.004894945458274564,0.9254157914646073
21720,0.9146382420692235,0.007572966146428623,0.07778879178434785
21721,0.9637379010822467,0.0013505521695412299,0.03491154674821225
21722,0.6459475600749041,0.017661003781167913,0.3363914361439282
21723,0.22992350713701443,0.14516904786995533,0.6249074449930303
21724,0.98063668648758,0.008554129834572996,0.010809183677846973
21725,0.9367382675922076,0.02822176056205618,0.035039971845736304
21726,0.4079276931002236,0.320866854688888,0.2712054522108885
21727,0.9568195615265884,0.005652855866173099,0.03752758260723837
21728,0.8805377361505248,0.003591627993950166,0.11587063585552494
21729,0.006713750127399094,0.0013341241346791115,0.9919521257379218
21730,0.7596291427378388,0.01600282561901708,0.22436803164314406
21731,0.9752507770564366,0.002788444125260487,0.02196077881830278
21732,0.98608229410806,0.0014331664633989501,0.012484539428540997
21733,0.9365657565458576,0.013818062584325028,0.049616180869817235
21734,0.008696288904526252,0.0034017007104481336,0.9879020103850256
21735,0.19222391919101836,0.016844907319409463,0.7909311734895722
21736,0.70663357190727,0.02653569193525595,0.26683073615747405
21737,0.9352698380718018,0.007455042693389608,0.057275119234808616
21738,0.9880180647091215,0.004035874018732556,0.007946061272146093
21739,0.9385379486250578,0.004480917941690664,0.056981133433251424
21740,0.1876852554676418,0.005682486503207889,0.8066322580291503
21741,0.9261333266219886,0.0028369794469000047,0.0710296939311115
21742,0.7436386058054708,0.024951696650286456,0.23140969754424254
21743,0.8741997537608521,0.007670258414450865,0.11812998782469691
21744,0.9835411537304568,0.009687484717932448,0.006771361551610841
21745,0.23008873293724397,0.04394147167002087,0.7259697953927351
21746,0.8637056117676872,0.019466606125221643,0.11682778210709105
21747,0.8908368709999837,0.015627994413706537,0.09353513458630988
21748,0.9559391896481014,0.02733449057532313,0.01672631977657545
21749,0.9451156355163489,0.004756245601588752,0.05012811888206236
21750,0.9687282287494567,0.0028052993038514364,0.02846647194669179
21751,0.352595575447759,0.0052091326297930745,0.642195291922448
21752,0.6597945553657868,0.26965067759059835,0.07055476704361476
21753,0.9413899314226424,0.0071996928256656935,0.051410375751691724
21754,0.8916531173954994,0.003091529514540319,0.10525535308996034
21755,0.9717219050380018,0.001940485755897546,0.026337609206100555
21756,0.002993592812914316,0.00033724159254555256,0.9966691655945401
21757,0.10761843495713613,0.019355874852727675,0.8730256901901362
21758,0.8946456452374354,0.002883023829577737,0.10247133093298705
21759,0.8913069445671142,0.04191966969158919,0.06677338574129667
21760,0.020442528156403614,0.002269362500039948,0.9772881093435564
21761,0.8292927843330588,0.04185932831365588,0.12884788735328542
21762,0.80520512935518,0.009436417375296316,0.18535845326952377
21763,0.826082228377234,0.011639353738522606,0.1622784178842434
21764,0.14111993709506984,0.0024619191232550085,0.856418143781675
21765,0.9189177220149838,0.0053006811929750515,0.07578159679204119
21766,0.5694356625408888,0.0026562266352719815,0.4279081108238393
21767,0.5929165669989303,0.030646623831412534,0.37643680916965727
21768,0.6572986944660459,0.1729947966267492,0.1697065089072049
21769,0.9759612392276097,0.0007864571999185303,0.02325230357247169
21770,0.973423966677669,0.000502610631804974,0.026073422690526003
21771,0.9640773080275264,0.0015598769430513466,0.034362815029422226
21772,0.17556352316122908,0.0011173954466351258,0.8233190813921358
21773,0.7619050591723917,0.022690194925881188,0.2154047459017271
21774,0.975182638546899,0.003498200740429408,0.02131916071267163
21775,0.7731816593524905,0.004176876552601201,0.2226414640949082
21776,0.9184844731206762,0.03827836230175893,0.043237164577564845
21777,0.9858139732088,0.0033839239083696027,0.01080210288283039
21778,0.9813409517371419,0.00029219795722213257,0.018366850305636045
21779,0.02382207684495648,0.0008829634022383213,0.9752949597528053
21780,0.9788495527880581,0.0020477383623780285,0.01910270884956396
21781,0.806342973757042,0.005216681096724897,0.18844034514623315
21782,0.9654573604043233,0.0032633499388152565,0.03127928965686139
21783,0.9062949410583299,0.004484837567478686,0.08922022137419133
21784,0.9880170404081658,0.0004341421728978807,0.011548817418936135
21785,0.32397316474716387,0.4222698099898248,0.25375702526301147
21786,0.9039856850557555,0.0031765515474014407,0.09283776339684305
21787,0.11263018978924313,0.01819258733582877,0.8691772228749282
21788,0.9598040387965212,0.020877727049215748,0.01931823415426312
21789,0.8771450538462452,0.011670301136531998,0.11118464501722283
21790,0.7837658160785089,0.02282333341242888,0.19341085050906223
21791,0.9724521464331781,0.002996561017546677,0.02455129254927524
21792,0.00841331228345071,0.007344521802535986,0.9842421659140134
21793,0.49596360948508644,0.1870401807844246,0.316996209730489
21794,0.9624769366333399,0.0023218512071204378,0.0352012121595397
21795,0.9762770714081191,0.004159681747162544,0.019563246844718447
21796,0.8327530087525136,0.00762345050317664,0.1596235407443098
21797,0.9686709286561332,0.020665297909565915,0.010663773434300968
21798,0.9444631701622139,0.0043084138955162415,0.05122841594226969
21799,0.7937618368921435,0.001085242272641775,0.2051529208352146
21800,0.955141433975349,0.007778559827055977,0.03708000619759499
21801,0.4376317344304952,0.008168951975627954,0.5541993135938769
21802,0.01831747781798518,0.0017678947851827945,0.979914627396832
21803,0.3733531266429788,0.007120729291626772,0.6195261440653944
21804,0.8962338387284972,0.008619788755621319,0.09514637251588147
21805,0.0020863292653499808,0.0019391637774289331,0.9959745069572211
21806,0.9273311772642461,0.0007325508649415267,0.0719362718708124
21807,0.8576039853604,0.009073559881081088,0.13332245475851898
21808,0.09051648447445024,0.09146607826077613,0.8180174372647737
21809,0.9724644036560272,0.0018859048752454743,0.02564969146872732
21810,0.9770603802756561,0.002007244667169008,0.02093237505717491
21811,0.7753448355884414,0.059135203910032214,0.16551996050152645
21812,0.8701918843916859,0.009525129474105259,0.12028298613420889
21813,0.8735010239021637,0.0030678557574043202,0.123431120340432
21814,0.8618663197996979,0.0011051820090612267,0.1370284981912408
21815,0.6354331594905991,0.005848747059595476,0.3587180934498053
21816,0.8367045680851573,0.007150626091814315,0.1561448058230285
21817,0.9013206753348117,0.006588937739932243,0.09209038692525613
21818,0.9465134101720427,0.006340650231608293,0.04714593959634899
21819,0.9868956119913385,0.0009960127725292898,0.012108375236132372
21820,0.021664195808618236,0.001453645731564198,0.9768821584598175
21821,0.012843684080642796,0.00880466929462449,0.9783516466247326
21822,0.9187333061034311,0.01111963676551116,0.07014705713105787
21823,0.9470427249278572,0.0026787818782723904,0.05027849319387035
21824,0.4758519025077409,0.001323095852450595,0.5228250016398085
21825,0.2398566503884738,0.03878945889921086,0.7213538907123154
21826,0.9465004951098523,0.0020026047637791184,0.05149690012636851
21827,0.8007337209757751,0.02029857818931707,0.17896770083490776
21828,0.9446734284675381,0.01131795995151982,0.04400861158094203
21829,0.9676782933328429,0.0025167409370968805,0.029804965730060164
21830,0.688493346213033,0.00711550938425483,0.3043911444027121
21831,0.5647002229253872,0.06789667064471916,0.36740310642989366
21832,0.8558517231315452,0.08300376494394937,0.061144511924505485
21833,0.06025131052308523,0.014516624246318229,0.9252320652305964
21834,0.8328716545121204,0.028858142821149808,0.13827020266672982
21835,0.9840447823082449,0.0015047396827078921,0.014450478009047207
21836,0.9663042407960392,0.002698081655434361,0.030997677548526417
21837,0.975483375218495,0.008682784641383298,0.01583384014012179
21838,0.9559334437260574,0.02838788571191454,0.01567867056202801
21839,0.7204769953761018,0.035587455842216294,0.24393554878168186
21840,0.9802762597215295,0.001955636120939024,0.017768104157531515
21841,0.050986282720604924,0.012713389793973736,0.9363003274854214
21842,0.41557004466734215,0.17412693917196098,0.41030301616069687
21843,0.9141041769302072,0.014219460735247741,0.07167636233454504
21844,0.009418976473902677,0.0018908184690285717,0.9886902050570687
21845,0.9408610686399568,0.0026098020670417537,0.056529129293001544
21846,0.5923515238388873,0.11197856058252147,0.29566991557859124
21847,0.8568445753862558,0.004047262844865558,0.13910816176887877
21848,0.9629667218996337,0.022946025888378484,0.014087252211987958
21849,0.0038775711523360724,0.004083953512451,0.9920384753352128
21850,0.917057974988412,0.00814307153040538,0.07479895348118262
21851,0.309828330997014,0.027936039264190592,0.6622356297387954
21852,0.9151218086135143,0.006923530371432595,0.07795466101505312
21853,0.07015160871424708,0.0017805826331402045,0.9280678086526127
21854,0.9916016642825569,0.0011741288669718576,0.007224206850471112
21855,0.05694964591594099,0.005572209259671988,0.937478144824387
21856,0.879775629058002,0.008802064897538315,0.11142230604445955
21857,0.22853809406515005,0.02375671994258547,0.7477051859922644
21858,0.00842531278552046,0.0011634038451957438,0.9904112833692837
21859,0.9717489597910627,0.009685804621060256,0.01856523558787712
21860,0.025396003719504547,0.019681677156384757,0.9549223191241107
21861,0.9505829971481268,0.001960870961935756,0.047456131889937414
21862,0.8696225573584969,0.0050393014673866384,0.1253381411741165
21863,0.8123188859808617,0.009889707213186709,0.17779140680595162
21864,0.001100214718503152,0.0003925338920700333,0.9985072513894269
21865,0.34463255726075437,0.0018451465714512047,0.6535222961677944
21866,0.9248681404594932,0.021019465020358213,0.05411239452014863
21867,0.5399887281432623,0.014307779180843468,0.44570349267589426
21868,0.9763303547418554,0.004924309518764897,0.018745335739379636
21869,0.015714984719112462,0.0019281807913348386,0.9823568344895527
21870,0.8355063319782023,0.013410745609658093,0.1510829224121396
21871,0.8633971103648542,0.006466740678200757,0.13013614895694495
21872,0.9671696890060977,0.0012476481053486012,0.03158266288855368
21873,0.9460862089901869,0.0016968784531131132,0.052216912556699954
21874,0.9821279990946942,0.001861500448485025,0.016010500456820842
21875,0.3631441189437468,0.018640303493384792,0.6182155775628684
21876,0.9730992910808991,0.012547628635334747,0.014353080283766157
21877,0.8447415939737004,0.01150485310393783,0.14375355292236175
21878,0.9651042118756571,0.021425131600521938,0.013470656523820844
21879,0.8956580945830145,0.013664172561811162,0.09067773285517428
21880,0.8722668004564691,0.009042420724946074,0.1186907788185849
21881,0.9435600037223106,0.009066245817053125,0.04737375046063642
21882,0.027863959959190547,0.023888187737521053,0.9482478523032885
21883,0.9494436151064467,0.0038643117884807378,0.04669207310507249
21884,0.16734696138933858,0.008572151577731151,0.8240808870329303
21885,0.060490547188128956,0.005354708913653735,0.9341547438982174
21886,0.9626556040367293,0.004637477736053457,0.03270691822721732
21887,0.9442103872198102,0.005434057452189899,0.05035555532799994
21888,0.9644891962188706,0.0038931826597269343,0.031617621121402546
21889,0.9832145486912048,0.002039431628476971,0.014746019680318214
21890,0.9873032493014524,0.0013935207287448053,0.011303229969802773
21891,0.9865873190300609,0.0009302579457077947,0.012482423024231262
21892,0.9776167062401246,0.004027329555391252,0.018355964204484147
21893,0.6685910485101169,0.004472321577156472,0.3269366299127267
21894,0.9092487775023753,0.008002118853551302,0.08274910364407334
21895,0.9617221037684289,0.0029023787389871815,0.03537551749258395
21896,0.661058122878199,0.029897519675403484,0.3090443574463976
21897,0.07778761435803212,0.21166009848795792,0.71055228715401
21898,0.9138338041490295,0.0006060678341469629,0.08556012801682342
21899,0.9873422613209698,0.0017838415818071385,0.010873897097222938
21900,0.015255202337258262,0.002552663760685271,0.9821921339020565
21901,0.9628203793006356,0.006435897808730261,0.030743722890634005
21902,0.9467084206348639,0.02278340702223185,0.030508172342904205
21903,0.9015661193580882,0.03177599509366526,0.06665788554824659
21904,0.019035681702628354,0.0020163573518630243,0.9789479609455087
21905,0.207319744837611,0.0035083018641781224,0.7891719532982109
21906,0.29149082350452415,0.0627243515097722,0.6457848249857036
21907,0.1389254612877781,0.0011063665812399632,0.859968172130982
21908,0.8900449643899251,0.022370191028854243,0.08758484458122068
21909,0.6215835742163114,0.04343019644617983,0.33498622933750877
21910,0.005463502113237807,0.0053354911190585715,0.9892010067677036
21911,0.17957365436886363,0.09785963890621853,0.7225667067249177
21912,0.9869885295481713,0.0011883307785294055,0.011823139673299374
21913,0.9660513733880647,0.0059818577089917205,0.0279667689029436
21914,0.8376245552092911,0.07844564400486971,0.08392980078583917
21915,0.8440028048648545,0.09749967894997497,0.05849751618517059
21916,0.09587705114186919,0.007937517721426956,0.8961854311367038
21917,0.17477673826336315,0.17286806159060225,0.6523552001460347
21918,0.9813132537132423,0.0008715357103762928,0.017815210576381527
21919,0.8755434047906098,0.01205019972156978,0.11240639548782053
21920,0.29883078778250777,0.021368859739667248,0.6798003524778251
21921,0.9012985588720954,0.014760353208442389,0.0839410879194621
21922,0.7414552071367158,0.1013140839594262,0.15723070890385818
21923,0.9208070652413839,0.007230447198933527,0.0719624875596826
21924,0.601755091475185,0.004912613649205268,0.39333229487560983
21925,0.09531148884861232,0.006541377956891222,0.8981471331944965
21926,0.9686576964741485,0.018305997373829486,0.01303630615202206
21927,0.9666912132395171,0.005530206338275446,0.02777858042220758
21928,0.9830091902110225,0.010524312064872678,0.006466497724104647
21929,0.9394392646684562,0.010822820969975874,0.04973791436156798
21930,0.8707973233346593,0.008267748947199281,0.12093492771814152
21931,0.9582294515642953,0.003153791086053238,0.03861675734965156
21932,0.20045381761301506,0.006762442834480792,0.7927837395525041
21933,0.8691304929369338,0.029201695850502828,0.10166781121256355
21934,0.5930640885154312,0.020031399854568522,0.38690451163000017
21935,0.8325136519572806,0.003292536711480974,0.16419381133123845
21936,0.02668763022954472,0.002163946649875231,0.97114842312058
21937,0.47512907292152257,0.010014712073248435,0.514856215005229
21938,0.2297227794363823,0.0014329863770678026,0.7688442341865499
21939,0.9698725179450625,0.013424191068921407,0.016703290986016205
21940,0.9884890337989568,0.001004559602954436,0.010506406598088748
21941,0.3171230163353795,0.11771463983198492,0.5651623438326356
21942,0.023449207531046363,0.0149286522758149,0.9616221401931387
21943,0.9584193426575953,0.0037597560350288643,0.037820901307375795
21944,0.8701644692642059,0.033993713239517054,0.09584181749627707
21945,0.8663098921051049,0.008932072304213636,0.12475803559068142
21946,0.0015324895174089524,0.00016736621271084653,0.9983001442698802
21947,0.03440240885386091,0.09135004454089893,0.8742475466052402
21948,0.9160444508106376,0.003435494321431018,0.08052005486793151
21949,0.9518543143377038,0.003300733680550663,0.04484495198174537
21950,0.9594579180447802,0.004308076323928483,0.036234005631291366
21951,0.8674257844127921,0.07229983191873161,0.060274383668476386
21952,0.13753205123418386,0.037648976504550735,0.8248189722612653
21953,0.7973292628845767,0.043421891130086224,0.159248845985337
21954,0.9069039429773504,0.044517490121754336,0.04857856690089529
21955,0.9889299065563354,0.006277550222482137,0.0047925432211825755
21956,0.045534984178827155,0.008579058912971711,0.9458859569082012
21957,0.9843223075126606,0.003003997165178699,0.012673695322160634
21958,0.6675519655029335,0.07675911462694596,0.25568891987012055
21959,0.2810307339795087,0.0025792940306438197,0.7163899719898476
21960,0.009497464173799975,0.009475945325406307,0.9810265905007938
21961,0.9669794143856781,0.0093089680275423,0.02371161758677944
21962,0.9047265699798093,0.0017225807625371602,0.09355084925765353
21963,0.9695707127040493,0.0036233317854690622,0.026805955510481684
21964,0.6340807505652504,0.010374149948630557,0.3555450994861191
21965,0.9502802761728073,0.005025053215764107,0.04469467061142862
21966,0.002627537410264667,0.0015612678540220545,0.9958111947357133
21967,0.32342905179688775,0.012130629643977086,0.6644403185591351
21968,0.8132561039304123,0.009779310932182195,0.17696458513740546
21969,0.6412526795634875,0.02668596106622983,0.33206135937028264
21970,0.9691097505318618,0.0014654620782013068,0.029424787389937066
21971,0.9766970665502794,0.0026424022168406182,0.02066053123288014
21972,0.94287919760712,0.001930155996127007,0.055190646396753
21973,0.6144729365030683,0.1331338718263444,0.25239319167058727
21974,0.9874374884277783,0.003918564187742734,0.008643947384478917
21975,0.9275601533199227,0.005672139878428348,0.06676770680164895
21976,0.10280296115170179,0.026981690319160093,0.8702153485291382
21977,0.9831105441481396,0.0014136901663025557,0.015475765685557849
21978,0.8085658762457362,0.07691583090575814,0.11451829284850565
21979,0.02339584746410893,0.0037461779604764894,0.9728579745754146
21980,0.9732492823360883,0.005117190470438277,0.021633527193473463
21981,0.8676206818535426,0.007108323037288557,0.1252709951091688
21982,0.9044493166515664,0.004333401672986964,0.09121728167544668
21983,0.05942520295085281,0.022092781196630922,0.9184820158525162
21984,0.9350317730648348,0.0038370117860449353,0.06113121514912028
21985,0.757215098000843,0.07799372581112324,0.1647911761880337
21986,0.4717396066542708,0.0028050787317808737,0.5254553146139485
21987,0.039634821291488556,0.0046099447123136,0.9557552339961979
21988,0.8415840840773727,0.006844315137073188,0.15157160078555412
21989,0.018172869770908633,0.0018486785385646472,0.9799784516905268
21990,0.02685512702841104,0.015590240674373056,0.957554632297216
21991,0.9863274086258236,0.0032004245787261246,0.01047216679545031
21992,0.9395328358844989,0.041213021057791635,0.019254143057709644
21993,0.8651443477328634,0.0038709245785350918,0.13098472768860156
21994,0.3821175025142703,0.5070566778519119,0.11082581963381787
21995,0.9401123480785696,0.004763880203393946,0.05512377171803634
21996,0.7755779253547079,0.20707554832686512,0.01734652631842694
21997,0.970445190757558,0.010853654382117533,0.018701154860324403
21998,0.47790008291836744,0.25234438828086436,0.26975552880076814
21999,0.11243265389412443,0.005660391984951655,0.8819069541209238
22000,0.09180710171322659,0.02414545859782657,0.8840474396889468
22001,0.9717906667523373,0.001981942034464688,0.026227391213198056
22002,0.8940728496994582,0.028568589972977412,0.07735856032756441
22003,0.9444817170384272,0.022660894103497056,0.03285738885807573
22004,0.978035111988872,0.002198537481712249,0.019766350529415635
22005,0.1063910075288535,0.0036351072816597665,0.8899738851894867
22006,0.632948964826852,0.011258030984987972,0.35579300418815996
22007,0.8161518515919922,0.013963548468722987,0.1698845999392849
22008,0.954717254581176,0.008285393266982,0.036997352151842
22009,0.009479573974790526,0.0013982560945192347,0.9891221699306902
22010,0.36638520109162154,0.004854499276297456,0.6287602996320809
22011,0.8710431706648114,0.01179458625965668,0.117162243075532
22012,0.8348152004504169,0.0025657495361197727,0.1626190500134634
22013,0.9762004140057672,0.0024922377331984707,0.021307348261034382
22014,0.4947772406390063,0.008623800671798906,0.4965989586891948
22015,0.5581798085143086,0.051524596781863434,0.390295594703828
22016,0.13609830692033018,0.07334078184340354,0.7905609112362663
22017,0.42961778220130087,0.010332071327417851,0.5600501464712813
22018,0.8551456022839623,0.0045589606037838865,0.14029543711225367
22019,0.9806372129874361,0.00505838963249377,0.014304397380070163
22020,0.9648958538894081,0.01033950993808053,0.024764636172511404
22021,0.965347115753457,0.0016932925377332194,0.03295959170880995
22022,0.9596596512730791,0.009261617703806376,0.031078731023114634
22023,0.9652437930152906,0.001867316313969419,0.032888890670740085
22024,0.9699573043412747,0.0027436417688535284,0.027299053889871923
22025,0.7308728460047828,0.03686294623762244,0.23226420775759485
22026,0.00871219672048228,0.000985733833811645,0.990302069445706
22027,0.7813698964632234,0.036702090249795746,0.18192801328698072
22028,0.9200033427953254,0.034169461503651376,0.0458271957010233
22029,0.9686357580131251,0.011704731020623896,0.01965951096625095
22030,0.8945052031248318,0.005149053280801154,0.10034574359436696
22031,0.9780547478292647,0.002446225551960313,0.019499026618775027
22032,0.9480769382717552,0.005276564025093958,0.04664649770315081
22033,0.925986890398992,0.05436967984429438,0.019643429756713616
22034,0.9330505490362264,0.0010918504653184469,0.06585760049845517
22035,0.9557299031943625,0.003702643373922744,0.04056745343171485
22036,0.8505164356558986,0.004477466652339811,0.1450060976917616
22037,0.6651155002609062,0.011675307719929435,0.32320919201916437
22038,0.9817948150205814,0.0050482296447097305,0.013156955334708727
22039,0.7473416401651353,0.063103060391895,0.18955529944296975
22040,0.02992320340305795,0.007750633011688223,0.9623261635852538
22041,0.9675327420973965,0.002029537803184216,0.03043772009941925
22042,0.586855041644223,0.02822289314113765,0.38492206521463945
22043,0.6255187104984883,0.024280175642341164,0.3502011138591705
22044,0.983982316063033,0.000979097338222705,0.015038586598744245
22045,0.9542152508288206,0.0032980448050814242,0.04248670436609791
22046,0.9858188991654019,0.003653167069970151,0.010527933764628043
22047,0.7994190118167425,0.02968937191335489,0.17089161626990268
22048,0.9823960420709758,0.0012915752882426915,0.016312382640781647
22049,0.965022944839142,0.006913424721335121,0.02806363043952298
22050,0.964643135204611,0.004229152804853348,0.031127711990535593
22051,0.1881204098217611,0.009199842423865071,0.8026797477543739
22052,0.805739885320599,0.038880547532213226,0.15537956714718776
22053,0.9568665655050685,0.002519379857642403,0.04061405463728905
22054,0.4133282315014278,0.01978310273623767,0.5668886657623345
22055,0.745594200049539,0.014254057975458131,0.24015174197500272
22056,0.05829833820446248,0.13723304951067639,0.8044686122848612
22057,0.06671007942503497,0.16413776987004983,0.7691521507049153
22058,0.8600331389822813,0.039564504832845925,0.10040235618487274
22059,0.9407192150980537,0.005944688544891412,0.053336096357054996
22060,0.9617438910123612,0.0024018814987719754,0.03585422748886676
22061,0.08643339229816287,0.021640055141533686,0.8919265525603034
22062,0.5179151242975146,0.016386459214809388,0.465698416487676
22063,0.980101505758432,0.0023611815958968787,0.017537312645671068
22064,0.850129109934437,0.005773066309302775,0.14409782375626004
22065,0.8889197072713919,0.0040335774012207875,0.10704671532738726
22066,0.02406060115326744,0.0020491803394443934,0.9738902185072882
22067,0.6746470860867133,0.03248088617818993,0.29287202773509674
22068,0.9139769637651043,0.004481617788843774,0.0815414184460519
22069,0.9512679053092664,0.003285501457778546,0.04544659323295508
22070,0.8175813022258906,0.022250327943720085,0.16016836983038923
22071,0.05589766794832945,0.013144361537694526,0.9309579705139761
22072,0.0595699466840297,0.02641137286269716,0.9140186804532733
22073,0.9537604942255467,0.003692819514042444,0.04254668626041096
22074,0.8069703254801252,0.039218740885110806,0.1538109336347641
22075,0.9514691501579193,0.002541838599086992,0.04598901124299378
22076,0.6380008427336387,0.00492566629419869,0.3570734909721627
22077,0.955174259011809,0.002261189086219608,0.042564551901971476
22078,0.8371554995320505,0.004554401265747449,0.15829009920220202
22079,0.42772877202593396,0.007441390961979668,0.5648298370120863
22080,0.736800765372519,0.029800524107680807,0.23339871051980018
22081,0.8448780004009413,0.023896501146098464,0.1312254984529604
22082,0.0811190648036535,0.04753464246843671,0.8713462927279099
22083,0.9719791665893762,0.01637213823471315,0.011648695175910554
22084,0.06501062172186399,0.00696449146231321,0.9280248868158227
22085,0.7011385843677238,0.015501777291862619,0.2833596383404136
22086,0.934802922407003,0.005627688535131252,0.05956938905786581
22087,0.9376568832437839,0.03312234252629041,0.029220774229925667
22088,0.018361177708195408,0.0008021120952644915,0.9808367101965401
22089,0.06314897085661969,0.20096323583031772,0.7358877933130626
22090,0.8857231697440662,0.003267626769621261,0.11100920348631249
22091,0.4633705829331734,0.004274458563574444,0.5323549585032522
22092,0.9351661553797517,0.016455995123276796,0.04837784949697159
22093,0.98588842517752,0.0008947908169286043,0.013216784005551527
22094,0.6341710358998937,0.010741477494572022,0.35508748660553435
22095,0.9806043160074387,0.0011413574176626275,0.018254326574898574
22096,0.8500040826527685,0.04319862840205987,0.10679728894517167
22097,0.691106048329469,0.013750717284330912,0.29514323438620016
22098,0.11800699622188551,0.15982714314420352,0.722165860633911
22099,0.7585585726051194,0.003814143722264641,0.23762728367261587
22100,0.5069899645038952,0.0673285677767228,0.42568146771938187
22101,0.9481114813008177,0.0013561758851025087,0.050532342814079784
22102,0.9599790465931131,0.003989400873846545,0.03603155253304029
22103,0.9818840713026011,0.0018312428007632568,0.01628468589663563
22104,0.011311886947285951,0.050125402460217655,0.9385627105924965
22105,0.7240973177769924,0.019330209082989967,0.25657247314001763
22106,0.030285779277087626,0.012473381421300821,0.9572408393016115
22107,0.9495151675845039,0.003808175548739863,0.04667665686675618
22108,0.005140403104947159,0.002348375737055908,0.9925112211579968
22109,0.8592960849462743,0.04073656981660513,0.0999673452371207
22110,0.9701955187233622,0.002135064306324765,0.027669416970312978
22111,0.9750628797749548,0.0032629231251649986,0.021674197099880263
22112,0.7812741200173563,0.017188837141424895,0.20153704284121865
22113,0.22819004571009383,0.03508350471741119,0.736726449572495
22114,0.5941181212883925,0.012434429227856845,0.39344744948375066
22115,0.9281019140666326,0.0034194890771303724,0.06847859685623722
22116,0.5835545403418764,0.3594635977863005,0.05698186187182311
22117,0.8663389103207753,0.01009116631507664,0.12356992336414821
22118,0.9743590451568666,0.0029421519103502427,0.022698802932783237
22119,0.974972105276916,0.010909568002559303,0.014118326720524654
22120,0.859370179625819,0.06337314346706631,0.07725667690711455
22121,0.7259440427899095,0.015263213866656399,0.258792743343434
22122,0.8297902851932648,0.011341372102063768,0.15886834270467134
22123,0.9080892071796165,0.004589300728327135,0.08732149209205636
22124,0.9773193999899816,0.013468836224578987,0.009211763785439286
22125,0.913047746172177,0.004967841087459204,0.08198441274036368
22126,0.10883116018699567,0.1126109382420081,0.7785579015709961
22127,0.9174533588108194,0.014592994289323993,0.06795364689985678
22128,0.860212320702414,0.003721533629514772,0.13606614566807113
22129,0.9827958711752862,0.00153336121459893,0.015670767610114787
22130,0.9902467569922535,0.0037992057289365022,0.005954037278809851
22131,0.9872240578204463,0.001452381306639412,0.011323560872914213
22132,0.6608836675827452,0.2845474541971071,0.054568878220147825
22133,0.34631850123193286,0.005200984615977542,0.6484805141520896
22134,0.5851969800287551,0.03982779731595376,0.37497522265529104
22135,0.9848923195159608,0.0021147124648342296,0.01299296801920492
22136,0.93598897027882,0.019322835567400713,0.04468819415377921
22137,0.7844384590779048,0.007548525642327207,0.2080130152797679
22138,0.9387149200237092,0.016521328591938764,0.04476375138435193
22139,0.8171405918980462,0.01067709794264162,0.1721823101593122
22140,0.7689542903920248,0.05298519537349489,0.17806051423448044
22141,0.14371211259911437,0.11370513088587164,0.742582756515014
22142,0.9602910449686103,0.0023237602683561826,0.037385194763033584
22143,0.9163596573707811,0.00563370409869849,0.07800663853052046
22144,0.2780330228414131,0.022842029102290287,0.6991249480562964
22145,0.0056698817033778,0.002696098605949036,0.9916340196906731
22146,0.5380226076658323,0.12613304137743656,0.33584435095673104
22147,0.20334404221340807,0.003314212341650549,0.7933417454449414
22148,0.007840773868966523,0.004804753933281118,0.9873544721977524
22149,0.9835430394887876,0.007420983692620603,0.009035976818591763
22150,0.909127030664828,0.05661328693403632,0.034259682401135576
22151,0.8625463730792589,0.0044606896430532915,0.13299293727768785
22152,0.9412230212517333,0.008440076558962964,0.050336902189303784
22153,0.020405318251016755,0.0030684384414665514,0.9765262433075167
22154,0.22415399116833237,0.02376321067111372,0.7520827981605539
22155,0.007715632628714865,0.0014685057436664897,0.9908158616276187
22156,0.9799464735473133,0.001040362384253327,0.01901316406843329
22157,0.013741090747936027,0.0012494118956780935,0.9850094973563859
22158,0.014195192653869447,0.004289046950176383,0.9815157603959541
22159,0.9278295478161808,0.004852033310437513,0.06731841887338157
22160,0.784696959705077,0.016636305138491923,0.1986667351564311
22161,0.9737084974356018,0.0012887253557368596,0.025002777208661134
22162,0.6607559117239556,0.03406601583705302,0.30517807243899125
22163,0.9386813739530837,0.00851793224574744,0.05280069380116886
22164,0.9765023792916225,0.0021872131049445404,0.021310407603432814
22165,0.1922364479711251,0.003932214996718373,0.8038313370321565
22166,0.7172148825230111,0.004183888587934642,0.27860122888905425
22167,0.9653451153287601,0.0018014528989741783,0.03285343177226577
22168,0.012214195851947196,0.0039579716171107004,0.9838278325309422
22169,0.8252430863697624,0.003241160324894763,0.1715157533053427
22170,0.4815550889410922,0.013807673633465887,0.5046372374254419
22171,0.5818547806185237,0.008240526161658565,0.4099046932198177
22172,0.9089382856165609,0.014342393990943817,0.0767193203924953
22173,0.9455476330457959,0.0060548078726403555,0.04839755908156378
22174,0.6108177525695458,0.012656120142363227,0.3765261272880909
22175,0.9503425256974501,0.002686801968676449,0.046970672333873295
22176,0.7503941613834815,0.030744014264595755,0.21886182435192286
22177,0.04384564296038805,0.0023288575211192703,0.9538254995184927
22178,0.9227057553393764,0.003815602224566122,0.07347864243605756
22179,0.7636504759486276,0.004006415573844345,0.2323431084775281
22180,0.8232988872522121,0.08246976688030476,0.09423134586748319
22181,0.9876858601131459,0.0028848488406325616,0.009429291046221562
22182,0.07092766535205053,0.06390767107533614,0.8651646635726133
22183,0.9815225253926658,0.0006982309116589061,0.017779243695675188
22184,0.6759830527254423,0.2210731002245988,0.10294384704995886
22185,0.8772621250680498,0.015203436421284794,0.10753443851066546
22186,0.5487225620602716,0.00808146745380546,0.44319597048592296
22187,0.7958868090433269,0.005941004950846606,0.19817218600582648
22188,0.9782813221748108,0.004889351569626603,0.016829326255562556
22189,0.9811632355237316,0.0012061664387958812,0.017630598037472578
22190,0.9481539933651032,0.006110299509103346,0.04573570712579341
22191,0.857648939236192,0.10091246400782214,0.04143859675598587
22192,0.9862151172225817,0.0005580869308347816,0.013226795846583487
22193,0.968962328015814,0.004981831341835712,0.026055840642350267
22194,0.14305893587784776,0.006999904659956927,0.8499411594621953
22195,0.9776360883435196,0.001349483622455394,0.02101442803402491
22196,0.8085597984758791,0.006154066089546018,0.18528613543457473
22197,0.9769280499621356,0.004079043473510276,0.018992906564354047
22198,0.9171569000636407,0.003531197871715736,0.07931190206464354
22199,0.031254935016208685,0.005267122974263183,0.9634779420095281
22200,0.8484400972248112,0.007264519376642251,0.14429538339854667
22201,0.8329987858537049,0.022171364467618724,0.14482984967867646
22202,0.9389981560874621,0.002829708065466204,0.05817213584707171
22203,0.5835871494863707,0.01064298333245994,0.40576986718116936
22204,0.981055345351517,0.0004883201237181055,0.018456334524764886
22205,0.4859915348562288,0.05243405322642424,0.46157441191734705
22206,0.9577991505475926,0.0035462196281353065,0.03865462982427224
22207,0.9084582712041485,0.004138491292661112,0.08740323750319051
22208,0.9490546986477558,0.009533396732563744,0.04141190461968057
22209,0.895018447275912,0.009919451695671506,0.09506210102841658
22210,0.9431899624018805,0.0034282183377369693,0.0533818192603824
22211,0.9891272674684258,0.003258442486703621,0.00761429004487058
22212,0.9767410800499103,0.002327593074717267,0.020931326875372545
22213,0.5264881692232257,0.026894417669471177,0.4466174131073031
22214,0.9219066427472818,0.02648009802689002,0.05161325922582821
22215,0.6227073774186553,0.018168397669727415,0.35912422491161733
22216,0.048615960798196745,0.002949553383619712,0.9484344858181836
22217,0.15364296678428754,0.010206019169567215,0.8361510140461453
22218,0.10701643374112424,0.00177742076846527,0.8912061454904104
22219,0.9434891019352976,0.005113078919195291,0.05139781914550721
22220,0.9584218931675186,0.026038972997959507,0.015539133834521877
22221,0.6286662984539207,0.016472818144002387,0.3548608834020769
22222,0.04348677232196606,0.008057579335646655,0.9484556483423873
22223,0.8681229228520382,0.003243781836027038,0.12863329531193485
22224,0.9929383558902247,0.0006805473355403365,0.006381096774234876
22225,0.8345413885121418,0.010091895105358269,0.15536671638250002
22226,0.0228731675348367,0.008004467210610959,0.9691223652545524
22227,0.028253656345061964,0.002029661499347449,0.9697166821555906
22228,0.9431862783339883,0.01830138228080417,0.03851233938520754
22229,0.6865409944574391,0.1956510704391043,0.11780793510345662
22230,0.8397236964913031,0.032435824461841956,0.1278404790468552
22231,0.9207467723784399,0.005842192801933212,0.07341103481962694
22232,0.7601889992994029,0.027137949771574587,0.2126730509290225
22233,0.0040714534102786,0.0003519995679421037,0.9955765470217792
22234,0.9618634919084498,0.005665703181361963,0.032470804910188285
22235,0.9555583687385616,0.0037681403653447095,0.04067349089609376
22236,0.835974372017902,0.012669391602560502,0.15135623637953743
22237,0.975740680033222,0.007435940686547512,0.016823379280230543
22238,0.9007792094373028,0.005504022663717367,0.09371676789897977
22239,0.509487320242563,0.016937126250732043,0.473575553506705
22240,0.025831061771867225,0.07635188598205842,0.8978170522460742
22241,0.045844185335929925,0.007853238419686574,0.9463025762443835
22242,0.9785687050625853,0.0023447937938139963,0.01908650114360067
22243,0.8394178648411851,0.020394173584605664,0.14018796157420926
22244,0.9222302335660477,0.004683066648133704,0.07308669978581853
22245,0.9437753022729214,0.02284372028610395,0.03338097744097447
22246,0.9676558413559391,0.009393775115853549,0.022950383528207392
22247,0.9226085406378458,0.03243977598421933,0.04495168337793484
22248,0.9085636511636754,0.006094976273258935,0.08534137256306559
22249,0.014928262908495553,0.005799062874293565,0.9792726742172109
22250,0.010651430482849202,0.0022529041097487782,0.9870956654074021
22251,0.6237257564043305,0.017236220207774305,0.35903802338789526
22252,0.1192948197026003,0.011240595818603254,0.8694645844787965
22253,0.6957321007916589,0.11757542975014043,0.18669246945820078
22254,0.03534373875657178,0.012117876846698463,0.9525383843967298
22255,0.9408279326474094,0.006016906762521053,0.05315516059006972
22256,0.030780169140179905,0.005019744184811633,0.9642000866750086
22257,0.9072054589033371,0.018485923352343718,0.07430861774431931
22258,0.9770636731742683,0.0021052060506558464,0.02083112077507587
22259,0.4302732304409631,0.004064818545805797,0.5656619510132311
22260,0.15726050164967992,0.0019055280010630703,0.840833970349257
22261,0.33510112010740106,0.019544562745458946,0.6453543171471401
22262,0.0019751809197629568,0.0003642730573281066,0.9976605460229089
22263,0.4512851714041173,0.0049698364073531565,0.5437449921885296
22264,0.982810259744802,0.0019824644205946513,0.015207275834603323
22265,0.8417721533176025,0.05141676731048389,0.10681107937191359
22266,0.9463354697681009,0.030193301952097663,0.023471228279801404
22267,0.9620542698610106,0.017565179685726396,0.020380550453262973
22268,0.953096983893137,0.007345434478980492,0.03955758162788248
22269,0.8920848733493792,0.0026236679458222566,0.10529145870479857
22270,0.02443107400265101,0.001657299434379872,0.9739116265629691
22271,0.3966369078296216,0.08345413007888339,0.5199089620914951
22272,0.9194983026336181,0.00439862441221117,0.07610307295417067
22273,0.6892012404394627,0.003220851263561279,0.30757790829697584
22274,0.94944283910474,0.003496553428086407,0.0470606074671735
22275,0.1491793269629102,0.011381835650307837,0.8394388373867818
22276,0.9838728816434449,0.0006634988058328987,0.015463619550722212
22277,0.9719774698358111,0.013828210127050877,0.014194320037137914
22278,0.9164738101910315,0.006191825355211298,0.07733436445375727
22279,0.8824975086933833,0.024252231660572564,0.09325025964604416
22280,0.9062231863804866,0.0054162239876448404,0.08836058963186862
22281,0.9168624349629835,0.0047297420224174345,0.0784078230145993
22282,0.8989673054130678,0.004845272546307504,0.09618742204062473
22283,0.8098694470194374,0.12987816869873392,0.06025238428182875
22284,0.7125130896783515,0.023852616531243487,0.26363429379040504
22285,0.7501960345787064,0.011579384153302398,0.23822458126799118
22286,0.7634819221835376,0.006394468178967715,0.23012360963749462
22287,0.9127214295530646,0.010624078425902999,0.0766544920210323
22288,0.9136656197896857,0.004381679520997059,0.08195270068931737
22289,0.9838062020168282,0.0022305209553027464,0.013963277027868953
22290,0.8081105584088595,0.01867085723463368,0.17321858435650678
22291,0.7903440355907914,0.006860414994502259,0.20279554941470646
22292,0.9855505755040779,0.0015674284069192375,0.012881996089002918
22293,0.960095607857549,0.0015105764767821227,0.03839381566566875
22294,0.2509188081643597,0.004407396606398975,0.7446737952292413
22295,0.9070389443920291,0.00848497681361236,0.08447607879435849
22296,0.7147328334104874,0.028592980899493907,0.2566741856900186
22297,0.8509236152055384,0.0015473913301597211,0.1475289934643018
22298,0.9468757263862414,0.002096404405008432,0.051027869208750104
22299,0.931715041850475,0.023496848715461333,0.04478810943406373
22300,0.04880193983876353,0.0020485744824749615,0.9491494856787615
22301,0.9683502017224329,0.016507425158506246,0.015142373119060831
22302,0.9610923584223158,0.002805602189490027,0.03610203938819414
22303,0.9285201040180704,0.013988197916640533,0.05749169806528906
22304,0.9849614524266588,0.002379680385743728,0.012658867187597397
22305,0.3919342704056052,0.004507980692641193,0.6035577489017536
22306,0.05816232320229116,0.008673669755209149,0.9331640070424997
22307,0.9904742532968978,0.004774687655029382,0.004751059048072896
22308,0.270610120077017,0.03312565791355044,0.6962642220094326
22309,0.4345656305100949,0.014349745520829672,0.5510846239690753
22310,0.002376814355921908,0.0003528264664328915,0.9972703591776452
22311,0.12682884380196396,0.05023534827245497,0.8229358079255811
22312,0.9719139093164281,0.00414789649738825,0.023938194186183565
22313,0.23211340866701696,0.10182745691858852,0.6660591344143946
22314,0.6238093672652132,0.17459842571185263,0.20159220702293407
22315,0.5861041863095849,0.003371655568279901,0.4105241581221353
22316,0.9554356347745155,0.005340895480164873,0.039223469745319615
22317,0.09635474872054696,0.028569929402172588,0.8750753218772804
22318,0.24401668770739107,0.08343575963696244,0.6725475526556464
22319,0.9469105680217514,0.019223810084365394,0.03386562189388321
22320,0.9908077139768946,0.002236897193682968,0.006955388829422435
22321,0.9927663406600012,0.0006911161948384003,0.006542543145160519
22322,0.9533138595811834,0.005944943510346726,0.04074119690846984
22323,0.9609506510680902,0.0038811818145953144,0.03516816711731451
22324,0.9787468535087975,0.001842320015354548,0.019410826475848016
22325,0.9879957604167591,0.0005549138798433398,0.011449325703397571
22326,0.9803735050531333,0.001936792304706421,0.017689702642160365
22327,0.9109583998507154,0.0011559850467127738,0.08788561510257187
22328,0.00907549761470366,0.003757957519841592,0.9871665448654547
22329,0.35811778372521413,0.004847511976175599,0.6370347042986103
22330,0.8400875907364678,0.048895817325766686,0.11101659193776556
22331,0.011534949145238706,0.005677691341383637,0.9827873595133776
22332,0.8597545817302946,0.00791497555412931,0.1323304427155761
22333,0.9844279817935588,0.003594545806532623,0.01197747239990864
22334,0.8721674497002159,0.011413793822549086,0.11641875647723492
22335,0.025443340326671338,0.0028284201884173545,0.9717282394849113
22336,0.9703571054639794,0.0015127943812619225,0.028130100154758787
22337,0.5009202497436844,0.028648104744224315,0.47043164551209127
22338,0.026275261400310616,0.002915418599199222,0.9708093200004901
22339,0.05177362217795264,0.0011993442550613021,0.947027033566986
22340,0.5153640081128258,0.3570821788227522,0.127553813064422
22341,0.9299545605986714,0.008808001644549575,0.061237437756778985
22342,0.34512226404039553,0.0020586121048152954,0.6528191238547891
22343,0.8062917441802346,0.004555177457365895,0.18915307836239942
22344,0.9576331437126868,0.004287724668926929,0.03807913161838628
22345,0.9707240092141276,0.003309713503297836,0.025966277282574574
22346,0.06891148153902057,0.027297143696398796,0.9037913747645806
22347,0.9611126521468667,0.023967102954512993,0.014920244898620346
22348,0.9302524408098563,0.015275583863438663,0.05447197532670524
22349,0.9230601819325825,0.014835797135257917,0.06210402093215961
22350,0.01971849352522355,0.003267314981191067,0.9770141914935853
22351,0.89095043524304,0.0028959435354026395,0.10615362122155737
22352,0.9399338920570466,0.0241811072091887,0.035885000733764744
22353,0.3526393234374974,0.0031063912034973635,0.6442542853590053
22354,0.020054564203680382,0.011790777693937828,0.9681546581023818
22355,0.7585343842210648,0.0007309087669432866,0.24073470701199184
22356,0.9717591184690684,0.003868907021613976,0.024371974509317697
22357,0.9815998436356783,0.0011518145982671135,0.017248341766054574
22358,0.9341917336487362,0.011186226762150114,0.054622039589113616
22359,0.9611474289143305,0.004604585304900344,0.03424798578076922
22360,0.8886928660482009,0.0038035096756746855,0.10750362427612446
22361,0.9829638558093525,0.00208065013239662,0.014955494058250795
22362,0.9818931015924011,0.0012013702457602477,0.016905528161838775
22363,0.9657781627877479,0.015321681380140822,0.018900155832111378
22364,0.5086547302708289,0.02204194144612844,0.4693033282830428
22365,0.34459812793246947,0.31281910255912526,0.34258276950840527
22366,0.9470105241909961,0.002444461272312304,0.05054501453669154
22367,0.967103400483241,0.016656341690317288,0.016240257826441916
22368,0.9754623543708367,0.0008446397777105129,0.023693005851452686
22369,0.7979149579529964,0.01361855970676843,0.18846648234023514
22370,0.935505895057112,0.030600756120433087,0.033893348822454955
22371,0.9461651161542565,0.013659878759922164,0.040175005085821405
22372,0.9163389033389683,0.0038871093340661898,0.07977398732696553
22373,0.04236181547652041,0.14035323513163014,0.8172849493918495
22374,0.15353564459822394,0.020637727672040047,0.8258266277297359
22375,0.7430864279546296,0.010826244758976868,0.24608732728639351
22376,0.03462947813805812,0.05061177088263557,0.9147587509793065
22377,0.509737656925611,0.011735909947649947,0.4785264331267391
22378,0.7650187091383795,0.04844318714374586,0.18653810371787466
22379,0.012246190211025191,0.02988103531472491,0.9578727744742499
22380,0.9729331122540569,0.003021744409695274,0.024045143336247916
22381,0.26891336536621424,0.013645420583619524,0.7174412140501663
22382,0.9531132830888905,0.029999749356961685,0.016886967554147765
22383,0.030582619766433585,0.0012858921946722224,0.9681314880388943
22384,0.8800160917524227,0.004334232251380627,0.11564967599619672
22385,0.003379809071469307,0.0029490571288861255,0.9936711337996447
22386,0.9656995731708898,0.005530151505076522,0.02877027532403369
22387,0.4539507946269383,0.0015740596938178199,0.5444751456792439
22388,0.9922091459142994,0.0016767861921613912,0.006114067893539072
22389,0.16431921955168208,0.029607799006985677,0.8060729814413323
22390,0.9468895342988943,0.003512857376844172,0.04959760832426155
22391,0.696469619432956,0.008702740340296593,0.2948276402267472
22392,0.7874097285491407,0.03457417485971442,0.17801609659114478
22393,0.04270807071873009,0.647314367846395,0.309977561434875
22394,0.734633876049997,0.012127882553181753,0.2532382413968212
22395,0.9815126082190863,0.0019537708538303242,0.0165336209270833
22396,0.6496180867317441,0.004149798912229959,0.34623211435602586
22397,0.9661615279269207,0.0031826578189089096,0.030655814254170407
22398,0.9037517865643685,0.0069953922782747145,0.08925282115735675
22399,0.3006429287823692,0.0031142855766845444,0.6962427856409463
22400,0.6771365700286798,0.0199837397517821,0.30287969021953814
22401,0.0081563320538137,0.0009733399341940127,0.9908703280119923
22402,0.10567945085448785,0.02611232654922669,0.8682082225962855
22403,0.01873692177634637,0.02671563514018678,0.9545474430834668
22404,0.9865038624677454,0.0016645618422248304,0.011831575690029813
22405,0.9730984692218072,0.0005794089352299706,0.026322121842962842
22406,0.9874836584565706,0.0008881602707338624,0.011628181272695479
22407,0.8756115551619765,0.012215863711007665,0.11217258112701578
22408,0.859243797369794,0.002144088321247062,0.13861211430895906
22409,0.5707672017263171,0.0012153601105666639,0.42801743816311616
22410,0.9555955426967573,0.004968817785375127,0.039435639517867764
22411,0.0150150704401589,0.0012899482464423936,0.9836949813133988
22412,0.02070489026780365,0.00234979468517912,0.9769453150470171
22413,0.9081185980276978,0.005081992964438239,0.0867994090078639
22414,0.08430473160927571,0.03081817557182919,0.8848770928188952
22415,0.016776361272474928,0.002556177433102141,0.9806674612944231
22416,0.05961332283255975,0.0012931689039403051,0.9390935082634999
22417,0.9806656331778933,0.005080399011981365,0.01425396781012538
22418,0.6141254987132672,0.004769710241299265,0.3811047910454335
22419,0.24966784041083115,0.013086239197945918,0.7372459203912229
22420,0.8564084672557616,0.020279812134803607,0.12331172060943482
22421,0.03536501737107903,0.09550934124132715,0.8691256413875939
22422,0.7135983983417192,0.00424000450751984,0.28216159715076095
22423,0.8735580780773221,0.014115186039924814,0.11232673588275303
22424,0.466030318738624,0.02956759447674693,0.5044020867846292
22425,0.028711680844516092,0.020067225866622893,0.951221093288861
22426,0.7300733309635123,0.14681830298835669,0.12310836604813107
22427,0.9840621755842744,0.006596024344518269,0.009341800071207315
22428,0.5504082036934373,0.011336633721220443,0.4382551625853422
22429,0.2790583538694801,0.014779529090347032,0.706162117040173
22430,0.31827369932654387,0.6074285529208345,0.07429774775262159
22431,0.051210800641141335,0.025324802771522634,0.9234643965873361
22432,0.9490583023114958,0.0009865571314373117,0.04995514055706684
22433,0.9894977234497334,0.0014885952153569984,0.009013681334909554
22434,0.9238219945032081,0.010175899202907436,0.06600210629388448
22435,0.5293524076235099,0.3800654507281398,0.09058214164835035
22436,0.9236830524121298,0.002848991136402968,0.07346795645146724
22437,0.0033233186430545606,0.0011860128669125463,0.9954906684900329
22438,0.9713212853995541,0.0014794696750428608,0.027199244925403022
22439,0.24776233631884845,0.0325384509315626,0.7196992127495889
22440,0.4355740730594535,0.07274552259995695,0.4916804043405895
22441,0.15628813631416158,0.2363470943060106,0.6073647693798279
22442,0.00917546535813792,0.0010486640262024258,0.9897758706156596
22443,0.9484329287286799,0.019895782559226527,0.03167128871209352
22444,0.002337709949400132,0.0013577716862166155,0.9963045183643833
22445,0.9536456361727896,0.003984522678697203,0.042369841148513006
22446,0.7582867998953884,0.03468431022421672,0.2070288898803948
22447,0.002376743229052952,0.001961109157647062,0.9956621476132999
22448,0.9476867193984427,0.005323454587769148,0.04698982601378801
22449,0.9768163875166116,0.002271708751993132,0.02091190373139525
22450,0.9761026473082072,0.003200570866174895,0.020696781825618057
22451,0.9531658515376196,0.01622778613865485,0.03060636232372566
22452,0.02410288859825327,0.10187873610810985,0.8740183752936368
22453,0.8890083502110662,0.03853053474010963,0.07246111504882422
22454,0.8893281414520627,0.05068245545202682,0.059989403095910554
22455,0.8609538593359863,0.035731664207040374,0.10331447645697334
22456,0.49611893948321145,0.007466390927543783,0.49641466958924485
22457,0.8793576922734234,0.09563414268226691,0.02500816504430962
22458,0.8950026749839619,0.01420323833978638,0.09079408667625166
22459,0.05869411980044769,0.0452423099220837,0.8960635702774686
22460,0.8699603321044113,0.04602895116604469,0.08401071672954408
22461,0.6521323607897737,0.08544937251473032,0.26241826669549606
22462,0.01749904969042295,0.0023799938720876117,0.9801209564374894
22463,0.7493987578370794,0.034909217198636176,0.21569202496428438
22464,0.5612649767777204,0.04630253014355648,0.3924324930787231
22465,0.9180984132122068,0.05643483315796486,0.025466753629828254
22466,0.9725858519980911,0.0035718096405972645,0.02384233836131164
22467,0.9370133238646482,0.003468794390353209,0.059517881744998544
22468,0.652428263800249,0.20879736790739906,0.13877436829235199
22469,0.8237781120613162,0.07542487172079475,0.10079701621788892
22470,0.20200326627837448,0.003470276245596567,0.794526457476029
22471,0.10624835104604013,0.00963807679504648,0.8841135721589133
22472,0.9580098072450585,0.00496016618615101,0.03703002656879033
22473,0.6217105593025456,0.010019094003090976,0.3682703466943634
22474,0.9387971616951678,0.0031567865742249284,0.05804605173060738
22475,0.6693973525603476,0.003813357552435795,0.3267892898872166
22476,0.6403999380241883,0.2523466835788615,0.10725337839695022
22477,0.9933029386302138,0.001476487194111386,0.005220574175674904
22478,0.9512532485846277,0.009676181442814982,0.039070569972557555
22479,0.9782103990749338,0.0018872590548614878,0.01990234187020474
22480,0.9490873351976716,0.007614171361762265,0.043298493440565966
22481,0.7484097581692608,0.02796758963035033,0.22362265220038885
22482,0.9681504725110469,0.004950280786559068,0.026899246702393975
22483,0.5049202795461625,0.018629725390960604,0.4764499950628769
22484,0.012786735836002419,0.007682907789711097,0.9795303563742865
22485,0.9895215927604125,0.001293169264206328,0.009185237975381079
22486,0.9441155476972836,0.003735443496018876,0.052149008806697345
22487,0.9553584641165781,0.0029680637065051356,0.04167347217691669
22488,0.5550953340353857,0.002167863035048124,0.4427368029295663
22489,0.9134607538477824,0.0061898059810766015,0.08034944017114122
22490,0.9923114599543451,0.0007096671843199662,0.0069788728613348954
22491,0.9385945024209378,0.0150469890644617,0.04635850851460057
22492,0.8833410821363691,0.004970623628539998,0.11168829423509091
22493,0.6185302504571586,0.013056467354030358,0.36841328218881114
22494,0.009371511818156727,0.011881904567346863,0.9787465836144964
22495,0.9064179768283787,0.004168669611154133,0.08941335356046728
22496,0.7869980556350463,0.0016222661372326803,0.21137967822772094
22497,0.7941247074754948,0.005025156424373971,0.2008501361001311
22498,0.8843044057162911,0.017026459876995168,0.09866913440671368
22499,0.8253509281832988,0.014518823485763164,0.16013024833093797
22500,0.9498814662441901,0.004451445014385658,0.04566708874142421
22501,0.977914913197935,0.0010903281688626853,0.020994758633202396
22502,0.7217348320696928,0.003779567289560339,0.27448560064074684
22503,0.9472079780864381,0.004289469149854079,0.04850255276370776
22504,0.06655141904002686,0.0064454744258395525,0.9270031065341336
22505,0.9681272688571936,0.0019090528897947872,0.02996367825301166
22506,0.9858949418051172,0.0012162988915944734,0.012888759303288214
22507,0.3293377025201174,0.003187187240186796,0.6674751102396959
22508,0.12296214455916346,0.13799007286252896,0.7390477825783076
22509,0.9612701542562985,0.002009387371927938,0.03672045837177342
22510,0.9826553244172724,0.0037517607932874212,0.013592914789440115
22511,0.9235076413081851,0.007351684986154568,0.06914067370566038
22512,0.4409810918299198,0.003536745927971297,0.5554821622421089
22513,0.8945783498165072,0.0033642998781212704,0.10205735030537146
22514,0.6339921389553953,0.015800607304729944,0.3502072537398748
22515,0.7660191365745554,0.11771977552457782,0.11626108790086677
22516,0.909247709077589,0.032856788234085214,0.05789550268832582
22517,0.5226837556060367,0.004884320863718097,0.4724319235302451
22518,0.7185937306050152,0.09074589600967614,0.1906603733853086
22519,0.9566561007087219,0.019846830366919404,0.023497068924358648
22520,0.940230941281678,0.01311787860782444,0.04665118011049751
22521,0.9328933874139487,0.003834969878628901,0.06327164270742247
22522,0.9711062622230364,0.003552726439252092,0.025341011337711616
22523,0.9040375019405044,0.005487193098951121,0.09047530496054455
22524,0.970958358824678,0.01044936275209537,0.018592278423226517
22525,0.9477574360285401,0.005868544030011177,0.046374019941448616
22526,0.9284817254423059,0.008427847290339944,0.06309042726735428
22527,0.9395408978431701,0.005994927150682569,0.05446417500614739
22528,0.9760867726347022,0.0026295501216132672,0.02128367724368455
22529,0.9891318491080234,0.00041449417087720047,0.010453656721099392
22530,0.9783635540414496,0.002487678276475413,0.01914876768207494
22531,0.9718475476528032,0.0038573150922464514,0.024295137254950236
22532,0.13454453196395083,0.01029329497438027,0.855162173061669
22533,0.9487585510132361,0.0064766007769396765,0.0447648482098242
22534,0.9720162785901979,0.0025548930392204185,0.025428828370581608
22535,0.1372149017720238,0.017111371841030162,0.845673726386946
22536,0.9524709677156754,0.004741460916801841,0.04278757136752286
22537,0.9382717919628438,0.02229917022522059,0.039429037811935505
22538,0.9825950216712873,0.001877444333047632,0.01552753399566508
22539,0.738210272071038,0.016409102817392794,0.24538062511156927
22540,0.7724711310959425,0.006235926263189612,0.2212929426408679
22541,0.6754132904858079,0.008294302443953658,0.3162924070702384
22542,0.09807061822673441,0.021502358257100597,0.8804270235161651
22543,0.8904516479050593,0.0007301939082769113,0.10881815818666381
22544,0.9618827492448154,0.005758358883332858,0.03235889187185171
22545,0.7901934302519866,0.10480146865690741,0.10500510109110589
22546,0.9085726479446175,0.022436743739252574,0.06899060831612999
22547,0.961414994345454,0.003173862301140757,0.035411143353405415
22548,0.5562388597440564,0.021560316538479788,0.42220082371746376
22549,0.9927976331367316,0.0010460281740215273,0.006156338689246822
22550,0.9877492148519373,0.0016005998232087961,0.010650185324853761
22551,0.3597354512495917,0.020399856942557623,0.6198646918078506
22552,0.9734250218456344,0.005193232556168526,0.021381745598197104
22553,0.863158283270805,0.006694912304787229,0.1301468044244077
22554,0.8916819492389594,0.006108523685851968,0.10220952707518868
22555,0.9826974479985423,0.0025056979099922568,0.014796854091465436
22556,0.9373307313232153,0.022316016913356607,0.04035325176342777
22557,0.1788286009058847,0.00743943741196145,0.8137319616821539
22558,0.05414941325915533,0.013993968199417086,0.9318566185414277
22559,0.43639215469149173,0.0026114630622302132,0.560996382246278
22560,0.879123092827738,0.02806334413256211,0.09281356303969979
22561,0.9632040784985975,0.002766866595282671,0.03402905490611985
22562,0.8594263522012593,0.014505475590936415,0.12606817220780434
22563,0.8950964234167144,0.006871832280047676,0.0980317443032381
22564,0.8411019163273088,0.006459639570659987,0.15243844410203114
22565,0.5629560313563587,0.03990411479556892,0.3971398538480724
22566,0.0018754085206585608,0.0004557081421368239,0.9976688833372046
22567,0.9130032149664377,0.04452107608671247,0.04247570894684993
22568,0.9883835073867138,0.000983663161573465,0.010632829451712717
22569,0.8388690588100416,0.0019289780851904227,0.15920196310476808
22570,0.5230702968549437,0.02262890421304094,0.45430079893201536
22571,0.1953038724401359,0.005204195621803977,0.7994919319380601
22572,0.9662098229451831,0.011357279317966845,0.022432897736850015
22573,0.17206048779184785,0.008805362566530054,0.8191341496416221
22574,0.8766374972914969,0.055929014898302966,0.06743348781020013
22575,0.8691786821167207,0.048703852991101214,0.0821174648921782
22576,0.9282704644022686,0.004641138437031522,0.06708839716069982
22577,0.9741132882216137,0.008417331850078407,0.01746937992830796
22578,0.985097946688622,0.003230661647247576,0.011671391664130205
22579,0.4129975423753906,0.0037909760062509517,0.5832114816183585
22580,0.19050075967078048,0.012190488294868247,0.7973087520343514
22581,0.0010653749662104897,0.0002463273472221074,0.9986882976865674
22582,0.9608720418474193,0.0011257253017152198,0.038002232850865535
22583,0.7232208784218379,0.01803170989190688,0.25874741168625526
22584,0.8836387432899675,0.01953990207790426,0.09682135463212835
22585,0.9795580860053135,0.0037374443617027046,0.01670446963298372
22586,0.15320783947904495,0.026846886999910263,0.8199452735210448
22587,0.9670453814635906,0.014087946281309358,0.01886667225510011
22588,0.9338645668271583,0.007985299248029458,0.05815013392481208
22589,0.9041979726607009,0.009417676684778368,0.08638435065452095
22590,0.9660026405730521,0.0028955365841833716,0.031101822842764623
22591,0.6572157626184958,0.014972936702525922,0.3278113006789782
22592,0.057789235298524075,0.010188410063043515,0.9320223546384323
22593,0.8562016676915011,0.008734560454926876,0.13506377185357202
22594,0.05098632853591135,0.005150905833626843,0.9438627656304619
22595,0.8998770933798788,0.023861013534749162,0.0762618930853721
22596,0.8366531791752767,0.031069319141221827,0.13227750168350152
22597,0.912398336615774,0.0027758498579345784,0.08482581352629147
22598,0.9465122820488847,0.0033337822630596574,0.050153935688055665
22599,0.8745179451370713,0.012901471447397894,0.11258058341553098
22600,0.9326520104273116,0.0038433698446363306,0.06350461972805203
22601,0.9238164132860569,0.011858235029035491,0.06432535168490738
22602,0.025573301597933785,0.03829646786974436,0.9361302305323218
22603,0.3324852091519924,0.016878875787901343,0.6506359150601062
22604,0.6418934828769645,0.08036738277325794,0.2777391343497774
22605,0.06495894599094432,0.05210089449901993,0.8829401595100359
22606,0.8763005012629101,0.007634833830940581,0.11606466490614918
22607,0.7918475109852623,0.008748356250393944,0.19940413276434377
22608,0.9722342430473636,0.010293922328467734,0.017471834624168636
22609,0.8966563695821351,0.06597034736060843,0.03737328305725635
22610,0.9703767616379536,0.01452671274782879,0.015096525614217576
22611,0.9865302495264208,0.003043635682559111,0.01042611479102003
22612,0.9385952755192231,0.008685094709980346,0.052719629770796604
22613,0.6929476352685178,0.04051448040347458,0.2665378843280077
22614,0.9638407265738862,0.005391833291941603,0.03076744013417222
22615,0.7542121147703764,0.024107048861463348,0.22168083636816024
22616,0.9587224118475801,0.005910626470896543,0.03536696168152334
22617,0.934318315959452,0.024077284419348935,0.04160439962119898
22618,0.0020614132875578406,0.0009454128928433473,0.9969931738195987
22619,0.5771608045555617,0.0010241466531139118,0.42181504879132425
22620,0.8367561126806271,0.0038675066167094168,0.15937638070266344
22621,0.008496243306932726,0.004473329164832975,0.9870304275282342
22622,0.9446365322905615,0.003869765500674053,0.05149370220876439
22623,0.9790733455549703,0.008665076758780556,0.012261577686249088
22624,0.9012541529784428,0.006068814111040178,0.09267703291051704
22625,0.9661340267386731,0.001995149881152587,0.031870823380174204
22626,0.983902769859522,0.002322216194849638,0.01377501394562838
22627,0.07071178769707358,0.010716000270451928,0.9185722120324746
22628,0.010806519060940486,0.0036494492044009683,0.9855440317346584
22629,0.003569994342415409,0.0008958943096954658,0.9955341113478893
22630,0.6541548935954405,0.1914996093027675,0.15434549710179185
22631,0.361012492011688,0.05032055271628862,0.5886669552720233
22632,0.9760430643678011,0.0010084593410057854,0.02294847629119312
22633,0.9672579270158383,0.0007908386372008084,0.031951234346960775
22634,0.9786789841795871,0.0011660360156611129,0.02015497980475187
22635,0.9249624792749935,0.0275293730283953,0.047508147696611165
22636,0.9870672204522898,0.0006668506784902238,0.012265928869219879
22637,0.8573909844004854,0.0019951649990278464,0.14061385060048662
22638,0.027360890245476766,0.010509402937497697,0.9621297068170256
22639,0.9642395812695804,0.004367833022058304,0.031392585708361384
22640,0.8433909057581574,0.09708194163518927,0.059527152606653304
22641,0.951472062439968,0.004526376831334573,0.04400156072869753
22642,0.9753401631360975,0.002675181123134783,0.021984655740767873
22643,0.5255937288057203,0.018666322494460635,0.45573994869981915
22644,0.7350126659642988,0.011059082632443094,0.25392825140325825
22645,0.29144400105987445,0.10874179257384745,0.5998142063662781
22646,0.3140166639842579,0.03442427615599272,0.6515590598597494
22647,0.978047357801353,0.006955994509544072,0.014996647689102987
22648,0.9366287372407499,0.006255210756922943,0.05711605200232717
22649,0.9320182604368787,0.0299953591307573,0.03798638043236401
22650,0.9786199378777909,0.002195172809692559,0.019184889312516502
22651,0.9008145661198496,0.006613509721976147,0.09257192415817438
22652,0.9902945779354049,0.0003899385078595402,0.009315483556735636
22653,0.969558537625002,0.016136788343276705,0.014304674031721233
22654,0.8298914166855711,0.0054476974017811045,0.16466088591264771
22655,0.17660571422275606,0.02150072900316253,0.8018935567740815
22656,0.026551540738381417,0.03291586631281319,0.9405325929488055
22657,0.9115538455925047,0.009928930902415176,0.07851722350507999
22658,0.34930243926733523,0.019026472406138608,0.6316710883265262
22659,0.9859696005867453,0.001998148278280294,0.012032251134974362
22660,0.9796786685834143,0.0031818702053885836,0.017139461211197103
22661,0.8097270327951499,0.006215642071193538,0.18405732513365658
22662,0.6682919760854618,0.004056035607690261,0.32765198830684794
22663,0.8694826154176232,0.0008226832277969383,0.1296947013545799
22664,0.9827121402687407,0.002184459884555122,0.015103399846704191
22665,0.623776329269939,0.009220986993541588,0.36700268373651945
22666,0.9890341069138369,0.0016988515062199287,0.009267041579943226
22667,0.8942231270407076,0.036290907836183994,0.06948596512310837
22668,0.979286041996704,0.0017742560094535771,0.01893970199384246
22669,0.9505703873780956,0.022462491572045093,0.0269671210498593
22670,0.9786830020552398,0.0021284907502491486,0.01918850719451104
22671,0.46073274454228597,0.0009435755064034291,0.5383236799513107
22672,0.08551059071456649,0.002174461939116411,0.912314947346317
22673,0.0388321887837824,0.004848576769075951,0.9563192344471417
22674,0.9668831784499482,0.0037848027985802626,0.029332018751471643
22675,0.9848997114190171,0.0007113045827247691,0.014388983998258081
22676,0.8569400020819413,0.004854286094410076,0.13820571182364852
22677,0.009566398638651278,0.0035989156164274857,0.9868346857449213
22678,0.9946348367108109,0.00023051432820464174,0.005134648960984418
22679,0.9540435940375789,0.010876458793439603,0.03507994716898128
22680,0.9815560406310531,0.0021190240181575156,0.016324935350789414
22681,0.08746783276585168,0.010962660588010476,0.9015695066461379
22682,0.848436779432782,0.006305296031598264,0.1452579245356197
22683,0.9822843418441678,0.0017971287622059156,0.015918529393626396
22684,0.9231490634709979,0.017932325688825166,0.058918610840176855
22685,0.21818588815161283,0.008476898208032945,0.7733372136403542
22686,0.8549461826453415,0.06490648213398303,0.08014733522067546
22687,0.976247678179923,0.002715822717133702,0.02103649910294337
22688,0.9318536929761754,0.010493675466667112,0.0576526315571574
22689,0.9326256663466015,0.005586618344465518,0.06178771530893292
22690,0.5529534461035647,0.011032045272291827,0.4360145086241435
22691,0.9210369351685682,0.005149528929152861,0.07381353590227897
22692,0.7283869085399788,0.05601083814547658,0.2156022533145446
22693,0.9024318890112545,0.008555877439439913,0.08901223354930554
22694,0.9387000725645972,0.029023151776870884,0.03227677565853183
22695,0.9547558797935218,0.002794301236617262,0.0424498189698609
22696,0.12088723663534115,0.004406426613539554,0.8747063367511193
22697,0.9631626213335551,0.002005757182713196,0.0348316214837318
22698,0.00839289438443137,0.0046961770470736455,0.9869109285684949
22699,0.9306079910758649,0.008102484798517783,0.06128952412561724
22700,0.9319518672310192,0.014219788884467044,0.05382834388451385
22701,0.7057040412545224,0.005421809884490635,0.28887414886098706
22702,0.855119924415846,0.01844607109044505,0.1264340044937089
22703,0.9692379498084372,0.015561174466179814,0.015200875725382982
22704,0.9706130821542343,0.018617737524068943,0.01076918032169693
22705,0.014127608755455053,0.007987494509020247,0.9778848967355247
22706,0.9036187740073505,0.006871083945168409,0.08951014204748114
22707,0.5700322927503267,0.003992900392861393,0.4259748068568118
22708,0.9629531898220862,0.016779097853684175,0.020267712324229574
22709,0.8980126680795036,0.006460249641431985,0.09552708227906431
22710,0.9796384621047287,0.0037351934059946523,0.0166263444892766
22711,0.08572715343519499,0.007476957483558395,0.9067958890812466
22712,0.3700533171797951,0.043720114922092615,0.5862265678981123
22713,0.9369693344071501,0.01822588418273487,0.044804781410115
22714,0.9436096835661985,0.003797858076544202,0.05259245835725746
22715,0.06313681702590426,0.07688979399938622,0.8599733889747094
22716,0.920432426204716,0.024999164934839155,0.054568408860444714
22717,0.9753243762978248,0.0031864197329066683,0.02148920396926854
22718,0.9600285740844745,0.023347105537644894,0.016624320377880593
22719,0.936789424475048,0.007356539341961009,0.055854036182990896
22720,0.001845675929228511,0.0004012517483308307,0.9977530723224407
22721,0.02334885739818285,0.00625792974091438,0.9703932128609027
22722,0.9814142131162428,0.003752433653351373,0.01483335323040594
22723,0.8439483532654823,0.06199196456927719,0.09405968216524042
22724,0.8030052989694229,0.0070810060675453035,0.1899136949630318
22725,0.9017563510465476,0.005514242526064307,0.09272940642738804
22726,0.9398638964273496,0.008898613397672513,0.05123749017497802
22727,0.8513740514224581,0.007827532031258903,0.14079841654628308
22728,0.8299577683858438,0.04297798456019372,0.12706424705396252
22729,0.40495073105798407,0.049959638639029635,0.5450896303029863
22730,0.9693957859165709,0.0018340021872128376,0.028770211896216223
22731,0.9537667074536473,0.0005922518037260254,0.04564104074262667
22732,0.9453718058728419,0.004951582474267125,0.049676611652891
22733,0.01625361260268927,0.0019102030166005097,0.9818361843807102
22734,0.9240983635922057,0.011815224740652287,0.06408641166714213
22735,0.9032818290757614,0.0031078535836021213,0.09361031734063652
22736,0.11316925939591248,0.5447763123750624,0.3420544282290251
22737,0.8065287135963355,0.014734320792137184,0.17873696561152733
22738,0.7688353074121546,0.01556684874031879,0.2155978438475267
22739,0.06334373378659966,0.0007897453241110972,0.9358665208892892
22740,0.026674248472893444,0.009156030679127743,0.9641697208479788
22741,0.627365485608042,0.0035208645439632254,0.3691136498479948
22742,0.9759034770048808,0.0015078469711332187,0.022588676023986072
22743,0.8802866284356978,0.012931396278529085,0.1067819752857731
22744,0.11963672381781806,0.0024801623064978234,0.8778831138756842
22745,0.9747521766557992,0.0033323853797912984,0.021915437964409524
22746,0.03148424895400477,0.0026342618176765364,0.9658814892283187
22747,0.955514987974607,0.003321280575642457,0.04116373144975064
22748,0.26654728863489485,0.17909071992756695,0.5543619914375383
22749,0.48406196242801547,0.01772690527085198,0.49821113230113256
22750,0.9750759812566903,0.0017033530742965133,0.023220665669013166
22751,0.9581009099561956,0.0025602295216453925,0.03933886052215903
22752,0.9106998237099263,0.004532300319636301,0.08476787597043739
22753,0.900525247792168,0.004837999790336052,0.09463675241749597
22754,0.3196990603126393,0.011471588065352308,0.6688293516220084
22755,0.9693771733124776,0.007956028115919042,0.022666798571603294
22756,0.07094682348582068,0.016311951260517824,0.9127412252536615
22757,0.9580655203470849,0.00490146118075645,0.037033018472158605
22758,0.5525285722033443,0.009992738757947428,0.43747868903870835
22759,0.8351711445253799,0.012002452989199223,0.15282640248542095
22760,0.9634316265600185,0.004876942417512831,0.03169143102246871
22761,0.9524801076619299,0.032996263003158346,0.014523629334911754
22762,0.014081503435138412,0.01791657555732811,0.9680019210075336
22763,0.8931819320114126,0.07156547181747408,0.035252596171113246
22764,0.9075660471079459,0.017121413464261995,0.0753125394277922
22765,0.9725217695681674,0.0051096250475335505,0.022368605384299058
22766,0.7654932453711718,0.010448067708036928,0.22405868692079134
22767,0.9755736514274804,0.01556850460153153,0.008857843970988107
22768,0.04839821707150721,0.008165204930069387,0.9434365779984235
22769,0.9464799847984992,0.0037740827604535957,0.04974593244104717
22770,0.6813755224179057,0.07637012882911626,0.24225434875297797
22771,0.9719635502353589,0.0029013774931276274,0.025135072271513525
22772,0.11116976274070636,0.00481074273638948,0.8840194945229041
22773,0.9821391796301788,0.0008895825672443072,0.01697123780257655
22774,0.7016270118892288,0.012068866147581172,0.28630412196319005
22775,0.503164530164426,0.016108360599834712,0.48072710923573925
22776,0.3804426812291084,0.020983084534918685,0.598574234235973
22777,0.6907100579599006,0.009588319867081297,0.29970162217301816
22778,0.7960256525050529,0.0078208908363323,0.19615345665861472
22779,0.9791032929128821,0.0030533812008981987,0.0178433258862198
22780,0.1844034763970476,0.004756051284122244,0.81084047231883
22781,0.5123402778488386,0.019354461179692157,0.4683052609714692
22782,0.35430089198768594,0.15967258353699545,0.48602652447531863
22783,0.8216609682495695,0.015431705135254228,0.16290732661517626
22784,0.4940620854318348,0.015833632903344254,0.490104281664821
22785,0.5542153743452818,0.01002251398749149,0.43576211166722667
22786,0.9272222079852086,0.0045788086599392085,0.0681989833548522
22787,0.9801197879152266,0.0021327862002386406,0.017747425884534745
22788,0.8979751155534477,0.0047274476269573975,0.09729743681959499
22789,0.936261871097826,0.0020489846027013942,0.061689144299472656
22790,0.7774205267087806,0.0034337841679887363,0.2191456891232306
22791,0.9347631998642647,0.0013540158359165867,0.06388278429981867
22792,0.9418312614840794,0.026644632246714785,0.03152410626920596
22793,0.9522638961359531,0.001534158304083978,0.04620194555996298
22794,0.11606512651022952,0.0026932813322671488,0.8812415921575034
22795,0.8890942103385105,0.0051775922378290064,0.10572819742366041
22796,0.4773990280699728,0.008232881101502679,0.5143680908285244
22797,0.983276797552755,0.005164055851109642,0.011559146596135456
22798,0.9074259469881261,0.015064121198486961,0.077509931813387
22799,0.01271507723525635,0.004483115325811031,0.9828018074389328
22800,0.6252480566360855,0.016830393296422178,0.35792155006749243
22801,0.6123152693889559,0.023620596806987765,0.3640641338040564
22802,0.972029105961391,0.0032194442808047086,0.024751449757804255
22803,0.9560698400234937,0.002935608868293011,0.04099455110821324
22804,0.9608404659753699,0.021331891565901012,0.017827642458729136
22805,0.08387409319518963,0.013383447544199067,0.9027424592606115
22806,0.686404099945011,0.01706506664773421,0.2965308334072549
22807,0.958726244893479,0.018477557211222854,0.02279619789529809
22808,0.7637706282406791,0.005802983495077775,0.23042638826424308
22809,0.5013545642962678,0.021226012984410045,0.4774194227193221
22810,0.9466985871381496,0.010153892092147865,0.043147520769702706
22811,0.9778958544780101,0.003273265135130196,0.018830880386859844
22812,0.10178576659560849,0.058632725453752275,0.8395815079506393
22813,0.9473676212405716,0.02553576193961639,0.02709661681981201
22814,0.9205483449839053,0.031281817468629604,0.048169837547464955
22815,0.20306486576335492,0.00315362887837322,0.7937815053582719
22816,0.8619837512896571,0.016360104210414242,0.12165614449992868
22817,0.9737110042624432,0.0016143382083781163,0.02467465752917872
22818,0.9751910849626404,0.0016950369489253324,0.023113878088434348
22819,0.001187411424227235,0.00027580490548557003,0.9985367836702872
22820,0.9623075890411278,0.005403072528318461,0.032289338430553705
22821,0.9841085879206108,0.001207473440929973,0.01468393863845903
22822,0.41791518727986393,0.005239989100431856,0.5768448236197042
22823,0.7706734072644088,0.0021547731183134094,0.22717181961727767
22824,0.9841635879992988,0.00202659322033631,0.013809818780364747
22825,0.6902920806245998,0.020149278752747024,0.2895586406226533
22826,0.0034973960305092443,0.004845405535095033,0.9916571984343956
22827,0.024116319871198482,0.005640503232090083,0.9702431768967115
22828,0.3846787911753235,0.002613896802651453,0.6127073120220249
22829,0.8536616704404901,0.004928603679254453,0.14140972588025547
22830,0.9469939298790392,0.0019249802028856531,0.05108108991807512
22831,0.9681407259152084,0.01256972594730162,0.019289548137490002
22832,0.44084018778454026,0.004904544292455441,0.5542552679230044
22833,0.9507716860999736,0.029047392631622572,0.020180921268403866
22834,0.20756926223617123,0.03128922878296024,0.7611415089808686
22835,0.258774745097493,0.04776021469128101,0.693465040211226
22836,0.04828409443373061,0.003848003546278034,0.9478679020199914
22837,0.09785949554191603,0.0020963928178421,0.9000441116402418
22838,0.2929914656982209,0.02416934253547849,0.6828391917663006
22839,0.988742742692154,0.0014063685483117322,0.009850888759534243
22840,0.09267562503335139,0.009080068325055762,0.8982443066415929
22841,0.001365235456687955,0.0004480495326225867,0.9981867150106895
22842,0.8393744504444107,0.005686267461882253,0.15493928209370716
22843,0.9766293632581113,0.0027329412639517064,0.02063769547793701
22844,0.9780041589100597,0.006028943352991948,0.015966897736948506
22845,0.002131065410968817,0.0006843721536269129,0.9971845624354042
22846,0.9767029629677482,0.0013411701976431766,0.021955866834608498
22847,0.9548364625947446,0.006964656132898995,0.03819888127235632
22848,0.429798496647903,0.019648712743556573,0.5505527906085405
22849,0.7161166883058823,0.02038604713059855,0.2634972645635191
22850,0.6648753856256513,0.06060828523264547,0.2745163291417031
22851,0.6847397240401913,0.014925062716888978,0.30033521324291956
22852,0.667466215140967,0.13338745805895444,0.19914632680007854
22853,0.5507865635693746,0.018944130560486445,0.4302693058701389
22854,0.9607332500425514,0.0013934313615782705,0.037873318595870356
22855,0.9822677462816826,0.0053183718370181975,0.012413881881299285
22856,0.9359466266005821,0.0036435470581443422,0.060409826341273606
22857,0.9847819752982572,0.00509670940929388,0.010121315292449109
22858,0.9628847157308964,0.024089162723518073,0.013026121545585384
22859,0.4781957999367689,0.397606676371196,0.12419752369203504
22860,0.04571964092316198,0.007327180656071293,0.9469531784207668
22861,0.8581057931677101,0.007490170618144457,0.13440403621414548
22862,0.9802043166858976,0.009888720770873995,0.009906962543228408
22863,0.9611710944607812,0.015337309904335015,0.02349159563488374
22864,0.03417399223168391,0.021929689891204144,0.9438963178771119
22865,0.06175082128093936,0.010732036411972798,0.9275171423070878
22866,0.01947923045102294,0.0025940358567605746,0.9779267336922164
22867,0.020410110909552297,0.000855367743588132,0.9787345213468596
22868,0.942682867592946,0.005097214005529973,0.05221991840152397
22869,0.9596691298373071,0.015384909171402334,0.024945960991290553
22870,0.8334720160209419,0.010699346032719558,0.15582863794633858
22871,0.9241047864258636,0.006589596091556013,0.06930561748258059
22872,0.9608226459817567,0.002734000338287349,0.03644335367995595
22873,0.5148260849732281,0.0119669763169963,0.4732069387097757
22874,0.9367561766388051,0.0054686037925715855,0.05777521956862336
22875,0.267298311877448,0.009253433994151967,0.7234482541284
22876,0.9779825866544883,0.002443229682572426,0.01957418366293919
22877,0.7209170135107154,0.04501914521113094,0.23406384127815377
22878,0.19495604194115157,0.005080032226742067,0.7999639258321063
22879,0.8171192490125331,0.16875505815359115,0.014125692833875835
22880,0.25045072460522416,0.05555602330188022,0.6939932520928956
22881,0.9659787742216698,0.0031414824786948235,0.030879743299635352
22882,0.974157283226671,0.0012060309742638153,0.024636685799065312
22883,0.9698884575885365,0.0062620956121804666,0.023849446799283067
22884,0.9858252371451761,0.003050916875707469,0.011123845979116287
22885,0.07650432307422061,0.014595296734481816,0.9089003801912976
22886,0.8055352110981511,0.0397602405586327,0.15470454834321617
22887,0.8135657874938294,0.01016096674169473,0.17627324576447584
22888,0.948559261568586,0.008341271405915793,0.04309946702549823
22889,0.9441695742720586,0.013497008599356597,0.04233341712858471
22890,0.7723487488869298,0.013293621056814586,0.21435763005625552
22891,0.9171126723597111,0.001098800973580681,0.08178852666670831
22892,0.9824917591424092,0.001997932268958374,0.01551030858863241
22893,0.748411775577052,0.015980499745741998,0.23560772467720598
22894,0.9501527237924641,0.034401369718419623,0.015445906489116232
22895,0.9871624413857724,0.0010379143057335782,0.011799644308494
22896,0.9326584260947499,0.0326919410724649,0.034649632832785146
22897,0.9681703069990892,0.0029283923841587917,0.028901300616752126
22898,0.8228975611851725,0.030054115055926627,0.14704832375890087
22899,0.9748162090308286,0.006296426894622812,0.018887364074548784
22900,0.3268759289828521,0.007655450864869205,0.6654686201522786
22901,0.9770847659012125,0.010447392203505844,0.012467841895281651
22902,0.8743400715628388,0.00355165221040755,0.12210827622675384
22903,0.0789950391533128,0.0021858947787114003,0.9188190660679758
22904,0.5891063365879936,0.27301835646740935,0.1378753069445971
22905,0.9520226590034332,0.007077527082755438,0.04089981391381144
22906,0.9639301457946085,0.005035480857975701,0.03103437334741564
22907,0.911755035110466,0.010565365237680424,0.0776795996518535
22908,0.40259117376416864,0.011333084805776945,0.5860757414300545
22909,0.6268048188032699,0.0010802346039200151,0.3721149465928101
22910,0.6766970100427991,0.016275789524354545,0.30702720043284626
22911,0.9945238391167113,0.00030369357648773516,0.005172467306801089
22912,0.9776491791666021,0.0016509123642144937,0.020699908469183438
22913,0.708434757569321,0.0015417663693681242,0.290023476061311
22914,0.01833978962519505,0.0022967420640971634,0.9793634683107078
22915,0.9432122580341555,0.02711763806781449,0.029670103898030008
22916,0.035888010863077004,0.003072841133165816,0.9610391480037571
22917,0.9668697351861284,0.004539938502039031,0.028590326311832486
22918,0.9871388521551755,0.000880601251818683,0.011980546593005997
22919,0.9855915362208305,0.0013980440371052713,0.013010419742064235
22920,0.6096716083967312,0.004751643613135239,0.38557674799013364
22921,0.008128546269147071,0.0015768296393913357,0.9902946240914616
22922,0.06782823636483828,0.009979175224427175,0.9221925884107345
22923,0.14281949998943308,0.08428366458175576,0.7728968354288112
22924,0.608206541687976,0.007614638787077679,0.3841788195249463
22925,0.5635340518693627,0.023649179255269888,0.4128167688753673
22926,0.06653463449549539,0.005979275109061213,0.9274860903954433
22927,0.77891927252515,0.02132603227128751,0.1997546952035625
22928,0.3740679354281397,0.009968520168508022,0.6159635444033522
22929,0.7052011392397801,0.0012085524605318868,0.2935903082996881
22930,0.7577172196770456,0.014344496934049994,0.22793828338890426
22931,0.8189912160652948,0.006751163134571071,0.17425762080013416
22932,0.49758406652294207,0.0020897423836571966,0.5003261910934007
22933,0.6730814687097684,0.004143834822481728,0.32277469646775003
22934,0.9247204988960995,0.0024484995387776595,0.07283100156512286
22935,0.9844630732980705,0.007143318976963206,0.008393607724966211
22936,0.9919594925493365,0.002641405865371018,0.005399101585292584
22937,0.9007678533499908,0.018320848658679226,0.08091129799133011
22938,0.8622088337472129,0.006047730629245126,0.13174343562354204
22939,0.9771286598758399,0.0027181918596924873,0.02015314826446764
22940,0.013584473930302614,0.008544245762210889,0.9778712803074865
22941,0.5926679760299811,0.014303142443740199,0.39302888152627874
22942,0.01856797005236378,0.007491165146335886,0.9739408648013004
22943,0.3027798738079447,0.0025119720215262195,0.6947081541705292
22944,0.972431915023791,0.015361624232567893,0.01220646074364109
22945,0.9826279635205826,0.0012881082162459682,0.016083928263171406
22946,0.9545145116210543,0.002639615643189166,0.04284587273575659
22947,0.8161110661344473,0.01965282830103082,0.16423610556452176
22948,0.8976783420722814,0.046019993283922034,0.05630166464379649
22949,0.06216898482605223,0.024813920284173712,0.9130170948897742
22950,0.8575975906960651,0.12438641807670178,0.018015991227233116
22951,0.9760935345262918,0.008587646266848941,0.015318819206859402
22952,0.6901485571122258,0.004365383885286914,0.3054860590024873
22953,0.9620075662335241,0.004850372254734646,0.03314206151174117
22954,0.09660059506651783,0.029073538050800034,0.8743258668826821
22955,0.9447704013042991,0.0037796180240759463,0.05144998067162488
22956,0.005595434192583141,0.003606858325483614,0.9907977074819333
22957,0.9904072799381471,0.00032908885702948514,0.009263631204823283
22958,0.18782298461601124,0.0017133232611337983,0.8104636921228551
22959,0.936410598457806,0.005054845036567727,0.058534556505626174
22960,0.9811244403423027,0.0011491778426319518,0.017726381815065227
22961,0.9752314127396965,0.0011732493327984562,0.023595337927505206
22962,0.03204669826554808,0.010337942880253179,0.9576153588541988
22963,0.4707433997931762,0.38879258287608476,0.1404640173307391
22964,0.969297313044328,0.0015724684127509827,0.029130218542921055
22965,0.06310076593850672,0.7791887537157389,0.15771048034575438
22966,0.007830700765818332,0.006660141035723221,0.9855091581984585
22967,0.8182502454611025,0.014313374275496952,0.16743638026340055
22968,0.9561828207625328,0.003632650709234052,0.040184528528233086
22969,0.27041321984693556,0.22117591263299316,0.5084108675200713
22970,0.9710498590757966,0.0027242751628891917,0.026225865761314283
22971,0.9628047479603279,0.0055178805107122435,0.03167737152895978
22972,0.412549194701499,0.0036189872313979413,0.583831818067103
22973,0.8942167106062671,0.013650703464410316,0.09213258592932266
22974,0.6115246780851497,0.0020037195337873916,0.3864716023810629
22975,0.886994420063935,0.00866482764492998,0.10434075229113499
22976,0.9774164264667535,0.0047513836409652935,0.017832189892281317
22977,0.1821712557236444,0.00973932022783786,0.8080894240485177
22978,0.943581926595911,0.0025069371268340046,0.05391113627725499
22979,0.551807841232116,0.002732596764790892,0.4454595620030931
22980,0.8981179733563645,0.00288784147956138,0.09899418516407417
22981,0.8063372948351784,0.009054369731033834,0.18460833543378774
22982,0.9406755877697199,0.018086994440086462,0.041237417790193576
22983,0.9651531374464482,0.0046554228270597724,0.030191439726492145
22984,0.2942086662494846,0.009600156033941399,0.6961911777165739
22985,0.9583475819661591,0.022253800787002197,0.019398617246838824
22986,0.1873394668163565,0.15093647622619047,0.661724056957453
22987,0.9153526250838918,0.007117546974206244,0.07752982794190202
22988,0.6673413585325705,0.024256287135129593,0.3084023543322999
22989,0.007097747469756117,0.0040861052056146525,0.9888161473246292
22990,0.9057641334229227,0.0036140188558753577,0.09062184772120187
22991,0.9871804671000379,0.0011849225348661784,0.01163461036509592
22992,0.3782580345909944,0.009707507254279572,0.6120344581547261
22993,0.890810942675748,0.017917111911095834,0.09127194541315614
22994,0.837477295984869,0.014906306402397873,0.14761639761273315
22995,0.9433739714240968,0.002078076984729767,0.05454795159117346
22996,0.14845769778617388,0.005999116537747153,0.8455431856760789
22997,0.7167805367217734,0.0034361935134530498,0.2797832697647736
22998,0.9376922132452866,0.015714433819460753,0.04659335293525266
22999,0.516523196927539,0.09352954278560252,0.38994726028685855
23000,0.01843676183191519,0.0017105441092194467,0.9798526940588654
23001,0.016296286495880535,0.0012761893622212836,0.9824275241418982
23002,0.007081263596921598,0.001753870667526817,0.9911648657355516
23003,0.025817287614581505,0.03459330785939726,0.9395894045260212
23004,0.9793250407237559,0.000409494978669472,0.02026546429757471
23005,0.9758549245049986,0.0010883571794703848,0.023056718315530897
23006,0.032388823048097926,0.008293662152715634,0.9593175147991864
23007,0.9209863418637667,0.016420067386277947,0.0625935907499554
23008,0.0873910702110098,0.013641805652414726,0.8989671241365755
23009,0.6962249214345455,0.12723892367239265,0.17653615489306182
23010,0.8839258346214237,0.007471427420661349,0.10860273795791503
23011,0.49923255289012175,0.011966888133995442,0.4888005589758828
23012,0.8888696150747304,0.034461534283461534,0.07666885064180806
23013,0.8458071229943902,0.00356546528183306,0.15062741172377672
23014,0.42721245772099864,0.027991378465877778,0.5447961638131236
23015,0.9277675989084324,0.005671575774090987,0.06656082531747655
23016,0.957979795092462,0.005507607168053541,0.03651259773948452
23017,0.9690822584972549,0.0029293731642273404,0.027988368338517686
23018,0.9788898730979092,0.0022560076216462783,0.01885411928044453
23019,0.9913950482168655,0.0023534704175017253,0.006251481365632821
23020,0.41448783394830585,0.009340741726046091,0.576171424325648
23021,0.9400102278145075,0.013510322922948508,0.04647944926254398
23022,0.8824134337197773,0.028130165096803664,0.0894564011834188
23023,0.9528044493374995,0.0015468703554541358,0.04564868030704641
23024,0.1495601624461641,0.0046289314631646,0.8458109060906714
23025,0.6855680473625216,0.012819403637797372,0.3016125489996808
23026,0.9533433657881795,0.013332053528560909,0.03332458068325963
23027,0.9550454174513389,0.0022349757555491117,0.04271960679311207
23028,0.9634185875429361,0.005493024464063405,0.031088387993000476
23029,0.8930753097638706,0.0018784920142942102,0.10504619822183542
23030,0.9407873746913733,0.016189398491326903,0.0430232268172998
23031,0.9504102102575546,0.0024136437165379774,0.047176146025907466
23032,0.0028481369124039218,0.00035495033894018476,0.9967969127486558
23033,0.6777024666935201,0.14393645159605878,0.1783610817104213
23034,0.055441290567218145,0.004956697098524658,0.9396020123342572
23035,0.8160595592577495,0.07215611930916752,0.11178432143308292
23036,0.09042342497222865,0.016147333465863105,0.8934292415619083
23037,0.4947012532931153,0.025313239469089775,0.4799855072377949
23038,0.9746346708774267,0.01017584806447187,0.0151894810581013
23039,0.9072951862434651,0.0017905869482871682,0.09091422680824783
23040,0.29914859005204686,0.02900970140982799,0.6718417085381251
23041,0.4390940035400512,0.0017896039406312062,0.5591163925193178
23042,0.22212100869038776,0.007874488954453406,0.7700045023551587
23043,0.05085333806430905,0.15980663887223578,0.7893400230634552
23044,0.08298944672684362,0.000755913646052859,0.9162546396271036
23045,0.8826299623831126,0.004284663724310041,0.1130853738925773
23046,0.9654916974457275,0.007233869932944906,0.027274432621327647
23047,0.9482626343596274,0.003766193143814518,0.04797117249655803
23048,0.5710751996212207,0.01673072116415539,0.412194079214624
23049,0.8207241795570663,0.011839909781095307,0.16743591066183847
23050,0.5389223704277232,0.026514631714526615,0.4345629978577502
23051,0.9249230860913236,0.0016182911045762695,0.07345862280410029
23052,0.8586345835386663,0.02759346275277008,0.11377195370856351
23053,0.6331120401338888,0.32161396198640235,0.045273997879708865
23054,0.9093326832319586,0.022222329125093025,0.06844498764294837
23055,0.8899001087141607,0.0015381726705586437,0.10856171861528052
23056,0.02648085280534848,0.003389942916169405,0.9701292042784821
23057,0.007648355438742923,0.001486119635954917,0.9908655249253021
23058,0.9247483679113517,0.0030161784692261415,0.0722354536194221
23059,0.92469675795564,0.04186084068961185,0.03344240135474803
23060,0.3784734342603234,0.003937311147244471,0.6175892545924322
23061,0.9797400344022182,0.005693626792563355,0.014566338805218494
23062,0.9300847037251148,0.013198225770694464,0.05671707050419069
23063,0.7402281107978064,0.04529688874603962,0.21447500045615406
23064,0.009393343284518846,0.0021137576453608034,0.9884928990701203
23065,0.9548804950404339,0.0024109287168510235,0.04270857624271511
23066,0.02454582388449099,0.0045681576216713505,0.9708860184938377
23067,0.97455790810447,0.0032938062462802677,0.022148285649249748
23068,0.29264992779354676,0.012796561095114997,0.6945535111113381
23069,0.8963278003049461,0.012566149402924488,0.09110605029212948
23070,0.04282416440930426,0.002379279212494298,0.9547965563782016
23071,0.7138020698412132,0.024151556032579444,0.26204637412620735
23072,0.986379204118435,0.0027010378002756213,0.010919758081289282
23073,0.9219256846105931,0.009344301950987021,0.06873001343841977
23074,0.822214720368114,0.004430448755229477,0.1733548308766565
23075,0.5092948916867633,0.07000324236482919,0.42070186594840747
23076,0.8951649836485913,0.03205180195185117,0.07278321439955755
23077,0.4810999981009321,0.04605355566872213,0.4728464462303458
23078,0.9326588224422455,0.006920114547515219,0.06042106301023921
23079,0.40624115625472457,0.006469381684159408,0.587289462061116
23080,0.7458584550669226,0.18090844791059524,0.07323309702248217
23081,0.9450505652082575,0.028556861261097848,0.026392573530644642
23082,0.09098180571705447,0.07989635744764022,0.8291218368353054
23083,0.5219799211618895,0.004282523555572448,0.4737375552825379
23084,0.9595130769138104,0.0025867384470364668,0.03790018463915315
23085,0.9485953831934484,0.028679171716262025,0.022725445090289422
23086,0.969051889556818,0.00268026688895355,0.028267843554228442
23087,0.7600436751173648,0.014627969003321516,0.2253283558793136
23088,0.9688396259755544,0.0020021599068458236,0.029158214117599852
23089,0.893512926307096,0.0016637509782326144,0.10482332271467147
23090,0.5849185323779721,0.1433318800021109,0.2717495876199171
23091,0.004805423446487177,0.0034459226411158233,0.991748653912397
23092,0.9548654198137685,0.0034555235808466332,0.04167905660538478
23093,0.9149053654610584,0.014993419706781256,0.0701012148321604
23094,0.9454451851911595,0.004870162753105501,0.04968465205573501
23095,0.9697673217837326,0.018321948386248385,0.011910729830019093
23096,0.99225604963512,0.0009488922995806754,0.006795058065299226
23097,0.9762181726052154,0.001051873751143206,0.022729953643641398
23098,0.23101920229082007,0.0012089960862302176,0.7677718016229497
23099,0.9685857841173022,0.002540974136457329,0.028873241746240542
23100,0.80568749194409,0.012458520641375311,0.18185398741453468
23101,0.0017676435711095678,0.0007358297605901658,0.9974965266683004
23102,0.13859046701057334,0.01973972567622982,0.8416698073131967
23103,0.9684682754462037,0.0035019848212618824,0.028029739732534233
23104,0.8543332798124856,0.054534768800834924,0.09113195138667941
23105,0.9416815763966988,0.010171581830335206,0.04814684177296588
23106,0.8733205907559483,0.010279883839624243,0.11639952540442756
23107,0.9882432778654595,0.0034422215150265636,0.008314500619513977
23108,0.8539276166492997,0.06805844587643418,0.07801393747426606
23109,0.31100778306205623,0.010774281347437593,0.6782179355905061
23110,0.8319174520912037,0.07132894726232673,0.09675360064646948
23111,0.7232386498454282,0.011817249237107572,0.26494410091746423
23112,0.9770928028082123,0.0008036740466677906,0.022103523145119947
23113,0.9355625240983256,0.0017034127266574994,0.06273406317501688
23114,0.8030966639055205,0.00440737321043877,0.19249596288404086
23115,0.25691365550071954,0.07327083180978512,0.6698155126894954
23116,0.049798131644257906,0.05134926356521742,0.8988526047905248
23117,0.6450244180444988,0.005442605612955995,0.3495329763425452
23118,0.8456825108354201,0.00441826296638502,0.14989922619819487
23119,0.8609456476507032,0.020504736258260988,0.11854961609103584
23120,0.9688600977683609,0.0007872262152121689,0.030352676016426806
23121,0.003839913262817388,0.0017186502904806846,0.9944414364467018
23122,0.9804761049612004,0.0009743847034344427,0.01854951033536513
23123,0.2830377898596169,0.015403324153814634,0.7015588859865686
23124,0.3964197942526968,0.010212295154737974,0.5933679105925653
23125,0.048738397631226074,0.016118311499718624,0.9351432908690551
23126,0.8594364210347216,0.014445282537464972,0.12611829642781347
23127,0.9711976325988909,0.003152208204110431,0.025650159196998586
23128,0.09183830777312975,0.009581054539107946,0.8985806376877623
23129,0.31450567191700457,0.01059814154371511,0.6748961865392802
23130,0.8847410335927655,0.005975813530116895,0.10928315287711764
23131,0.852885251812227,0.005767833319678277,0.1413469148680947
23132,0.002660230343257004,0.0004601522092789424,0.9968796174474641
23133,0.028118619553434775,0.06665446623507013,0.905226914211495
23134,0.1630378061926305,0.0011794896996569705,0.8357827041077124
23135,0.8148061611336899,0.002533456224941639,0.18266038264136858
23136,0.9574921068412698,0.002809960873059369,0.0396979322856708
23137,0.7297078693516743,0.005128973246965249,0.2651631574013605
23138,0.9233445063241155,0.01527719359286002,0.06137830008302456
23139,0.5318519806914652,0.00903465395966105,0.4591133653488737
23140,0.9764502997406846,0.0018692599669539675,0.0216804402923614
23141,0.964532735269392,0.0015173159428397804,0.03394994878776814
23142,0.9542414346592656,0.009020996169492274,0.036737569171242046
23143,0.053964527601661816,0.0211807886839971,0.924854683714341
23144,0.15867393512355205,0.02073576742612194,0.820590297450326
23145,0.9886503159314903,0.0016460084732740463,0.009703675595235606
23146,0.38334668836701447,0.023060958242376757,0.5935923533906088
23147,0.9698933030570507,0.006150200267900745,0.023956496675048684
23148,0.9796314984947592,0.009574497518884931,0.01079400398635581
23149,0.5981925061749905,0.0159291903631634,0.3858783034618461
23150,0.8642935028321928,0.0044085114920245465,0.13129798567578274
23151,0.9839551388969139,0.0045708880735897215,0.011473973029496305
23152,0.6879633543849025,0.017629861397668922,0.29440678421742855
23153,0.10461512434420123,0.057116291382112244,0.8382685842736866
23154,0.9153023067852184,0.005012405143440939,0.07968528807134068
23155,0.9654003705365657,0.001497090896854531,0.03310253856657998
23156,0.7442170461740315,0.025517219512582116,0.2302657343133864
23157,0.8784939400192153,0.0036998858656342314,0.11780617411515035
23158,0.943541823477894,0.001556443111072221,0.054901733411033854
23159,0.7991396218962725,0.08903653984572546,0.11182383825800207
23160,0.7873312233465846,0.14619895591377377,0.06646982073964164
23161,0.9178921631488363,0.007709860969876724,0.07439797588128706
23162,0.6977529544712836,0.02092630304397972,0.28132074248473676
23163,0.9552637129509423,0.004279450419288284,0.04045683662976941
23164,0.9526398786444317,0.010333085429957391,0.03702703592561098
23165,0.5520041363417014,0.016480164946195554,0.4315156987121031
23166,0.9762615121530386,0.0011676048225839277,0.02257088302437751
23167,0.9736764679842709,0.0026940802923498424,0.023629451723379383
23168,0.747599990335996,0.1486626590693193,0.10373735059468463
23169,0.8652764256153767,0.028802168854797437,0.10592140552982585
23170,0.8199497917056284,0.006324389976647263,0.17372581831772443
23171,0.02452239334742467,0.004404280128190411,0.9710733265243848
23172,0.9134448691375093,0.03174423941533135,0.054810891447159296
23173,0.9916675496976564,0.0020860950130017633,0.006246355289341744
23174,0.7646572748604019,0.008528771774292681,0.2268139533653054
23175,0.7603903064181132,0.028418701907445405,0.21119099167444133
23176,0.868602388934097,0.003738483634917903,0.12765912743098512
23177,0.7836348889322944,0.03446366927210158,0.18190144179560408
23178,0.9836599607739968,0.006068025598461755,0.010272013627541429
23179,0.9265487447208406,0.039252332935983535,0.03419892234317588
23180,0.1348197705283121,0.13149012132854157,0.7336901081431464
23181,0.35267616173828076,0.02206799276211659,0.6252558454996027
23182,0.984465068696853,0.0010978497554100868,0.01443708154773689
23183,0.9819149749786115,0.0014258839489434526,0.016659141072445094
23184,0.01898877649928543,0.0031557529724392294,0.9778554705282754
23185,0.9626963807404118,0.01128601611400668,0.0260176031455817
23186,0.020537339428992097,0.0017951099107172356,0.9776675506602908
23187,0.5540764740478972,0.017114920580831673,0.4288086053712711
23188,0.9450923740814217,0.0091099120769941,0.04579771384158424
23189,0.7351212627609,0.022487747254523537,0.24239098998457648
23190,0.016988574501977903,0.0034026885567867223,0.9796087369412353
23191,0.948639679288834,0.00767381789326486,0.043686502817901096
23192,0.9852618474784451,0.0010249933786968262,0.013713159142858145
23193,0.6764518849306493,0.01875050460558196,0.3047976104637688
23194,0.9137622239865466,0.003688307807571559,0.08254946820588183
23195,0.980574674278356,0.0022508605177200673,0.01717446520392393
23196,0.8863847392810251,0.028397771045646295,0.08521748967332847
23197,0.2938915568200969,0.0015554805357172314,0.704552962644186
23198,0.356803145590598,0.058083532269240915,0.5851133221401611
23199,0.9119352631331308,0.003975526482557041,0.08408921038431227
23200,0.15330100264708835,0.2621141610990985,0.5845848362538132
23201,0.19098470647900567,0.019445974734626247,0.7895693187863679
23202,0.13800040047872855,0.006621131756670012,0.8553784677646015
23203,0.796147748150229,0.009613209267311676,0.19423904258245936
23204,0.9653477405650012,0.0007274818322400131,0.03392477760275886
23205,0.9137415004533314,0.002153550938821386,0.08410494860784727
23206,0.7533303527455377,0.013981850848818436,0.2326877964056437
23207,0.9564870548406221,0.03429383620457879,0.009219108954799137
23208,0.8698154669706077,0.021712612630385087,0.10847192039900715
23209,0.16854416875741665,0.014988972409550851,0.8164668588330325
23210,0.8058079489759261,0.021484396595645945,0.1727076544284279
23211,0.922302187618538,0.03595430678214269,0.04174350559931945
23212,0.9720861509877405,0.0017206558365393206,0.026193193175720206
23213,0.11728814398616123,0.013551524266847819,0.8691603317469911
23214,0.005443400580035093,0.007449059194502923,0.987107540225462
23215,0.9739564819722434,0.004972935814074263,0.02107058221368221
23216,0.9709944413994961,0.00420245131996301,0.024803107280540828
23217,0.9739765341217519,0.011683525936035059,0.014339939942213102
23218,0.9705916510433479,0.0020595250886321194,0.027348823868020067
23219,0.5551441442495643,0.006511558214599889,0.4383442975358358
23220,0.9851429246564671,0.0014439735287124105,0.013413101814820319
23221,0.9836431127074008,0.005170969460447706,0.011185917832151528
23222,0.05608542718623361,0.0030403171958821697,0.9408742556178843
23223,0.9206083265996956,0.0021634654412943464,0.07722820795900995
23224,0.5026188665875414,0.13261160402730637,0.3647695293851522
23225,0.9418124125131652,0.0027570587736566125,0.055430528713178134
23226,0.9010331799256373,0.0152953589855753,0.08367146108878737
23227,0.9804073582094305,0.002660414838727691,0.016932226951841864
23228,0.9364842271730833,0.004871408764904179,0.05864436406201252
23229,0.37701838919578656,0.009014719648389695,0.6139668911558239
23230,0.8080601229408585,0.0031095686914855794,0.18883030836765582
23231,0.7562384439708113,0.006518464832994432,0.2372430911961943
23232,0.9089734825371191,0.004697263926145171,0.08632925353673576
23233,0.9376665939136763,0.016625931861184426,0.04570747422513914
23234,0.9614880609387317,0.005703113408404184,0.032808825652864144
23235,0.004416572675520149,0.013809024611355684,0.9817744027131243
23236,0.9184261880064145,0.0027860793492984,0.07878773264428715
23237,0.8068200309857798,0.0033569126551461896,0.18982305635907387
23238,0.766956529763235,0.02489801465526018,0.20814545558150485
23239,0.9312130793293988,0.04845860790503603,0.020328312765565175
23240,0.9616065258170831,0.005831189352591966,0.032562284830324986
23241,0.9844332349526987,0.0011721143474953315,0.014394650699805788
23242,0.974616187186652,0.002342272257924059,0.023041540555423932
23243,0.8583121510643147,0.0032269698479578126,0.13846087908772747
23244,0.6500194479193779,0.02137454724664838,0.3286060048339736
23245,0.9449512947019139,0.0020338521613432327,0.053014853136742944
23246,0.9701649571410407,0.00586356925463698,0.02397147360432239
23247,0.5971129309473975,0.04861653845456031,0.35427053059804214
23248,0.9715223021737206,0.00387160894549104,0.024606088880788354
23249,0.9713175310680607,0.0013550757848070957,0.027327393147132242
23250,0.9558721026403459,0.011153050330062515,0.032974847029591595
23251,0.34018344613398754,0.005945828156469856,0.6538707257095426
23252,0.9865948968370497,0.003770911251442824,0.009634191911507602
23253,0.8365192466161975,0.029522070130625105,0.1339586832531775
23254,0.2921535936383143,0.1031771049685786,0.6046693013931072
23255,0.5417755508830742,0.019213441345560946,0.439011007771365
23256,0.9326206139082087,0.008669624683090444,0.05870976140870103
23257,0.6353445792244335,0.003400310700413085,0.3612551100751533
23258,0.7212367103154359,0.006358617131769524,0.2724046725527945
23259,0.9726191911100388,0.007645131764828567,0.019735677125132547
23260,0.9693861286842481,0.0010809651374545483,0.029532906178297423
23261,0.9337040615260871,0.005995819091887971,0.06030011938202512
23262,0.144912721267435,0.0014084748810686328,0.8536788038514964
23263,0.05751370692081466,0.027680124287607494,0.9148061687915777
23264,0.9579889624772038,0.0032724522648180047,0.038738585257978284
23265,0.7003147823532331,0.01232778410320058,0.28735743354356635
23266,0.3554285156921734,0.0034217511468380185,0.6411497331609887
23267,0.028067129903237405,0.005895323862182934,0.9660375462345796
23268,0.7190854833548944,0.0008032862695311384,0.2801112303755744
23269,0.17590710562493553,0.01612893116445777,0.8079639632106066
23270,0.4713385516814612,0.08127084005671092,0.44739060826182775
23271,0.9370958416345505,0.030668131434665204,0.03223602693078435
23272,0.7257515157041103,0.010042606454733233,0.26420587784115657
23273,0.6549538841587053,0.011267565914022526,0.3337785499272723
23274,0.5450533687909012,0.05233052802415526,0.40261610318494356
23275,0.6150610793056516,0.025367948878154554,0.35957097181619385
23276,0.9585329898684997,0.003422480512867844,0.03804452961863257
23277,0.8674874172391848,0.00783219396801059,0.12468038879280462
23278,0.18287664506214132,0.018660044787214385,0.7984633101506443
23279,0.7321383657244238,0.00789604455376736,0.25996558972180883
23280,0.9038436637295586,0.007904737997787414,0.08825159827265408
23281,0.9469179030840849,0.03102384334660244,0.022058253569312503
23282,0.8568103389834556,0.005935886753916779,0.13725377426262766
23283,0.964208139554066,0.00412297353790678,0.03166888690802715
23284,0.8578038170924862,0.006306699690088425,0.13588948321742553
23285,0.5963804480601405,0.02150187150860343,0.3821176804312562
23286,0.003943905699481555,0.0014946612668818749,0.9945614330336364
23287,0.010691674573723938,0.0007274903039370808,0.988580835122339
23288,0.7796952545314935,0.008247629512646085,0.2120571159558605
23289,0.6639905647806859,0.015338526594036348,0.32067090862527786
23290,0.25410821697695474,0.021885548287469744,0.7240062347355755
23291,0.016754890488206022,0.0028953292258083784,0.9803497802859856
23292,0.047936580269501955,0.02709137764758841,0.9249720420829095
23293,0.9853034179299734,0.003704462220267491,0.010992119849759114
23294,0.965959664494774,0.0018759255444229014,0.03216440996080302
23295,0.2664638033646555,0.011355540931037923,0.7221806557043066
23296,0.9804302368670433,0.0021760888897878333,0.017393674243168754
23297,0.001519983124351073,0.0003962411177899529,0.9980837757578589
23298,0.9718191493100388,0.0014972025422352435,0.02668364814772592
23299,0.897252409114027,0.0073644640992245195,0.09538312678674851
23300,0.9524726727589076,0.010817450230232622,0.03670987701085967
23301,0.95972364336534,0.003972167094179102,0.03630418954048089
23302,0.971026314122607,0.00457675235119853,0.02439693352619447
23303,0.9437190452646269,0.02197876416499223,0.0343021905703809
23304,0.15927300638240344,0.015183682639928576,0.825543310977668
23305,0.8833989533379116,0.010876429194573906,0.10572461746751433
23306,0.29012135206433415,0.012539502497660743,0.6973391454380051
23307,0.983405093996429,0.0053857520459135765,0.011209153957657548
23308,0.08483493626424854,0.021599567884055773,0.8935654958516958
23309,0.09269454598724428,0.0019848392613678882,0.9053206147513877
23310,0.9577139890733495,0.0018392575861213155,0.04044675334052926
23311,0.5047919595315786,0.1479093135613352,0.3472987269070862
23312,0.35997982220004027,0.0035830362044463257,0.6364371415955135
23313,0.07125005163389495,0.0021553660452457352,0.9265945823208593
23314,0.9764374854151663,0.0009237981907574586,0.022638716394076108
23315,0.9813331385220324,0.00487836311228622,0.01378849836568151
23316,0.4088947733472983,0.0833396425271425,0.5077655841255593
23317,0.9599096684855104,0.0029823365697493665,0.03710799494474023
23318,0.9020680539674355,0.005710525993535357,0.0922214200390293
23319,0.40236512864470175,0.029361951761223914,0.5682729195940743
23320,0.965712042072207,0.004345688751121863,0.029942269176671227
23321,0.9203151493741265,0.011931461154219669,0.06775338947165381
23322,0.9273296089264293,0.03211587890433786,0.04055451216923274
23323,0.8707416207111346,0.06572432298133948,0.06353405630752597
23324,0.8284635360585031,0.021769763644166037,0.14976670029733094
23325,0.8204920091432271,0.008268154424030576,0.17123983643274251
23326,0.06067696302709106,0.014668215742320473,0.9246548212305885
23327,0.6463352890706665,0.004118774712884972,0.3495459362164487
23328,0.9203863388738611,0.036934765546296607,0.042678895579842335
23329,0.10147282452374082,0.002545633182397174,0.895981542293862
23330,0.9885645216254406,0.0032115685913292175,0.008223909783230244
23331,0.6433431458756036,0.006190727405185752,0.3504661267192107
23332,0.3657088190711315,0.19563733198351718,0.4386538489453513
23333,0.9618239447054231,0.0027858287952369134,0.035390226499340184
23334,0.021349428837164532,0.007883995821009241,0.9707665753418262
23335,0.292208774610931,0.003230388909277203,0.7045608364797918
23336,0.8704122766331928,0.06005907548348096,0.0695286478833263
23337,0.9194515900556095,0.010517122349353543,0.07003128759503698
23338,0.8286916952351664,0.0059896021318128,0.1653187026330209
23339,0.9771726313626115,0.013764093022539104,0.009063275614849592
23340,0.913613451832492,0.006761893247309131,0.0796246549201988
23341,0.14506385526270493,0.26181527741262944,0.5931208673246656
23342,0.9769547553008486,0.0007682014350829259,0.022277043264068336
23343,0.006207334566702266,0.0013655002103483155,0.9924271652229494
23344,0.8758342078111644,0.0021855353650408224,0.12198025682379464
23345,0.9873669052600703,0.0025250490458543504,0.010108045694075215
23346,0.9829816311399031,0.007403740686090394,0.009614628174006469
23347,0.9811378593579125,0.0014546221892245581,0.01740751845286272
23348,0.973359916911779,0.005959121788262649,0.020680961299958257
23349,0.8137885703904786,0.011870182177366396,0.17434124743215504
23350,0.9438699281045703,0.007556777480680833,0.04857329441474885
23351,0.9510186031430534,0.0030665409065772694,0.0459148559503694
23352,0.9578125873830484,0.0013248494320524827,0.04086256318489902
23353,0.9671371615694208,0.02309942373609161,0.009763414694487556
23354,0.966513160063986,0.01743778814192148,0.016049051794092363
23355,0.013168961483213264,0.002731123520570095,0.9840999149962166
23356,0.8458990457855848,0.039628670200723276,0.11447228401369192
23357,0.9427996983336528,0.001269532016392401,0.05593076964995475
23358,0.06315069515598415,0.012629628563938369,0.9242196762800774
23359,0.9705152697809769,0.0023397429474776147,0.027144987271545493
23360,0.9754060034804437,0.0028591589990529975,0.02173483752050339
23361,0.9710135176496342,0.0023565183675988274,0.026629963982766895
23362,0.8530115401430869,0.0029667946573650843,0.14402166519954787
23363,0.9678093741888032,0.0010230492099225848,0.031167576601274186
23364,0.9437497562391407,0.016760971727799147,0.03948927203306009
23365,0.9905642884246466,0.0012812895924039836,0.00815442198294948
23366,0.9798679168215528,0.003895785919921696,0.01623629725852541
23367,0.973025668582568,0.004364351466635533,0.022609979950796468
23368,0.9182169007196072,0.0033028688857529836,0.07848023039463982
23369,0.7803055680722065,0.07206952605139683,0.14762490587639665
23370,0.6266333469667327,0.003881926533228251,0.36948472650003905
23371,0.021364307849992974,0.003059504042453696,0.9755761881075533
23372,0.8354030198390746,0.06415605873861963,0.10044092142230576
23373,0.9660609060214818,0.015550180066356105,0.018388913912162037
23374,0.940157215665056,0.002678922307829005,0.05716386202711513
23375,0.9793100400294367,0.0011215828110662223,0.019568377159497028
23376,0.136140274853036,0.01743025067210147,0.8464294744748625
23377,0.7553194385761464,0.12331285009143612,0.12136771133241753
23378,0.07279360865546695,0.01414636231214968,0.9130600290323834
23379,0.4332073861312876,0.004121760434558018,0.5626708534341543
23380,0.6872951185071343,0.00561501199427332,0.30708986949859235
23381,0.9860765829107809,0.0010815122661607778,0.012841904823058267
23382,0.32470818542184404,0.030195641992586262,0.6450961725855696
23383,0.9186183090237959,0.0210032314945787,0.06037845948162536
23384,0.6013828213418979,0.05002345030754945,0.3485937283505527
23385,0.014733388695388655,0.003218169139330666,0.9820484421652806
23386,0.4053380139733902,0.013501520341565848,0.581160465685044
23387,0.7386923506047676,0.020306144776030263,0.24100150461920206
23388,0.11553875725177326,0.027163305341908455,0.8572979374063183
23389,0.16557968803883677,0.007607381824251242,0.8268129301369119
23390,0.9855693806896021,0.005432533330957375,0.008998085979440464
23391,0.7503684347741078,0.04172612927547338,0.20790543595041894
23392,0.6224406299570717,0.15021409493750906,0.22734527510541924
23393,0.5249503891473412,0.15295540171876976,0.32209420913388914
23394,0.015847206377049453,0.0016632933896841395,0.9824895002332663
23395,0.07844646395791424,0.003788412819243395,0.9177651232228423
23396,0.8322432219371098,0.003851138443321766,0.1639056396195684
23397,0.0076416570927332495,0.0006773917478606451,0.9916809511594061
23398,0.9831364322541425,0.0017300086613554447,0.015133559084502066
23399,0.0432198960364947,0.006104728854525861,0.9506753751089794
23400,0.12040425116518114,0.0063483714367244745,0.8732473773980944
23401,0.952885061524162,0.0028054985975624787,0.044309439878275646
23402,0.8896478472393643,0.002027987803999238,0.10832416495663644
23403,0.5635591808900919,0.002201692223307698,0.4342391268866005
23404,0.0056209947961794945,0.0008924966810481804,0.9934865085227723
23405,0.8208390178661725,0.04722465555270313,0.13193632658112428
23406,0.9211544361261367,0.01694130738119414,0.06190425649266922
23407,0.985441903031867,0.0021900910556156665,0.012368005912517478
23408,0.0036328535798030395,0.0038286377423501126,0.9925385086778468
23409,0.1456869189297984,0.00860539301085113,0.8457076880593504
23410,0.8062130822551599,0.05185700642689068,0.1419299113179495
23411,0.18756922131103845,0.16105386699567756,0.6513769116932839
23412,0.9055822274761427,0.054311304104837074,0.040106468419020186
23413,0.9666839528975856,0.01696605789789362,0.0163499892045209
23414,0.6859857514002083,0.008716233790275698,0.305298014809516
23415,0.9781948726056111,0.006022642541151438,0.01578248485323743
23416,0.967099954177617,0.0033351981956850785,0.029564847626697935
23417,0.9453810316167308,0.005463790609337223,0.04915517777393188
23418,0.1009049498956753,0.012015296569173477,0.8870797535351511
23419,0.007310718326253088,0.01744948093723688,0.97523980073651
23420,0.005391912675376676,0.00143257662550953,0.9931755106991138
23421,0.6723094818429444,0.01973813914991837,0.30795237900713723
23422,0.9916519546466254,0.0011275936520589607,0.007220451701315671
23423,0.059223434005434276,0.0036098927888770006,0.9371666732056887
23424,0.763427268174427,0.014479342398160818,0.22209338942741236
23425,0.9077436367258767,0.019058369240861947,0.07319799403326142
23426,0.9742679260401488,0.0019459013163859544,0.023786172643465168
23427,0.08180088894587116,0.07498629004889991,0.843212821005229
23428,0.1172328457856171,0.01398444047585646,0.8687827137385264
23429,0.9350633772694756,0.001857918269003788,0.06307870446152052
23430,0.9655869904457282,0.004141940652239579,0.030271068902032114
23431,0.0034921814797328763,0.00514003886462373,0.9913677796556434
23432,0.002161387483901955,0.000618643879034197,0.9972199686370637
23433,0.6171520115929168,0.028737777452268576,0.3541102109548146
23434,0.9805731875981254,0.0016006375541788521,0.017826174847695803
23435,0.9550851383642962,0.0210343889709079,0.023880472664795947
23436,0.9743067485269776,0.002743239857660804,0.02295001161536154
23437,0.9708525394701637,0.0019345374961317863,0.02721292303370454
23438,0.02002210195485501,0.009723243589108291,0.9702546544560366
23439,0.7575378216705568,0.006124563673072758,0.23633761465637043
23440,0.8096112678894308,0.007880289837630877,0.18250844227293825
23441,0.19661249962900074,0.007435043249181552,0.7959524571218177
23442,0.9123092746530781,0.04915941690637102,0.038531308440550874
23443,0.5540252524244474,0.05448101421736366,0.39149373335818893
23444,0.2086171988063604,0.014886030956386437,0.7764967702372532
23445,0.9642032857815724,0.014506895910100851,0.02128981830832672
23446,0.4175493269989431,0.008870546133617638,0.5735801268674392
23447,0.6973907684136647,0.012747389259393322,0.2898618423269422
23448,0.9368463560653768,0.003718916612220933,0.05943472732240234
23449,0.07423651221998509,0.17594081001487927,0.7498226777651356
23450,0.011463573214428258,0.008515133189914864,0.9800212935956569
23451,0.7758109206643677,0.0076275644914336055,0.21656151484419872
23452,0.9804423082163691,0.0007887373760599387,0.01876895440757087
23453,0.05868293561647428,0.016448847002466703,0.924868217381059
23454,0.3119326959690913,0.0032090829501647904,0.6848582210807439
23455,0.04795285853097317,0.0039369300708073,0.9481102113982194
23456,0.17629956902558594,0.022489721203989337,0.8012107097704249
23457,0.9493654314351987,0.003800008093630308,0.04683456047117103
23458,0.9641843586365368,0.01527761821872253,0.020538023144740673
23459,0.8848218078679797,0.07789222654846217,0.037285965583558324
23460,0.8435049945215092,0.006602790119512979,0.14989221535897795
23461,0.15355332004266548,0.0019478979364800854,0.8444987820208545
23462,0.7929874880401933,0.010225313150448553,0.1967871988093581
23463,0.8132542272234786,0.00759639925267085,0.17914937352385052
23464,0.053360651331185796,0.003681812735784846,0.9429575359330293
23465,0.07381004486489305,0.014952139290497192,0.9112378158446097
23466,0.3747352479653283,0.02685820452216882,0.5984065475125029
23467,0.09046942264786924,0.04506175845283542,0.8644688188992953
23468,0.0023699388041201795,0.0008092981838876326,0.9968207630119921
23469,0.7137918270373158,0.029236795175439458,0.2569713777872449
23470,0.9366609625849788,0.028001438769814688,0.03533759864520652
23471,0.9892321785453612,0.005070716339174435,0.005697105115464399
23472,0.9586775178902942,0.007181155161856603,0.03414132694784922
23473,0.7738131042916001,0.025549553386388316,0.2006373423220117
23474,0.8798359683198049,0.004258400338129043,0.11590563134206613
23475,0.9817149164615462,0.0021750405558791886,0.016110042982574672
23476,0.2491174668071374,0.08802763693856165,0.662854896254301
23477,0.8987383410352695,0.008454283206287268,0.09280737575844326
23478,0.9758397925898066,0.009202265766488704,0.014957941643704656
23479,0.40162427005473267,0.4263917081511348,0.17198402179413252
23480,0.8327753616756602,0.0034811207285143425,0.1637435175958254
23481,0.9114438825141629,0.004864628275916242,0.08369148920992085
23482,0.7723512296386132,0.022024684214421875,0.20562408614696484
23483,0.21591471932877201,0.03785763663352555,0.7462276440377025
23484,0.2193873509352544,0.00858190314822772,0.7720307459165179
23485,0.5020551534852384,0.017069449894253994,0.48087539662050754
23486,0.3366791031455272,0.01824781666367086,0.6450730801908019
23487,0.9156857018893747,0.010266311524816947,0.07404798658580833
23488,0.9500724107889746,0.003476904043872709,0.04645068516715266
23489,0.10605181207742201,0.005421047170855794,0.8885271407517222
23490,0.9600692776401791,0.004536011722584714,0.03539471063723611
23491,0.576223590953366,0.0064680376359762745,0.4173083714106577
23492,0.8647028298612416,0.0036891229963462667,0.13160804714241223
23493,0.003829692871387879,0.0010285719052728671,0.9951417352233393
23494,0.05354841070688328,0.017251933107760607,0.929199656185356
23495,0.9319237526109444,0.004775061015721838,0.06330118637333366
23496,0.519230144666852,0.016452292825256683,0.46431756250789136
23497,0.6709663083568902,0.0026797219533500477,0.3263539696897596
23498,0.5529522128859884,0.007724568842401084,0.43932321827161047
23499,0.7088553244007592,0.2560084526702201,0.035136222929020806
23500,0.5707338936663876,0.010286704152419486,0.41897940218119295
23501,0.8280190133970915,0.05382662120296702,0.11815436539994126
23502,0.06342232317830795,0.0529866416524269,0.8835910351692652
23503,0.9804051382518055,0.0007811463469984402,0.018813715401195957
23504,0.8791586777305943,0.02050570068482388,0.10033562158458176
23505,0.007251209817401877,0.0010089543833913064,0.9917398357992068
23506,0.40437911104845475,0.15820523428926395,0.4374156546622813
23507,0.02417699499027615,0.056199704096594916,0.9196233009131289
23508,0.7167532408250233,0.02808204023851176,0.25516471893646503
23509,0.5734301419967364,0.012990491261173225,0.4135793667420905
23510,0.6739238693991408,0.1520028325412409,0.17407329805961838
23511,0.9330939605834041,0.004862677181724834,0.06204336223487104
23512,0.8577977421758163,0.04091108142049852,0.10129117640368526
23513,0.9730081561151028,0.0027968958359149395,0.024194948048982173
23514,0.6800333675236008,0.036105016383840595,0.2838616160925586
23515,0.9568728268342175,0.02089263352732359,0.02223453963845886
23516,0.9439426759851992,0.004286440768262746,0.05177088324653803
23517,0.1622122103122702,0.034305899643277835,0.803481890044452
23518,0.8592292333245857,0.008326871518968298,0.1324438951564462
23519,0.8178327861989958,0.015723813021683034,0.16644340077932115
23520,0.980419050246141,0.002675992529289131,0.016904957224569955
23521,0.9705171275542164,0.0025683939721735578,0.02691447847361017
23522,0.9788663377575342,0.0033829581554766595,0.017750704086989113
23523,0.965811544243744,0.002831772774310643,0.03135668298194521
23524,0.4874064160887652,0.05114953516660381,0.461444048744631
23525,0.9574543893486518,0.003869479144937152,0.038676131506411054
23526,0.9713804474896568,0.003298121702595077,0.025321430807748194
23527,0.6838379502243869,0.010457713534323053,0.3057043362412901
23528,0.21895217307210196,0.04193545503516337,0.7391123718927347
23529,0.692982507579113,0.014365243670665658,0.2926522487502214
23530,0.6832110523488498,0.03547622916884083,0.2813127184823093
23531,0.3779503069946155,0.04067977537143014,0.5813699176339544
23532,0.13121474884108583,0.02159592263284142,0.8471893285260726
23533,0.9433227445044527,0.0014528856722396718,0.055224369823307695
23534,0.659351235954555,0.27020066049655034,0.07044810354889476
23535,0.0027118217505528804,0.0017530142239888364,0.9955351640254583
23536,0.7579737415499934,0.010772800173921852,0.23125345827608476
23537,0.8821183946350477,0.00701333036902622,0.11086827499592614
23538,0.6929286724949404,0.06760432842018667,0.23946699908487287
23539,0.836282111641692,0.01139176524523796,0.15232612311307003
23540,0.5034385521603254,0.016539940604706503,0.48002150723496806
23541,0.236596655431396,0.010788682924932291,0.7526146616436717
23542,0.8080473901505041,0.07662109261040684,0.11533151723908913
23543,0.08741377427085298,0.5120692015280512,0.4005170242010957
23544,0.9646957414620879,0.0007868020262778567,0.03451745651163423
23545,0.47659556845734335,0.022880492483659445,0.5005239390589973
23546,0.8841295668271838,0.005981877382553435,0.10988855579026272
23547,0.9257783679489746,0.0053229577484441275,0.0688986743025814
23548,0.19787445814055568,0.012810537018922664,0.7893150048405218
23549,0.8888207019892935,0.02011183602852725,0.09106746198217923
23550,0.9902641451206905,0.002816540701012848,0.006919314178296638
23551,0.9592450540903092,0.0016936541001298902,0.03906129180956091
23552,0.006239318196944174,0.001562516332930679,0.9921981654701251
23553,0.8227595894603399,0.015229836771807313,0.16201057376785283
23554,0.9703953246499423,0.01232784301641551,0.01727683233364214
23555,0.01709238618202171,0.001382262240794901,0.9815253515771836
23556,0.9776967432693915,0.009503595817732885,0.012799660912875639
23557,0.9703406048988649,0.0012003332272675581,0.028459061873867566
23558,0.006417529635190692,0.0008015636670778248,0.9927809066977314
23559,0.9741809923573235,0.001004536977506351,0.02481447066516993
23560,0.4544038795898894,0.006185402078413714,0.539410718331697
23561,0.6145033694116381,0.0015281047998192692,0.3839685257885427
23562,0.01199247748942709,0.0022380432965111658,0.9857694792140617
23563,0.9560617154216604,0.001810703650719444,0.04212758092762018
23564,0.18111223940067955,0.05285705211815325,0.7660307084811672
23565,0.8212604182942684,0.013055667911216533,0.16568391379451508
23566,0.9495770871567231,0.0013241789084335747,0.04909873393484331
23567,0.6831523541969569,0.13769022024303768,0.1791574255600055
23568,0.5068044667391428,0.042417218162561374,0.4507783150982959
23569,0.010746887658375285,0.001630190264992022,0.9876229220766327
23570,0.9876726378806269,0.0011982450040603208,0.01112911711531277
23571,0.5407575915181749,0.06155189470467496,0.3976905137771501
23572,0.9529237377880617,0.013065318645285404,0.03401094356665281
23573,0.6858999424790566,0.09791184089060562,0.2161882166303379
23574,0.9621736817963813,0.00821581693279279,0.02961050127082596
23575,0.009824697504724374,0.0019618620821382667,0.9882134404131373
23576,0.9363067518449313,0.005021755688235034,0.05867149246683361
23577,0.9622650333820745,0.0011947703630711668,0.036540196254854385
23578,0.1494696582940114,0.051776473157963146,0.7987538685480255
23579,0.018055774731410113,0.005664564387836498,0.9762796608807534
23580,0.20776724153559084,0.015120038113661902,0.7771127203507472
23581,0.014438495304774835,0.08611972286347702,0.8994417818317482
23582,0.16467876402823253,0.03060989461214102,0.8047113413596264
23583,0.021308237007613032,0.002392680497791537,0.9762990824945954
23584,0.6196242046364501,0.04253801674610237,0.3378377786174476
23585,0.6947188845541701,0.04738608530225253,0.2578950301435774
23586,0.7463312587460262,0.019879778717347543,0.2337889625366263
23587,0.9907032939174318,0.0010980049421886254,0.008198701140379567
23588,0.9511737510991727,0.002715815967112185,0.04611043293371524
23589,0.35931897219616193,0.007625655105398295,0.6330553726984398
23590,0.9457205859837816,0.013913930595633872,0.04036548342058437
23591,0.004805303385801678,0.0025655500466150493,0.9926291465675833
23592,0.24901445380898346,0.04203617155257924,0.7089493746384373
23593,0.9731809482332276,0.002483933923199827,0.024335117843572653
23594,0.04483616788019742,0.011496252614318745,0.9436675795054839
23595,0.9752024674689722,0.01387097465562142,0.0109265578754064
23596,0.7485823146247617,0.013318451705317256,0.23809923366992103
23597,0.9729946414133892,0.003464000759824438,0.023541357826786277
23598,0.9891537496215237,0.005254015356161775,0.005592235022314446
23599,0.11773601228925923,0.01596425134709223,0.8662997363636485
23600,0.030991784816404383,0.02560710041529571,0.9434011147682999
23601,0.9530668294253749,0.002906502133291633,0.044026668441333475
23602,0.2373342242117668,0.008589435733159059,0.7540763400550741
23603,0.8969843536364044,0.04237302813790086,0.060642618225694715
23604,0.9839863792085568,0.0037693447627289364,0.012244276028714236
23605,0.9622318082120931,0.016360643538037862,0.021407548249869176
23606,0.9839382063110516,0.0035605507882010097,0.012501242900747542
23607,0.7545485676301764,0.006332620161947872,0.2391188122078757
23608,0.9526632447623112,0.005127690680475844,0.042209064557212905
23609,0.4208786164303796,0.00661623576670362,0.5725051478029167
23610,0.11492775731550124,0.007193130155262023,0.8778791125292368
23611,0.979335493037988,0.0011284558737133397,0.019536051088298638
23612,0.42042304930845625,0.028511432241649225,0.5510655184498946
23613,0.853539816867352,0.0054275495080269645,0.14103263362462098
23614,0.006498281793853358,0.004382640588156102,0.9891190776179906
23615,0.7857452972327655,0.024068227556826995,0.19018647521040744
23616,0.965852023032203,0.015411531117139513,0.018736445850657528
23617,0.9599927964168483,0.010371594549943006,0.029635609033208735
23618,0.818570122798306,0.017089680313372088,0.16434019688832185
23619,0.9584192780029795,0.0018909271737977472,0.03968979482322269
23620,0.8446489138971753,0.0765277379976365,0.07882334810518807
23621,0.7252450357272534,0.04062672014977149,0.2341282441229751
23622,0.9444845396093791,0.006507705650097704,0.04900775474052317
23623,0.02261496067767224,0.0023846653438330985,0.9750003739784947
23624,0.9422286830363618,0.008757311039330364,0.04901400592430802
23625,0.7483978016806412,0.060118836883689165,0.19148336143566963
23626,0.5902996584282909,0.007471572503092844,0.4022287690686163
23627,0.9730615979856033,0.0032032867605756216,0.023735115253821132
23628,0.9633824273881538,0.0127395450715926,0.023878027540253494
23629,0.003967262767731209,0.012141602343687469,0.9838911348885814
23630,0.9673258980665208,0.011792859570101531,0.020881242363377718
23631,0.0033782432471032983,0.002347136598136725,0.99427462015476
23632,0.9065972119207688,0.022639101015999207,0.0707636870632319
23633,0.8691915319844168,0.01098211476952574,0.11982635324605748
23634,0.9296719894742729,0.005790710570836096,0.06453729995489098
23635,0.014306335414719214,0.00469696371223006,0.9809967008730507
23636,0.984984076885765,0.0024399227620579616,0.012576000352177052
23637,0.9888882451735566,0.0025072400931798427,0.00860451473326352
23638,0.026049664140375982,0.010921396115090791,0.9630289397445333
23639,0.8551305078067006,0.05142085841198145,0.0934486337813179
23640,0.9845765104760684,0.001278162585150992,0.01414532693878046
23641,0.9753367701905171,0.008441913427092444,0.016221316382390424
23642,0.41487098543929113,0.04292743761031232,0.5422015769503965
23643,0.8895022118119084,0.002760287353793781,0.10773750083429778
23644,0.906078044847368,0.004302586221480052,0.08961936893115205
23645,0.9684767766924115,0.0029285267783336205,0.028594696529254966
23646,0.010216565948029124,0.0010777327431989267,0.9887057013087721
23647,0.7001794110606989,0.015145601273698786,0.2846749876656023
23648,0.9808086254940426,0.001354607001082253,0.017836767504875204
23649,0.9865996734360285,0.00171628356610906,0.011684042997862552
23650,0.8098354952779203,0.015673176525865147,0.1744913281962145
23651,0.6598447765667371,0.1764748780914479,0.16368034534181503
23652,0.9906817084137323,0.0021915685451568976,0.0071267230411108835
23653,0.9675303855302605,0.0054073653790897725,0.02706224909064969
23654,0.9304184806292558,0.01190375326423005,0.057677766106514164
23655,0.2132228716503657,0.012427452725893847,0.7743496756237406
23656,0.3891742181471143,0.01172013844257323,0.5991056434103125
23657,0.11558616712944747,0.01757266114410807,0.8668411717264444
23658,0.9531127466017721,0.0040386733831698825,0.04284858001505806
23659,0.05921105916716666,0.0075247402430513,0.933264200589782
23660,0.0024905915905386973,0.0006600421519746849,0.9968493662574867
23661,0.505096149467341,0.02198430144374139,0.4729195490889175
23662,0.3862112918811751,0.011358320701453557,0.6024303874173712
23663,0.9344670266031313,0.0016473138363087233,0.06388565956056005
23664,0.05122221250564406,0.4897631958571625,0.45901459163719344
23665,0.010114314656215324,0.0028732666835044143,0.9870124186602802
23666,0.11976428703468872,0.006235611284854696,0.8740001016804565
23667,0.5262265273656964,0.1053984764303666,0.368374996203937
23668,0.011132901855213387,0.00771808182081328,0.9811490163239733
23669,0.9773775971550616,0.006481566033426452,0.016140836811511954
23670,0.5754407976623152,0.004017660963180606,0.42054154137450417
23671,0.02150369265735312,0.0016202103228968989,0.9768760970197499
23672,0.3834659381793143,0.02087986675561747,0.5956541950650682
23673,0.09159610183420044,0.011541982950021897,0.8968619152157776
23674,0.8389916818770686,0.02013148709667345,0.1408768310262581
23675,0.6812879428110908,0.017746554340539518,0.30096550284836965
23676,0.8952132057461586,0.006715814784739451,0.09807097946910193
23677,0.6283320544453284,0.024361361451279227,0.3473065841033924
23678,0.9847968358774475,0.0011846792459294813,0.014018484876623038
23679,0.8072681820268264,0.06575071544378482,0.1269811025293887
23680,0.9773465601049264,0.004730412032953017,0.01792302786212069
23681,0.8588884477450254,0.11169035588613486,0.029421196368839844
23682,0.9741485363412061,0.001304030569248544,0.02454743308954526
23683,0.0870241214391383,0.2627705973547285,0.6502052812061332
23684,0.8530691949488717,0.006508165388126128,0.14042263966300225
23685,0.9780458537874386,0.0037563108518857704,0.01819783536067562
23686,0.9746197428715639,0.002765609619116326,0.022614647509319786
23687,0.0027109066215343434,0.0004647056169522028,0.9968243877615133
23688,0.5876830444312833,0.0014543039802113766,0.41086265158850543
23689,0.012906099211819996,0.0022769647843094085,0.9848169360038705
23690,0.3098745540301329,0.5528161558003053,0.13730929016956184
23691,0.8618840435210151,0.0036489256712748845,0.13446703080770994
23692,0.06295417238130047,0.002915353010399898,0.9341304746082997
23693,0.9601540166176059,0.0018437610099999856,0.038002222372394166
23694,0.05078946746525094,0.006974259643304815,0.9422362728914442
23695,0.988219642078896,0.0006010513551799836,0.011179306565924014
23696,0.9468465375269239,0.0018925565925176323,0.0512609058805585
23697,0.8514059521023206,0.006232104129327476,0.14236194376835198
23698,0.9272583820872226,0.003616846300789057,0.06912477161198846
23699,0.9705848393872938,0.003663145863108215,0.02575201474959811
23700,0.8781705666032442,0.0060166797199995865,0.11581275367675625
23701,0.9045224871600279,0.033506721113907977,0.06197079172606415
23702,0.4092739205959176,0.020557839339680743,0.5701682400644017
23703,0.011818846301337775,0.0018587028861670627,0.9863224508124953
23704,0.26918275628227023,0.01160340485580694,0.7192138388619229
23705,0.9027659751542094,0.008656720177374727,0.08857730466841578
23706,0.9907434626229366,0.0007774361866786332,0.008479101190384706
23707,0.6854737896555709,0.06857072588360096,0.24595548446082813
23708,0.9689946623110623,0.002941066260152215,0.02806427142878559
23709,0.9853603732603576,0.002623942701914194,0.012015684037728123
23710,0.02888138792168134,0.00766818227810772,0.9634504298002109
23711,0.9652530149709393,0.008110102488835308,0.026636882540225365
23712,0.11914157597337101,0.020001704334931144,0.860856719691698
23713,0.819417234725502,0.0029160362307633493,0.17766672904373476
23714,0.9158916783418711,0.011021188921562617,0.07308713273656628
23715,0.9800950412318475,0.004660042319482509,0.015244916448669932
23716,0.0101253750265702,0.001577848091974721,0.9882967768814551
23717,0.006004781728616711,0.0018130626452124174,0.992182155626171
23718,0.9628511334374212,0.00343018694423058,0.03371867961834829
23719,0.9093369088643339,0.004258599105054998,0.08640449203061103
23720,0.9696081176298512,0.0009357062513340733,0.0294561761188147
23721,0.9235883806086014,0.008600989111995364,0.06781063027940328
23722,0.014540424505471407,0.0014365712513007907,0.9840230042432279
23723,0.0017578002670448711,0.0005155859740865737,0.9977266137588685
23724,0.920856425291964,0.06275866216261634,0.016384912545419628
23725,0.3075724841523594,0.04717889517097788,0.6452486206766628
23726,0.9100890827623234,0.0037358518530013164,0.08617506538467523
23727,0.6730095154519032,0.022996810370532132,0.3039936741775647
23728,0.6823292408184308,0.056918567923561855,0.26075219125800736
23729,0.8692094930254006,0.00839704399701366,0.12239346297758563
23730,0.8134947331737442,0.06688832369285279,0.11961694313340304
23731,0.2903378403753929,0.04969350215989296,0.6599686574647141
23732,0.03616443887558851,0.015972791431799194,0.9478627696926123
23733,0.9866637860630708,0.0007649652120537518,0.012571248724875562
23734,0.8663782838718249,0.05793087471153899,0.07569084141663612
23735,0.5668907910595159,0.01872481522384115,0.41438439371664304
23736,0.9790781989795934,0.004295163434354826,0.016626637586051797
23737,0.9398591445500175,0.0029246317071599803,0.05721622374282253
23738,0.9612502042020775,0.009798719489752146,0.028951076308170225
23739,0.9569300715827328,0.001362549028605486,0.04170737938866177
23740,0.9270492867314564,0.005210937530581258,0.06773977573796236
23741,0.8001922441052658,0.005192922518927046,0.194614833375807
23742,0.003947556130295462,0.000940674070416349,0.9951117697992882
23743,0.8104065425379718,0.035483826696404354,0.15410963076562376
23744,0.8106399290737862,0.0023188903099264874,0.18704118061628713
23745,0.37448764995316297,0.21139151732326522,0.4141208327235718
23746,0.8857296479959496,0.027961630533146292,0.08630872147090413
23747,0.32964178350804196,0.022658924144232317,0.6476992923477258
23748,0.37326937425859025,0.012378576366859483,0.6143520493745502
23749,0.9825271260836239,0.0020955583845876625,0.015377315531788381
23750,0.9801465386345666,0.002403098818674349,0.017450362546759027
23751,0.9163503627078999,0.05079598514124256,0.03285365215085762
23752,0.9760672846976597,0.01127265776117759,0.012660057541162818
23753,0.7536648176265176,0.02277230757896123,0.22356287479452103
23754,0.7888262593018034,0.0032700304113281787,0.2079037102868685
23755,0.9367832193706633,0.004800820471972157,0.058415960157364444
23756,0.8930404991252173,0.002035909672481303,0.10492359120230146
23757,0.5322509255649372,0.018280053451927902,0.4494690209831348
23758,0.08651926634139712,0.004955568492670328,0.9085251651659325
23759,0.9635277287936261,0.02332159893003554,0.013150672276338336
23760,0.012138527086566698,0.008837476252004357,0.9790239966614289
23761,0.058492760018968755,0.17611953770809946,0.7653877022729318
23762,0.19230231959880736,0.001438880514687283,0.8062587998865052
23763,0.9761116646871545,0.003610273494595911,0.020278061818249666
23764,0.9474643649210168,0.035159933214541396,0.017375701864441755
23765,0.7440936939000304,0.011882028932383826,0.24402427716758573
23766,0.012171280324831812,0.0023598881465150675,0.985468831528653
23767,0.8779679890494095,0.0033329500488280136,0.11869906090176244
23768,0.9774302194301018,0.0052121259067279555,0.01735765466317034
23769,0.007979808252142836,0.0012132663766458507,0.9908069253712113
23770,0.9715543630833581,0.0061040555394133045,0.022341581377228855
23771,0.7108633953868789,0.009423645471575077,0.27971295914154604
23772,0.10500312649564034,0.20016367742923863,0.6948331960751211
23773,0.9415084514723352,0.015283459269176389,0.04320808925848843
23774,0.9688737875635696,0.0019264390762720072,0.029199773360158346
23775,0.28349816555391816,0.05508733764325364,0.6614144968028282
23776,0.9343980737914332,0.0040164097344935,0.06158551647407318
23777,0.002208942382657994,0.0005452478757736195,0.9972458097415684
23778,0.9823353664587904,0.0018400068826123243,0.01582462665859726
23779,0.7707465215141119,0.0020855307812210153,0.2271679477046671
23780,0.9207939315927586,0.01978800158327938,0.05941806682396186
23781,0.9898618336353051,0.0037914550891688754,0.006346711275525964
23782,0.004867177268854939,0.0019345113717288147,0.9931983113594163
23783,0.9233649804849066,0.012082702859239184,0.06455231665585426
23784,0.7790998177747489,0.013417398201688134,0.20748278402356296
23785,0.16514857439162223,0.004114934880509221,0.8307364907278685
23786,0.956144773163397,0.001971363131860184,0.041883863704742993
23787,0.9064633436798721,0.016270791824192252,0.07726586449593559
23788,0.16602309210185479,0.02070946774948572,0.8132674401486595
23789,0.19409565471043244,0.3857120686772558,0.4201922766123116
23790,0.395404145019489,0.4807143093471823,0.12388154563332868
23791,0.8454383508781685,0.022124602271587832,0.13243704685024366
23792,0.004244664882098814,0.0029794834864294737,0.9927758516314718
23793,0.7407628439043232,0.005066964564177083,0.25417019153149956
23794,0.016899503228003383,0.01570176084897298,0.9673987359230236
23795,0.8480052203649753,0.046402967877340544,0.1055918117576841
23796,0.4719870503513951,0.019476736413087687,0.5085362132355173
23797,0.5208236118602975,0.006906418440355824,0.47226996969934676
23798,0.6502344376650524,0.0027411393596246322,0.347024422975323
23799,0.8817493703401156,0.008472817684925547,0.10977781197495906
23800,0.9451932256992913,0.0035194687085928237,0.051287305592115806
23801,0.5809801271424089,0.0323494523204659,0.3866704205371252
23802,0.8181871250171082,0.0017833071278930974,0.1800295678549986
23803,0.854778684956472,0.01932843262608623,0.1258928824174418
23804,0.004360340357414568,0.00506886805055412,0.9905707915920314
23805,0.0010987708956885348,0.0003737347168891069,0.9985274943874225
23806,0.9809875645750143,0.0009845594736086689,0.018027875951376886
23807,0.6813992983644312,0.023071358197601477,0.2955293434379673
23808,0.7716674607930352,0.0029366103089440445,0.2253959288980209
23809,0.013269615456246005,0.010311145534012786,0.9764192390097413
23810,0.9626937453762754,0.003721461643240591,0.03358479298048405
23811,0.008926315228826923,0.0078684252396956,0.9832052595314775
23812,0.9493689891792407,0.003566185374457805,0.04706482544630145
23813,0.44839265504903403,0.1517099476219921,0.399897397328974
23814,0.035956132471284125,0.0013574131321503482,0.9626864543965655
23815,0.18173229723109022,0.02752570657058164,0.7907419961983282
23816,0.8978849129157604,0.01174625357202889,0.09036883351221081
23817,0.9603450825900888,0.0030717473164024625,0.036583170093508796
23818,0.9888679457187625,0.003522124081467155,0.007609930199770359
23819,0.9470873710205812,0.00416766120813029,0.0487449677712886
23820,0.891750086757789,0.006746640263977771,0.10150327297823324
23821,0.3863780914089133,0.16382586697686263,0.44979604161422415
23822,0.012839094887289794,0.01823141721032987,0.9689294879023803
23823,0.911974011485127,0.022843221113632302,0.06518276740124052
23824,0.9797746303054198,0.002930220888713938,0.01729514880586648
23825,0.9789106222732089,0.002376061808065503,0.01871331591872561
23826,0.24024671449581464,0.033144636559856326,0.726608648944329
23827,0.9011691880131931,0.010164196841661168,0.08866661514514566
23828,0.7232450858716992,0.010150925633490192,0.2666039884948106
23829,0.7137468873730146,0.05759255444664287,0.2286605581803425
23830,0.6714814381203297,0.16131645758824875,0.1672021042914217
23831,0.9634343149489117,0.006997117284427616,0.029568567766660538
23832,0.8976894413286953,0.02479716809146134,0.07751339057984329
23833,0.9458253229139555,0.006950015357979568,0.04722466172806483
23834,0.9787935089007058,0.0030387522265304095,0.018167738872763725
23835,0.5276296913499229,0.006408495135553817,0.4659618135145233
23836,0.01598212312147705,0.009975548714530297,0.9740423281639925
23837,0.9289288474225331,0.00707172418535399,0.06399942839211291
23838,0.9699137663650454,0.001533293343613938,0.02855294029134068
23839,0.5229262073717843,0.18821991736174576,0.28885387526647
23840,0.9267466771408479,0.006412851412824728,0.06684047144632732
23841,0.9785755340922484,0.0007762943411154617,0.020648171566636092
23842,0.5183483569144677,0.005051949715577657,0.4765996933699547
23843,0.28667989674453154,0.009260632145238154,0.7040594711102304
23844,0.867595130575511,0.00883654598736229,0.1235683234371268
23845,0.8484982413352792,0.005390075075121245,0.1461116835895995
23846,0.9379778575224695,0.003886970360135078,0.05813517211739543
23847,0.3953281994733395,0.06479949603620619,0.5398723044904542
23848,0.25924665360820043,0.3375404328881458,0.40321291350365374
23849,0.7822752314302298,0.027036738704686,0.19068802986508432
23850,0.8586798171905358,0.024925332520114578,0.1163948502893496
23851,0.9413653073392336,0.004050388657656848,0.05458430400310951
23852,0.01625383531139399,0.001989825864691615,0.9817563388239144
23853,0.27862279429837367,0.0014163830013427974,0.7199608227002836
23854,0.8823497297072329,0.010614462909944337,0.10703580738282288
23855,0.9639392511530185,0.003410599293389593,0.0326501495535919
23856,0.3568318969852489,0.043746813082999124,0.5994212899317519
23857,0.10481414094105058,0.0015147252755857749,0.8936711337833636
23858,0.9022688641529861,0.0058804480220649765,0.09185068782494893
23859,0.9775264288553995,0.0024487134085738804,0.02002485773602665
23860,0.9825278462776892,0.001386523936395387,0.016085629785915483
23861,0.6196010372144135,0.011110241484442058,0.36928872130114443
23862,0.9915890191742542,0.0008554516846474316,0.007555529141098449
23863,0.9747381357594367,0.01167832248922766,0.01358354175133553
23864,0.8476995054004299,0.01687290002078041,0.13542759457878986
23865,0.9597584773009084,0.025596726249589283,0.014644796449502262
23866,0.9342281778315799,0.0024838071005397395,0.06328801506788054
23867,0.8122006580874657,0.011732761013313855,0.17606658089922056
23868,0.9769916041479372,0.0071797299873328085,0.01582866586472991
23869,0.44386126383332913,0.0043650796578742195,0.5517736565087966
23870,0.9589208482875553,0.004753892152459031,0.036325259559985716
23871,0.7418074480467125,0.04983816808398141,0.20835438386930616
23872,0.36766145770258885,0.051058660064959994,0.5812798822324512
23873,0.09466858111410753,0.0028088365866785355,0.9025225822992138
23874,0.020152602329310765,0.006877449811532023,0.9729699478591571
23875,0.9365469741356585,0.009970176088529702,0.053482849775811823
23876,0.06470603178904914,0.00707308128318491,0.9282208869277659
23877,0.8271612684980241,0.0015281936335014908,0.17131053786847447
23878,0.6576794409705594,0.003403307856516673,0.3389172511729239
23879,0.8082834029437331,0.028673429266122447,0.16304316779014444
23880,0.9709242419993669,0.000589858657808568,0.028485899342824583
23881,0.23538190761204247,0.0789532586216728,0.6856648337662847
23882,0.8590025237062691,0.008220283243696292,0.1327771930500347
23883,0.7218495521064462,0.09157022202637316,0.18658022586718054
23884,0.00601609004896307,0.0009971398845948446,0.992986770066442
23885,0.888520964780614,0.0017347350757966206,0.10974430014358919
23886,0.3634870208855381,0.012802616314420085,0.6237103628000419
23887,0.15038770340292462,0.024106494742275202,0.8255058018548002
23888,0.5280186433417295,0.06371422414039404,0.4082671325178764
23889,0.4144983519229307,0.013185851052119741,0.5723157970249496
23890,0.7223929330077603,0.03147319411194058,0.24613387288029914
23891,0.08999272752449225,0.00539327031477534,0.9046140021607324
23892,0.9816960039628151,0.0013111467494434964,0.01699284928774133
23893,0.7173594773054522,0.1307645836310115,0.1518759390635362
23894,0.9108145150267635,0.009023265233755786,0.08016221973948058
23895,0.14044392578162218,0.007989932673003929,0.8515661415453739
23896,0.3626004120150114,0.07015179947657815,0.5672477885084104
23897,0.9461562136195949,0.004677203386279839,0.049166582994125366
23898,0.843815944996273,0.0017998210068393247,0.15438423399688764
23899,0.4297548260564507,0.035583376949501,0.5346617969940484
23900,0.9881344062736483,0.0010558624530887773,0.010809731273262742
23901,0.43826933276610947,0.00535579630750847,0.556374870926382
23902,0.19955250994638088,0.019100271850061114,0.7813472182035579
23903,0.9018442000469706,0.024245622819314555,0.07391017713371471
23904,0.7123035236966002,0.1206898505528359,0.16700662575056396
23905,0.2230974166223971,0.3670387349581799,0.4098638484194229
23906,0.8707153659460527,0.006773746872024814,0.12251088718192249
23907,0.9482020768881154,0.0043721496707350895,0.04742577344114946
23908,0.9639064838441342,0.004333399950010622,0.03176011620585523
23909,0.7971170369543302,0.0022141117580569973,0.20066885128761275
23910,0.7658961007870996,0.020453475200229623,0.2136504240126707
23911,0.9379100606440074,0.002036052631713488,0.06005388672427913
23912,0.006590096360359176,0.004643954180884081,0.9887659494587567
23913,0.966861501411898,0.016315993540679738,0.01682250504742235
23914,0.013393709348669354,0.0020592991099656613,0.9845469915413648
23915,0.9811176582442873,0.0007026167791659738,0.0181797249765467
23916,0.9252430516545118,0.005773117599771441,0.06898383074571675
23917,0.38970172305387396,0.004998428061589335,0.6052998488845367
23918,0.8858222480757658,0.011707744550995613,0.1024700073732384
23919,0.9389908615432628,0.03131959569449872,0.02968954276223843
23920,0.8351857033550145,0.13341250312088085,0.03140179352410466
23921,0.9553250353094646,0.0058247423209939145,0.038850222369541706
23922,0.5488566152327609,0.12460662528139863,0.32653675948584043
23923,0.713853899852793,0.007318622386686823,0.27882747776052036
23924,0.16899243874607142,0.036883567082400204,0.7941239941715283
23925,0.9399960758260346,0.0037493172522225513,0.05625460692174284
23926,0.5854656795666443,0.008494679015775171,0.40603964141758053
23927,0.5412506644744302,0.09661907163915794,0.3621302638864119
23928,0.9577300839460785,0.0005783762663190807,0.04169153978760246
23929,0.7899425874732435,0.008407981313006982,0.2016494312137495
23930,0.8002083911966805,0.0055382170290154305,0.1942533917743041
23931,0.7500339825642772,0.016812996964079386,0.2331530204716435
23932,0.7995744571040846,0.10236119675475908,0.09806434614115642
23933,0.9237607182871062,0.002838128996481474,0.07340115271641233
23934,0.4493642661953444,0.2588752664713419,0.29176046733331373
23935,0.8954699045137371,0.01570590049195507,0.08882419499430799
23936,0.07250257557846464,0.01986851400716715,0.9076289104143682
23937,0.6351789917122854,0.05470611035774042,0.31011489792997415
23938,0.9737129130400768,0.002971192500518547,0.023315894459404577
23939,0.9881174492693677,0.0008234315496109608,0.011059119181021274
23940,0.9582700195305309,0.004386042151133865,0.037343938318335164
23941,0.9826377762683567,0.004621286276365032,0.012740937455278325
23942,0.6536399270801825,0.01137482264528809,0.33498525027452936
23943,0.008058219527037978,0.001328569376151199,0.9906132110968107
23944,0.9440317043045476,0.007960560119568838,0.04800773557588366
23945,0.47532893094115486,0.008897339019020956,0.5157737300398242
23946,0.9495343261244202,0.0009360648982380969,0.049529608977341585
23947,0.3811109235623041,0.06337707481374981,0.5555120016239461
23948,0.8180070644228695,0.0038916081739059746,0.17810132740322457
23949,0.11600734868500341,0.0030003848842876245,0.8809922664307089
23950,0.9615071208224065,0.002080250259456208,0.03641262891813718
23951,0.9931464869538447,0.00043886270415453046,0.006414650342000884
23952,0.252880863447563,0.039428253880275,0.707690882672162
23953,0.9615345621660873,0.018222027128498092,0.020243410705414643
23954,0.9273864273867278,0.005403841391486913,0.06720973122178535
23955,0.9710906855889885,0.005639440208358275,0.02326987420265341
23956,0.5503473033619473,0.08353931457564731,0.3661133820624053
23957,0.9637745185751817,0.005223844376149986,0.03100163704866825
23958,0.7273889336985826,0.0019655573472970663,0.2706455089541203
23959,0.3520117769409302,0.2728963038591453,0.3750919191999245
23960,0.4997759805531607,0.003255234095487946,0.49696878535135136
23961,0.005898186633718647,0.0007753950432250569,0.9933264183230563
23962,0.9628616708184561,0.015484201570425796,0.021654127611118137
23963,0.13830992724544316,0.043701549217297304,0.8179885235372596
23964,0.38917979094903177,0.36359599993161507,0.2472242091193532
23965,0.045863770429147105,0.006822749987486394,0.9473134795833665
23966,0.7297984638652327,0.002447141056159645,0.2677543950786077
23967,0.9535994226192464,0.018854723969813244,0.02754585341094028
23968,0.5439164084346677,0.08433181044447995,0.37175178112085233
23969,0.9685238997901049,0.0058498111624148644,0.02562628904748015
23970,0.9245239125735328,0.004844881444349772,0.07063120598211745
23971,0.048703599543177156,0.02622580137332281,0.9250705990835001
23972,0.9824185202002191,0.0009772930538253259,0.01660418674595568
23973,0.9464480768830797,0.006191525498318157,0.04736039761860209
23974,0.08822121117698539,0.1921477032844433,0.7196310855385712
23975,0.9171995168847819,0.054456790967286346,0.02834369214793194
23976,0.9774108922525705,0.001944250620672426,0.020644857126757062
23977,0.942902601368254,0.004367120379109194,0.052730278252636986
23978,0.010248539227390711,0.00156906442054074,0.9881823963520686
23979,0.7074676306466083,0.025585844130785566,0.2669465252226061
23980,0.8327392998862518,0.13996579661438216,0.02729490349936605
23981,0.32958654780741303,0.029341362552401787,0.6410720896401851
23982,0.03910395982519846,0.006186660586700898,0.9547093795881008
23983,0.981492647192474,0.0035449808283808523,0.014962371979145102
23984,0.2853641487553385,0.04104781962651829,0.6735880316181431
23985,0.9544901146218429,0.0012949955080586416,0.04421488987009836
23986,0.9718764934075828,0.011645679940690752,0.016477826651726618
23987,0.014487845514623024,0.0024535316755822253,0.9830586228097947
23988,0.059457820428916966,0.015995222284040496,0.9245469572870425
23989,0.9240355819769412,0.0029686781388354533,0.07299573988422331
23990,0.003546330776268929,0.0011345288264890065,0.9953191403972421
23991,0.7092038208215979,0.002513033050270205,0.2882831461281318
23992,0.6616171607895909,0.01047230722294253,0.3279105319874665
23993,0.946949419916403,0.015286440516184094,0.03776413956741278
23994,0.4052038985515075,0.008635590662478912,0.5861605107860136
23995,0.6709159148924925,0.0014105816481677143,0.32767350345933977
23996,0.2631423710224323,0.0077379399779725685,0.729119688999595
23997,0.06334667999998425,0.104722716820289,0.8319306031797269
23998,0.3770136348400338,0.02744328934651169,0.5955430758134546
23999,0.9849840158369328,0.0006536559885405499,0.014362328174526595
24000,0.05623914015645269,0.012408571297277321,0.93135228854627
24001,0.9886237313632111,0.006029312602877896,0.005346956033911014
24002,0.034561946147461206,0.008570726636081468,0.9568673272164574
24003,0.009304839631337537,0.0012835681550554948,0.989411592213607
24004,0.2866682102499326,0.12516574124422813,0.5881660485058392
24005,0.44325699403288127,0.16834568254600796,0.3883973234211109
24006,0.8939891327322484,0.02569029162059858,0.0803205756471529
24007,0.9383337460073369,0.006804266411779819,0.05486198758088337
24008,0.8577288101681476,0.07180863456358541,0.07046255526826703
24009,0.006739556260874901,0.00911858884519441,0.9841418548939307
24010,0.5961331452633118,0.01106167938328667,0.3928051753534014
24011,0.44889069423298367,0.034506734256904634,0.5166025715101117
24012,0.957657961344361,0.0014580445817805598,0.040883994073858496
24013,0.9321311969951752,0.002095711312697105,0.06577309169212762
24014,0.9393029980975736,0.013764948969768875,0.04693205293265749
24015,0.7478337502010706,0.0026533214125424856,0.24951292838638695
24016,0.9698353613159427,0.015185957263016501,0.01497868142104081
24017,0.829112884622087,0.039481727381660975,0.1314053879962521
24018,0.813009113278592,0.046462401601331055,0.14052848512007693
24019,0.9424439654730598,0.009913598523327176,0.04764243600361291
24020,0.867780492508149,0.0038779527151121453,0.12834155477673895
24021,0.037953284090709256,0.00517829848114397,0.9568684174281468
24022,0.8293265293719779,0.03261626736864163,0.13805720325938042
24023,0.20251680406964256,0.29343901381748927,0.5040441821128682
24024,0.027790148373834415,0.0656025205176918,0.9066073311084738
24025,0.9867945954722238,0.0006957003409233992,0.012509704186852742
24026,0.0022675094020838085,0.0013960445982403452,0.9963364459996759
24027,0.37986020420405825,0.001274643502955034,0.6188651522929867
24028,0.6780169441671113,0.007625938706688129,0.3143571171262005
24029,0.9687803830970962,0.0022010995679606167,0.029018517334943157
24030,0.7635497515699146,0.1398224494336993,0.09662779899638607
24031,0.0032222873316439605,0.0008826148859630178,0.995895097782393
24032,0.9482232308767927,0.03232236385279128,0.01945440527041619
24033,0.04920598321082632,0.0077149855781917034,0.943079031210982
24034,0.0349735152603879,0.0025539152134022806,0.9624725695262097
24035,0.9625222241249154,0.00885738770231239,0.028620388172772182
24036,0.6871342868106627,0.028517659611179885,0.2843480535781574
24037,0.9686759500962134,0.004699005086014449,0.026625044817772107
24038,0.9678493388522174,0.002726098921316144,0.029424562226466396
24039,0.9730640060020415,0.004029372272675986,0.02290662172528257
24040,0.8866296657566367,0.0013886108008784406,0.11198172344248475
24041,0.6738717772148961,0.008981263154146723,0.317146959630957
24042,0.9636062032541479,0.0019036714875753599,0.03449012525827691
24043,0.988794889745491,0.0012597923551929359,0.00994531789931606
24044,0.6361475973687799,0.02847050602914014,0.33538189660207995
24045,0.01425381734178974,0.008322676887502075,0.9774235057707082
24046,0.019973897578372465,0.002850829314866514,0.9771752731067611
24047,0.966261122323,0.006005936201051525,0.027732941475948437
24048,0.9215159302584991,0.005496517383100424,0.07298755235840032
24049,0.9016545338692171,0.0022725216144060954,0.09607294451637677
24050,0.9201790706676831,0.007553972779019553,0.07226695655329739
24051,0.9046786324128498,0.0022543023860124418,0.09306706520113768
24052,0.9204075662400697,0.004440409130705564,0.07515202462922474
24053,0.9655585424640052,0.004874820732463713,0.02956663680353112
24054,0.03535853891571619,0.0010967048985891061,0.9635447561856947
24055,0.7153838294966204,0.005692698031999622,0.2789234724713802
24056,0.02006405342475511,0.004277500941973766,0.9756584456332711
24057,0.09025061093649403,0.006491733120962145,0.9032576559425438
24058,0.7364849689929684,0.0021232779244051013,0.26139175308262647
24059,0.9072464085705686,0.024685724720317336,0.0680678667091141
24060,0.9511685540759225,0.0034703041591014295,0.045361141764975924
24061,0.9135286274837531,0.007683625156111989,0.07878774736013502
24062,0.9115436374716926,0.014776081419801981,0.07368028110850534
24063,0.12450648252828517,0.0040055976057095655,0.8714879198660053
24064,0.8608056049671454,0.015289059457838042,0.12390533557501654
24065,0.9350944939217056,0.0036203095682301118,0.06128519651006416
24066,0.8847802115640881,0.006061897559588165,0.10915789087632387
24067,0.03781204844905968,0.09392833579058774,0.8682596157603527
24068,0.010490216859838107,0.01043545075391557,0.9790743323862465
24069,0.9833918192284437,0.006394270746582345,0.010213910024974071
24070,0.7230720657470172,0.013595520989695768,0.263332413263287
24071,0.9830965756608615,0.0037926256804232195,0.013110798658715127
24072,0.981224232820703,0.008241772654594122,0.010533994524702849
24073,0.9687790591652563,0.0023354966947555034,0.02888544413998818
24074,0.6998387436062966,0.06278098905345042,0.23738026734025286
24075,0.9569648581023213,0.024653843118575602,0.01838129877910307
24076,0.898414340527627,0.004497892481192304,0.09708776699118067
24077,0.003531350972109619,0.0030297105695297507,0.9934389384583605
24078,0.7230289092716846,0.009332902293636331,0.2676381884346791
24079,0.9223369214056936,0.0025790052605019612,0.07508407333380454
24080,0.04330757442123831,0.013230689485382823,0.9434617360933789
24081,0.9135616492183177,0.04426644322886682,0.042171907552815496
24082,0.014570204097998626,0.011439619647302675,0.9739901762546987
24083,0.8681932007495764,0.006121796235868705,0.1256850030145549
24084,0.9828916015288608,0.0017689440631448328,0.015339454407994372
24085,0.9715182264094699,0.002085694831067475,0.026396078759462614
24086,0.8815918448052269,0.014908454585304176,0.10349970060946906
24087,0.3181756710975245,0.03180891970997337,0.6500154091925021
24088,0.6477057764668562,0.013926106718758706,0.338368116814385
24089,0.9610057510213681,0.005095518439469841,0.03389873053916215
24090,0.9580020785506034,0.005793453513979043,0.036204467935417546
24091,0.8989927155251503,0.011764603129802358,0.08924268134504734
24092,0.8212926360678552,0.008894814593301823,0.16981254933884296
24093,0.9539114852213109,0.0037826182430586576,0.04230589653563048
24094,0.6805398537143468,0.0026241549197922615,0.3168359913658608
24095,0.9461187085826464,0.004141737563270609,0.04973955385408306
24096,0.33928847890920893,0.06927060222510417,0.591440918865687
24097,0.740071504728499,0.006789326755011236,0.25313916851648977
24098,0.033913209125444065,0.007444201358756235,0.9586425895157996
24099,0.9841155176646086,0.0024768803994249093,0.013407601935966577
24100,0.5949719009586499,0.024038795278344623,0.3809893037630054
24101,0.26818275389161145,0.04243978500040403,0.6893774611079846
24102,0.9179613623558018,0.018786957445344935,0.06325168019885334
24103,0.011467139716706928,0.0022173962561672293,0.9863154640271259
24104,0.9599790029550228,0.0025722630564245855,0.037448733988552446
24105,0.8936336661258169,0.015831887100403057,0.09053444677378014
24106,0.02434755028608581,0.00901904725821594,0.9666334024556982
24107,0.9682399503414576,0.0046348062754137664,0.027125243383128557
24108,0.7423702311495648,0.016407294123668797,0.24122247472676642
24109,0.981050031281635,0.004567050407219237,0.01438291831114578
24110,0.5702043295301014,0.05921329637259681,0.3705823740973019
24111,0.8978491587987754,0.0024906695318311013,0.09966017166939369
24112,0.9549287131200974,0.003740482926661175,0.04133080395324147
24113,0.9772193959077381,0.003880541500857759,0.018900062591404105
24114,0.9662909870119459,0.0017796852193052333,0.031929327768748836
24115,0.9822918007267629,0.0028642270144556645,0.014843972258781507
24116,0.5441689241004112,0.0012900529295630998,0.45454102297002574
24117,0.9173697000634374,0.012545305405458904,0.07008499453110353
24118,0.9865687505801378,0.004209132985552767,0.00922211643430931
24119,0.5926578595872409,0.01876647574006267,0.3885756646726964
24120,0.8969723584556286,0.016541527767358663,0.08648611377701257
24121,0.7776903808077906,0.019992981792877926,0.20231663739933148
24122,0.6010759686261005,0.04005073164016732,0.35887329973373217
24123,0.9593548546152002,0.00872642137374931,0.0319187240110505
24124,0.9650251824985135,0.0020717837818910474,0.03290303371959545
24125,0.9582096166984206,0.0018887863722835503,0.03990159692929581
24126,0.9417092045935809,0.004409440703826732,0.05388135470259243
24127,0.5594348630423017,0.0016997367335346355,0.43886540022416365
24128,0.968190763812832,0.01616451487797667,0.015644721309191298
24129,0.9644260809818843,0.002926254260297239,0.03264766475781855
24130,0.6142663297910347,0.033881126521171215,0.3518525436877941
24131,0.12579256359659002,0.014971894487417904,0.859235541915992
24132,0.9810636400366594,0.002318873244982442,0.016617486718358245
24133,0.8745583197504517,0.007585384453548008,0.11785629579600018
24134,0.1968118678635522,0.028560230132187468,0.7746279020042603
24135,0.9695620945093761,0.02214007967385556,0.008297825816768179
24136,0.4361011679612362,0.2326299584398233,0.33126887359894064
24137,0.9714663440243074,0.005523225817006013,0.02301043015868644
24138,0.0721529003893644,0.013387497794184376,0.9144596018164513
24139,0.7708169282506241,0.1828380324250551,0.046345039324320846
24140,0.8845181547823666,0.030830578055278737,0.0846512671623545
24141,0.509208980235099,0.008796555168507986,0.481994464596393
24142,0.5310627478694828,0.11265208017469112,0.3562851719558261
24143,0.8209191162555836,0.012558322251198751,0.16652256149321776
24144,0.9707120984380495,0.001791859762498077,0.02749604179945226
24145,0.9252072493415688,0.0068547480361562385,0.06793800262227487
24146,0.7828101216987189,0.010242041484136039,0.20694783681714518
24147,0.4412948860748914,0.015808747233972444,0.5428963666911362
24148,0.8178092039657754,0.005817429388404427,0.17637336664582026
24149,0.9803259314333234,0.0030538291420130837,0.0166202394246636
24150,0.9520557855799381,0.011680481609247319,0.03626373281081461
24151,0.9298456152565315,0.01922201888977646,0.05093236585369201
24152,0.9536132599969838,0.006512394114035057,0.039874345888981144
24153,0.9941150186541026,0.0010530200810370505,0.004831961264860403
24154,0.9466773660785525,0.025691651889186085,0.027630982032261452
24155,0.8373496279844673,0.00825373910600009,0.1543966329095326
24156,0.7172227966774279,0.011632597190405602,0.27114460613216645
24157,0.3894658099977634,0.006993396500442008,0.6035407935017945
24158,0.03269544455732572,0.0023398175330553235,0.964964737909619
24159,0.9712600813362385,0.010740627464074805,0.017999291199686712
24160,0.7599041442453488,0.05291190667299428,0.1871839490816569
24161,0.5959150918256564,0.035369867845588016,0.36871504032875557
24162,0.4368294118156294,0.003344110946852717,0.5598264772375178
24163,0.4245882791519006,0.0034322969521976394,0.5719794238959018
24164,0.00475667906871226,0.0012444722968197133,0.993998848634468
24165,0.44813023184175066,0.020550963513266022,0.5313188046449833
24166,0.9554519872773931,0.008246280949821595,0.03630173177278527
24167,0.05609798651648306,0.010874609684444285,0.9330274037990728
24168,0.9770255349208454,0.0025736509493014797,0.020400814129853267
24169,0.9704043232013178,0.017086535391698607,0.012509141406983643
24170,0.9892247098194306,0.0017372702173790733,0.009038019963190305
24171,0.9549100538961075,0.00045637828945446567,0.04463356781443805
24172,0.31978944468187626,0.010050533069824478,0.6701600222482993
24173,0.9639587800797101,0.019327990155040407,0.016713229765249474
24174,0.015638993189905144,0.0026910221159154473,0.9816699846941794
24175,0.8444537679320678,0.022678440858865157,0.132867791209067
24176,0.9711781361823396,0.009877415188158092,0.018944448629502342
24177,0.08554119052124881,0.0019725503410777012,0.9124862591376736
24178,0.9884036877143826,0.0004259800807623019,0.011170332204855022
24179,0.27391986993338424,0.008642473336358234,0.7174376567302574
24180,0.012538790591179936,0.011491855582152797,0.9759693538266672
24181,0.26062443996052936,0.002713767523803783,0.7366617925156668
24182,0.9872793204438117,0.004590677202012189,0.008130002354176014
24183,0.9493224774704904,0.004146218021877366,0.04653130450763234
24184,0.7366468408920612,0.018255928204478897,0.24509723090345986
24185,0.876138056640969,0.04113945423871852,0.08272248912031244
24186,0.4476393390466483,0.023289552602890153,0.5290711083504616
24187,0.2749774401391409,0.0358086494499426,0.6892139104109166
24188,0.9716507057963788,0.015511729120207603,0.012837565083413712
24189,0.0036122455395569183,0.0027761346260351534,0.9936116198344078
24190,0.17736420743832154,0.013393233591714739,0.8092425589699639
24191,0.1378509396848968,0.017639836189209425,0.8445092241258938
24192,0.015877955499324078,0.003495473397695149,0.9806265711029807
24193,0.9479328156392548,0.029573607654927024,0.022493576705818058
24194,0.08156604357339058,0.008587896933194096,0.9098460594934152
24195,0.975424974558416,0.0032181343814342033,0.0213568910601499
24196,0.874335525687308,0.005871027286345151,0.11979344702634677
24197,0.9283153401764492,0.006663731593054807,0.06502092823049588
24198,0.7389720845146497,0.020889821254069324,0.24013809423128102
24199,0.9900328683935954,0.0008429549988965463,0.009124176607508017
24200,0.9682789272699137,0.0012420450132382991,0.030479027716848038
24201,0.955131601137317,0.004625896329110821,0.04024250253357222
24202,0.973143496122719,0.0010321916241520254,0.025824312253129034
24203,0.1461623860458549,0.005981156844160562,0.8478564571099845
24204,0.982348787409736,0.0026843029454294556,0.01496690964483456
24205,0.982817148891139,0.0030001334944128335,0.014182717614448018
24206,0.834809060008501,0.039641747066928544,0.1255491929245705
24207,0.03392664139971502,0.08276599711311416,0.8833073614871709
24208,0.948030877653198,0.003941538374321459,0.048027583972480484
24209,0.7189006939398469,0.026663555124783696,0.25443575093536946
24210,0.9309086649536961,0.003993251205079162,0.06509808384122479
24211,0.6875058858321479,0.004813098165361437,0.30768101600249076
24212,0.8135375804712324,0.008263278208217262,0.1781991413205504
24213,0.025645801108494126,0.004046723463877341,0.9703074754276284
24214,0.8440020029098305,0.04154253317255959,0.11445546391760991
24215,0.9366477495386427,0.001881431419344001,0.06147081904201321
24216,0.08725068275616626,0.011743842539419305,0.9010054747044145
24217,0.9526139319324242,0.0038951340443449,0.04349093402323091
24218,0.7939443750688638,0.006633909066317391,0.19942171586481866
24219,0.9734899791574849,0.004746384235392208,0.02176363660712287
24220,0.9686681883905055,0.003973497221949044,0.02735831438754553
24221,0.9888152418307183,0.0018748852773605557,0.009309872891920876
24222,0.7313326514251075,0.06539100498375891,0.20327634359113358
24223,0.49036821651449025,0.003123274204892349,0.5065085092806174
24224,0.03937737369730806,0.24459403637983204,0.7160285899228598
24225,0.9779884445033018,0.0012632268494550847,0.020748328647243224
24226,0.9456613547149609,0.004450851284336128,0.04988779400070294
24227,0.013173351543771781,0.0013989692418982388,0.9854276792143299
24228,0.9689803238153447,0.0018983398678362577,0.02912133631681904
24229,0.0015117324101788557,0.0002724898499020673,0.9982157777399191
24230,0.9814553716898984,0.002661001704024754,0.015883626606076864
24231,0.35225153083827665,0.0018452478431118158,0.6459032213186114
24232,0.9759762589482049,0.003482037526207008,0.02054170352558806
24233,0.9079778900680577,0.038145667858178106,0.053876442073764116
24234,0.8799203642992656,0.025944417470222345,0.09413521823051213
24235,0.5944073583404252,0.01795290575027591,0.3876397359092989
24236,0.6337721110918169,0.023498087498000243,0.34272980141018283
24237,0.8247326630034049,0.09912126813488173,0.0761460688617135
24238,0.015243019441867973,0.0014765586647899538,0.983280421893342
24239,0.9644372341460652,0.0059764513046919,0.029586314549242803
24240,0.95425917009167,0.017806011968797344,0.02793481793953259
24241,0.016104245157750947,0.0023917976928057856,0.9815039571494433
24242,0.681329328120112,0.0008500838481924571,0.3178205880316955
24243,0.9076764453513815,0.012823919996807109,0.07949963465181151
24244,0.8486335125224732,0.003089701184799091,0.1482767862927277
24245,0.9442874597389618,0.019049435514575348,0.036663104746462956
24246,0.9422352141080819,0.004722753880687438,0.053042032011230714
24247,0.8212956156060109,0.020640725527064835,0.1580636588669242
24248,0.122768079980527,0.032766831307820155,0.8444650887116527
24249,0.9685326339433245,0.008875344964858287,0.022592021091817106
24250,0.31524623874761043,0.02517211042533026,0.6595816508270594
24251,0.5945480289920496,0.0013518306326337705,0.4041001403753166
24252,0.3785326136519639,0.18538272442726902,0.436084661920767
24253,0.7596425342024247,0.004522242520972036,0.2358352232766034
24254,0.6791945721596843,0.023428685863124906,0.29737674197719066
24255,0.015027409933354071,0.0017225072464763808,0.9832500828201696
24256,0.9886250036325166,0.0011829257105354712,0.010192070656948058
24257,0.9656121657436755,0.0218319719736281,0.012555862282696402
24258,0.7536965128621831,0.006077247881239818,0.24022623925657716
24259,0.9706426404325766,0.0010172254693249915,0.028340134098098324
24260,0.9827499962329789,0.008719517173286293,0.008530486593735002
24261,0.9629531898220862,0.016779097853684175,0.020267712324229574
24262,0.07162285678093722,0.00622129444048351,0.9221558487785793
24263,0.5379374885535011,0.25961808155420707,0.20244442989229183
24264,0.9921919707934709,0.0010076155472861555,0.006800413659242981
24265,0.9718475675136754,0.003163804984615862,0.024988627501708736
24266,0.8810307112521707,0.10659039329958017,0.012378895448249152
24267,0.9440150300942298,0.0029552466256087097,0.05302972328016145
24268,0.9238840846397702,0.0028356403194884335,0.0732802750407413
24269,0.042152788296495616,0.11793193962076494,0.8399152720827395
24270,0.9566766221119157,0.005309394083576785,0.03801398380450751
24271,0.8742999810417265,0.004319689941240577,0.12138032901703306
24272,0.9822945066866767,0.0024604458090122573,0.015245047504311039
24273,0.946101612287052,0.0035126378373622324,0.05038574987558574
24274,0.9185250799610982,0.0040462528985276604,0.077428667140374
24275,0.9514042416808195,0.014423623996050069,0.03417213432313052
24276,0.8930364249960117,0.004746564593634907,0.1022170104103534
24277,0.02099947927014974,0.0017380110362994125,0.9772625096935509
24278,0.2828397502168342,0.009752183479432425,0.7074080663037332
24279,0.08361320828480485,0.07452426981256961,0.8418625219026254
24280,0.01974256200132495,0.01219473402341112,0.9680627039752638
24281,0.9770979905802465,0.0018880624943784046,0.02101394692537505
24282,0.21002954329643564,0.05540118595781077,0.7345692707457536
24283,0.014368240283881256,0.0019768579546180585,0.9836549017615008
24284,0.8339751348126665,0.011203605338281995,0.15482125984905137
24285,0.9096087068140952,0.004115679445349596,0.08627561374055528
24286,0.965610907659585,0.0036931830150397985,0.03069590932537522
24287,0.9603782388058141,0.013371444397747758,0.02625031679643817
24288,0.9856298553563833,0.0027253470501896575,0.011644797593427228
24289,0.9471453136026278,0.01502794745232976,0.03782673894504242
24290,0.9614707051582957,0.014694939158982102,0.023834355682722276
24291,0.9511893972669243,0.0021427243847938642,0.0466678783482818
24292,0.8878695019768382,0.025846222421261094,0.0862842756019006
24293,0.9283054205217205,0.009683900189773754,0.06201067928850562
24294,0.981614162788446,0.0006556671171956851,0.01773017009435826
24295,0.9668527991902117,0.0011057344205887241,0.03204146638919948
24296,0.053190192098344115,0.0026093239720767765,0.9442004839295792
24297,0.13847817162172982,0.08546382457515443,0.7760580038031158
24298,0.05448958713703434,0.08096209425553544,0.8645483186074301
24299,0.44946707248389056,0.021335074537447058,0.5291978529786624
24300,0.9499426819054559,0.0009080645843218639,0.04914925351022237
24301,0.033726954227891744,0.0030650832789826748,0.9632079624931255
24302,0.9237406651989253,0.006989627275584349,0.0692697075254904
24303,0.08841640935874348,0.1298669958011493,0.7817165948401072
24304,0.9600504323228574,0.014729825813603834,0.025219741863538793
24305,0.8897864436316498,0.06526254990475543,0.04495100646359482
24306,0.876344231160809,0.013529573627538457,0.11012619521165266
24307,0.10141741837225796,0.0286599033348572,0.8699226782928848
24308,0.9422541219173082,0.011588577836427326,0.04615730024626458
24309,0.00895162153688538,0.0015761562000769689,0.9894722222630377
24310,0.9709395129415999,0.0030986928014730335,0.02596179425692721
24311,0.9895120499128307,0.0005873472690017808,0.009900602818167526
24312,0.9874094862114369,0.007991113273370225,0.004599400515192785
24313,0.4539519603644927,0.006827743418680524,0.5392202962168269
24314,0.9556801938287384,0.0013793737410055637,0.0429404324302561
24315,0.9784767086938917,0.0008459588959418723,0.020677332410166428
24316,0.9608728364250665,0.0008212972681779685,0.038305866306755434
24317,0.943214840946706,0.03094836347308047,0.025836795580213418
24318,0.0029694028739236334,0.00045957616231340556,0.996571020963763
24319,0.811739403109625,0.0072198491638015404,0.18104074772657347
24320,0.9587617098873379,0.002662283548911475,0.03857600656375059
24321,0.9614456896798009,0.0030278237579370736,0.03552648656226211
24322,0.8160711034256399,0.0025146489526218247,0.18141424762173824
24323,0.9427907086109552,0.02285936644456616,0.03434992494447871
24324,0.8480302275730551,0.028611855807885538,0.1233579166190594
24325,0.9789862532570125,0.0012623583990903882,0.019751388343897128
24326,0.5948757383088037,0.021078807005799886,0.3840454546853965
24327,0.9762453016415873,0.0033500371142181954,0.020404661244194364
24328,0.7621403035205471,0.012116348772135719,0.22574334770731713
24329,0.6841163331216492,0.13305309865981368,0.18283056821853702
24330,0.7529911189804515,0.018710419649016756,0.2282984613705319
24331,0.950927918517021,0.007423147619756577,0.041648933863222416
24332,0.877707068986304,0.0015324443125512603,0.12076048670114478
24333,0.7692297119739886,0.10009535656735874,0.13067493145865286
24334,0.8564999943307088,0.00736170382384935,0.13613830184544193
24335,0.9534571082455849,0.004777186306074174,0.041765705448340976
24336,0.9513322444147003,0.0029187190810991584,0.045749036504200445
24337,0.989616088416447,0.0014580017612836197,0.008925909822269368
24338,0.9627877309199155,0.004050239968262209,0.033162029111822214
24339,0.7366054467426058,0.008144402966644286,0.25525015029074993
24340,0.9751601914600073,0.0009012989729511946,0.02393850956704151
24341,0.19980940891548596,0.0068017490126407445,0.7933888420718733
24342,0.5246201662282086,0.05678281842055728,0.41859701535123417
24343,0.5304104283321472,0.0532738216403692,0.4163157500274836
24344,0.149374254757773,0.009191064946926415,0.8414346802953006
24345,0.00931234836934454,0.0010537512634697477,0.9896339003671857
24346,0.01034054414822495,0.004914713814973006,0.9847447420368021
24347,0.9368883192515609,0.006554337257688855,0.0565573434907503
24348,0.5793251702824421,0.07866028820827436,0.3420145415092835
24349,0.9828646917751517,0.0030303705609626462,0.014104937663885615
24350,0.31772971846062315,0.032299951116440066,0.6499703304229368
24351,0.7143530357573269,0.016554647510140227,0.2690923167325328
24352,0.9503561882152944,0.0008982532289089894,0.04874555855579646
24353,0.9462953925179629,0.011770104192134109,0.04193450328990307
24354,0.017214510188745202,0.002334417750973994,0.9804510720602808
24355,0.9628585301861604,0.020902752278277575,0.016238717535562094
24356,0.023341552004693372,0.0035210844015614896,0.9731373635937453
24357,0.9234422757004652,0.0025288306718776244,0.07402889362765717
24358,0.0039407664842013865,0.003060603611719297,0.9929986299040794
24359,0.8479429926393005,0.010776415585550706,0.14128059177514873
24360,0.9560374372239965,0.018124283048522285,0.02583827972748127
24361,0.7647867727549631,0.06726906168813523,0.16794416555690156
24362,0.9096130210694785,0.006532213662573613,0.08385476526794794
24363,0.9566133157635197,0.03197757431566626,0.011409109920814108
24364,0.957871315205158,0.002230446624520628,0.039898238170321426
24365,0.937789297722153,0.004051078513298684,0.05815962376454829
24366,0.7333283876047484,0.04963124778190481,0.2170403646133468
24367,0.3986673594936058,0.03447414230720213,0.5668584981991921
24368,0.3265344223162514,0.5610372415914862,0.11242833609226241
24369,0.7346478713791647,0.0070865397152429345,0.2582655889055924
24370,0.7299396903582849,0.018199779356172868,0.25186053028554234
24371,0.9934057191383521,0.0015220782551195664,0.00507220260652817
24372,0.003913687798092101,0.0019532508374528693,0.994133061364455
24373,0.9694409000220972,0.002986520219974064,0.027572579757928713
24374,0.9034953621203516,0.0035195405152694714,0.09298509736437893
24375,0.6851861829198307,0.01686697018747476,0.2979468468926946
24376,0.969396949065543,0.01453486909249074,0.01606818184196641
24377,0.8462108655220578,0.008347258938533456,0.1454418755394088
24378,0.9433918331950224,0.012120590177244109,0.04448757662773355
24379,0.27727215367186586,0.004802049577575975,0.7179257967505581
24380,0.929234431693575,0.004329509784797801,0.06643605852162716
24381,0.934581692562921,0.004318523737149627,0.06109978369992944
24382,0.7564434426976993,0.01551893159283936,0.22803762570946132
24383,0.9654634500442999,0.0022360451924226606,0.03230050476327745
24384,0.9697141194314427,0.0006237793860376248,0.029662101182519683
24385,0.9779082156972655,0.005588724371956979,0.016503059930777456
24386,0.7098626886931272,0.017947282656163664,0.27219002865070907
24387,0.9882893588665462,0.004489505137908648,0.007221135995545134
24388,0.05884044370909167,0.035203258605344845,0.9059562976855635
24389,0.05837677307511558,0.0019719748521181244,0.9396512520727662
24390,0.056476302471114785,0.0117499874437142,0.9317737100851708
24391,0.007954035135616542,0.013667667425273429,0.97837829743911
24392,0.81747258787909,0.00520692413962992,0.1773204879812802
24393,0.9336831889045942,0.001818151370726447,0.06449865972467923
24394,0.9799588763727289,0.001906074963078997,0.018135048664192074
24395,0.8364474094125751,0.013901088997442409,0.1496515015899825
24396,0.5396977172484291,0.0014742363130627457,0.4588280464385083
24397,0.5267923863773205,0.013973081499665512,0.45923453212301407
24398,0.9751743547678716,0.0009575188094133104,0.023868126422715137
24399,0.005392358488338588,0.003701957487448529,0.9909056840242129
24400,0.9460380943707211,0.005717638966291613,0.04824426666298724
24401,0.937682561335629,0.010334596541128008,0.05198284212324305
24402,0.9456103463875862,0.00422798471375549,0.050161668898658376
24403,0.9293213369941136,0.0010350644191878873,0.06964359858669855
24404,0.0128997690790703,0.01691644724654005,0.9701837836743896
24405,0.4159780502134143,0.20790062326381037,0.3761213265227753
24406,0.882277626879041,0.002567837225567811,0.11515453589539126
24407,0.3684724820465671,0.06479192726558144,0.5667355906878516
24408,0.8845929078199668,0.013887274017252295,0.10151981816278087
24409,0.8168387106275943,0.0025963908526551046,0.1805648985197505
24410,0.9647983800212296,0.0017550747447055205,0.03344654523406488
24411,0.5048995537464354,0.03603756171363563,0.45906288453992894
24412,0.956888457387501,0.007800127933402904,0.035311414679096154
24413,0.1393785945736299,0.01952366944181188,0.8410977359845583
24414,0.5391876087770692,0.2347624093949578,0.22604998182797312
24415,0.9424675947605917,0.0036150785577396425,0.05391732668166856
24416,0.8935224555139293,0.01850254411775837,0.08797500036831224
24417,0.9711708834506116,0.0037977481535770717,0.025031368395811167
24418,0.984053124055034,0.002313502377510513,0.013633373567455464
24419,0.9495641061228988,0.0040619694103155276,0.046373924466785864
24420,0.7252972889014258,0.0015773761987054632,0.2731253348998688
24421,0.2710710802938722,0.03941627576695725,0.6895126439391706
24422,0.9655417964381965,0.004163657505703567,0.030294546056099977
24423,0.9190456894748051,0.007505705487297459,0.07344860503789731
24424,0.9499345272643779,0.003334939598910045,0.04673053313671201
24425,0.7952868362560646,0.006742733732900403,0.19797043001103504
24426,0.957736243659059,0.014844378526743612,0.027419377814197576
24427,0.12620857018934756,0.0058500909327334144,0.8679413388779191
24428,0.41537900083169005,0.0434528077888293,0.5411681913794806
24429,0.9542708529331592,0.003452363730637465,0.04227678333620333
24430,0.9760580563418348,0.006670342240774934,0.01727160141739015
24431,0.257016337085244,0.1418836794638904,0.6010999834508656
24432,0.9498841292535969,0.005763284610611028,0.044352586135792134
24433,0.0049029291659507925,0.004435323838862722,0.9906617469951866
24434,0.9904882492021172,0.0006151171704900979,0.00889663362739269
24435,0.9657914127127665,0.002969640468479082,0.03123894681875434
24436,0.6076140362111739,0.024042343865166214,0.36834361992365977
24437,0.9717376370442369,0.0017841166899614778,0.026478246265801718
24438,0.13312517230449447,0.013239666728312414,0.8536351609671932
24439,0.1972992620585765,0.01709810073074601,0.7856026372106775
24440,0.9715513506115193,0.004480142411115907,0.023968506977364856
24441,0.9877200112118761,0.000685393515399059,0.011594595272724804
24442,0.8110169185593352,0.01267723478430463,0.1763058466563603
24443,0.09603190740386804,0.007336904832445531,0.8966311877636864
24444,0.7585202075364705,0.09813439252184718,0.14334539994168213
24445,0.8945959106451113,0.06266950453199938,0.042734584822889235
24446,0.9798316952971566,0.009623034416611428,0.010545270286231957
24447,0.9332471395479126,0.006147394564030368,0.06060546588805705
24448,0.11294251935456467,0.020275833080553127,0.8667816475648822
24449,0.9611731149862919,0.0009714712675342187,0.03785541374617386
24450,0.922956841692048,0.050019356306283944,0.027023802001667954
24451,0.012588840372372767,0.02419602720129522,0.963215132426332
24452,0.8150604792775497,0.009276842179373546,0.17566267854307674
24453,0.007010032753633773,0.0029614060980940613,0.9900285611482722
24454,0.31951733550247224,0.011800273865282573,0.6686823906322452
24455,0.3100378769015722,0.012821812935860879,0.677140310162567
24456,0.8779476971119529,0.01883991019113193,0.10321239269691539
24457,0.3865492411056643,0.00645496936744276,0.6069957895268929
24458,0.986646277171859,0.0006586721645987279,0.012695050663542266
24459,0.4260348987815924,0.017747242778501378,0.5562178584399063
24460,0.9843622310977754,0.0010197402904928482,0.014618028611731641
24461,0.5508655956335271,0.026391301282654843,0.422743103083818
24462,0.7440518068990801,0.02452730123571762,0.23142089186520237
24463,0.042848184875156986,0.010815136618292817,0.9463366785065501
24464,0.6466869938135925,0.025030801253019798,0.3282822049333878
24465,0.9684558007939185,0.004663094280499106,0.026881104925582495
24466,0.4242129686060091,0.03369493092627516,0.5420921004677158
24467,0.02965702282751615,0.0016693254666739039,0.96867365170581
24468,0.9708460936732575,0.011229301057072216,0.017924605269670327
24469,0.024109493494517794,0.0017891879048098137,0.9741013186006723
24470,0.27636952990594355,0.07647154808547599,0.6471589220085805
24471,0.9560833414074277,0.01153672148221279,0.03237993711035954
24472,0.9466111904702005,0.006993236049144088,0.04639557348065544
24473,0.3482649361832869,0.3568090309991029,0.29492603281761026
24474,0.9862674857479364,0.0006002580731778084,0.013132256178885773
24475,0.788093994351504,0.02206051567156747,0.1898454899769285
24476,0.9827708860448863,0.0028246569218075843,0.01440445703330609
24477,0.11332144631683284,0.002259005634594983,0.8844195480485721
24478,0.9056612022491274,0.0034911450771825366,0.09084765267369016
24479,0.45401557666279985,0.00892128475636015,0.53706313858084
24480,0.9252903481489687,0.0035015616665017273,0.07120809018452964
24481,0.15834484034925086,0.030242412202704884,0.8114127474480443
24482,0.4535525214790878,0.09617642936034768,0.4502710491605645
24483,0.0026210505132851407,0.004513385432278915,0.9928655640544359
24484,0.0331816957697015,0.028927177471754308,0.9378911267585441
24485,0.4215773328189081,0.05711254639729818,0.5213101207837937
24486,0.8480344672845975,0.00709941627665134,0.14486611643875114
24487,0.9733511110981129,0.022522158236840135,0.004126730665046965
24488,0.31070106094609806,0.08034610615544563,0.6089528328984564
24489,0.49547496492837945,0.04617917618074724,0.45834585889087337
24490,0.9423991928046896,0.002857789977194879,0.05474301721811539
24491,0.6780195120866923,0.029023954685200668,0.2929565332281071
24492,0.03315867626881694,0.0064843355981894545,0.9603569881329936
24493,0.9313060838640377,0.005091564865716781,0.0636023512702455
24494,0.7558428808579736,0.009270680267255403,0.234886438874771
24495,0.9851057413649849,0.0014857083152791774,0.013408550319735858
24496,0.7506107982696845,0.020917858257301945,0.22847134347301368
24497,0.22284109706748462,0.06398624332381228,0.7131726596087031
24498,0.8852930166969186,0.0033876576264189767,0.11131932567666228
24499,0.9290797527477861,0.004841351617516919,0.06607889563469702
24500,0.005448098276973248,0.0011325877502792233,0.9934193139727474
24501,0.8782748529576297,0.0006459151331891287,0.12107923190918123
24502,0.004440670108546624,0.0006596373239483883,0.994899692567505
24503,0.592794085245146,0.016743167631464995,0.390462747123389
24504,0.9866753208378405,0.0006687150736605744,0.012655964088499033
24505,0.8720386134200508,0.01475266545763711,0.11320872112231198
24506,0.9815662692869629,0.00405577791792011,0.014377952795116914
24507,0.004359943633063726,0.0019501023762962281,0.9936899539906401
24508,0.9699031928513542,0.004781388070577634,0.025315419078068092
24509,0.8879118024813861,0.004600917121192884,0.10748728039742103
24510,0.7967399647836806,0.001308582057145452,0.20195145315917395
24511,0.9168988380794079,0.001784922136842492,0.08131623978374956
24512,0.9856661212656317,0.004238234450640716,0.010095644283727714
24513,0.005394248160220562,0.004156268848680828,0.9904494829910987
24514,0.6632134472206441,0.075603195081414,0.26118335769794193
24515,0.8924506437397643,0.02572564676816808,0.0818237094920676
24516,0.9550391638819189,0.005606253786253813,0.03935458233182737
24517,0.9769327530778467,0.007413507191324094,0.015653739730829314
24518,0.8355471963176313,0.00589376536882061,0.15855903831354815
24519,0.4753227394473445,0.0015760055793502714,0.5231012549733054
24520,0.9556644287740077,0.004705841452376632,0.03962972977361559
24521,0.685108036738274,0.1684708773630551,0.1464210858986709
24522,0.9512629975243971,0.007441382276737702,0.04129562019886504
24523,0.972047459946723,0.004538339849170326,0.023414200204106568
24524,0.9336506180889887,0.0025218566587605394,0.06382752525225073
24525,0.007841339760706372,0.01682816720504116,0.9753304930342525
24526,0.9802769293892308,0.0065548660070823515,0.01316820460368683
24527,0.28633971629823357,0.04313571080913241,0.670524572892634
24528,0.012537360851440891,0.0010176364923730305,0.986445002656186
24529,0.5895867597580522,0.08962927296055262,0.3207839672813953
24530,0.34684484776403757,0.005481750695904049,0.6476734015400583
24531,0.9247730514645267,0.006142343978864201,0.06908460455660895
24532,0.9500552265165052,0.0018177710995493834,0.048127002383945544
24533,0.9435785344912371,0.019013548974197762,0.037407916534565315
24534,0.9757961276728682,0.0007270806652508351,0.023476791661881095
24535,0.13773532998296945,0.00879279704678519,0.8534718729702453
24536,0.0025091320468240714,0.0018219506898262646,0.9956689172633495
24537,0.9341663126777726,0.004153707908034829,0.06167997941419267
24538,0.9063087763075615,0.0061451973782779,0.08754602631416077
24539,0.7805070235362856,0.00334364086620075,0.2161493355975136
24540,0.4065988258139674,0.018715931086471113,0.5746852430995615
24541,0.019363233328351402,0.0018455792112551145,0.9787911874603934
24542,0.9192099823709367,0.0033401923075802266,0.07744982532148315
24543,0.943958025702643,0.0023232420587446703,0.053718732238612454
24544,0.9708485724555704,0.0031947295665196457,0.025956697977909827
24545,0.32434078954264073,0.021120999407453135,0.6545382110499062
24546,0.6202730481636887,0.025976131790617196,0.35375082004569414
24547,0.791363118048984,0.0007022319914438439,0.2079346499595722
24548,0.9781928181048476,0.001207247056024744,0.020599934839127695
24549,0.06754997480802383,0.00723367734749876,0.9252163478444775
24550,0.5680262381270698,0.028245619006528565,0.4037281428664017
24551,0.9745644829624314,0.0014116604732291277,0.024023856564339433
24552,0.685982101193494,0.013008164810061338,0.3010097339964446
24553,0.959457609169881,0.00867982850233102,0.03186256232778799
24554,0.6431534555294631,0.013510095744832704,0.3433364487257041
24555,0.8689809109121627,0.08813399722934613,0.0428850918584911
24556,0.979065404937326,0.0035154396311424807,0.01741915543153159
24557,0.9610145665115257,0.006746054669632457,0.0322393788188419
24558,0.9686365439975386,0.007251298669508097,0.024112157332953382
24559,0.935598800700014,0.0007454269442099438,0.0636557723557761
24560,0.9394723808914703,0.003960361740842951,0.05656725736768671
24561,0.9330067768315262,0.020015033960548705,0.04697818920792512
24562,0.5539416899336638,0.01127405689101646,0.4347842531753198
24563,0.35409012182543553,0.018711768154937837,0.6271981100196267
24564,0.8747636833401662,0.011895118259069528,0.11334119840076418
24565,0.9671211302568887,0.003444702269444473,0.02943416747366669
24566,0.9584099557840736,0.011903631796103351,0.02968641241982315
24567,0.9679533905985577,0.006181302223183313,0.025865307178259078
24568,0.9570607571977859,0.0049494000135466495,0.03798984278866741
24569,0.9195728415365041,0.010043015953035464,0.07038414251046049
24570,0.9558895340971894,0.0015906246077463963,0.04251984129506428
24571,0.8827142352741073,0.0031978191320156204,0.11408794559387714
24572,0.4961374146280697,0.010893608375050651,0.49296897699687964
24573,0.9262867395842647,0.010919820091633576,0.06279344032410171
24574,0.9595428593209282,0.009477936873004428,0.030979203806067356
24575,0.9769825902632276,0.0022045899144885516,0.020812819822283675
24576,0.9747046521290047,0.008220922630091615,0.01707442524090368
24577,0.9793380929572029,0.004255647684263576,0.01640625935853362
24578,0.05581828045206593,0.026686463199311533,0.9174952563486225
24579,0.7584371247228854,0.018989805487838622,0.22257306978927607
24580,0.9736644595889827,0.006915267447627521,0.01942027296338973
24581,0.829502124576623,0.010256038742011087,0.16024183668136596
24582,0.058235741410312125,0.24169625633021202,0.7000680022594757
24583,0.7950782663338284,0.03849929103731875,0.16642244262885292
24584,0.7112032491663537,0.059242972724586354,0.22955377810906005
24585,0.16616874201406895,0.021357711661135155,0.8124735463247958
24586,0.8899262702563298,0.007616220296398728,0.10245750944727157
24587,0.02763096029021552,0.005028065056916274,0.9673409746528682
24588,0.2073839126499352,0.11051607696446247,0.6821000103856023
24589,0.664938413316202,0.00136893728810748,0.33369264939569054
24590,0.37048196604667355,0.003911862053006138,0.6256061719003202
24591,0.8772408571784093,0.01592648601691027,0.10683265680468046
24592,0.895039019136916,0.006264117577545614,0.09869686328553835
24593,0.035852664059365186,0.005291285960027746,0.958856049980607
24594,0.906413929927942,0.0013611854589442095,0.09222488461311382
24595,0.9501087836829807,0.0029197699636786417,0.046971446353340836
24596,0.9138240266131085,0.0018682224670007828,0.08430775091989076
24597,0.07077581845339273,0.010786484527395725,0.9184376970192115
24598,0.6090850562749431,0.04095540547968317,0.3499595382453737
24599,0.548218347286377,0.38056933370005164,0.0712123190135713
24600,0.8138940473592878,0.00699809543562047,0.1791078572050917
24601,0.11798720706360516,0.03795377856504448,0.8440590143713504
24602,0.9367824348120143,0.0032430746301375843,0.05997449055784809
24603,0.17956485418617904,0.09908863451344938,0.7213465113003716
24604,0.8213215985365051,0.04673137462496795,0.13194702683852697
24605,0.761687949992489,0.013994193304163034,0.22431785670334797
24606,0.9293953120653007,0.005859592819566663,0.06474509511513264
24607,0.5645027298604663,0.04642426527205137,0.3890730048674822
24608,0.9847328648257452,0.0020917689765843125,0.013175366197670457
24609,0.9026436797552333,0.006659141346920276,0.09069717889784634
24610,0.7674735645965984,0.007120410644144534,0.2254060247592569
24611,0.06651889834730985,0.014004711272557077,0.9194763903801332
24612,0.876606428386214,0.0062557186110305885,0.11713785300275548
24613,0.2881509317680821,0.024038805515817125,0.6878102627161007
24614,0.9665193226344766,0.019187104712915976,0.014293572652607533
24615,0.7317194916384919,0.12404231448785771,0.14423819387365022
24616,0.012516149436044066,0.007850766807940338,0.9796330837560155
24617,0.9823876008719906,0.0012799682653656297,0.01633243086264371
24618,0.9808738711528242,0.008714499780392557,0.01041162906678326
24619,0.9656397667189879,0.004223165414524955,0.03013706786648712
24620,0.9097346532717483,0.01589912618748499,0.0743662205407666
24621,0.5778073566534286,0.008931909458235467,0.41326073388833595
24622,0.8751611885843915,0.07612595198430239,0.04871285943130613
24623,0.9419103485194444,0.02454723705689485,0.033542414423660745
24624,0.962818404749825,0.005081986915158502,0.03209960833501639
24625,0.8717657843223023,0.04599224043613154,0.08224197524156612
24626,0.8260830863386806,0.006815334142117224,0.16710157951920218
24627,0.544971591667412,0.1437945018477107,0.31123390648487725
24628,0.9250246975173096,0.02104089161772421,0.053934410864966115
24629,0.8557922852586866,0.008568993767613584,0.1356387209737
24630,0.6263038887612224,0.0691939799280493,0.3045021313107282
24631,0.0609621736622173,0.13475200040009855,0.804285825937684
24632,0.006083637504903338,0.0006348253756754352,0.9932815371194212
24633,0.14326985720145063,0.005981849047655637,0.8507482937508937
24634,0.6847804654900396,0.016893620745623027,0.2983259137643374
24635,0.8990542691713859,0.0031671876081404513,0.09777854322047361
24636,0.9662742558936003,0.012603655154532156,0.021122088951867495
24637,0.9705276799128676,0.0010112722531719432,0.028461047833960324
24638,0.9447648437297695,0.004910817940832392,0.050324338329398116
24639,0.9785734832700759,0.0021093514260158075,0.019317165303908288
24640,0.21467769612097837,0.006220822352929957,0.7791014815260917
24641,0.7242359586072771,0.015613913223141589,0.2601501281695812
24642,0.9721459722104877,0.002711064258024781,0.025142963531487338
24643,0.331960619100639,0.009864019465835233,0.6581753614335257
24644,0.8896998828404287,0.010661229131746849,0.09963888802782453
24645,0.40909452170838123,0.06058743387250576,0.530318044419113
24646,0.9708240062640677,0.016008569129321085,0.013167424606611087
24647,0.9678598263606665,0.008840864275486164,0.023299309363847418
24648,0.9694766754691679,0.0016674632721715035,0.02885586125866044
24649,0.6154422114741959,0.0023022861202283396,0.38225550240557576
24650,0.6718004526471676,0.0895046510827597,0.23869489627007268
24651,0.9452215899197659,0.005133683557118308,0.04964472652311582
24652,0.9179091387197805,0.006319163212182354,0.07577169806803707
24653,0.1837383009765986,0.01679177396457041,0.7994699250588311
24654,0.9867357182569663,0.00113279028687382,0.012131491456159889
24655,0.01675843199968237,0.001650916879842201,0.9815906511204754
24656,0.9666256268517528,0.021236217426048563,0.0121381557221986
24657,0.01589741431855577,0.006668422104670415,0.9774341635767738
24658,0.4460114603653428,0.00639749029047674,0.5475910493441806
24659,0.014976810679214629,0.0018486834602153017,0.98317450586057
24660,0.923727263940161,0.004682205181716463,0.07159053087812244
24661,0.9646672196612505,0.008410881944091803,0.026921898394657695
24662,0.9566639974302302,0.003741959585757639,0.039594042984012125
24663,0.8822413803161901,0.00964450259074634,0.10811411709306333
24664,0.94673213251141,0.0024322417182405954,0.05083562577034937
24665,0.5414799882168154,0.23769177334704178,0.22082823843614288
24666,0.4538078197349493,0.004399506174952153,0.5417926740900986
24667,0.006051705026017757,0.0024300850345762453,0.991518209939406
24668,0.726162807387382,0.019350169644369607,0.2544870229682484
24669,0.881169671999543,0.010022199516722063,0.1088081284837349
24670,0.9666914082614293,0.020464914738285784,0.012843677000284878
24671,0.07448574836540922,0.002456589160146112,0.9230576624744447
24672,0.8700000081843822,0.010838425932850004,0.11916156588276773
24673,0.9630149176159148,0.011768683834161936,0.025216398549923198
24674,0.9655044542042439,0.0028807672483521585,0.03161477854740407
24675,0.9442410890902949,0.0236006535308212,0.03215825737888396
24676,0.9199065080462822,0.0008282818297292808,0.07926521012398847
24677,0.3431851952577607,0.053045828348344856,0.6037689763938945
24678,0.9684158936666771,0.007541806618941034,0.02404229971438177
24679,0.9636966066568654,0.0026168766575906154,0.033686516685544066
24680,0.4219576546777834,0.0025399633748505895,0.5755023819473659
24681,0.7964544105025506,0.00918469982718128,0.1943608896702681
24682,0.3832907933375924,0.0027484294539336547,0.6139607772084739
24683,0.9597368853012642,0.0035552229513500476,0.036707891747385646
24684,0.835064084368597,0.005670728767222454,0.1592651868641805
24685,0.9799386369434815,0.01015529381610738,0.009906069240411163
24686,0.8514318070932501,0.005998936685543799,0.14256925622120623
24687,0.038048243515549404,0.0044940004808653065,0.9574577560035852
24688,0.9222371187348037,0.0031796356986440685,0.07458324556655223
24689,0.014465656106829435,0.002592848479459846,0.9829414954137108
24690,0.809943070478998,0.007898557360702422,0.18215837216029956
24691,0.979912139087868,0.0006898020329227559,0.019398058879209312
24692,0.005020786885376878,0.00292040549879708,0.9920588076158261
24693,0.9774539441244228,0.014259810253383758,0.008286245622193251
24694,0.9589584120250267,0.02677329268345415,0.014268295291519186
24695,0.9743495052617498,0.00198825303420766,0.0236622417040425
24696,0.11873491193205565,0.028141692404173916,0.8531233956637704
24697,0.09118204178139784,0.008205891957714248,0.9006120662608881
24698,0.5424778536098194,0.013417032513649814,0.44410511387653084
24699,0.8505180537474697,0.00545346824894017,0.1440284780035902
24700,0.6569548327235688,0.015775028205414744,0.3272701390710164
24701,0.9536305201530799,0.0007974575871112728,0.045572022259808866
24702,0.9835187291390625,0.003189495688366275,0.01329177517257138
24703,0.9610313572834295,0.0037237949969558047,0.035244847719614725
24704,0.10804440395087295,0.0196045987715831,0.8723509972775438
24705,0.9539745903006736,0.0023913250881352453,0.04363408461119127
24706,0.9649143825410456,0.005475660989188115,0.0296099564697664
24707,0.040123433065372895,0.006651498072057565,0.9532250688625695
24708,0.9587372346125819,0.02281434474854979,0.018448420638868285
24709,0.42042975091136464,0.005293438449453471,0.5742768106391818
24710,0.01972093858969288,0.0068945824271110425,0.973384478983196
24711,0.8276832335407028,0.056175360569033744,0.11614140589026353
24712,0.13722559585866947,0.001836556574110952,0.8609378475672196
24713,0.6317395516090959,0.022404541912071342,0.3458559064788327
24714,0.009562809266919178,0.004452526871576619,0.9859846638615043
24715,0.012205486154697178,0.0017324197679814235,0.9860620940773214
24716,0.5482467819799567,0.009990109480963252,0.4417631085390801
24717,0.8097697524631329,0.13223907121099582,0.057991176325871335
24718,0.9661342417278209,0.01638380586668535,0.017481952405493637
24719,0.9784020636732997,0.01392931614479976,0.007668620181900518
24720,0.3996489896830112,0.0860924246936484,0.5142585856233404
24721,0.9594306830832946,0.0038465864674463407,0.036722730449259
24722,0.014987360917426133,0.008215160500990805,0.9767974785815831
24723,0.6441191331969605,0.03891222479955145,0.3169686420034881
24724,0.5319212967709137,0.0034895572733304576,0.46458914595575573
24725,0.6648437148163348,0.013604516067579791,0.32155176911608546
24726,0.988138903945341,0.003524576177403909,0.008336519877255227
24727,0.869795120086523,0.06692231358061249,0.06328256633286465
24728,0.971055954769948,0.002221753917316992,0.026722291312734923
24729,0.9312899630616247,0.001758889266943937,0.06695114767143134
24730,0.9928970352301604,0.0032215387293370386,0.0038814260405025374
24731,0.953890407111332,0.006261906219105493,0.0398476866695624
24732,0.8086810492411958,0.009034525844989259,0.18228442491381508
24733,0.050248676089037485,0.0012574958842081958,0.9484938280267544
24734,0.966401225581151,0.004933076001971162,0.02866569841687781
24735,0.9873862136883318,0.002356837547037804,0.010256948764630267
24736,0.9876017590252228,0.0015919673343884751,0.010806273640388853
24737,0.9810417696931484,0.0061138474784257655,0.012844382828426044
24738,0.015892842501308225,0.005550642830282483,0.9785565146684092
24739,0.9686186439770011,0.0021660823169218713,0.029215273706076995
24740,0.7783050327072951,0.017085319834353328,0.20460964745835153
24741,0.8825471910821961,0.04911569624903403,0.06833711266876989
24742,0.30989165727022683,0.003795695213367153,0.686312647516406
24743,0.9583271239729765,0.003408232356239052,0.03826464367078449
24744,0.8370355137845504,0.0046520949188516535,0.15831239129659788
24745,0.7590384122233376,0.021542356259945314,0.21941923151671716
24746,0.8064685456295544,0.006455632747639013,0.18707582162280653
24747,0.9693559438675573,0.015455878486692942,0.015188177645749697
24748,0.9877932409220024,0.002771423494797154,0.009435335583200383
24749,0.3899604998070586,0.0036385100722697563,0.6064009901206717
24750,0.9722846716794977,0.005038466502186577,0.02267686181831582
24751,0.9075931625106853,0.0036684928667745772,0.08873834462254024
24752,0.9915421037268662,0.0005453646090027756,0.00791253166413111
24753,0.028519669936296094,0.02179354693771811,0.9496867831259859
24754,0.013434345847832856,0.0018005584804547112,0.9847650956717124
24755,0.9305815414546041,0.02159592851626799,0.047822530029127744
24756,0.24605740985301255,0.00886172837457575,0.7450808617724117
24757,0.11641164813825734,0.09801716453153433,0.7855711873302083
24758,0.9904003502690323,0.0016070272842282256,0.00799262244673946
24759,0.7300447014335665,0.019999220907135216,0.2499560776592984
24760,0.9629849207848397,0.001956698549000047,0.035058380666160294
24761,0.3572942752851445,0.0771607345915897,0.5655449901232656
24762,0.7204767395127816,0.009858802590769822,0.26966445789644866
24763,0.9527651665024961,0.008237480094247141,0.03899735340325673
24764,0.7990750332700807,0.017192358332900306,0.18373260839701894
24765,0.433444623248879,0.020379126820565033,0.5461762499305559
24766,0.014646226778914872,0.0029378513020459074,0.9824159219190391
24767,0.9517688607571773,0.009465449379561296,0.038765689863261475
24768,0.5017588070632214,0.006044918596773268,0.4921962743400054
24769,0.9208251489383096,0.00685083102833294,0.0723240200333575
24770,0.9668508552652787,0.006275310583630967,0.026873834151090435
24771,0.9558198777821085,0.030824315212738203,0.013355807005153396
24772,0.9733617693359046,0.0014100741453561966,0.025228156518739213
24773,0.015377451121449939,0.0015425940932967445,0.9830799547852533
24774,0.01864652263289084,0.005125027452159892,0.9762284499149493
24775,0.3270603726115422,0.018601992676301752,0.654337634712156
24776,0.016873477684934524,0.00409698812711802,0.9790295341879476
24777,0.6764771090826933,0.1626938345356739,0.1608290563816327
24778,0.13406823434038198,0.0673317731547184,0.7985999925048997
24779,0.3837510274394097,0.12086244779697004,0.49538652476362033
24780,0.9746318452845293,0.015264644896318099,0.010103509819152742
24781,0.22676862749087368,0.03574907853656699,0.7374822939725593
24782,0.963115219503619,0.001466757177709509,0.03541802331867164
24783,0.9344435950386503,0.003190235277323147,0.062366169684026654
24784,0.9891785617187727,0.0005989145857435438,0.010222523695483671
24785,0.9711115052924173,0.020356336061275366,0.00853215864630734
24786,0.9200220796817251,0.016971767089476453,0.06300615322879846
24787,0.06539724394793181,0.08313601193210544,0.8514667441199628
24788,0.9480209492054796,0.010540990622730336,0.041438060171790185
24789,0.955958151298806,0.028678313557615083,0.015363535143578771
24790,0.8817929171471443,0.006912731018410754,0.11129435183444503
24791,0.11720051112331416,0.07151178134623075,0.8112877075304551
24792,0.9427549086390566,0.040403801076421206,0.016841290284522165
24793,0.001702689650321001,0.0004998416611070841,0.997797468688572
24794,0.6905302454855714,0.012879383332030227,0.2965903711823985
24795,0.7189213861227755,0.006702612233231411,0.27437600164399334
24796,0.7906225987761343,0.06836974281045217,0.14100765841341356
24797,0.4953711341482334,0.005189877280219874,0.49943898857154667
24798,0.9181989292450179,0.013658476951335784,0.06814259380364637
24799,0.9709591320524535,0.006151827155834877,0.022889040791711647
24800,0.9574992370948892,0.0020751584191675693,0.04042560448594322
24801,0.9829566893925935,0.001089145443672913,0.015954165163733547
24802,0.7480918960483343,0.06821008136869261,0.18369802258297319
24803,0.9145447301441305,0.00854814291610778,0.07690712693976189
24804,0.6994887812646242,0.006576761712462331,0.2939344570229135
24805,0.9711096626195129,0.005234524793382151,0.023655812587104825
24806,0.9837688187676894,0.0024505308442881154,0.01378065038802246
24807,0.8955926355878249,0.009662283554370332,0.09474508085780475
24808,0.9247085844130569,0.004189669634109471,0.0711017459528335
24809,0.9411694473711838,0.0054628119473659805,0.053367740681450115
24810,0.9467619648574203,0.0008196213791904916,0.05241841376338921
24811,0.9537431020046736,0.004087201414590515,0.04216969658073596
24812,0.3682239450616309,0.5587875463045578,0.07298850863381116
24813,0.05744290217063676,0.0015662093884387302,0.9409908884409245
24814,0.9589290464450477,0.015239906411467991,0.025831047143484255
24815,0.8557668715469683,0.015059916592017105,0.12917321186101455
24816,0.9755429395122407,0.006679370335816101,0.01777769015194318
24817,0.9553282133125048,0.0008487445265825467,0.04382304216091257
24818,0.5450428197985238,0.008458839218498913,0.44649834098297725
24819,0.35482236188687283,0.048484820679237546,0.5966928174338896
24820,0.9304057526284233,0.002737318011396793,0.0668569293601799
24821,0.9337338581755874,0.004472596695092122,0.06179354512932039
24822,0.0090817397298554,0.003202609545822384,0.9877156507243221
24823,0.6158112424095152,0.0626510685224987,0.32153768906798613
24824,0.1566469377541383,0.017851730307285544,0.8255013319385762
24825,0.9446900732672318,0.003461691948055019,0.05184823478471323
24826,0.5771988239524732,0.30102325034271016,0.12177792570481659
24827,0.9775622175343941,0.016942892893576464,0.0054948895720294535
24828,0.9110252475861378,0.005479190073275474,0.08349556234058678
24829,0.9417639492187017,0.0013713639809839254,0.056864686800314465
24830,0.747228112759573,0.02732813402481068,0.22544375321561633
24831,0.700182713332242,0.02044311172086666,0.2793741749468912
24832,0.4810988850338344,0.0027910565837161666,0.5161100583824493
24833,0.9024164107369954,0.00812250403876156,0.08946108522424295
24834,0.7792422440321185,0.013566450436816372,0.20719130553106513
24835,0.9467860838117459,0.01169061577605792,0.041523300412196255
24836,0.955152464234706,0.0037507933730028583,0.04109674239229129
24837,0.9558517328129201,0.003581056108886167,0.0405672110781937
24838,0.9551743316385207,0.005075224333884387,0.03975044402759505
24839,0.9728137670916488,0.010196026603427864,0.01699020630492333
24840,0.5250553158699318,0.01676515224162018,0.45817953188844784
24841,0.9832198704858037,0.003655632556019122,0.0131244969581771
24842,0.8876783720794608,0.020070630009230928,0.09225099791130822
24843,0.9636129918401851,0.00905561330083731,0.027331394858977665
24844,0.5646431542422813,0.29524483035353,0.14011201540418872
24845,0.09017159175043353,0.005033603051042989,0.9047948051985235
24846,0.5434068630762046,0.014883296585996273,0.44170984033779914
24847,0.9897926486564346,0.0006983929642486666,0.009508958379316652
24848,0.9410032010311127,0.017221380558242433,0.04177541841064475
24849,0.8943751176243897,0.010577257991672662,0.09504762438393763
24850,0.9313027287685101,0.034129075507584976,0.034568195723904876
24851,0.9823083773480863,0.009033061891921924,0.008658560759991787
24852,0.2275627475319747,0.03983576398739921,0.732601488480626
24853,0.7127029382716535,0.007875876445172809,0.27942118528317367
24854,0.9745268184350572,0.0038104719730974513,0.021662709591845478
24855,0.9593268316886883,0.002244340740850316,0.03842882757046143
24856,0.9041018401261103,0.014769863950065097,0.08112829592382459
24857,0.8449599877611387,0.008941271802455563,0.14609874043640575
24858,0.18335098473749717,0.0009297181858328854,0.8157192970766699
24859,0.9414805437645148,0.003980913710104413,0.054538542525380714
24860,0.9223270988972765,0.01253760482424892,0.0651352962784748
24861,0.8780508078202466,0.09819789443604768,0.023751297743705845
24862,0.931130747554989,0.009806938832511415,0.05906231361249944
24863,0.007992368211066418,0.0052059346100356545,0.986801697178898
24864,0.01903743314045655,0.004599020234988642,0.9763635466245547
24865,0.8842527136751311,0.004705712593683026,0.11104157373118587
24866,0.014933606378922493,0.0027312763571447998,0.9823351172639327
24867,0.9485588199191528,0.005831702009889099,0.04560947807095812
24868,0.9438695625900366,0.031118760413811897,0.025011676996151547
24869,0.9185416600314944,0.0030107016463816368,0.07844763832212394
24870,0.759410547453917,0.013908036531127849,0.22668141601495506
24871,0.9737809021821673,0.002025225140386297,0.02419387267744644
24872,0.9692889078963465,0.003732889608373517,0.026978202495279983
24873,0.9830159247632317,0.0033105879151858987,0.013673487321582335
24874,0.5370447537853092,0.07375049798440374,0.38920474823028706
24875,0.8993996455104158,0.006120586171477801,0.09447976831810635
24876,0.8874847774813821,0.021614507657453815,0.09090071486116391
24877,0.9792012472760988,0.0030516514445914503,0.017747101279309813
24878,0.00649452307649191,0.01663001007115786,0.9768754668523503
24879,0.7441995066812949,0.13707251219991448,0.11872798111879074
24880,0.9465527656463022,0.004324973836304979,0.04912226051739277
24881,0.8497243225975138,0.1111124482191983,0.039163229183287865
24882,0.9469749824855267,0.004015330711005604,0.04900968680346784
24883,0.14645880374388803,0.0056694395541547855,0.8478717567019571
24884,0.5433645697275306,0.009670001223638891,0.4469654290488306
24885,0.8215947262804959,0.004274049625471426,0.17413122409403264
24886,0.2791560989609555,0.08519464537827201,0.6356492556607725
24887,0.044623618666400106,0.002480302229802401,0.9528960791037975
24888,0.011214411672141752,0.0034721071885063896,0.9853134811393518
24889,0.9596037134433092,0.014620942919449872,0.02577534363724092
24890,0.9271568090710622,0.004394474714117894,0.06844871621482
24891,0.26300135374166406,0.010780039271616089,0.7262186069867198
24892,0.8198067953209623,0.014857769064192422,0.1653354356148452
24893,0.22672367333475973,0.006228201354706579,0.7670481253105337
24894,0.0016085188946686896,0.0016566096684206971,0.9967348714369106
24895,0.6582987688741142,0.06666493759766906,0.27503629352821674
24896,0.8383278868391382,0.017417113281872884,0.1442549998789889
24897,0.19440362119166715,0.05723030048142342,0.7483660783269095
24898,0.018247517398147933,0.0011221447821782302,0.9806303378196738
24899,0.00445777891347611,0.002415714689392007,0.9931265063971317
24900,0.9630557551281687,0.01813137307848471,0.018812871793346647
24901,0.03422749912840216,0.027068269884903493,0.9387042309866944
24902,0.7256006882799207,0.002811217506535492,0.27158809421354374
24903,0.9418775505043588,0.040925458736202944,0.017196990759438334
24904,0.3268581347621525,0.01303119442993667,0.6601106708079109
24905,0.9007764505919397,0.002614444138698686,0.09660910526936169
24906,0.0008651805570559861,0.00025895658266748356,0.9988758628602765
24907,0.9362269154239955,0.03836200997092053,0.02541107460508393
24908,0.39600094476884945,0.011931161899767813,0.5920678933313827
24909,0.9577006453587505,0.005931461030633735,0.036367893610615765
24910,0.974504294914703,0.0010265681315593173,0.024469136953737744
24911,0.9635018262710944,0.00950826936341538,0.0269899043654903
24912,0.9612272185466237,0.0054241195503502435,0.03334866190302602
24913,0.7927728110530741,0.009033630930642845,0.1981935580162832
24914,0.9821814496595979,0.0019174031551093091,0.015901147185292903
24915,0.9626372158708368,0.002286257788645856,0.03507652634051733
24916,0.6766905862201913,0.029578742116705085,0.2937306716631036
24917,0.3071792809818472,0.023075459184606607,0.6697452598335463
24918,0.8445384234012527,0.07077330512858937,0.084688271470158
24919,0.5014020187526083,0.06113879236377349,0.43745918888361823
24920,0.9584703522020583,0.0045221673315831105,0.03700748046635854
24921,0.9900451463220225,0.002171342175247522,0.0077835115027300745
24922,0.1120699650743199,0.01823432773357027,0.8696957071921099
24923,0.17091173802515786,0.006272090166370434,0.8228161718084718
24924,0.6702440550908169,0.001535911021819713,0.3282200338873634
24925,0.4691209328229249,0.0015419981364598744,0.5293370690406152
24926,0.21157354886346805,0.11860779484471154,0.6698186562918204
24927,0.0080880199988336,0.012456704217096524,0.97945527578407
24928,0.9584494055375463,0.015460007247030835,0.02609058721542288
24929,0.9631075634314282,0.002030617670164639,0.03486181889840717
24930,0.5314748965228129,0.010128563142003296,0.45839654033518384
24931,0.9486705623785682,0.008846763258529077,0.04248267436290272
24932,0.16096274359038037,0.003329053546872938,0.8357082028627465
24933,0.9481403591628661,0.00251669281896559,0.04934294801816837
24934,0.9894374531045487,0.0005065665324899512,0.010055980362961382
24935,0.9845040383067165,0.0008430073910741327,0.0146529543022093
24936,0.980246430492018,0.0033694487857346984,0.016384120722247177
24937,0.9710231558085298,0.0027921131334050528,0.026184731058065066
24938,0.2451849908003742,0.024352780122701187,0.7304622290769247
24939,0.5250364738096834,0.006412628945374102,0.46855089724494253
24940,0.6455989170608459,0.01630470116676474,0.3380963817723894
24941,0.008803008337362498,0.0007147307846561299,0.9904822608779814
24942,0.9499815315653577,0.026248150564191008,0.02377031787045119
24943,0.6579555563652648,0.013667138521350248,0.328377305113385
24944,0.05425484176052912,0.0033318843944326153,0.9424132738450381
24945,0.17981741721218303,0.00867815303724039,0.8115044297505766
24946,0.9666703919688939,0.0073579515193542035,0.025971656511751953
24947,0.05629599928057979,0.01392160844957438,0.9297823922698458
24948,0.9119293208371086,0.01003495517513083,0.0780357239877605
24949,0.8786636730341574,0.0025365476310090633,0.11879977933483361
24950,0.9821301465753187,0.0011740343617175203,0.01669581906296387
24951,0.6202846967244178,0.0340356026655652,0.345679700610017
24952,0.42908186324207953,0.0053523381958043605,0.5655657985621161
24953,0.10388641197496826,0.029046706061942713,0.8670668819630891
24954,0.9538145184754282,0.00652998118225144,0.03965550034232038
24955,0.3662190520689883,0.12817601380367338,0.5056049341273383
24956,0.9218904550076483,0.03301825503156206,0.045091289960789746
24957,0.6895058947963093,0.045357175245640605,0.26513692995805
24958,0.8763143044984554,0.010880093899799445,0.11280560160174513
24959,0.022018863479464183,0.0022356060699220445,0.9757455304506137
24960,0.20795822918416434,0.009156807634965597,0.7828849631808701
24961,0.9242710155728472,0.004722501504226577,0.07100648292292625
24962,0.37936908444844875,0.043415037264227394,0.5772158782873238
24963,0.896434864616432,0.002345959722623308,0.10121917566094454
24964,0.18484364762419908,0.019954057324101125,0.7952022950516999
24965,0.9476196149903106,0.002254153810142823,0.050126231199546636
24966,0.8083707534973296,0.002839117308950131,0.18879012919372043
24967,0.13180258682120483,0.0011951448747574902,0.8670022683040376
24968,0.056941123304417154,0.12030963550936179,0.822749241186221
24969,0.03681108538676219,0.003554327727756601,0.9596345868854812
24970,0.9808349647586885,0.005136255771596328,0.014028779469715202
24971,0.9385797288115965,0.007009029358729323,0.05441124182967434
24972,0.00814183465248379,0.0009859008223237066,0.9908722645251925
24973,0.44485506269054154,0.004410164764384957,0.5507347725450735
24974,0.9851732291332851,0.0009182260080256159,0.013908544858689175
24975,0.9593282513482098,0.0022607157899067897,0.038411032861883666
24976,0.5707115166639656,0.002148152488577435,0.42714033084745706
24977,0.9730982418416402,0.006956912790861705,0.019944845367498094
24978,0.9607268298664264,0.005802137643556603,0.03347103249001708
24979,0.42935486138093515,0.010835410991806512,0.5598097276272583
24980,0.9083904834428501,0.017855439646798175,0.07375407691035163
24981,0.9331303844513568,0.005184060423014147,0.061685555125629
24982,0.9582270045486458,0.011119459489280793,0.03065353596207351
24983,0.8997171887944473,0.004843056232802435,0.09543975497275026
24984,0.7904632825057992,0.0671071831248112,0.1424295343693896
24985,0.7354401301597877,0.014498064485166181,0.2500618053550461
24986,0.6857227007574256,0.030922267805728796,0.2833550314368456
24987,0.19096476967841544,0.0037135103978111705,0.8053217199237734
24988,0.9575294103912155,0.0020082129734906784,0.04046237663529387
24989,0.9779564551776104,0.0011172845529787805,0.02092626026941089
24990,0.979255470257303,0.0007148214854392862,0.02002970825725779
24991,0.24637578348074968,0.024951522641404753,0.7286726938778456
24992,0.8564072790629216,0.07351949099629264,0.07007322994078591
24993,0.024635286877206015,0.0020508955927896594,0.9733138175300043
24994,0.9060344809580592,0.004664782271208983,0.08930073677073194
24995,0.8677234891307107,0.008884133646762903,0.1233923772225263
24996,0.8997967894954344,0.0012558419152526926,0.09894736858931288
24997,0.9221681215763684,0.040588365840457344,0.03724351258317422
24998,0.9436550055159093,0.0028837225079808067,0.05346127197610984
24999,0.9067956742713864,0.006467666522844351,0.08673665920576909
