id,Status_C,Status_CL,Status_D
15000,0.5263618146248228,0.0021469335193449158,0.4714912518558324
15001,0.9258822294450636,0.0025800977812326406,0.07153767277370372
15002,0.9598877260217547,0.006060732549151874,0.03405154142909347
15003,0.1697810721520417,0.0009177316715081823,0.8293011961764502
15004,0.9754905770907555,0.007952942747042363,0.016556480162202115
15005,0.394415598491612,0.02040593471410749,0.5851784667942804
15006,0.9703326766805019,0.011884369336713614,0.017782953982784372
15007,0.9621104061248895,0.0188095144807727,0.019080079394337715
15008,0.36312678504674467,0.009543516409540735,0.6273296985437146
15009,0.0706534119157722,0.0878554366656419,0.841491151418586
15010,0.6485223473667604,0.015767113046303197,0.3357105395869363
15011,0.9047382185794955,0.0059862876159061575,0.08927549380459834
15012,0.9574947429388928,0.0010630990828375052,0.04144215797826967
15013,0.8078204635861949,0.015592879636007128,0.17658665677779803
15014,0.026497360067527294,0.0030558988037523893,0.9704467411287202
15015,0.013568448001340034,0.035409917904579265,0.9510216340940808
15016,0.9707753151066516,0.011724967246281227,0.017499717647067325
15017,0.44564153553562935,0.03399433732824134,0.5203641271361292
15018,0.9147965567588875,0.01893953211285741,0.0662639111282551
15019,0.9779064966011981,0.0037593259354304766,0.018334177463371352
15020,0.003994008259045304,0.0008729867266780168,0.9951330050142767
15021,0.9542303800771362,0.020906790982804544,0.024862828940059388
15022,0.4138490435699158,0.164152097728694,0.4219988587013903
15023,0.970193233738856,0.00285148219583999,0.026955284065303915
15024,0.9732324005627454,0.0012292086649391173,0.025538390772315563
15025,0.9670418521488677,0.00424338422769109,0.028714763623441084
15026,0.35646720754379607,0.05045151567011617,0.5930812767860878
15027,0.8946464270053366,0.0613060328467604,0.044047540147902985
15028,0.005472870089425332,0.001745034374751861,0.9927820955358229
15029,0.0902948730876767,0.4796572160354794,0.4300479108768439
15030,0.9425149581925376,0.033105237209542414,0.024379804597919892
15031,0.9767548318448088,0.015976659260600216,0.007268508894590842
15032,0.936730975392702,0.006737740640360631,0.05653128396693737
15033,0.7804284623808263,0.052388883296015466,0.16718265432315818
15034,0.34462338253014224,0.03702340729401183,0.6183532101758459
15035,0.5418913379769827,0.04167753088058016,0.41643113114243707
15036,0.990855699009702,0.0027713692483536984,0.0063729317419443515
15037,0.9544437593300603,0.002026941639324998,0.043529299030614754
15038,0.8998068349364087,0.018929937746429887,0.08126322731716144
15039,0.8130482724866017,0.013075793727092862,0.17387593378630542
15040,0.8350714104199637,0.0038140810494074803,0.16111450853062892
15041,0.9599783420319946,0.02284217325312404,0.017179484714881336
15042,0.15728935658233012,0.026946566386425497,0.8157640770312444
15043,0.33075458160076737,0.17316807491657318,0.49607734348265947
15044,0.9357540237175878,0.003698370095705942,0.06054760618670633
15045,0.9899181340596748,0.0004798536404416326,0.009602012299883738
15046,0.14529255696509216,0.010914701981466912,0.8437927410534409
15047,0.9217692781987734,0.005940506835580913,0.07229021496564567
15048,0.4354399523173375,0.006162723818822812,0.5583973238638398
15049,0.011045659934466566,0.002259572000683461,0.9866947680648499
15050,0.9707822508627957,0.004230448968182329,0.02498730016902185
15051,0.9755275043266604,0.014543281397312577,0.009929214276027129
15052,0.9389493562320639,0.007471720591850602,0.05357892317608554
15053,0.9641557746719034,0.003198032120502243,0.03264619320759442
15054,0.6660293054457868,0.08578859737831691,0.24818209717589643
15055,0.9916825143418647,0.0019214111020173672,0.006396074556117995
15056,0.8732276834751377,0.007949136445930417,0.11882318007893203
15057,0.7129324797373149,0.006940914447136807,0.28012660581554844
15058,0.4254817541636223,0.0794744611112613,0.49504378472511645
15059,0.817403585483441,0.022028585895563536,0.16056782862099547
15060,0.9668531621768184,0.007943582074582619,0.02520325574859888
15061,0.9667561368215749,0.012661880023009933,0.02058198315541503
15062,0.9716725855440707,0.0012927345020994168,0.02703467995382994
15063,0.9845735510242494,0.0038846434056169716,0.011541805570133738
15064,0.9653280267951244,0.012309488750631177,0.022362484454244446
15065,0.6079821025707584,0.17269745931232877,0.2193204381169129
15066,0.966904180385287,0.0014090870818447955,0.03168673253286827
15067,0.7782314047659107,0.03537050493016039,0.1863980903039288
15068,0.9358723682889009,0.05071324966440979,0.013414382046689302
15069,0.14349940108782952,0.031766462655911154,0.8247341362562594
15070,0.6612618023107002,0.019592832923387517,0.31914536476591226
15071,0.40116112710801705,0.5251696287172525,0.07366924417473043
15072,0.6767923478286064,0.0019082141779015913,0.3212994379934918
15073,0.852996907615191,0.01045350439482769,0.1365495879899812
15074,0.9570005992812927,0.01046460562040541,0.03253479509830187
15075,0.48251265969195856,0.14163095362448505,0.3758563866835565
15076,0.46991231138827283,0.004836099829528327,0.5252515887821988
15077,0.48461333661479883,0.004710896904266374,0.5106757664809348
15078,0.09709098474505751,0.05711135305171795,0.8457976622032244
15079,0.9880807397046178,0.0010940546163987596,0.01082520567898332
15080,0.019502057933944193,0.0016326321300977793,0.978865309935958
15081,0.15011182058666397,0.024949509750725785,0.8249386696626103
15082,0.9654349263957774,0.002829711176904413,0.03173536242731828
15083,0.09249869567579168,0.011079608333035678,0.8964216959911726
15084,0.8167463406220825,0.03282969426113797,0.15042396511677963
15085,0.9718013911282648,0.00877506542436362,0.019423543447371686
15086,0.8828436019633918,0.058993285049671225,0.05816311298693695
15087,0.981328796166423,0.003497702702403039,0.015173501131174024
15088,0.18923629851279147,0.018452299253538966,0.7923114022336696
15089,0.9706617648716653,0.01826883425409359,0.011069400874241107
15090,0.04817963387617236,0.028515425149052476,0.9233049409747751
15091,0.7678281678477713,0.007609082030820533,0.22456275012140808
15092,0.9346822786997562,0.009353572818626145,0.05596414848161761
15093,0.4915945013255475,0.05589304521408666,0.4525124534603659
15094,0.26151290375888814,0.16351249332721923,0.5749746029138926
15095,0.3454266951957814,0.0077494254045006325,0.6468238793997179
15096,0.9314808909814336,0.013045580671124952,0.05547352834744149
15097,0.44191582242631233,0.028589745758317357,0.5294944318153703
15098,0.08770728146491528,0.009719513175596425,0.9025732053594883
15099,0.9817021323102799,0.0006739904229286676,0.017623877266791377
15100,0.8162951098676428,0.14525838388335796,0.03844650624899924
15101,0.006659006363766955,0.006928947002975184,0.9864120466332579
15102,0.010893033509559414,0.003197954220716945,0.9859090122697237
15103,0.9804311839742008,0.008900425329238418,0.01066839069656058
15104,0.8976591898103999,0.010084646109367748,0.09225616408023246
15105,0.447414067524686,0.003279252499120184,0.5493066799761938
15106,0.8218055373398108,0.0069485710293878625,0.17124589163080134
15107,0.973994411842498,0.0022007501616690874,0.02380483799583281
15108,0.7947612402670228,0.01855377403380585,0.18668498569917144
15109,0.7576063938038864,0.006251411182454631,0.23614219501365893
15110,0.9355493176328344,0.025944206568592698,0.03850647579857287
15111,0.9401438257340902,0.02268823210867016,0.03716794215723969
15112,0.9487704032951986,0.0055341683528805355,0.045695428351921086
15113,0.3573912802680444,0.011525086839810555,0.631083632892145
15114,0.7704940687145462,0.1513790820484124,0.07812684923704138
15115,0.7927863118795668,0.0023211307654842877,0.2048925573549487
15116,0.5754476428489009,0.003306297690023305,0.42124605946107585
15117,0.9472947340628122,0.0038211967297628975,0.048884069207424954
15118,0.9326598221558088,0.006374266770039862,0.06096591107415145
15119,0.9433845217022317,0.01752309231693011,0.03909238598083816
15120,0.7069122755183898,0.006910207720079793,0.2861775167615306
15121,0.9780340384667687,0.008678566422840818,0.013287395110390437
15122,0.07974945803143942,0.005632897189380865,0.9146176447791797
15123,0.8163205912585576,0.04454662682135684,0.13913278192008546
15124,0.9809369803306731,0.001973715980252064,0.017089303689074766
15125,0.9325174022158875,0.007268757969040886,0.06021383981507168
15126,0.7697085587034107,0.02849064005362714,0.20180080124296235
15127,0.814945709946706,0.0029453299429406227,0.1821089601103534
15128,0.9436605198801261,0.0048697545239246255,0.05146972559594913
15129,0.7942084007413505,0.007545930926613051,0.1982456683320365
15130,0.7420457412038411,0.005968839166981357,0.2519854196291776
15131,0.984731441020259,0.001415225685367241,0.013853333294373596
15132,0.002366848014350524,0.001264584165907809,0.9963685678197416
15133,0.01551536444272058,0.004585425409336515,0.9798992101479428
15134,0.9140835205569349,0.0030179658094682156,0.08289851363359699
15135,0.6333873633999664,0.04814330678627185,0.31846932981376164
15136,0.9732961522244298,0.003075565234758324,0.023628282540811885
15137,0.9024720769988537,0.012019539587146874,0.08550838341399944
15138,0.003416252044539581,0.001374298129452407,0.995209449826008
15139,0.9640079413624888,0.00564747537717331,0.030344583260337864
15140,0.9843588395736359,0.001736468831428732,0.013904691594935247
15141,0.8754947662564964,0.026572960058104635,0.09793227368539896
15142,0.9257607677695165,0.05835809095723972,0.015881141273243832
15143,0.9550292023767558,0.004831365869204154,0.040139431754040056
15144,0.07010490856408763,0.00486875898532641,0.925026332450586
15145,0.9363290931237719,0.004728499546971159,0.05894240732925703
15146,0.008296544389986555,0.001845688896454965,0.9898577667135585
15147,0.9870151217864697,0.003869635890513663,0.009115242323016606
15148,0.9585062115210149,0.0046639301558838555,0.03682985832310138
15149,0.9573562768002228,0.004267083873919493,0.038376639325857664
15150,0.5727451413092778,0.016028126903738612,0.41122673178698366
15151,0.8269826141759898,0.013360828120532197,0.15965655770347795
15152,0.9546999197987147,0.02839342517149322,0.016906655029792217
15153,0.954347970325417,0.0239555368745283,0.02169649280005466
15154,0.9644664008216064,0.017588354129719784,0.017945245048673848
15155,0.9162728572714729,0.020847483874411196,0.06287965885411582
15156,0.057000766441742665,0.03987100944193064,0.9031282241163268
15157,0.03715591084189736,0.017303593964477476,0.9455404951936253
15158,0.9647304900710333,0.0034920135243706437,0.03177749640459615
15159,0.9776357104167966,0.0013955320153975648,0.020968757567805862
15160,0.8934664786386332,0.018329635377164973,0.08820388598420177
15161,0.9632547857419683,0.004045524135402149,0.032699690122629646
15162,0.8338031793269841,0.03605711073746136,0.1301397099355546
15163,0.9560103411577873,0.002264489789194528,0.04172516905301813
15164,0.17770579669414688,0.029000356327611696,0.7932938469782413
15165,0.8083064688940782,0.09298885984004544,0.09870467126587631
15166,0.9128205965155246,0.006430046679574284,0.08074935680490108
15167,0.976816067473316,0.0027964268629508088,0.0203875056637331
15168,0.9192720146009211,0.01234777828431596,0.06838020711476293
15169,0.005067998130080342,0.0026080199006364786,0.9923239819692831
15170,0.877598292358102,0.005661026426636983,0.11674068121526097
15171,0.8619356210280396,0.0524282443935177,0.08563613457844273
15172,0.8300200136274468,0.08370609533749303,0.08627389103506002
15173,0.9197482100790031,0.026889723969041067,0.05336206595195578
15174,0.943815826472385,0.006273899058190782,0.04991027446942409
15175,0.8536493727931959,0.008989369999868657,0.13736125720693537
15176,0.9867213361046853,0.004864997127578206,0.008413666767736472
15177,0.37089749348487816,0.030608663975514303,0.5984938425396076
15178,0.8260296762967472,0.0755500349764479,0.0984202887268049
15179,0.9667814605559063,0.0034923349298722445,0.02972620451422139
15180,0.8727349979815401,0.011120768165547482,0.11614423385291242
15181,0.8934575674148302,0.04020880808275493,0.06633362450241499
15182,0.03352177695518457,0.027172500566750808,0.9393057224780647
15183,0.08626552327826195,0.01733275469147834,0.8964017220302597
15184,0.9467055634944025,0.0122533468724658,0.041041089633131744
15185,0.2585758434963553,0.5986386135057435,0.14278554299790108
15186,0.0018441728607482052,0.0007592818731515685,0.9973965452661002
15187,0.42710734554355057,0.19727535749621777,0.3756172969602317
15188,0.969658927473304,0.001237321482243421,0.029103751044452612
15189,0.46483390677154063,0.00873323535154286,0.5264328578769164
15190,0.9376854590772867,0.017246594675340173,0.045067946247373106
15191,0.20526624279867045,0.012356795333957945,0.7823769618673715
15192,0.9849756910608508,0.004721645640064065,0.010302663299085081
15193,0.05389061747262792,0.004382142594942883,0.9417272399324292
15194,0.7595771476149535,0.009902404994600848,0.23052044739044575
15195,0.961790418980558,0.0104889453295066,0.027720635689935297
15196,0.9852137117612554,0.006203041595823958,0.008583246642920742
15197,0.573493125302485,0.2603774577854242,0.16612941691209085
15198,0.009193556533050444,0.0010203757128390205,0.9897860677541105
15199,0.9730941117122379,0.004093925865432723,0.02281196242232937
15200,0.09976886694373105,0.01866161372137295,0.8815695193348961
15201,0.9854482058210178,0.0016795761271009302,0.012872218051881441
15202,0.7644216997907921,0.01265092369290097,0.2229273765163069
15203,0.2966669619818649,0.0018660276564287218,0.7014670103617064
15204,0.7593548187101606,0.01503401926988934,0.22561116201995007
15205,0.06778017220934435,0.10583075051830063,0.8263890772723551
15206,0.9782067125965839,0.0030128323944554917,0.018780455008960698
15207,0.9019900302193334,0.07015136233027644,0.027858607450390153
15208,0.8554816275929908,0.015671580534550526,0.12884679187245854
15209,0.033168096205113164,0.005743845745094229,0.9610880580497926
15210,0.28620099942756283,0.02479205390966518,0.689006946662772
15211,0.9413591421174446,0.029496266857730914,0.029144591024824532
15212,0.7351197037512551,0.03035220291759409,0.23452809333115082
15213,0.33444670623455597,0.007697732358649049,0.657855561406795
15214,0.49333816239349154,0.01885365140562965,0.4878081862008789
15215,0.6659628879722758,0.05254653639041807,0.2814905756373061
15216,0.9632797812692436,0.011751298837961058,0.024968919892795413
15217,0.8795196441174069,0.04061801047615409,0.07986234540643891
15218,0.8180386138667636,0.01883134944653522,0.1631300366867012
15219,0.7753171595020185,0.018092514102943096,0.20659032639503846
15220,0.8412170400379124,0.012732399177118844,0.14605056078496867
15221,0.7913324645138937,0.0502139559607539,0.15845357952535244
15222,0.9131481836826227,0.004686737241979138,0.08216507907539813
15223,0.9819049383080269,0.0023872496781265156,0.01570781201384648
15224,0.9876592009227121,0.006556185589053089,0.005784613488234931
15225,0.9668006202807342,0.008552531665681061,0.0246468480535846
15226,0.9228926363426223,0.0116752989456022,0.06543206471177543
15227,0.175738057690763,0.0017877501805617958,0.8224741921286751
15228,0.41539040439455616,0.016555045868547807,0.5680545497368961
15229,0.7490762380544127,0.15128237393229826,0.09964138801328896
15230,0.03460902989832438,0.0021565256912931302,0.9632344444103825
15231,0.9265968329873756,0.006472915277016548,0.06693025173560788
15232,0.3262587034110567,0.03061857720743779,0.6431227193815054
15233,0.9287328755571864,0.003348950523359946,0.0679181739194536
15234,0.6361657320325728,0.038183268166809815,0.3256509998006174
15235,0.9859011717450726,0.0012401047117479506,0.012858723543179485
15236,0.5673000136661464,0.005874383128095539,0.4268256032057581
15237,0.8651982871069667,0.009881220137114352,0.1249204927559189
15238,0.5487923730909144,0.011786866581433107,0.43942076032765237
15239,0.9656559833460938,0.005869431534811697,0.02847458511909446
15240,0.12158378801329142,0.023315134088734334,0.8551010778979742
15241,0.7077840629567022,0.005529494922467382,0.28668644212083044
15242,0.8581153184801364,0.030077862038284674,0.11180681948157885
15243,0.09770556915625847,0.004689888670795153,0.8976045421729463
15244,0.004551569429281499,0.00019741717371063195,0.9952510133970079
15245,0.06139752698136072,0.00812425700377594,0.9304782160148634
15246,0.9188036635775296,0.0031156669507592123,0.07808066947171105
15247,0.5329618687956879,0.4126318834432678,0.0544062477610444
15248,0.4250296649542906,0.01672093205386859,0.5582494029918408
15249,0.9285208011684766,0.0037081827235003898,0.06777101610802312
15250,0.9765789441587159,0.0024732103896667247,0.02094784545161741
15251,0.5520990133150624,0.02937226050540316,0.41852872617953446
15252,0.06986386279203802,0.008608618585114965,0.921527518622847
15253,0.030862373318603593,0.005401841972431118,0.9637357847089653
15254,0.34747616321073266,0.024318210686065475,0.6282056261032017
15255,0.21988547858900148,0.1853042363104199,0.5948102851005785
15256,0.01888688049329356,0.13333701249092716,0.8477761070157792
15257,0.9488130493347912,0.004708670710624169,0.046478279954584555
15258,0.8375565376297286,0.035037802938132204,0.12740565943213916
15259,0.6929744528289609,0.009568678536976908,0.2974568686340622
15260,0.8745754121462751,0.005328141008611728,0.12009644684511303
15261,0.426437359741651,0.0060527471889188205,0.5675098930694302
15262,0.357440346984819,0.007411448929809333,0.6351482040853716
15263,0.2120115193896672,0.03304046179200477,0.7549480188183281
15264,0.9679115249253387,0.0010282241865544766,0.03106025088810673
15265,0.04989237993960264,0.11209594810798446,0.838011671952413
15266,0.4708516308214416,0.06751507215450485,0.4616332970240536
15267,0.8596010938896992,0.016716946565240094,0.12368195954506071
15268,0.008494273635487149,0.01866961521828097,0.9728361111462318
15269,0.9714130715860434,0.017371067052100682,0.011215861361855943
15270,0.8931307446340214,0.016629693681877385,0.09023956168410123
15271,0.35104648841114244,0.012659355483567777,0.6362941561052897
15272,0.9810484444582153,0.008390966901458349,0.010560588640326468
15273,0.9529522237491367,0.0042924302997815935,0.04275534595108157
15274,0.6869898621474028,0.00823694463521994,0.30477319321737734
15275,0.9642886122912222,0.0008211454998123134,0.0348902422089655
15276,0.9543076073048642,0.002027268045369461,0.043665124649766254
15277,0.8815606067423116,0.024385125347986356,0.09405426790970212
15278,0.9833459128060279,0.007426650284134396,0.009227436909837858
15279,0.20775344354103467,0.002407487545260967,0.7898390689137044
15280,0.9058788926440808,0.04319103941754904,0.05093006793837016
15281,0.8811205914577487,0.005343321027467711,0.1135360875147837
15282,0.9506981860334596,0.0009324899000608073,0.048369324066479646
15283,0.0055387664807088,0.010167965742815165,0.984293267776476
15284,0.45287060924468137,0.012168946413710087,0.5349604443416086
15285,0.975610024769927,0.0008595806912209964,0.023530394538852
15286,0.7488365490095799,0.014443995630370817,0.23671945536004946
15287,0.9699260284314843,0.005150008302826913,0.024923963265688603
15288,0.2635563687367479,0.02743293771954862,0.7090106935437035
15289,0.9846712873400135,0.006726325609725817,0.008602387050260682
15290,0.939258888918941,0.0070243211383455685,0.053716789942713235
15291,0.8623336146295779,0.010906148450649014,0.1267602369197731
15292,0.9400840223559955,0.0019775586851542926,0.05793841895885024
15293,0.9098160317535884,0.048025263388086506,0.04215870485832524
15294,0.9423201004499665,0.005961696333007668,0.05171820321702581
15295,0.009472888964768712,0.003996000196143906,0.9865311108390875
15296,0.9865320907734879,0.0016433586504035255,0.011824550576108485
15297,0.4197666972319109,0.09679323301932917,0.48344006974876
15298,0.10651404240127704,0.007425993007517709,0.8860599645912053
15299,0.45649518196855954,0.021126583410381525,0.522378234621059
15300,0.9572529452404448,0.002808803699260533,0.03993825106029466
15301,0.2509448303827445,0.015441012733771782,0.7336141568834837
15302,0.952563749763898,0.00488439389072908,0.04255185634537289
15303,0.7551642465237846,0.06945178133620858,0.1753839721400069
15304,0.5679954297199836,0.03726872993984044,0.3947358403401759
15305,0.9749987514367037,0.014957882032057515,0.01004336653123872
15306,0.07718346108883434,0.015098067982677842,0.9077184709284879
15307,0.23550925245092527,0.23253086667064898,0.5319598808784257
15308,0.9411915607767637,0.004217270993103794,0.054591168230132596
15309,0.8381344538342222,0.010324872824443448,0.1515406733413343
15310,0.9306673821484074,0.014657714145037665,0.054674903706555006
15311,0.26157755850721653,0.03562505563062843,0.702797385862155
15312,0.8885316070691415,0.009988268851191945,0.10148012407966654
15313,0.5249308458856636,0.00366692678778525,0.47140222732655124
15314,0.6286183911038774,0.12896481903695192,0.24241678985917073
15315,0.004388952669311282,0.0008914667981454487,0.9947195805325434
15316,0.08628177974823316,0.012500877554695032,0.9012173426970718
15317,0.1790848623843294,0.00913374736196995,0.8117813902537006
15318,0.13712969339617537,0.05520114175280913,0.8076691648510156
15319,0.930785648588035,0.002475194127075035,0.06673915728488992
15320,0.976276175835345,0.0033047833775375988,0.020419040787117412
15321,0.9606463066643168,0.0011457546023525438,0.038207938733330706
15322,0.9733049763738777,0.0010325675222971078,0.025662456103825258
15323,0.9548358913026954,0.008863269441724522,0.036300839255579934
15324,0.9615596575783145,0.014147510377996832,0.02429283204368869
15325,0.013456605893004618,0.03154443433649262,0.9549989597705028
15326,0.8704051723023517,0.003957325861852921,0.1256375018357954
15327,0.8630961086151855,0.007026505968662774,0.12987738541615185
15328,0.03038661987504469,0.02114497572506174,0.9484684043998934
15329,0.019773926155935213,0.005755346077205042,0.9744707277668596
15330,0.05701722144529843,0.03399119514214883,0.9089915834125528
15331,0.7281760133027488,0.02941138361712808,0.24241260308012316
15332,0.02288427161301217,0.002204159977435679,0.9749115684095522
15333,0.4627371507921131,0.002946097035719473,0.5343167521721676
15334,0.8771678344899612,0.01220030725678164,0.11063185825325719
15335,0.9477164023497364,0.013114311439345954,0.03916928621091743
15336,0.33125660931956746,0.014852227776668557,0.6538911629037639
15337,0.8392331642468742,0.038032082667393295,0.12273475308573259
15338,0.9525124299178301,0.0014571417329146002,0.04603042834925513
15339,0.8170067002818503,0.002839596951906352,0.18015370276624343
15340,0.9361981485622421,0.009311368244138649,0.05449048319361918
15341,0.20066581678524753,0.07988676186647786,0.7194474213482746
15342,0.975428017984917,0.0011526159065161203,0.02341936610856691
15343,0.9762697194429758,0.0013593715255432039,0.022370909031480885
15344,0.9657638234364105,0.0026439528417724015,0.031592223721817005
15345,0.981066201427443,0.003412175739258214,0.01552162283329875
15346,0.3083333839088739,0.05105432233419842,0.6406122937569276
15347,0.8766412706779991,0.016936906976863002,0.10642182234513793
15348,0.977336428126165,0.0028598454317986413,0.019803726442036533
15349,0.7615584054628759,0.11184832558024982,0.1265932689568744
15350,0.8413003034673899,0.0324625147859959,0.12623718174661425
15351,0.29529137564831365,0.015162579307204549,0.6895460450444818
15352,0.9529501156660974,0.03495665412246439,0.012093230211437971
15353,0.1757382894430152,0.0072324688109497645,0.8170292417460351
15354,0.007361853069664279,0.003671873144169042,0.9889662737861666
15355,0.0877060851456218,0.1623218085587259,0.7499721062956524
15356,0.9058014977356454,0.008960954595684781,0.0852375476686699
15357,0.8027699860584524,0.009217666618350209,0.18801234732319724
15358,0.9728519241263396,0.0022214394582132247,0.024926636415447
15359,0.5229198048812842,0.053970709381483135,0.4231094857372328
15360,0.018271890124294508,0.0018171762548031538,0.9799109336209023
15361,0.9234944096435891,0.004664882825841913,0.071840707530569
15362,0.23789228927734263,0.01519139070347186,0.7469163200191856
15363,0.9643478044185351,0.00972161939926793,0.02593057618219704
15364,0.9580855609355504,0.024933186972973847,0.01698125209147574
15365,0.973564483712402,0.004572180554188931,0.021863335733409123
15366,0.9729753758715705,0.0029436907564571718,0.02408093337197238
15367,0.02116399859638897,0.005439526085501704,0.9733964753181094
15368,0.8664590052909573,0.013332670515495203,0.12020832419354728
15369,0.9509343714533861,0.002381051932378822,0.046684576614234974
15370,0.041740801405388196,0.006030932991587588,0.9522282656030242
15371,0.0158954640230098,0.01388098720821918,0.9702235487687709
15372,0.2845049598684656,0.0024825227258513665,0.7130125174056832
15373,0.7945441690025151,0.1509661543252596,0.05448967667222542
15374,0.9732473927691668,0.0019502324213876863,0.02480237480944544
15375,0.9708039296453037,0.0027969383538527853,0.02639913200084346
15376,0.9757134668182235,0.014113112835220269,0.010173420346556326
15377,0.9857448584636961,0.0033276013416430493,0.010927540194660922
15378,0.0016659410356206115,0.0012544270877460914,0.9970796318766332
15379,0.608886733846159,0.039260725671118935,0.35185254048272213
15380,0.9131421993526031,0.03592196115402457,0.05093583949337224
15381,0.9467947294660941,0.0055229617831027335,0.0476823087508031
15382,0.12493864360901738,0.015501777750533546,0.8595595786404491
15383,0.09897461870044329,0.016717685985746272,0.8843076953138105
15384,0.2920501618987411,0.07167399514662323,0.6362758429546356
15385,0.0989488426977133,0.0032081277044745315,0.8978430295978123
15386,0.7511904660191742,0.003878759593460187,0.2449307743873656
15387,0.9464646126128312,0.005956959462071619,0.04757842792509724
15388,0.8805002548530796,0.007164907118196374,0.11233483802872406
15389,0.08066249841774369,0.04117882280660178,0.8781586787756546
15390,0.9806896874627228,0.0066709819848381965,0.012639330552438944
15391,0.7777820788376065,0.005646334874518201,0.21657158628787537
15392,0.025448859001256027,0.0007765526264564682,0.9737745883722876
15393,0.5971020548814151,0.023634120924264576,0.3792638241943204
15394,0.8851373260430878,0.0038122481864122414,0.1110504257705
15395,0.9695650836524959,0.0019484362964278152,0.02848648005107619
15396,0.9059383185495167,0.01022492131161885,0.08383676013886461
15397,0.9633646357023833,0.014829277845803443,0.02180608645181341
15398,0.7206392089432729,0.13793780845180903,0.1414229826049181
15399,0.9484477824457892,0.0042056460723155515,0.047346571481895236
15400,0.8025215788106063,0.0020348714493278928,0.195443549740066
15401,0.08596014920330235,0.003452175785476557,0.9105876750112212
15402,0.9139970858074091,0.02227361261438407,0.06372930157820693
15403,0.8273655502249293,0.0069489407426316365,0.16568550903243903
15404,0.9177537391399648,0.0452999198768025,0.03694634098323263
15405,0.38514251544935213,0.0065345365744748736,0.608322947976173
15406,0.1448722663982834,0.028477187465496153,0.8266505461362204
15407,0.013930759969096722,0.0017662677223049363,0.9843029723085983
15408,0.9369474624747871,0.008255547437474081,0.054796990087738674
15409,0.9108503365542078,0.006254664371536014,0.08289499907425635
15410,0.9767744120869352,0.00575751495419785,0.017468072958866775
15411,0.04324218772381226,0.012936037606635383,0.9438217746695524
15412,0.9725236891645034,0.017157919128000087,0.010318391707496547
15413,0.9811178029937286,0.002774062358412185,0.016108134647859
15414,0.06621086252332184,0.007504011770420077,0.9262851257062581
15415,0.9065690141235875,0.06315778616918252,0.030273199707230074
15416,0.9045124057068622,0.00903012079991544,0.08645747349322223
15417,0.6776548556449195,0.005239061906762631,0.3171060824483179
15418,0.967577877350507,0.0024622071959440072,0.029959915453548935
15419,0.9799398976603796,0.0008612695035007431,0.01919883283611968
15420,0.9104030794767773,0.002755366203912204,0.08684155431931044
15421,0.9736350563980303,0.0017329864605116919,0.024631957141458057
15422,0.8820160737724029,0.06839189615174954,0.049592030075847685
15423,0.9677632421731808,0.01398421308296618,0.018252544743853096
15424,0.9832114618966367,0.0006224446934789005,0.016166093409884584
15425,0.9493389012013077,0.002566312280639314,0.04809478651805282
15426,0.9796095304470593,0.0013702434454398063,0.01902022610750082
15427,0.9760857890828843,0.014813429871601181,0.009100781045514483
15428,0.9917195909532621,0.000750495802567875,0.007529913244170149
15429,0.8411109915329908,0.012357673356897926,0.14653133511011124
15430,0.3244960039117002,0.5373395316820164,0.13816446440628335
15431,0.9758168319257011,0.001984070658500708,0.02219909741579815
15432,0.9134498551785102,0.006263570009186313,0.08028657481230354
15433,0.23422414582093326,0.004186701760116914,0.7615891524189499
15434,0.9706989152173416,0.015313308577326013,0.013987776205332463
15435,0.45215399938881756,0.07085895062102669,0.47698704999015573
15436,0.06510329905830545,0.007299512503055384,0.9275971884386393
15437,0.660820189238492,0.0032867058495424702,0.3358931049119655
15438,0.014761486395641288,0.02418120685489393,0.9610573067494648
15439,0.8690690165270494,0.0030003179876030546,0.1279306654853475
15440,0.06844963646493095,0.01659632117794842,0.9149540423571206
15441,0.9746084122370507,0.0017523082438804201,0.023639279519068877
15442,0.009262278790510123,0.001112916337460725,0.9896248048720292
15443,0.9756267653373938,0.0031766821356477527,0.021196552526958543
15444,0.06512035671704167,0.014568619436674689,0.9203110238462837
15445,0.005923677214918326,0.0017249064871578726,0.9923514162979239
15446,0.9538798714646314,0.024562923056767168,0.021557205478601515
15447,0.10569948152680778,0.043238820330970595,0.8510616981422217
15448,0.5342322703297898,0.005389628703627395,0.46037810096658277
15449,0.8240847608727516,0.005456814462768218,0.17045842466448013
15450,0.09670183534301825,0.021769008275199828,0.881529156381782
15451,0.9436793307217611,0.006801760209558557,0.0495189090686803
15452,0.01934945706997506,0.004266374702838727,0.9763841682271862
15453,0.016063110039113537,0.003104389676130013,0.9808325002847563
15454,0.7163374832340665,0.021340753841945524,0.262321762923988
15455,0.9787286877085833,0.0031153027625464014,0.01815600952887031
15456,0.9736008247104797,0.0017074553086681276,0.02469171998085201
15457,0.9373882879910386,0.0009224910643984682,0.06168922094456297
15458,0.9759498914160645,0.00292417667009753,0.021125931913837975
15459,0.966783513463166,0.0043692581187846045,0.028847228418049518
15460,0.7401384582165405,0.025545191035373078,0.23431635074808663
15461,0.09389751851251413,0.0019418340552879007,0.9041606474321979
15462,0.9352648624487331,0.008875813819821126,0.05585932373144598
15463,0.005403422843338641,0.007951168545350619,0.9866454086113108
15464,0.011485588255300142,0.011327448515463306,0.9771869632292365
15465,0.005278529151475022,0.002286000368842238,0.9924354704796827
15466,0.8595196516956066,0.0061453985716801865,0.13433494973271323
15467,0.0059864730876504485,0.0005933831005434625,0.9934201438118061
15468,0.74043378207524,0.008079908880170746,0.2514863090445893
15469,0.9880770702183806,0.0012762646647189193,0.0106466651169005
15470,0.9932697470446721,0.0011607084011527658,0.00556954455417496
15471,0.8597058849635384,0.0013752259363922846,0.13891888910006936
15472,0.9186030389824216,0.0023907445494491604,0.07900621646812925
15473,0.9251490587202782,0.00203131137424982,0.07281962990547189
15474,0.6491348124798875,0.06800686330093558,0.282858324219177
15475,0.582001239058471,0.026268682244955505,0.3917300786965735
15476,0.9889847239904374,0.002579679005073423,0.008435597004489268
15477,0.0037846635859135618,0.002238608679566721,0.9939767277345198
15478,0.7290386362284826,0.10266018622514557,0.1683011775463717
15479,0.6414839306273303,0.008649712116094721,0.34986635725657506
15480,0.7898326261477348,0.01444133057706257,0.19572604327520265
15481,0.8315382879423681,0.14547099220830847,0.022990719849323493
15482,0.701800810850937,0.0020159984105062607,0.29618319073855676
15483,0.8169697836718057,0.006984438700973966,0.1760457776272204
15484,0.7675269096953414,0.016567115274308052,0.21590597503035044
15485,0.9622369416035643,0.0043433484498915775,0.033419709946544106
15486,0.7549042090875016,0.010399785946528807,0.2346960049659695
15487,0.8887656371494099,0.005748164115335546,0.1054861987352547
15488,0.9777654465502149,0.011518296945165159,0.010716256504620002
15489,0.9767808493557872,0.0008160566647473761,0.02240309397946533
15490,0.009301357479018358,0.0020531259280549678,0.9886455165929267
15491,0.9804685640498612,0.00046402612346127666,0.019067409826677546
15492,0.5635513571545308,0.025408272500639588,0.4110403703448297
15493,0.9839519490451875,0.0019375248812482843,0.014110526073564228
15494,0.08702037275733181,0.002407186412047952,0.9105724408306202
15495,0.3261497572979265,0.010296584830449368,0.6635536578716241
15496,0.7890226581448492,0.0085117470825196,0.20246559477263143
15497,0.8783741997640951,0.07590867155662381,0.045717128679280974
15498,0.9514622138334284,0.0008214604170684287,0.04771632574950293
15499,0.9175353550051794,0.0057221669720122145,0.07674247802280848
15500,0.9333018062345554,0.004698496079994759,0.06199969768544982
15501,0.9733145626563029,0.007330536240809788,0.01935490110288724
15502,0.4915880510814109,0.004528191741148818,0.5038837571774403
15503,0.9485520036467041,0.02291753093008071,0.028530465423215152
15504,0.3935681961541297,0.06744190561131709,0.5389898982345532
15505,0.28711159067905206,0.08696887305070992,0.625919536270238
15506,0.9755716769524929,0.00732492783567038,0.01710339521183662
15507,0.6866021701903376,0.004632855111386769,0.30876497469827546
15508,0.9473188946653895,0.005088294737485727,0.047592810597124675
15509,0.6683759349719504,0.014293339060006608,0.3173307259680432
15510,0.3852618003569796,0.011168144247027665,0.6035700553959927
15511,0.9758861232540618,0.0030870619755020757,0.02102681477043623
15512,0.031093799205274886,0.04790326130011481,0.9210029394946104
15513,0.661002876099135,0.061398553080952725,0.2775985708199122
15514,0.9501113844635538,0.0043807812814284615,0.04550783425501755
15515,0.8203105259845781,0.05823041863116624,0.12145905538425569
15516,0.8430511024223012,0.007815469124664746,0.14913342845303407
15517,0.9905428380192752,0.004026689885630927,0.00543047209509372
15518,0.8733193464270816,0.038197939411184635,0.08848271416173376
15519,0.9040972826751359,0.07532580229705613,0.020576915027807886
15520,0.12272749082886171,0.038592159093236295,0.8386803500779021
15521,0.9488853233783072,0.01793595739740132,0.03317871922429145
15522,0.7698405947459008,0.09350529899852396,0.1366541062555752
15523,0.9724231651034306,0.01258465480839622,0.014992180088173193
15524,0.9593982898296628,0.0026299476965833857,0.03797176247375388
15525,0.34052090375743066,0.01313762055589809,0.6463414756866712
15526,0.6743629322484564,0.031753166128300314,0.2938839016232432
15527,0.5114715282563856,0.18597312761781862,0.3025553441257957
15528,0.0026860812194071087,0.0010401724726550312,0.996273746307938
15529,0.8439926474848247,0.017898585561340986,0.13810876695383434
15530,0.022984174874240787,0.012303388859870526,0.9647124362658887
15531,0.028065788115927272,0.00318706424099956,0.9687471476430731
15532,0.9660622809987877,0.0026099154533727924,0.03132780354783959
15533,0.8729187213508728,0.05678373527897854,0.07029754337014871
15534,0.8767705058567113,0.009861611282551978,0.11336788286073668
15535,0.9443911332921151,0.018002863284919433,0.03760600342296551
15536,0.9562807848717361,0.0050317311875743755,0.03868748394068942
15537,0.05823317511638796,0.005904838018794609,0.9358619868648175
15538,0.9654452361894728,0.004394544711765865,0.030160219098761338
15539,0.7969653286817593,0.009154890703495703,0.19387978061474503
15540,0.4121076783324047,0.0056993928636542976,0.582192928803941
15541,0.014172915917184718,0.003672874377163282,0.982154209705652
15542,0.7617598366639617,0.008568696173224269,0.22967146716281386
15543,0.975921555403496,0.00816196999494263,0.015916474601561273
15544,0.8325662967366707,0.005408169600304234,0.1620255336630251
15545,0.7890874610057943,0.046059099233682885,0.16485343976052289
15546,0.9886578059461862,0.0004520555767980691,0.010890138477015617
15547,0.6177089983092005,0.06299891260962535,0.3192920890811741
15548,0.9399349143385046,0.030379279191687588,0.029685806469807875
15549,0.20084049066404253,0.08481678621594133,0.7143427231200161
15550,0.5053450809642249,0.12466456698793157,0.3699903520478434
15551,0.0014987618018772527,0.0005994017027844979,0.9979018364953383
15552,0.9789168156662883,0.00990255079923768,0.011180633534473971
15553,0.009679475129145269,0.003346738557996466,0.9869737863128584
15554,0.78826668838687,0.12493794649209371,0.08679536512103636
15555,0.8174652895975778,0.017467841247790036,0.16506686915463203
15556,0.04806195392130649,0.07614219127570433,0.8757958548029892
15557,0.45589855322464456,0.04462153188303716,0.49947991489231836
15558,0.5922545328658596,0.08386588205327297,0.3238795850808675
15559,0.013015953621688293,0.0035862322409255403,0.9833978141373863
15560,0.9782992382217723,0.007171532171030496,0.01452922960719721
15561,0.7814387236466941,0.008853761273166911,0.20970751508013907
15562,0.9820485496951029,0.004887427149919044,0.013064023154978122
15563,0.9925589478390724,0.002676344461683467,0.004764707699244206
15564,0.6907953690017525,0.03282666546196299,0.2763779655362844
15565,0.024374082764594737,0.0006333521901920206,0.9749925650452131
15566,0.6814689459710642,0.016912685916704008,0.30161836811223175
15567,0.0057304899758023236,0.0006891858283725189,0.9935803241958251
15568,0.966976347364326,0.0019682530527915937,0.031055399582882306
15569,0.8420816407829275,0.02657269271454287,0.13134566650252966
15570,0.9538499326227884,0.009063652144071845,0.03708641523313966
15571,0.936872012502759,0.004574638494703297,0.05855334900253777
15572,0.33947723839392957,0.08883767258997866,0.5716850890160918
15573,0.9462312429183325,0.0057666313525374675,0.04800212572913001
15574,0.9600823281666241,0.0031627036125900024,0.03675496822078593
15575,0.8517444822346882,0.0064030666792904796,0.14185245108602115
15576,0.9760324250077334,0.0017806806972968737,0.022186894294969724
15577,0.9868288529307483,0.000731324764565291,0.012439822304686253
15578,0.5977155862640263,0.025709820093259363,0.3765745936427142
15579,0.8239760421911051,0.003986955463168849,0.1720370023457261
15580,0.015641566944829235,0.002026829571582205,0.9823316034835885
15581,0.9276805493729566,0.04306886858583163,0.029250582041211618
15582,0.16678844211631927,0.013256679247417568,0.8199548786362633
15583,0.9229436421865692,0.0040887440166355385,0.07296761379679524
15584,0.9237923204273246,0.0033175063345483365,0.07289017323812717
15585,0.9814577533079829,0.004074694697204159,0.01446755199481306
15586,0.8565986385114096,0.0694789270058857,0.07392243448270465
15587,0.7274201129758607,0.008816456430168818,0.26376343059397034
15588,0.7985451894887278,0.017767707148773994,0.1836871033624981
15589,0.9716828313617327,0.016226259426250052,0.01209090921201722
15590,0.062251096122838814,0.016194746554551262,0.9215541573226099
15591,0.03311142385884513,0.0029058514002161017,0.9639827247409387
15592,0.9925950366094812,0.0038780795861319997,0.0035268838043868455
15593,0.9572816875051329,0.0029141088521071777,0.03980420364276008
15594,0.19724442046777432,0.11968987187785815,0.6830657076543675
15595,0.9883880048289627,0.0022704680700093,0.009341527101027858
15596,0.2985208673313284,0.05187830938125756,0.6496008232874141
15597,0.847579074485171,0.021805207278761507,0.1306157182360673
15598,0.9763603345100291,0.009161857316770716,0.014477808173200235
15599,0.955365907662243,0.0055496159255926675,0.03908447641216419
15600,0.8795397454007345,0.0261096603129111,0.09435059428635446
15601,0.1589987446893809,0.18724503305872625,0.6537562222518929
15602,0.7209508390202858,0.006026579885414428,0.2730225810942997
15603,0.31597280711224696,0.03931389664684541,0.6447132962409077
15604,0.9260358556903194,0.006277488407277804,0.06768665590240291
15605,0.8875857347729127,0.008158561443130955,0.10425570378395627
15606,0.9851168041450675,0.003605504443792594,0.011277691411139818
15607,0.5660489935915581,0.020057205106386297,0.4138938013020557
15608,0.9497888881532707,0.005040517113449506,0.04517059473327987
15609,0.7326084734575421,0.0661368101329974,0.2012547164094606
15610,0.8868134253826208,0.005127796440481265,0.10805877817689802
15611,0.5275486626406523,0.017297434279343597,0.4551539030800041
15612,0.7672237713449985,0.008274657542640068,0.2245015711123614
15613,0.9685358425447473,0.009168537060770246,0.022295620394482397
15614,0.6425455810272819,0.0037544265066035225,0.3536999924661146
15615,0.009650992653929961,0.004897498956729432,0.9854515083893406
15616,0.9645930543947986,0.0016660267676053212,0.03374091883759612
15617,0.9733291787044269,0.01739635108817158,0.009274470207401617
15618,0.9564349328145496,0.002202027557318077,0.04136303962813223
15619,0.7163264549380491,0.014063447752397835,0.2696100973095531
15620,0.019240600602990814,0.004344037279865067,0.9764153621171441
15621,0.6662665528929621,0.06167289610828241,0.27206055099875537
15622,0.9707043722070572,0.004008431153008924,0.0252871966399339
15623,0.9824094578822828,0.004964872544450849,0.012625669573266217
15624,0.8529004819064835,0.004749690284680139,0.14234982780883637
15625,0.8249329097985992,0.03133503251384628,0.1437320576875544
15626,0.37009547960517736,0.012402124630044614,0.6175023957647781
15627,0.9735657417734735,0.01929872391040332,0.007135534316123128
15628,0.0650188225116106,0.007636166539125725,0.9273450109492636
15629,0.9701433893618079,0.007617226819561807,0.022239383818630245
15630,0.9779029712379107,0.0016722590250869188,0.020424769737002538
15631,0.006653226591522176,0.004001848051107274,0.9893449253573705
15632,0.949783685073142,0.0039123322739749,0.04630398265288299
15633,0.9457774703318051,0.0059297859008300416,0.048292743767364865
15634,0.9842378295220348,0.002470590039857743,0.013291580438107709
15635,0.753015501934121,0.007645058059066247,0.23933944000681262
15636,0.11961769851712427,0.01676723811340358,0.8636150633694721
15637,0.9363860074902207,0.012123312897159864,0.051490679612619446
15638,0.9388573952132587,0.004294778445143063,0.0568478263415981
15639,0.7484636487229006,0.037117893112201004,0.21441845816489846
15640,0.8405580515685361,0.004111083722000225,0.15533086470946358
15641,0.600218169721942,0.03495777563121574,0.36482405464684214
15642,0.8255721508751046,0.004704601962845895,0.16972324716204945
15643,0.9680408717314927,0.018044704469925982,0.013914423798581451
15644,0.4590856279428296,0.03453005152757256,0.5063843205295978
15645,0.9618850754964153,0.010614586983185823,0.02750033752039883
15646,0.8798275407489994,0.006602590832436638,0.11356986841856384
15647,0.9199943436131053,0.009346003380673614,0.07065965300622118
15648,0.9754244157092009,0.002039126023728205,0.022536458267070663
15649,0.8948897668331313,0.027950099836349964,0.07716013333051878
15650,0.3159039144866976,0.006377435393318176,0.6777186501199843
15651,0.013134965205735939,0.01942518284580496,0.967439851948459
15652,0.6093254205205956,0.03541410921639258,0.3552604702630118
15653,0.9363625275819444,0.00795357140668174,0.055683901011373965
15654,0.35926085621501525,0.01930655002355537,0.6214325937614293
15655,0.5729200913081378,0.02551677140265878,0.4015631372892034
15656,0.9789297378958931,0.007842782577950815,0.013227479526156214
15657,0.9694345699010132,0.002690264427565022,0.02787516567142189
15658,0.931353100851875,0.010742225785276643,0.05790467336284848
15659,0.26997924508802906,0.0058073911195719785,0.7242133637923991
15660,0.704456577998248,0.0450952315423734,0.25044819045937855
15661,0.9014617021863213,0.005370882989212872,0.0931674148244657
15662,0.966233797966283,0.00953541023570132,0.024230791798015766
15663,0.9120792911672823,0.0158832283883641,0.07203748044435372
15664,0.9196661386443397,0.021783051250210225,0.05855081010545008
15665,0.4094493950572581,0.009116573070205775,0.5814340318725362
15666,0.7491512750124447,0.00543733174055269,0.24541139324700256
15667,0.9391804611593976,0.004691778931618549,0.056127759908983894
15668,0.8518498778098527,0.008724793874053128,0.13942532831609428
15669,0.6674460223930785,0.013351668180313662,0.31920230942660777
15670,0.9327856002666013,0.006325943119585074,0.06088845661381365
15671,0.9757203967278847,0.002062659244412013,0.02221694402770339
15672,0.775520578474675,0.01901599012145855,0.2054634314038665
15673,0.8951549287051845,0.00874924897515348,0.09609582231966207
15674,0.9079145526241224,0.012418611726573166,0.07966683564930456
15675,0.9501106717810123,0.018137376515731284,0.0317519517032564
15676,0.23441556137500932,0.01698052294997589,0.7486039156750148
15677,0.11563596385499875,0.012792028637458918,0.8715720075075424
15678,0.9504292983259245,0.005343013938405305,0.04422768773567012
15679,0.2725693133083433,0.01400916753700759,0.7134215191546491
15680,0.9242531586418803,0.012325822795671681,0.0634210185624481
15681,0.9790796630556647,0.002444370971527982,0.018475965972807207
15682,0.9134399840945997,0.029955308604387772,0.056604707301012615
15683,0.9644549476282102,0.012101144724174725,0.023443907647615118
15684,0.9759909451539545,0.006237208947541686,0.017771845898503783
15685,0.8256757334312811,0.015863786925882854,0.15846047964283605
15686,0.9339216608086297,0.03272437908559261,0.033353960105777805
15687,0.1325629821211265,0.0028740916394241122,0.8645629262394494
15688,0.9407339281333983,0.0006648904867604352,0.058601181379841265
15689,0.032246463932858266,0.004289843604056036,0.9634636924630857
15690,0.26403100660260453,0.035307693883323166,0.7006612995140723
15691,0.5583274210321179,0.03380417414741271,0.40786840482046943
15692,0.21243404082944284,0.017799800148936437,0.7697661590216207
15693,0.973750299256879,0.016673761712453047,0.009575939030668145
15694,0.7725986528719025,0.010170404483905417,0.21723094264419207
15695,0.8876388206890319,0.008402609321048344,0.10395856998991977
15696,0.39958021587906917,0.0122041050842598,0.588215679036671
15697,0.3009094087783967,0.06350749414611176,0.6355830970754914
15698,0.055887175948374265,0.041952919380714694,0.9021599046709111
15699,0.6321104623742057,0.013378873411130952,0.3545106642146634
15700,0.9374685948858292,0.00984874281470476,0.052682662299466027
15701,0.7710301838685558,0.03928971504365881,0.1896801010877854
15702,0.7913375454228532,0.010537902600084578,0.1981245519770622
15703,0.5406806032724399,0.00784313883889399,0.45147625788866613
15704,0.2815499713756596,0.007027877301444364,0.711422151322896
15705,0.006959512854579967,0.0037190543961540686,0.989321432749266
15706,0.7062248867196446,0.03863080015465335,0.25514431312570207
15707,0.7545833372598806,0.02151211564520909,0.2239045470949103
15708,0.94540942580805,0.010614929879170438,0.04397564431277955
15709,0.00922216475823943,0.003351738128852787,0.9874260971129077
15710,0.9013876518490995,0.017885108336860963,0.08072723981403956
15711,0.9889971217403273,0.0032143713852979725,0.007788506874374773
15712,0.967418714076521,0.00554541159693933,0.02703587432653967
15713,0.2213082483318917,0.05653578605165235,0.7221559656164559
15714,0.008113692206473922,0.004538064466434325,0.9873482433270918
15715,0.9765462053677965,0.011778507760954116,0.011675286871249458
15716,0.001776147662622291,0.0006185561606098863,0.9976052961767679
15717,0.6672422157425115,0.006308831947129676,0.3264489523103587
15718,0.012107028030076378,0.0007711913460554897,0.9871217806238682
15719,0.21412532088229003,0.052338064259152425,0.7335366148585576
15720,0.938461860890311,0.006824054294947857,0.05471408481474115
15721,0.9743319327296007,0.00860661879589392,0.017061448474505525
15722,0.11070017330786257,0.029768687242386384,0.859531139449751
15723,0.8922306767504119,0.003184392692086308,0.10458493055750193
15724,0.3836393106146025,0.05530190102647481,0.5610587883589226
15725,0.011040719341389185,0.015070223000806321,0.9738890576578044
15726,0.9374948936042156,0.006135596476394814,0.05636950991938953
15727,0.01804422487715383,0.042526419243435594,0.9394293558794107
15728,0.9470840982290266,0.011222642933841181,0.04169325883713234
15729,0.8059895341841367,0.002965311020618865,0.1910451547952446
15730,0.8734458118838646,0.006970610072945466,0.11958357804319
15731,0.7468241837415234,0.01845781251351336,0.2347180037449632
15732,0.9684739196328657,0.002788866620766912,0.028737213746367448
15733,0.01576807390553637,0.005475796223934044,0.9787561298705296
15734,0.9162077296066733,0.025198076995149588,0.05859419339817711
15735,0.4309681437812177,0.18945294077449404,0.3795789154442882
15736,0.39251738889803633,0.02673883065461419,0.5807437804473495
15737,0.6095631999943282,0.0042033209212008656,0.3862334790844709
15738,0.8988987632255139,0.06364730752360205,0.03745392925088401
15739,0.8476498041291313,0.006659259172609754,0.14569093669825905
15740,0.010813836011662617,0.0032370922312904156,0.985949071757047
15741,0.2766324391708909,0.0520891272926875,0.6712784335364215
15742,0.9272626540784815,0.010521377768528333,0.062215968152990284
15743,0.9789057273903925,0.0015645691944798442,0.01952970341512771
15744,0.052519015845298944,0.007208812609243124,0.940272171545458
15745,0.9914119039663635,0.00235458312300469,0.006233512910631814
15746,0.7791359089929977,0.011961740486439736,0.20890235052056258
15747,0.9927861753390782,0.0008088603909061864,0.0064049642700156695
15748,0.2640991802265729,0.025268859312919792,0.7106319604605074
15749,0.9717603556055228,0.001755073013507384,0.026484571380969844
15750,0.8873761036798846,0.007234878374915926,0.1053890179451993
15751,0.8494605583881563,0.08833683664409366,0.062202604967750055
15752,0.0927472885761801,0.05675623004673211,0.8504964813770879
15753,0.9773859308950544,0.0037091164674495944,0.018904952637496145
15754,0.9680025470904534,0.002047444632362678,0.029950008277183963
15755,0.968456841858777,0.004440188492760541,0.027102969648462594
15756,0.900598155974772,0.003025276893821341,0.09637656713140673
15757,0.840190912645058,0.009702042594278823,0.1501070447606631
15758,0.03199825084682584,0.05418206694102754,0.9138196822121466
15759,0.5192273186228812,0.031416817476485864,0.449355863900633
15760,0.973266936238965,0.012742814687069537,0.013990249073965432
15761,0.14642343277678957,0.005953300748079763,0.8476232664751306
15762,0.8117686723015329,0.008473198229978555,0.1797581294684886
15763,0.11273747262019716,0.05463799023865722,0.8326245371411456
15764,0.9285659705695684,0.0020545110704621185,0.06937951835996951
15765,0.9375789707127821,0.003995946868932926,0.058425082418285035
15766,0.8895142889132093,0.019479698083728306,0.09100601300306241
15767,0.09970278971695605,0.0026448421724578437,0.8976523681105861
15768,0.5932591838190526,0.015078919485039885,0.39166189669590745
15769,0.648208691123535,0.026488618959002366,0.3253026899174627
15770,0.7784622157956123,0.19639046752568312,0.02514731667870469
15771,0.9425778817092412,0.013015304167642166,0.044406814123116686
15772,0.9672526054831925,0.004103561462596694,0.02864383305421089
15773,0.9381054852286269,0.0097748798019429,0.052119634969430347
15774,0.12186673751904481,0.004654512961710906,0.8734787495192443
15775,0.5637203430167723,0.015932496762387168,0.42034716022084045
15776,0.855190465331993,0.006817696216272125,0.1379918384517348
15777,0.39477105606762264,0.0015193465953922823,0.6037095973369851
15778,0.9042801159414978,0.03701469698843128,0.05870518707007099
15779,0.18130215327307284,0.002493942376650111,0.8162039043502771
15780,0.9691337463662932,0.0011545858859411296,0.029711667747765624
15781,0.9695149150300155,0.006937053568300132,0.02354803140168441
15782,0.01493345162373426,0.0010761668721057391,0.98399038150416
15783,0.8133714440259847,0.015527571822298523,0.1711009841517167
15784,0.016228429586423766,0.0013587273623264218,0.9824128430512499
15785,0.6122544718784025,0.1071596489078163,0.28058587921378125
15786,0.958257395398202,0.021254967633529066,0.02048763696826905
15787,0.9631526635033117,0.009879445059033678,0.02696789143765468
15788,0.9854388890600345,0.009464380671795792,0.005096730268169611
15789,0.40622944465569155,0.02619182588663224,0.5675787294576763
15790,0.06334091452068794,0.0060415367462528504,0.9306175487330591
15791,0.054367126456070516,0.03349057333661928,0.9121423002073101
15792,0.9830668702874678,0.0019286160246303652,0.015004513687901868
15793,0.48221576649249104,0.2829522548162518,0.23483197869125708
15794,0.5060599043540217,0.027494450824930298,0.46644564482104794
15795,0.0014688121350688982,0.0001982021524543745,0.9983329857124769
15796,0.11167827624626674,0.02123181048460924,0.867089913269124
15797,0.9044831005264111,0.007089793123959573,0.08842710634962932
15798,0.830505936138414,0.017728104916790766,0.1517659589447954
15799,0.8252926781752781,0.02220886040221742,0.1524984614225044
15800,0.9822963547490211,0.0017838644096324853,0.015919780841346362
15801,0.8329293489136759,0.005346041973450601,0.16172460911287367
15802,0.47712131620946496,0.00810340098551902,0.514775282805016
15803,0.5584111805580776,0.1787685576540981,0.2628202617878243
15804,0.9808147194975134,0.0026139227935582303,0.016571357708928373
15805,0.9425719139885098,0.005253775619980854,0.052174310391509354
15806,0.9136638644893318,0.00397483983669191,0.0823612956739764
15807,0.7309520111019551,0.014308981001937924,0.2547390078961071
15808,0.2277806519067186,0.01898573827172578,0.7532336098215556
15809,0.4613252849906329,0.16294428900982874,0.37573042599953826
15810,0.4713875940857585,0.12719977011839426,0.40141263579584735
15811,0.9546851698697134,0.006455413719508278,0.03885941641077808
15812,0.8756903562982207,0.002749164253498948,0.12156047944828019
15813,0.02080719540360605,0.0022983777949849835,0.976894426801409
15814,0.8694789136247212,0.0054880472278783605,0.1250330391474005
15815,0.8976996793193126,0.007071071717220184,0.09522924896346699
15816,0.9637062910006559,0.004031722422545893,0.03226198657679824
15817,0.8941138894438152,0.04208859887763817,0.06379751167854646
15818,0.2612816593660513,0.01820029075325395,0.7205180498806948
15819,0.017286262502111887,0.002183999688621489,0.9805297378092666
15820,0.9539818508449847,0.0056978983466757826,0.0403202508083397
15821,0.9647238203232188,0.011175787559615088,0.024100392117166098
15822,0.5067195409909268,0.027061172990036783,0.46621928601903656
15823,0.06865961832352792,0.023832542771999674,0.9075078389044724
15824,0.9410275626903654,0.012753307147377478,0.04621913016225707
15825,0.9569151257400689,0.002188875445913515,0.04089599881401756
15826,0.06348372238289673,0.00413906733796037,0.9323772102791429
15827,0.6732188364609453,0.047341261632202515,0.2794399019068522
15828,0.9880037276855247,0.0014563597270275572,0.010539912587447646
15829,0.9141435975248277,0.014791692384898665,0.0710647100902736
15830,0.9318346584947648,0.025298578467842305,0.04286676303739317
15831,0.5736477610503219,0.002082312279954692,0.42426992666972346
15832,0.9676034444107494,0.0056926038995798066,0.02670395168967092
15833,0.11452231265077124,0.00921929113301441,0.8762583962162145
15834,0.8999617879214777,0.03537608514895118,0.06466212692957089
15835,0.8470974182458226,0.015674043022375576,0.13722853873180188
15836,0.573641227130636,0.010696856167316245,0.41566191670204766
15837,0.0031062598224329556,0.003856152036351512,0.9930375881412156
15838,0.8151394670000652,0.016858242949164326,0.16800229005077053
15839,0.9790626285762006,0.002117389972472022,0.018819981451327492
15840,0.015558963603055571,0.019606819717493246,0.9648342166794511
15841,0.9465871581965942,0.0028053157769843307,0.05060752602642146
15842,0.9615610296455578,0.013175238902352105,0.02526373145209022
15843,0.9510874885418613,0.013583485651646273,0.035329025806492505
15844,0.7552876684453447,0.033871269430223346,0.21084106212443188
15845,0.9496740343569573,0.004100337353465954,0.04622562828957678
15846,0.3945302449604227,0.07347510121232936,0.5319946538272479
15847,0.9229692603891837,0.005807637149734464,0.07122310246108182
15848,0.9526617424157936,0.0030969259305601363,0.044241331653646215
15849,0.9356354471201122,0.0023912117522544843,0.061973341127633384
15850,0.8192393233571997,0.06643241615290219,0.11432826048989811
15851,0.8713175438332257,0.014561504649535794,0.11412095151723838
15852,0.31922573415187977,0.0032859750207314873,0.6774882908273887
15853,0.7893898710533526,0.018397438889214426,0.192212690057433
15854,0.9792588465387988,0.012637980491987855,0.008103172969213469
15855,0.06450491630358277,0.0015990000643776806,0.9338960836320396
15856,0.13112044688504473,0.04425255814065572,0.8246269949742996
15857,0.641289412386284,0.0046961720299703805,0.35401441558374563
15858,0.006721452902172373,0.003933055805254435,0.9893454912925732
15859,0.9893731201608388,0.0016483821726418879,0.008978497666519264
15860,0.876585111603466,0.0064876747892354675,0.1169272136072987
15861,0.9692413965139898,0.005500455339320971,0.025258148146689283
15862,0.9853910959171929,0.0017305188604850028,0.01287838522232211
15863,0.48542847026322916,0.04484485966680109,0.4697266700699697
15864,0.8149252194416312,0.011966800694388775,0.17310797986398008
15865,0.9436584141235689,0.004487297422739581,0.05185428845369152
15866,0.8662798832949412,0.006700912459178983,0.12701920424587992
15867,0.9180195537024081,0.0013025818942543164,0.08067786440333768
15868,0.01856570062439308,0.009617384607346974,0.97181691476826
15869,0.9665198890071546,0.011410552998221368,0.022069557994623967
15870,0.9184166560041923,0.003217937768479479,0.07836540622732827
15871,0.01498782212979158,0.015276679612120661,0.9697354982580878
15872,0.36251583157480394,0.003921797532398266,0.6335623708927978
15873,0.010061830882823645,0.001015251798028407,0.988922917319148
15874,0.7819188679514973,0.011271658508707157,0.20680947353979537
15875,0.8017616585615421,0.022686764599758793,0.17555157683869899
15876,0.8851636659927303,0.05972559557185502,0.05511073843541452
15877,0.9545568125200088,0.002496530600931038,0.04294665687906016
15878,0.9589484877468377,0.002023728281351759,0.039027783971810615
15879,0.10459327620246084,0.016617044642402812,0.8787896791551364
15880,0.8719570180534592,0.02989046730218915,0.09815251464435171
15881,0.9699290117303521,0.000797025886518647,0.029273962383129463
15882,0.9122742791915225,0.003134390265598457,0.08459133054287903
15883,0.9583485570653808,0.006613036728826788,0.03503840620579233
15884,0.9322922627949428,0.009950324103551136,0.057757413101505964
15885,0.8669308537259973,0.008744407495905661,0.12432473877809692
15886,0.0053890311255633495,0.0032847827231426412,0.991326186151294
15887,0.9899238408134649,0.0011419759820594604,0.008934183204475619
15888,0.9044795173827237,0.0032159540251860816,0.09230452859209037
15889,0.36514552193664196,0.005566656105275398,0.6292878219580826
15890,0.24363382753429857,0.0022835737214008858,0.7540825987443006
15891,0.8199381831594379,0.04269468783977229,0.13736712900078976
15892,0.9825606573700115,0.005159195029546345,0.012280147600442107
15893,0.5487423738030793,0.018403729003508142,0.4328538971934126
15894,0.39175962467451764,0.004528726699465086,0.6037116486260172
15895,0.13586451800900912,0.05475966313803726,0.8093758188529536
15896,0.9885808939556805,0.005196373053798566,0.006222732990520988
15897,0.9150687220896494,0.022823212332959676,0.062108065577390986
15898,0.9799898098452682,0.0012697001531456278,0.018740490001585966
15899,0.9845145604513826,0.0015039453276975742,0.013981494220919917
15900,0.680368061622574,0.009174962627881561,0.3104569757495445
15901,0.15488992163606566,0.010044389315167076,0.8350656890487672
15902,0.9250559726794331,0.0038322480666979197,0.07111177925386908
15903,0.8530189748329011,0.015410259859194201,0.13157076530790462
15904,0.9626307176220368,0.004313674760271766,0.033055607617691496
15905,0.9524312173065981,0.0050247854541689094,0.04254399723923311
15906,0.015394695877176269,0.0018861971466502688,0.9827191069761735
15907,0.861199489373784,0.005984187667797319,0.13281632295841872
15908,0.34527303833227735,0.027166517830811247,0.6275604438369113
15909,0.970557754697814,0.005030187028977558,0.02441205827320849
15910,0.9558461164729668,0.003208922640044563,0.04094496088698861
15911,0.3676399688837622,0.01748484975290881,0.614875181363329
15912,0.9060902033534735,0.003372622076792884,0.09053717456973363
15913,0.9393582418731986,0.011710087075273178,0.04893167105152819
15914,0.9738573150796884,0.001578931379513519,0.024563753540798178
15915,0.9483328449328673,0.012208672578939973,0.039458482488192774
15916,0.8502108547753373,0.038654831809179994,0.1111343134154827
15917,0.5530410499694968,0.0346492797884163,0.4123096702420869
15918,0.9544891176986153,0.0007953882721269742,0.04471549402925785
15919,0.8196408252493613,0.010130124874384177,0.17022904987625465
15920,0.8920072233137125,0.00642036418783651,0.10157241249845105
15921,0.3979196480607062,0.0076104090432104685,0.5944699428960832
15922,0.38953655456121444,0.008010898632433091,0.6024525468063525
15923,0.8951110696415179,0.005304545159231245,0.09958438519925096
15924,0.9355775386884622,0.0021604062303110538,0.062262055081226717
15925,0.9656066117267005,0.0019657669050161313,0.03242762136828339
15926,0.9643554658319047,0.01389517796592784,0.021749356202167516
15927,0.34099789151288584,0.02229229255848668,0.6367098159286275
15928,0.9431923569694747,0.0015560839629697387,0.05525155906755554
15929,0.03153856473037264,0.0028043043628197674,0.9656571309068075
15930,0.09397594328780787,0.029841975315123576,0.8761820813970685
15931,0.9719291207627305,0.008591824867310222,0.019479054369959375
15932,0.4687998720597085,0.001501469539448685,0.5296986584008428
15933,0.96928121199826,0.015648074562390552,0.015070713439349582
15934,0.9876218928343132,0.006836025672625044,0.00554208149306165
15935,0.9074204532743578,0.007748753245269481,0.08483079348037263
15936,0.009557748124597264,0.0021341614736834925,0.9883080904017192
15937,0.6396890535996547,0.004203178290897552,0.35610776810944783
15938,0.6978889166989164,0.006682560210331772,0.29542852309075185
15939,0.8832930100115152,0.0680493401487521,0.048657649839732656
15940,0.9284025651128313,0.012431524614738858,0.05916591027242994
15941,0.9585320748954307,0.004738593481306984,0.03672933162326244
15942,0.266926101664135,0.008194675470184395,0.7248792228656807
15943,0.042992099012127645,0.0037037467186340762,0.9533041542692382
15944,0.009921017127806794,0.007992772648686213,0.9820862102235071
15945,0.9226629451378646,0.003924305052461439,0.07341274980967397
15946,0.022701849007764296,0.004596988432183188,0.9727011625600525
15947,0.6226391612961091,0.1791187330061244,0.19824210569776649
15948,0.12289214047232025,0.026371036494044868,0.850736823033635
15949,0.9263273393875427,0.035486095683253845,0.03818656492920339
15950,0.9701064198253453,0.018574876358243706,0.011318703816411077
15951,0.8308863574966856,0.08909366724729924,0.08001997525601517
15952,0.9562344794128598,0.0039048260942275226,0.03986069449291273
15953,0.006854815239849533,0.007583732981850668,0.9855614517782998
15954,0.007969848492806708,0.002097341839866464,0.9899328096673268
15955,0.8645478470266503,0.004888953343418496,0.13056319962993101
15956,0.7520846254322744,0.017832052734789612,0.23008332183293598
15957,0.9380704050509141,0.004397233048302774,0.05753236190078304
15958,0.9675864050662922,0.0030547868536215774,0.029358808080086254
15959,0.23107722493940352,0.017489566911555746,0.7514332081490407
15960,0.980739082169835,0.002197437181724375,0.017063480648440696
15961,0.1930989730521239,0.00664306468861478,0.8002579622592614
15962,0.9519314832242805,0.004031308351229026,0.0440372084244905
15963,0.9833682713621746,0.0048608468764503405,0.011770881761374976
15964,0.9234935555735501,0.004324757765653738,0.07218168666079615
15965,0.017659851388968518,0.011167090816896185,0.9711730577941354
15966,0.9433901310126063,0.006451032515713054,0.050158836471680776
15967,0.8874263895158969,0.042221659382972294,0.07035195110113084
15968,0.6493313334351877,0.008678846071541917,0.3419898204932704
15969,0.04780762955562539,0.004645757611521309,0.9475466128328534
15970,0.977757297793309,0.001240576991904099,0.02100212521478693
15971,0.06815637477492137,0.09449094509490145,0.8373526801301773
15972,0.4989477354798773,0.004123465484609142,0.4969287990355135
15973,0.9660673987409178,0.013133015489128779,0.020799585769953277
15974,0.45890722750521273,0.006501110491488684,0.5345916620032986
15975,0.8167262077920691,0.016844859394700883,0.16642893281323
15976,0.36624054316037213,0.009140781705438038,0.6246186751341899
15977,0.8995235673923829,0.017200068383046288,0.08327636422457073
15978,0.019638778222950085,0.008004005465620976,0.972357216311429
15979,0.5166237857056736,0.05837594517629668,0.4250002691180298
15980,0.0022709143915701675,0.002113771313147239,0.9956153142952825
15981,0.9298347590638284,0.028591168306773853,0.04157407262939773
15982,0.7445750569187277,0.005963731031123523,0.24946121205014882
15983,0.9002212450632472,0.01583805917490137,0.0839406957618515
15984,0.9661681123699327,0.01032759570868251,0.02350429192138488
15985,0.6270682737877301,0.0024999597057234306,0.37043176650654647
15986,0.26013281342350997,0.008269335246756635,0.7315978513297334
15987,0.005037714530709969,0.001851979484654177,0.9931103059846358
15988,0.2621174892610288,0.016934704799330343,0.7209478059396409
15989,0.9325180798290151,0.012064977300646939,0.055416942870337986
15990,0.4652477752414774,0.011196626736548039,0.5235555980219745
15991,0.9745005636928259,0.0019661819742090446,0.02353325433296496
15992,0.9150536499243048,0.0056223292637807565,0.07932402081191448
15993,0.36160311026026726,0.022011293788031395,0.6163855959517014
15994,0.628992014553439,0.009365937589925212,0.3616420478566358
15995,0.8929454071909737,0.05497592082121218,0.05207867198781395
15996,0.9371312912693721,0.004483809859804608,0.05838489887082332
15997,0.2835154944953269,0.01868495960954184,0.6977995458951313
15998,0.7817451514965088,0.1675943058881022,0.05066054261538902
15999,0.8941011550974732,0.04752853684803133,0.05837030805449536
16000,0.8994056204428971,0.01885490014280814,0.08173947941429485
16001,0.582545367330669,0.012627338956425106,0.40482729371290593
16002,0.9462801456965098,0.02423057387798384,0.02948928042550628
16003,0.7787437242651547,0.064322440319286,0.15693383541555936
16004,0.9746700728711475,0.004069587801067436,0.021260339327785004
16005,0.9447087391589757,0.012709353619681448,0.04258190722134301
16006,0.9237460940544262,0.01383058048024959,0.0624233254653242
16007,0.14822466756440045,0.020972358463719133,0.8308029739718805
16008,0.9755903227442377,0.007215446224046707,0.017194231031715634
16009,0.967148355736671,0.006092079398992251,0.02675956486433676
16010,0.36096854329051675,0.01388530376768836,0.625146152941795
16011,0.7868149229080939,0.017300560853765468,0.1958845162381406
16012,0.9710415130815613,0.005065440311279944,0.02389304660715867
16013,0.9869062570523978,0.0006568397660201039,0.012436903181582252
16014,0.7177333812547598,0.23571432366623085,0.04655229507900925
16015,0.9432406228514906,0.04654885411730844,0.0102105230312009
16016,0.9662366122925652,0.0029943013788445694,0.03076908632859014
16017,0.969186155466474,0.003496422617132152,0.027317421916393782
16018,0.19847282956339854,0.6365695255620786,0.16495764487452289
16019,0.8347135795747043,0.01698098769972136,0.14830543272557437
16020,0.9880139447982776,0.0010737468107632558,0.010912308390959021
16021,0.9842332924146894,0.008736457120003373,0.007030250465307241
16022,0.38770391097342266,0.005085722136060217,0.6072103668905171
16023,0.7392074983327835,0.15878315683997224,0.10200934482724416
16024,0.8864521884955724,0.007781471660048883,0.10576633984437875
16025,0.8609614201294279,0.009907169334425533,0.12913141053614652
16026,0.7358579712658232,0.019243730125634597,0.2448982986085421
16027,0.9252302166322764,0.008971467734731715,0.06579831563299174
16028,0.9069274468651488,0.006821197650448273,0.08625135548440307
16029,0.00212339211321695,0.0027445871679588137,0.9951320207188242
16030,0.9779734781855488,0.002689637173202656,0.01933688464124863
16031,0.03138854514792067,0.010727817075188462,0.9578836377768909
16032,0.9731137789247599,0.0022361646916562424,0.02465005638358402
16033,0.9174077680134262,0.03601767125560323,0.046574560730970486
16034,0.025255581552556264,0.003197153729335189,0.9715472647181085
16035,0.917374749223224,0.03753762764960276,0.045087623127173064
16036,0.25396060893461525,0.027785591775881198,0.7182537992895036
16037,0.9463555593969794,0.03017549935924727,0.023468941243773515
16038,0.9847700933000648,0.0006108898844064152,0.014619016815528761
16039,0.8704076141981543,0.036611335285663384,0.0929810505161823
16040,0.07910161589933098,0.0016515300463533391,0.9192468540543157
16041,0.9142003535196171,0.01337037041927934,0.07242927606110348
16042,0.37418952059574456,0.013487397097350275,0.6123230823069051
16043,0.9819908797225121,0.006050100380849771,0.011959019896638086
16044,0.9451978150684117,0.00250808854896478,0.052294096382623424
16045,0.9811222195089924,0.00212657711145036,0.016751203379557347
16046,0.15394893827299222,0.03269377401964874,0.8133572877073589
16047,0.9070113338773416,0.005013243525261643,0.08797542259739691
16048,0.0320936353039848,0.010067875761736617,0.9578384889342786
16049,0.983478089452387,0.0037512500931478343,0.012770660454464986
16050,0.9151860778857616,0.00899179337094,0.0758221287432983
16051,0.9496189678826481,0.0025228011127531266,0.04785823100459883
16052,0.9367082129304183,0.0013419769960934102,0.061949810073488314
16053,0.7304913026712646,0.029391074576233633,0.24011762275250176
16054,0.9867964414501491,0.0005228490347970761,0.01268070951505363
16055,0.9616815807006129,0.020309386723969196,0.018009032575418096
16056,0.7580963097738875,0.00802551683892117,0.23387817338719133
16057,0.009987545524657714,0.005253412412589049,0.9847590420627533
16058,0.9661604925112918,0.003971257558850641,0.029868249929857506
16059,0.32942425091354616,0.4208496610900024,0.24972608799645157
16060,0.9563340898491103,0.0029041279651016803,0.04076178218578816
16061,0.35417548213063055,0.004514509716663652,0.6413100081527059
16062,0.9698644079865111,0.004499858339700271,0.025635733673788696
16063,0.45038424585349657,0.02924901867551903,0.5203667354709844
16064,0.9705841152798012,0.0007165951896434499,0.02869928953055527
16065,0.9224529006019209,0.002379293043565317,0.07516780635451392
16066,0.9838463098008304,0.006747475124747604,0.009406215074422042
16067,0.8211068437967971,0.06380873159675843,0.11508442460644448
16068,0.9363690162943685,0.004731993772482559,0.05889898993314881
16069,0.00952816200722205,0.01559402642640664,0.9748778115663712
16070,0.015026137220213093,0.0037874048639804222,0.9811864579158065
16071,0.4281169443166898,0.02938174068110543,0.5425013150022048
16072,0.991116877181993,0.001135960287275054,0.007747162530731889
16073,0.9022100214783929,0.008536745811327148,0.08925323271027993
16074,0.5673930929887774,0.018510115136669662,0.41409679187455295
16075,0.8383068486804368,0.005071263314512303,0.15662188800505097
16076,0.008891287426878041,0.01100844661849891,0.9801002659546232
16077,0.012115774755465453,0.005796568242768899,0.9820876570017657
16078,0.9119668982903986,0.0052241420256479406,0.08280895968395355
16079,0.8479482201198064,0.01976670142720113,0.13228507845299237
16080,0.4583216508643794,0.00609741875796135,0.5355809303776592
16081,0.9568610266461968,0.0012507344132451548,0.04188823894055793
16082,0.05469998669139811,0.003693762550617662,0.9416062507579842
16083,0.10115991943567636,0.010142014135492013,0.8886980664288316
16084,0.9335702637248935,0.0319328110181191,0.03449692525698742
16085,0.895273380664643,0.06867845483965011,0.03604816449570688
16086,0.9690320254522107,0.007933416513044146,0.023034558034745183
16087,0.9685616320152372,0.0025026652576113006,0.028935702727151628
16088,0.9431990710939764,0.0011261687895900352,0.055674760116433554
16089,0.9771386530828708,0.0036834887176027896,0.019177858199526502
16090,0.928372626349061,0.021189467266292075,0.05043790638464681
16091,0.7555989811643251,0.00874441373714316,0.2356566050985316
16092,0.13877109854557268,0.043699394715790374,0.817529506738637
16093,0.9830163328261147,0.0012616077118631321,0.015722059462022295
16094,0.9717681214694484,0.0012823993358673598,0.02694947919468435
16095,0.9349229316565525,0.005474988199257544,0.05960208014419008
16096,0.8645427506599875,0.005769746364869533,0.12968750297514295
16097,0.7490571836575183,0.07273439888733409,0.17820841745514768
16098,0.9248965892994375,0.04498008049393602,0.030123330206626456
16099,0.9671160552763226,0.0014959092470958038,0.03138803547658148
16100,0.9099109129681026,0.004552442298716861,0.08553664473318055
16101,0.9024486666026721,0.009386505485621633,0.0881648279117061
16102,0.9378681374737612,0.010074931692561271,0.052056930833677614
16103,0.9604392430375874,0.024748191214135035,0.01481256574827749
16104,0.006550027859924569,0.004839671585663412,0.988610300554412
16105,0.9417564932664845,0.001111045068831438,0.05713246166468403
16106,0.9172307915324376,0.044534469287690184,0.03823473917987223
16107,0.978510044603854,0.006701414885094678,0.014788540511051355
16108,0.08837120161249025,0.007105099679064632,0.9045236987084451
16109,0.970761346617419,0.00478801845096906,0.024450634931611853
16110,0.8693492718276091,0.016770805791927877,0.11387992238046304
16111,0.9900981109524466,0.004983800049771025,0.004918088997782408
16112,0.014242177015466737,0.0020458519586885253,0.9837119710258447
16113,0.005024758312739434,0.0062567870439027215,0.9887184546433578
16114,0.9831356723025207,0.0011636440400774333,0.01570068365740171
16115,0.7361026367625354,0.10407092625798513,0.15982643697947957
16116,0.9313198545065743,0.004095611157289336,0.06458453433613644
16117,0.9502834866972051,0.005899647527604067,0.04381686577519085
16118,0.965154716727243,0.0018448623754305472,0.033000420897326334
16119,0.9317198669422877,0.007125810310444554,0.061154322747267856
16120,0.3972031200715607,0.1017467011018059,0.5010501788266334
16121,0.9419085915618738,0.0024469560921850627,0.05564445234594111
16122,0.9241763250251405,0.011753860112090822,0.06406981486276879
16123,0.926303388136839,0.011263965976500331,0.0624326458866607
16124,0.9849500832785629,0.004652760099311749,0.01039715662212532
16125,0.0898946080863346,0.009911280885621645,0.9001941110280438
16126,0.8509771581766341,0.03158319359307624,0.11743964823028961
16127,0.8939283050205178,0.030316548367719985,0.07575514661176234
16128,0.13727886541669462,0.012920798992580891,0.8498003355907245
16129,0.09263862469868964,0.0115903695215087,0.8957710057798017
16130,0.9793460981900448,0.003229837504367849,0.01742406430558723
16131,0.940532502895742,0.007429580820528691,0.052037916283729384
16132,0.9826005496097849,0.001508375515951879,0.015891074874263323
16133,0.9271580929397977,0.01646879310187292,0.0563731139583293
16134,0.749377416172409,0.02837199788909492,0.22225058593849592
16135,0.7860428355451107,0.08573052763668558,0.12822663681820365
16136,0.876518662187074,0.003996883016675542,0.11948445479625047
16137,0.9739012202451098,0.0016649507535968762,0.02443382900129338
16138,0.9755469504971357,0.001977034477373734,0.02247601502549051
16139,0.9348590375335737,0.0014424589108643804,0.06369850355556203
16140,0.2137916052360931,0.0055222956520754735,0.7806860991118314
16141,0.9635310353256851,0.004524445986023146,0.03194451868829191
16142,0.3347597957964029,0.18549807072967958,0.47974213347391753
16143,0.09095470862638454,0.006902991104057407,0.902142300269558
16144,0.9032408539300154,0.054519935049070205,0.04223921102091428
16145,0.8551878276491519,0.012343746813144839,0.13246842553770322
16146,0.812167024063003,0.13071409869359402,0.05711887724340295
16147,0.9702842785679222,0.005660856286739527,0.02405486514533826
16148,0.9479794087332338,0.0032560129202914745,0.04876457834647476
16149,0.9594644124069034,0.019903181541271235,0.020632406051825296
16150,0.0017912912374702446,0.0012146177805225174,0.9969940909820073
16151,0.9030965721043687,0.0016753301806609212,0.09522809771497036
16152,0.023927660264454385,0.013843768037392318,0.9622285716981532
16153,0.7528239738878626,0.0560467731622263,0.19112925294991095
16154,0.9239457754436504,0.004300630018361762,0.07175359453798782
16155,0.5936506570957212,0.011338159132710458,0.39501118377156824
16156,0.033421523136988825,0.017026881957956454,0.9495515949050547
16157,0.027211482004571835,0.0017943113319588708,0.9709942066634693
16158,0.4395259385064711,0.02490781737352691,0.535566244120002
16159,0.9798101490501979,0.0007300303936717235,0.019459820556130384
16160,0.9409474521515898,0.008727989483382503,0.0503245583650276
16161,0.9807755385391498,0.0028640531615999262,0.01636040829925035
16162,0.9823285342680351,0.001551528758323378,0.01611993697364167
16163,0.9832316507404216,0.005417454551899587,0.011350894707678649
16164,0.9582948728378143,0.015306170814365697,0.026398956347820062
16165,0.8110777328189406,0.012212735464782668,0.17670953171627668
16166,0.14748141852438254,0.002482448086900073,0.8500361333887173
16167,0.8834883007636513,0.0038470562910562526,0.11266464294529262
16168,0.7593457250814141,0.02304245299730926,0.2176118219212766
16169,0.8832600225078141,0.008843837661176579,0.10789613983100936
16170,0.9714589766638442,0.005174095834276471,0.023366927501879433
16171,0.3230393399741754,0.024063378660405955,0.6528972813654187
16172,0.9522857246587931,0.005258262704620127,0.042456012636586715
16173,0.1555821897977063,0.023705435235271338,0.8207123749670223
16174,0.9279065168047733,0.03329639353129396,0.03879708966393276
16175,0.6809577868557294,0.0020163047760347465,0.31702590836823585
16176,0.00588955359240476,0.0022527976418933015,0.9918576487657019
16177,0.9780115592578705,0.0029568474749760774,0.0190315932671533
16178,0.9639870243287101,0.015420021215537613,0.020592954455752165
16179,0.9262899961654961,0.004035813441000465,0.06967419039350349
16180,0.9607966606644864,0.0039796408291325825,0.035223698506380983
16181,0.9570758406877942,0.01297740378469735,0.029946755527508438
16182,0.9917214843492704,0.003957245520187525,0.004321270130542221
16183,0.5826306358799268,0.03605893257200483,0.3813104315480684
16184,0.6820200693646512,0.05363633505996479,0.26434359557538406
16185,0.847554465907918,0.0062418140448053955,0.14620372004727664
16186,0.019917627450246785,0.002019037845758085,0.9780633347039952
16187,0.9874433717447268,0.005300211413973541,0.007256416841299618
16188,0.29779043569522295,0.10196850295240754,0.6002410613523694
16189,0.4366261032210746,0.07049958545110693,0.49287431132781834
16190,0.9074741325008838,0.009669610684809394,0.08285625681430685
16191,0.8954102423130229,0.004455171598835663,0.10013458608814133
16192,0.9904113477523901,0.0010327081201556613,0.008555944127454293
16193,0.7431855523119854,0.1578410668665804,0.09897338082143416
16194,0.02269384167831364,0.0022417635494059386,0.9750643947722805
16195,0.990559257161664,0.0026846746900627996,0.006756068148273085
16196,0.9359142771500707,0.008440643497377708,0.055645079352551606
16197,0.08949649049076472,0.04350520919400156,0.8669983003152337
16198,0.9168138280550993,0.0039063578510362225,0.07927981409386471
16199,0.9904621843412591,0.00035564518642575084,0.009182170472315128
16200,0.44748248507119504,0.019886027131508863,0.5326314877972961
16201,0.9418599706317856,0.0024533348481548443,0.05568669452005939
16202,0.060232547659182796,0.008897699948374511,0.9308697523924427
16203,0.3922622126431448,0.07585845927947872,0.5318793280773764
16204,0.4086495943970194,0.005594793328553236,0.5857556122744274
16205,0.9107860980564069,0.005597149690698213,0.08361675225289483
16206,0.931924355377054,0.006102086490665966,0.06197355813227998
16207,0.03316176056829723,0.003364367931986897,0.9634738714997158
16208,0.6502668678094915,0.0272507134193399,0.32248241877116857
16209,0.98404922900669,0.0015694412955712263,0.014381329697738745
16210,0.9088218116410007,0.008688359646737406,0.08248982871226189
16211,0.05232936294823453,0.004690134573104544,0.9429805024786608
16212,0.025972102703912148,0.019239882918922292,0.9547880143771657
16213,0.7195352820688043,0.008463058505486478,0.27200165942570914
16214,0.8942457114180612,0.02423833067993473,0.08151595790200411
16215,0.9837770279658961,0.0012339300431123182,0.014989041990991719
16216,0.9634420149368531,0.0028329733951156836,0.033725011668031324
16217,0.06818726848438204,0.005071595654190995,0.926741135861427
16218,0.9414892051528769,0.01643587338381387,0.04207492146330924
16219,0.02898904479774864,0.0031750837943281367,0.9678358714079233
16220,0.9368860490793914,0.03950924169754691,0.023604709223061685
16221,0.8840587626288696,0.01882466839836814,0.09711656897276227
16222,0.38814820857067295,0.04291538734893443,0.5689364040803927
16223,0.9024082195501006,0.02884609784619225,0.06874568260370711
16224,0.819031328787667,0.01921885497455095,0.16174981623778195
16225,0.9379812997833407,0.0044353219682588246,0.05758337824840058
16226,0.9571825639024774,0.010441528033401974,0.032375908064120544
16227,0.6883778670562198,0.04151400450197758,0.27010812844180265
16228,0.2321597624893889,0.0051183210207886454,0.7627219164898223
16229,0.6722424059575184,0.004502029908525635,0.3232555641339559
16230,0.18371641729574884,0.0018812335664454875,0.8144023491378056
16231,0.9340193959784864,0.002612427788431292,0.06336817623308247
16232,0.8726689386814311,0.05811255926187317,0.06921850205669577
16233,0.9850984008649595,0.0029372060970543077,0.011964393037986201
16234,0.9610799788479202,0.022991075857264513,0.015928945294815505
16235,0.5321280488320492,0.028867878042516937,0.4390040731254338
16236,0.08678436436500946,0.008486387155870504,0.90472924847912
16237,0.12923290164989118,0.01868450336221189,0.852082594987897
16238,0.8829045562108508,0.005640343294065305,0.11145510049508396
16239,0.9830682075020448,0.0011188352594422907,0.015812957238512906
16240,0.9870829486483119,0.008165741988177823,0.004751309363510072
16241,0.9077465756064147,0.003314349722573553,0.0889390746710118
16242,0.33335831235269003,0.01382110092248032,0.6528205867248297
16243,0.4249139590141026,0.03379564630012314,0.5412903946857741
16244,0.9384280499318114,0.006758470359797459,0.05481347970839121
16245,0.9869329996907584,0.001084256445362715,0.011982743863878846
16246,0.7676284189521421,0.09658305512950083,0.13578852591835716
16247,0.6548981084828623,0.04294732047044838,0.30215457104668936
16248,0.3415482969597658,0.0036739411054411263,0.6547777619347932
16249,0.9836067217223111,0.003954539393770084,0.01243873888391871
16250,0.8691085251688231,0.012929613978702782,0.11796186085247415
16251,0.010657074643334754,0.002417368603660883,0.9869255567530043
16252,0.1429314714650884,0.011839417111771122,0.8452291114231406
16253,0.7693252694968656,0.02319980696064589,0.2074749235424885
16254,0.8790287015700231,0.009457596605724889,0.11151370182425181
16255,0.04721314253653687,0.003449560158775664,0.9493372973046875
16256,0.009395461290442997,0.002648960783721372,0.9879555779258357
16257,0.9857235197710785,0.008399623351774419,0.005876856877147087
16258,0.009223976178368523,0.0018340906103523433,0.9889419332112791
16259,0.9237934876360372,0.012099804761827123,0.06410670760213553
16260,0.006073191856739481,0.007832241041313012,0.9860945671019475
16261,0.9786120327547377,0.002723544311875907,0.018664422933386327
16262,0.41143215448178533,0.013061852375527398,0.5755059931426874
16263,0.036487367894758704,0.024363526550034265,0.939149105555207
16264,0.7843641183758036,0.05120890011881758,0.16442698150537893
16265,0.03666858565640163,0.0034509560208131947,0.9598804583227851
16266,0.8558639832024668,0.02509809357800992,0.11903792321952314
16267,0.9700048622240273,0.015358644701210586,0.014636493074762131
16268,0.515472579247519,0.0025462139159361874,0.4819812068365449
16269,0.16543846635392656,0.0018500828211099924,0.8327114508249633
16270,0.028476542185154736,0.024236243586196006,0.9472872142286493
16271,0.04597410477886212,0.004858978964805443,0.9491669162563324
16272,0.9716376384508828,0.004546395711126965,0.02381596583799038
16273,0.8398153323857441,0.014349134280862071,0.14583553333339389
16274,0.9771541202151709,0.0033148129227189467,0.01953106686211009
16275,0.9697004358012318,0.0016918787856070405,0.028607685413161252
16276,0.8993829561971297,0.014956968627438658,0.08566007517543152
16277,0.978952804757108,0.0020640393292959656,0.01898315591359586
16278,0.6730524808641469,0.007677033335792724,0.31927048580006046
16279,0.4076595363314488,0.01874312262351984,0.5735973410450312
16280,0.5982238015645863,0.1028752030781162,0.2989009953572975
16281,0.028821733241177244,0.001105471212392351,0.9700727955464303
16282,0.01178652668491771,0.0020755982302838494,0.9861378750847984
16283,0.9676217442894064,0.005532551103723597,0.026845704606869907
16284,0.8820431177177804,0.005320327325582084,0.11263655495663748
16285,0.949756514903268,0.02111762784059981,0.029125857256132433
16286,0.3473436362024587,0.04042754867105351,0.6122288151264877
16287,0.05246027321595402,0.021306237776131755,0.9262334890079141
16288,0.07659207916228761,0.009078449532689223,0.9143294713050233
16289,0.44495861155906474,0.01082521715238887,0.5442161712885464
16290,0.8774043710880894,0.005795654571861486,0.11679997434004905
16291,0.9946682797908613,0.0017783122433187712,0.0035534079658199116
16292,0.9827969425851113,0.0038566061398016822,0.013346451275086931
16293,0.9697685571436492,0.0019120172573608594,0.028319425598990058
16294,0.9643275896412284,0.005327635884413674,0.03034477447435796
16295,0.7936197271237014,0.05485783064557145,0.1515224422307273
16296,0.021516642857493485,0.004454859308305524,0.9740284978342011
16297,0.7619175760808955,0.13789080256630484,0.10019162135279967
16298,0.914086725028372,0.006826752846463081,0.07908652212516487
16299,0.9827084849432456,0.00259138525153158,0.01470012980522278
16300,0.4590806755088644,0.006966213389860939,0.5339531111012745
16301,0.9715726105831065,0.003139159506758197,0.02528822991013535
16302,0.7618138155722287,0.01619125557062231,0.22199492885714883
16303,0.9080852146665415,0.033573206282518996,0.058341579050939556
16304,0.8262441963378269,0.01025547711245436,0.1635003265497188
16305,0.9906439506365204,0.0035663525294196323,0.00578969683405988
16306,0.10352971119004138,0.5577010179152104,0.3387692708947481
16307,0.5785187287987631,0.029989883421635336,0.3914913877796015
16308,0.9425925633152951,0.03172183098100065,0.02568560570370438
16309,0.7321277459233273,0.02232634596601341,0.24554590811065938
16310,0.9694281709183991,0.004932372335846309,0.02563945674575452
16311,0.9584413073637459,0.005451731985536268,0.03610696065071787
16312,0.4795277489312604,0.13019143560373947,0.39028081546500015
16313,0.6890454192636726,0.0059765915410040634,0.30497798919532343
16314,0.429166190520252,0.009076852113214904,0.5617569573665331
16315,0.9771960853871675,0.007972729413742708,0.014831185199089625
16316,0.9754263811967443,0.0012903128502373329,0.02328330595301848
16317,0.7654069373479779,0.006015067612293139,0.22857799503972895
16318,0.3983988323896941,0.05484985089469235,0.5467513167156136
16319,0.6357076001213017,0.06493224265854664,0.2993601572201517
16320,0.5923679478500591,0.013665227037753237,0.3939668251121876
16321,0.5200297974177428,0.022594784594812137,0.45737541798744513
16322,0.9693576907126298,0.0022066651881255707,0.028435644099244595
16323,0.010864218842305522,0.012898487930699143,0.9762372932269954
16324,0.00828091420230513,0.0012850954474130714,0.9904339903502818
16325,0.9765761600623225,0.014140800913795791,0.009283039023881707
16326,0.014158091061767963,0.0009159272812349919,0.9849259816569972
16327,0.8146329028937005,0.11512480206540654,0.07024229504089306
16328,0.9781966931765367,0.003354417357761172,0.018448889465702285
16329,0.922654230148367,0.012695249813297293,0.0646505200383358
16330,0.7968142459699439,0.021047739770320935,0.18213801425973514
16331,0.9271181912970177,0.010484148227141629,0.062397660475840784
16332,0.8827261221292887,0.06497197636985368,0.052301901500857534
16333,0.926579827809682,0.043298884529475744,0.030121287660842273
16334,0.986127611419175,0.007768651286692986,0.006103737294132025
16335,0.9491183129810282,0.005722352404803867,0.045159334614168
16336,0.8846240562767184,0.025418704445467597,0.08995723927781393
16337,0.8403523898134985,0.008988241492538828,0.15065936869396263
16338,0.9280826412833894,0.007665155263696134,0.06425220345291455
16339,0.9446593701689635,0.002939343383398583,0.052401286447638105
16340,0.9788496716033355,0.006414307146677639,0.014736021249987062
16341,0.9843919056243818,0.002879398529479115,0.01272869584613882
16342,0.29743698962051063,0.004739473110041083,0.6978235372694482
16343,0.9410635365435198,0.02297444121972876,0.03596202223675125
16344,0.009976819076531657,0.003029386779605529,0.9869937941438627
16345,0.3090206384355727,0.11205249179444046,0.5789268697699869
16346,0.787954572892854,0.07521479591308143,0.13683063119406452
16347,0.7071302584678368,0.013813850556281818,0.2790558909758813
16348,0.8513951571504677,0.007240951652969496,0.1413638911965628
16349,0.9361106883243991,0.029552241660718844,0.03433707001488209
16350,0.30817742604017223,0.0051827531645573435,0.6866398207952704
16351,0.17877128607898612,0.019876756082893344,0.8013519578381206
16352,0.10514589753276862,0.1072597598698448,0.7875943425973866
16353,0.9473164059848169,0.006387700060614286,0.046295893954568706
16354,0.7784609510117966,0.0026943318891557194,0.2188447170990476
16355,0.10988489777016622,0.01859119199129372,0.87152391023854
16356,0.9491927148154874,0.010609182244436358,0.0401981029400762
16357,0.8131777383029173,0.01824727597914472,0.1685749857179381
16358,0.895796777171131,0.05968437043099419,0.0445188523978746
16359,0.3264104360948823,0.005388299442040092,0.6682012644630776
16360,0.9068020622442078,0.07615164085958297,0.017046296896209286
16361,0.8036166134963464,0.011757784938150564,0.18462560156550292
16362,0.03943092963041114,0.004456067266760782,0.956113003102828
16363,0.9180384508692919,0.027532818843982045,0.05442873028672603
16364,0.037422296728251626,0.003147464643392076,0.9594302386283563
16365,0.32216524542947467,0.04731096818021375,0.6305237863903116
16366,0.05029206152005924,0.004541332056103179,0.9451666064238377
16367,0.971299344221536,0.0038064083182800367,0.024894247460183854
16368,0.9703482469176266,0.013908389275862116,0.01574336380651135
16369,0.03355701919386227,0.005129978302053225,0.9613130025040846
16370,0.07620743751241124,0.5131371216866208,0.41065544080096794
16371,0.021864534977702646,0.043414399871226465,0.9347210651510709
16372,0.4067112418160987,0.031104538243528913,0.5621842199403724
16373,0.9521780863239917,0.005447810973690357,0.04237410270231804
16374,0.9218349388334113,0.03508551263111726,0.043079548535471336
16375,0.0060569484579528305,0.0018158999504382714,0.9921271515916088
16376,0.06066707806734214,0.003947281556064754,0.9353856403765932
16377,0.9412115224622795,0.01612259986818468,0.04266587766953575
16378,0.8547302527853803,0.009734579574425401,0.13553516764019427
16379,0.3995918032065215,0.06489303193654505,0.5355151648569334
16380,0.010633993345402786,0.0032694733284149907,0.9860965333261823
16381,0.40340331150814096,0.017673366751138,0.5789233217407211
16382,0.8486941411050839,0.014401631009461197,0.13690422788545475
16383,0.9713414947292622,0.0012289696622005402,0.02742953560853714
16384,0.9695266250261222,0.000932356892874181,0.029541018081003727
16385,0.41804335409958226,0.06188842657066717,0.5200682193297506
16386,0.9490664658807872,0.005272291558672589,0.045661242560540015
16387,0.9606037284021083,0.020290687396948455,0.01910558420094313
16388,0.14469934044545035,0.07694163413734315,0.7783590254172066
16389,0.9776345905219874,0.005395215512047176,0.01697019396596544
16390,0.021767954558317246,0.046812439235817106,0.9314196062058656
16391,0.7146835469845984,0.009068418957413817,0.27624803405798776
16392,0.921269485197928,0.021644536198790344,0.05708597860328179
16393,0.9626946347798698,0.01808920866180753,0.019216156558322584
16394,0.9022823878021751,0.020961127350306287,0.07675648484751864
16395,0.9038419901629079,0.019733766761026367,0.0764242430760657
16396,0.9695400252385717,0.018310430447309293,0.012149544314118979
16397,0.9381855113732915,0.014259798405343643,0.04755469022136495
16398,0.5086900366297893,0.43085204521249637,0.06045791815771433
16399,0.13966257970174362,0.0091185403103411,0.8512188799879153
16400,0.9124770030773159,0.07924049116169794,0.008282505760986153
16401,0.9899268666047246,0.005844629240952996,0.004228504154322381
16402,0.9724451982337201,0.0046311027809339406,0.022923698985345905
16403,0.8202750755177892,0.02478435817991309,0.15494056630229766
16404,0.9735075470991359,0.0017975903738863912,0.024694862526977578
16405,0.16226290389227338,0.004564325491827024,0.8331727706158997
16406,0.9419177186197392,0.00599191243254574,0.0520903689477153
16407,0.0014786142017606235,0.0011972164096778746,0.9973241693885615
16408,0.9800889059933785,0.0008314936631646702,0.019079600343456717
16409,0.929403057474078,0.030700044888905088,0.0398968976370168
16410,0.8704426065281782,0.07090119534100991,0.0586561981308119
16411,0.11820027351233772,0.01375589916491525,0.868043827322747
16412,0.4376773863220594,0.43716667700162876,0.12515593667631186
16413,0.6489336655802145,0.02015849684440461,0.330907837575381
16414,0.08246281069319324,0.03244805206971044,0.8850891372370964
16415,0.9272173879986502,0.03602393621928876,0.03675867578206109
16416,0.6261222714992236,0.006813538784444011,0.3670641897163323
16417,0.9492839272999206,0.0027065411458883485,0.04800953155419085
16418,0.8925539678565062,0.005308118222570819,0.10213791392092317
16419,0.8250784551712976,0.02947555606876419,0.14544598875993822
16420,0.10389087245710174,0.018237470805879983,0.8778716567370184
16421,0.9795816137691845,0.0007746109781861057,0.019643775252629326
16422,0.9094707228108605,0.0027308771026443453,0.08779840008649514
16423,0.7427100843279566,0.008564569432242574,0.24872534623980078
16424,0.9731512989097123,0.0017931217918221315,0.025055579298465473
16425,0.8466575530092628,0.005129082924910956,0.1482133640658263
16426,0.9779781212279476,0.0024105966094224245,0.019611282162630077
16427,0.9527817769948798,0.005758754243834223,0.041459468761286034
16428,0.9550486305543232,0.004682848198712789,0.040268521246964055
16429,0.9409230400751629,0.017882574240582632,0.04119438568425449
16430,0.9246205446092134,0.045330065352369386,0.030049390038417226
16431,0.16031848944970592,0.015393388628060247,0.8242881219222338
16432,0.024805967067598012,0.004312647452298389,0.9708813854801035
16433,0.9043059889406125,0.004273765458255393,0.09142024560113197
16434,0.6425407366251241,0.016942347119510117,0.3405169162553658
16435,0.013459765820912295,0.02172306145562697,0.9648171727234608
16436,0.5359331080763526,0.05939864777128247,0.4046682441523649
16437,0.8228093506875231,0.009347659278410326,0.16784299003406658
16438,0.9743669172966103,0.00353212349859125,0.02210095920479842
16439,0.0064492326611680735,0.0033651728157043583,0.9901855945231275
16440,0.9805229976660859,0.008141999298175015,0.011335003035739156
16441,0.06444095454845612,0.0066335652542892885,0.9289254801972546
16442,0.8412656949500549,0.001959713668979274,0.15677459138096578
16443,0.8788092893827723,0.010845508692171902,0.11034520192505572
16444,0.894787907927638,0.0035960687356627616,0.10161602333669928
16445,0.9579639625173131,0.004503710226885475,0.03753232725580141
16446,0.805694562213991,0.006918990831879875,0.18738644695412893
16447,0.574754843799963,0.02571207955941,0.39953307664062704
16448,0.3602798389636373,0.005564062295724545,0.634156098740638
16449,0.9478367372771224,0.005998528458797773,0.04616473426407996
16450,0.8554093029860267,0.005978758840454839,0.13861193817351833
16451,0.9620662164809639,0.0061487365698879495,0.03178504694914816
16452,0.9484798355386016,0.00342095370596521,0.048099210755433254
16453,0.782503825419219,0.009872549888240793,0.20762362469254012
16454,0.9379560123627156,0.0064500557184871375,0.05559393191879747
16455,0.0016320462480114905,0.001496232279084467,0.9968717214729039
16456,0.9581010071488546,0.005657127543805216,0.036241865307340186
16457,0.9389864345185128,0.02008111631564473,0.04093244916584248
16458,0.9656462509646008,0.016026255770191285,0.018327493265207842
16459,0.9465748392566343,0.006330170970439135,0.047094989772926525
16460,0.9020651152128512,0.034158053657880896,0.06377683112926809
16461,0.8050864513245523,0.07165461090382498,0.12325893777162275
16462,0.9812545570097517,0.0022593776142566914,0.016486065375991697
16463,0.9357422969097237,0.020893768911259603,0.04336393417901681
16464,0.9276894295595053,0.011140554255882184,0.061170016184612715
16465,0.9365803974897305,0.010592911391260226,0.05282669111900912
16466,0.6897698927384409,0.01005216636905488,0.30017794089250416
16467,0.9576909441942293,0.005131464904755299,0.03717759090101544
16468,0.9578845962526586,0.0019261182226589669,0.04018928552468243
16469,0.9747741659630561,0.007602674663355865,0.017623159373588087
16470,0.9877942414736909,0.004060668918038378,0.00814508960827077
16471,0.6465114038626211,0.040310681987649984,0.3131779141497288
16472,0.9494791096243036,0.025712556182255923,0.024808334193440664
16473,0.7094587475623307,0.06580283082075192,0.2247384216169173
16474,0.88085698935106,0.010709516139543417,0.1084334945093965
16475,0.0256945365614309,0.006042050400650758,0.9682634130379184
16476,0.9633008720294527,0.003779579807185248,0.03291954816336226
16477,0.9465997202425799,0.009710004258453036,0.043690275498966986
16478,0.7813669437957887,0.038705685732552904,0.17992737047165827
16479,0.9760826311482703,0.004078087250304856,0.019839281601424834
16480,0.9622389126302854,0.002550505980287303,0.03521058138942735
16481,0.9815756298905678,0.00048274304290479153,0.01794162706652727
16482,0.27842794016083494,0.010381251529657333,0.7111908083095076
16483,0.9536720915219508,0.004354949150470222,0.04197295932757896
16484,0.8611955246153234,0.027455370952814136,0.1113491044318624
16485,0.749730092250053,0.0015608653044550404,0.248709042445492
16486,0.8842846927215803,0.00455906818863424,0.11115623908978561
16487,0.02171574354354151,0.0029992388896634384,0.975285017566795
16488,0.9498522273956324,0.013892989928984542,0.03625478267538291
16489,0.7684174835866424,0.0557603928027562,0.17582212361060134
16490,0.854729786673886,0.07008768934029405,0.07518252398582
16491,0.0626164976083402,0.01973756194294531,0.9176459404487145
16492,0.964931154441822,0.018058715584397582,0.017010129973780548
16493,0.020016715761517177,0.0024999982578270707,0.9774832859806557
16494,0.9646608218796175,0.001981512009856101,0.03335766611052655
16495,0.9845503805143934,0.001351560094161223,0.014098059391445514
16496,0.0018959859285943876,0.0012453434506848147,0.9968586706207208
16497,0.9658718495650219,0.001276536592206758,0.03285161384277136
16498,0.5508435074545758,0.005690470806157769,0.44346602173926647
16499,0.22587977824631414,0.05985478266268254,0.7142654390910034
16500,0.00794137970530786,0.0008994991085195186,0.9911591211861727
16501,0.9901328027037647,0.0007307976664648774,0.009136399629770246
16502,0.9685837445471271,0.0014070053490158514,0.030009250103857046
16503,0.9622486656451221,0.0015051831097737485,0.0362461512451041
16504,0.9555579928810084,0.0008954942617481411,0.043546512857243334
16505,0.9579141991371437,0.004621012368988252,0.03746478849386813
16506,0.16815941804760406,0.029910693538889435,0.8019298884135065
16507,0.957708030783287,0.007278695400335691,0.03501327381637718
16508,0.9779924285417307,0.0013766768817663096,0.020630894576502964
16509,0.1617631431983669,0.002344020189096342,0.8358928366125367
16510,0.6764528636752419,0.014403083458825563,0.3091440528659325
16511,0.8873379597004009,0.04894968840905311,0.06371235189054611
16512,0.9166488180083966,0.029471632295089582,0.05387954969651379
16513,0.8585831154291046,0.006656517119095073,0.13476036745180045
16514,0.9450424586158966,0.008161415161930639,0.046796126222172586
16515,0.3598310848995442,0.08306704387188905,0.5571018712285668
16516,0.9098745699668878,0.01147014744546848,0.07865528258764383
16517,0.6686520888694166,0.05839979175891725,0.27294811937166624
16518,0.7745528442370555,0.01810298117285247,0.2073441745900921
16519,0.9536069531382793,0.008833481946331838,0.03755956491538893
16520,0.3933358052446372,0.03751857243831057,0.5691456223170522
16521,0.015325352393085443,0.0016935808876846856,0.9829810667192298
16522,0.7775691669900534,0.008146115005563611,0.214284718004383
16523,0.9632102738844898,0.0037716230418546495,0.03301810307365572
16524,0.7137332411661269,0.009164524143953703,0.2771022346899194
16525,0.95004169910741,0.004066745575078138,0.045891555317511885
16526,0.9885881099928022,0.0007395570343379934,0.010672332972859766
16527,0.907756587223282,0.006925696058690877,0.08531771671802725
16528,0.5885789358540058,0.08561470483088675,0.3258063593151075
16529,0.8342171360145815,0.02446427101114523,0.1413185929742732
16530,0.7071140672700374,0.008027611274493536,0.2848583214554691
16531,0.010752778738899248,0.007256144991559084,0.9819910762695416
16532,0.8951675244855388,0.006603020839093508,0.0982294546753676
16533,0.8958726171813128,0.011617147420145656,0.09251023539854165
16534,0.28761762896840015,0.13227589198594913,0.5801064790456508
16535,0.678836514588315,0.025602631745595475,0.2955608536660896
16536,0.9451603351747443,0.007528416294442828,0.047311248530812804
16537,0.9448665642920664,0.01062573405917957,0.04450770164875385
16538,0.9811248850230521,0.0017524830096051095,0.0171226319673427
16539,0.9809433278754401,0.006843463391613728,0.012213208732946313
16540,0.11209754672169957,0.01195123768539163,0.8759512155929089
16541,0.9447964723207499,0.0065134124081672904,0.04869011527108293
16542,0.01232224158022211,0.0018437264919394778,0.9858340319278385
16543,0.8662795311955171,0.006895020522773554,0.12682544828170933
16544,0.9415593974996046,0.0021392186479288026,0.056301383852466566
16545,0.6598901859017471,0.008880354605850736,0.3312294594924021
16546,0.8837515229728129,0.0865474126491376,0.029701064378049567
16547,0.13100291417187707,0.005087357945177954,0.8639097278829451
16548,0.1409920352710958,0.6496818845382869,0.20932608019061735
16549,0.02711290402198527,0.019486918376004348,0.9534001776020103
16550,0.9728369832049159,0.006341046187455504,0.02082197060762873
16551,0.9844104857227687,0.0021742814887943714,0.01341523278843682
16552,0.9489739523798917,0.005707751928598372,0.045318295691509886
16553,0.787298322472131,0.15465627412379723,0.05804540340407165
16554,0.88246150721274,0.001153557116406791,0.11638493567085308
16555,0.02794008272831251,0.0026441154950609075,0.9694158017766266
16556,0.0031679019224836124,0.00309310140454274,0.9937389966729736
16557,0.9880181099916475,0.006023075196456476,0.005958814811896069
16558,0.005638773745801241,0.00048667742914292527,0.9938745488250559
16559,0.970201788045921,0.01692957944454348,0.012868632509535495
16560,0.9367819977207694,0.017487243619487874,0.04573075865974272
16561,0.06533506480205489,0.01196865219750709,0.9226962830004382
16562,0.9658496818155117,0.0013705267174286486,0.032779791467059526
16563,0.8252054746267442,0.12312569337749406,0.051668831995761735
16564,0.9777643960598276,0.0011381998911846529,0.02109740404898771
16565,0.9624611920110706,0.0043369821679608905,0.0332018258209684
16566,0.4351056546569788,0.041139615889166904,0.5237547294538544
16567,0.5512812182610698,0.03189231900330286,0.41682646273562735
16568,0.25424090918726944,0.0063347608011292975,0.7394243300116012
16569,0.9819211320518271,0.0010908255207749934,0.016988042427397976
16570,0.9486219661243297,0.02101474921693769,0.030363284658732562
16571,0.8524218913055648,0.0074949584365859075,0.14008315025784948
16572,0.7469660267036057,0.015502823513680325,0.23753114978271408
16573,0.9778408106990996,0.002429809046916712,0.01972938025398368
16574,0.9555079623454757,0.003331451123499038,0.04116058653102509
16575,0.982689365214547,0.0037808288350716602,0.013529805950381339
16576,0.9684794053772263,0.0035342485436932612,0.027986346079080404
16577,0.9830982064733002,0.0032587187851646575,0.013643074741535264
16578,0.24555994633295627,0.012839145674801409,0.7416009079922422
16579,0.9478558458513604,0.0016826803458823581,0.05046147380275724
16580,0.034487575862659874,0.0033692606783755695,0.9621431634589646
16581,0.6785909708931158,0.017089717134086715,0.3043193119727975
16582,0.8267336962817939,0.0022403364092469565,0.17102596730895891
16583,0.95949516117718,0.0024648693653417557,0.03803996945747826
16584,0.8299650576739398,0.05694429612540523,0.11309064620065501
16585,0.9716023911454502,0.003200621300822223,0.025196987553727648
16586,0.9591246981659074,0.0008114312136152308,0.04006387062047736
16587,0.7845759364060062,0.1949763040080258,0.020447759585967912
16588,0.9858984048801378,0.0019479752789760617,0.012153619840886138
16589,0.8568025823033381,0.002683951432018609,0.14051346626464337
16590,0.008550816896424682,0.0018069875304428157,0.9896421955731326
16591,0.6010914640699773,0.005403554398461496,0.3935049815315613
16592,0.9436613269676707,0.0011897795426066599,0.05514889348972273
16593,0.9778069677648498,0.003356137460523609,0.018836894774626498
16594,0.40552119038677914,0.03495110297843751,0.5595277066347834
16595,0.9576044672625601,0.016355274837345352,0.026040257900094486
16596,0.9794661600765785,0.013164166857287421,0.007369673066133917
16597,0.025774617647037583,0.002506535835831753,0.9717188465171306
16598,0.9643991644139897,0.004233979624449335,0.03136685596156086
16599,0.9825795802688897,0.0019328588542968663,0.015487560876813234
16600,0.9548012238065589,0.00101364123616057,0.044185134957280575
16601,0.6747029405645989,0.00827369763592431,0.3170233617994767
16602,0.0946175971636491,0.08412535070944833,0.8212570521269025
16603,0.960629566202743,0.004508538387693698,0.03486189540956345
16604,0.42730753561515755,0.34742580858975136,0.22526665579509114
16605,0.9390820834004628,0.025434618359245174,0.03548329824029193
16606,0.45560982227423363,0.04343014590685572,0.5009600318189106
16607,0.28774755067307417,0.0032516120731697113,0.7090008372537562
16608,0.4584078932246991,0.0323838167166103,0.5092082900586906
16609,0.9635885869799483,0.0027540699117354927,0.03365734310831621
16610,0.96180920198711,0.006687807569944356,0.03150299044294586
16611,0.9530911667011941,0.006783497506508261,0.040125335792297476
16612,0.986853851582776,0.0025439640503364834,0.010602184366887448
16613,0.13078041716141628,0.00404712420020146,0.8651724586383823
16614,0.9762198973873087,0.008146831871866168,0.015633270740824958
16615,0.971587012400372,0.001792862243883351,0.026620125355744678
16616,0.8503421023657745,0.02561825875948074,0.12403963887474491
16617,0.7286519438872749,0.011928179536391843,0.2594198765763332
16618,0.8528331830968311,0.026623295634409398,0.12054352126875942
16619,0.9750262175056892,0.00804645971054467,0.016927322783766234
16620,0.952688788245993,0.0030978797062178164,0.04421333204778917
16621,0.9122642756755976,0.00611021405977229,0.08162551026463018
16622,0.963218606539693,0.0059957403742109715,0.030785653086096102
16623,0.8074157589674081,0.04003362479904676,0.15255061623354504
16624,0.7395389444188474,0.01601922538818056,0.24444183019297205
16625,0.04488569244982582,0.037247534633072746,0.9178667729171015
16626,0.015256674925147635,0.008102196710218279,0.9766411283646342
16627,0.020680774004144576,0.004053734878668065,0.9752654911171874
16628,0.11784889320269934,0.008705746579628821,0.8734453602176718
16629,0.9247447623357007,0.003951172655755114,0.07130406500854429
16630,0.7876186918832581,0.1542327953861621,0.058148512730579784
16631,0.022948645067004246,0.023669138891899682,0.9533822160410961
16632,0.9297537284274351,0.016430039140043536,0.053816232432521226
16633,0.902925270165326,0.014303402230204357,0.0827713276044697
16634,0.9648776307144256,0.0037012912687375945,0.03142107801683689
16635,0.8871692338580355,0.005225511710408363,0.10760525443155605
16636,0.9877353825449647,0.0014887805375339738,0.010775836917501346
16637,0.02790868711398173,0.010429213372900188,0.9616620995131181
16638,0.6437608561665334,0.02543505582244311,0.33080408801102357
16639,0.978052870210615,0.0019442843897689505,0.020002845399616043
16640,0.04897580681089701,0.0030554412378981147,0.9479687519512049
16641,0.8728435814898848,0.07936109719585198,0.047795321314263145
16642,0.9297986739084612,0.009326591565914946,0.06087473452562392
16643,0.679512824891344,0.002517618915949695,0.3179695561927062
16644,0.3176817116964769,0.007652891152230846,0.6746653971512923
16645,0.96971973751606,0.0037429112013830025,0.026537351282557124
16646,0.7957193276203498,0.026343733308143803,0.17793693907150654
16647,0.924830035084152,0.0023948881750503327,0.07277507674079765
16648,0.9514301101673055,0.0045872663350968335,0.04398262349759769
16649,0.9508014396614594,0.005511942177494857,0.04368661816104578
16650,0.9673769337715744,0.0058783966836233785,0.026744669544802084
16651,0.9730677852339453,0.005807472491956324,0.02112474227409849
16652,0.7142621381364941,0.00698481524509444,0.27875304661841155
16653,0.029353565376691378,0.002074158212768599,0.96857227641054
16654,0.9791726726862405,0.0030111730222586583,0.01781615429150088
16655,0.9653625218754386,0.013307118081097746,0.021330360043463746
16656,0.925500836336798,0.008174873045503335,0.06632429061769872
16657,0.8933966239133898,0.006730674956290559,0.09987270113031961
16658,0.8298234348023354,0.05627219123753514,0.11390437396012942
16659,0.9663655164852908,0.017623065168008167,0.01601141834670098
16660,0.941826510894839,0.037984965665653785,0.0201885234395072
16661,0.21447846375829152,0.22503572215519949,0.560485814086509
16662,0.904344260074108,0.00789539685999591,0.08776034306589611
16663,0.978912772382187,0.0022580626912287274,0.018829164926584405
16664,0.01707353763010698,0.0014426440592626973,0.9814838183106304
16665,0.0180950273348947,0.047949173463447466,0.9339557992016578
16666,0.9081779581301405,0.06383270880353724,0.02798933306632242
16667,0.9599343472600586,0.004418210027753634,0.03564744271218797
16668,0.8209179292425761,0.022349134966901815,0.15673293579052214
16669,0.9771011302966003,0.0010557784776045887,0.0218430912257952
16670,0.7134380760282926,0.05652882335804809,0.23003310061365934
16671,0.3954993263409121,0.29763954117014324,0.3068611324889446
16672,0.9502051298218869,0.009059081161988771,0.040735789016124534
16673,0.9242541131799648,0.02217749327457715,0.053568393545457935
16674,0.9322052100374916,0.0033509590359821874,0.06444383092652631
16675,0.8063421060134747,0.017601598455887893,0.1760562955306376
16676,0.060733599237146434,0.03582384570766379,0.9034425550551898
16677,0.8270065776894516,0.04784897400508325,0.1251444483054652
16678,0.07095723869139012,0.003152728161426405,0.9258900331471835
16679,0.9114977545542157,0.003965198376598306,0.0845370470691861
16680,0.003454642353044418,0.0015901847089055063,0.9949551729380501
16681,0.7690022571587295,0.007643033049626504,0.22335470979164382
16682,0.9653826109411165,0.01713885770500737,0.01747853135387611
16683,0.633835499557283,0.058019665441285555,0.3081448350014316
16684,0.032988281679584494,0.00783742009671384,0.9591742982237017
16685,0.9421666264494336,0.0027997303045756367,0.0550336432459907
16686,0.9630508407268081,0.01277529359883813,0.024173865674353825
16687,0.9536422251479322,0.004637620459053006,0.04172015439301471
16688,0.9560086570059976,0.02541020650829025,0.018581136485712125
16689,0.6873582626606175,0.014781461041312732,0.2978602762980699
16690,0.742016183107253,0.003852284914582342,0.25413153197816474
16691,0.8764651677660557,0.003387488795525288,0.12014734343841894
16692,0.9669310017043348,0.0025085780253659004,0.0305604202702993
16693,0.9872960862197164,0.0009891025360203544,0.011714811244263297
16694,0.6748706071236817,0.15876772967122016,0.1663616632050981
16695,0.3158445514619073,0.009754263133388886,0.6744011854047037
16696,0.970266142734733,0.011251647941972935,0.018482209323294103
16697,0.9655062180243221,0.001352493658864623,0.03314128831681319
16698,0.708431575252012,0.20312991788408236,0.08843850686390559
16699,0.9881908787911866,0.0012010805929764377,0.01060804061583685
16700,0.5719748118871638,0.0021802046349787903,0.4258449834778574
16701,0.9752051639836453,0.004144722616726731,0.020650113399627818
16702,0.0464926977874349,0.09613301719580236,0.8573742850167627
16703,0.924675470945483,0.02167850399559643,0.05364602505892073
16704,0.9243175014033859,0.03166899923739679,0.04401349935921722
16705,0.9880585950896732,0.0029880477054070632,0.00895335720491967
16706,0.9086596159030448,0.0065510751195626635,0.08478930897739248
16707,0.9901500016323819,0.0016044654868945457,0.00824553288072345
16708,0.40206001296215554,0.02973718628275248,0.5682028007550921
16709,0.07845359403696846,0.015301960093203922,0.9062444458698277
16710,0.9587036380741117,0.001127554273261675,0.040168807652626606
16711,0.9039982631304817,0.013461571133180224,0.08254016573633792
16712,0.4705330618939027,0.013291553056009592,0.5161753850500878
16713,0.9842531741325174,0.0080537976851751,0.007693028182307473
16714,0.04023343510734601,0.005637248654390915,0.9541293162382631
16715,0.29164806704792373,0.0035011354013976623,0.7048507975506787
16716,0.9510681012124462,0.013598642641314123,0.03533325614623956
16717,0.8136089960399295,0.020309889504487397,0.1660811144555832
16718,0.4828295449450868,0.014099079129347864,0.5030713759255653
16719,0.9615722382442096,0.003951887001332847,0.03447587475445763
16720,0.004457269853860544,0.00830456612206253,0.9872381640240769
16721,0.02185223673660537,0.0020653147895012577,0.9760824484738932
16722,0.0033946035393447277,0.0009421763010458965,0.9956632201596093
16723,0.9742550076994739,0.004685633074537869,0.02105935922598803
16724,0.44115573953248033,0.00434137178324266,0.5545028886842771
16725,0.6438793427649225,0.024404191902328825,0.33171646533274873
16726,0.0010294136423032814,0.0003540312695568038,0.9986165550881401
16727,0.9324819644676144,0.040809594139857026,0.026708441392528627
16728,0.9608603800301735,0.006428493786523969,0.03271112618330249
16729,0.9530902828867096,0.00893726392125314,0.037972453192037285
16730,0.8889828671187207,0.00626748572158138,0.10474964715969799
16731,0.8552070989144909,0.02881149348055931,0.11598140760494993
16732,0.910649301865519,0.010713038647649806,0.07863765948683134
16733,0.48742470583782277,0.03712585014466599,0.47544944401751116
16734,0.9361738381869623,0.0111365011349562,0.05268966067808142
16735,0.9282757097541089,0.003654168607332052,0.06807012163855886
16736,0.0025323945600079965,0.003947122959368142,0.993520482480624
16737,0.03017507279544383,0.004208107146978226,0.965616820057578
16738,0.9223209473259215,0.010310557189110026,0.06736849548496845
16739,0.07704228374637395,0.08508539233500556,0.8378723239186204
16740,0.005006483193477314,0.0015147672657529973,0.9934787495407698
16741,0.012928564615096656,0.004869946018721606,0.9822014893661818
16742,0.7478612456971336,0.07450194376891581,0.17763681053395067
16743,0.1306171589453419,0.010055159463632196,0.8593276815910259
16744,0.9734193023669414,0.0026078477715268883,0.023972849861531597
16745,0.8459332064077452,0.006972392622450442,0.14709440096980442
16746,0.9858445941451871,0.005374388275303878,0.008781017579508863
16747,0.3452013664946792,0.057519788212453155,0.5972788452928677
16748,0.9663967250549196,0.0027816493193174832,0.030821625625762825
16749,0.9668193358593237,0.004327950800671632,0.02885271334000453
16750,0.9760559686868608,0.0011125848089124277,0.02283144650422674
16751,0.0186676362633294,0.0018497455471364597,0.9794826181895341
16752,0.9031351865012983,0.015076243689417453,0.08178856980928416
16753,0.9365683366667067,0.007183858621580881,0.056247804711712486
16754,0.02696374735305073,0.013806434935082436,0.9592298177118668
16755,0.9247174623801595,0.008015054247353262,0.06726748337248727
16756,0.8377855454451918,0.051253562087062665,0.1109608924677454
16757,0.9849171461057064,0.0017461735609475724,0.01333668033334607
16758,0.8884013696310972,0.01011883950584861,0.10147979086305405
16759,0.9736665621325725,0.0074140099209052636,0.018919427946522238
16760,0.9390403771411909,0.003511975099482867,0.057447647759326204
16761,0.9543737963553502,0.0023532983217239146,0.04327290532292583
16762,0.9211346632608461,0.005828041454522645,0.07303729528463133
16763,0.6610436262327402,0.11831656798168055,0.22063980578557932
16764,0.917197015382658,0.00554980542750397,0.07725317918983794
16765,0.6936469639070567,0.07454201427783128,0.23181102181511193
16766,0.9752682796076271,0.0018773375791993024,0.022854382813173684
16767,0.41439457434928373,0.057510489552468125,0.5280949360982481
16768,0.5166292164611603,0.05781143625927578,0.42555934727956385
16769,0.007260318498522007,0.0017534751529628017,0.9909862063485153
16770,0.8975055508080259,0.002637805906719599,0.09985664328525458
16771,0.0017085689398196877,0.0005739046968953236,0.997717526363285
16772,0.1578109503280476,0.03221877023689284,0.8099702794350596
16773,0.9299847079671365,0.005891917768492711,0.06412337426437084
16774,0.8262794821592431,0.001302060977660819,0.17241845686309615
16775,0.5769649219498209,0.029370154119813655,0.3936649239303655
16776,0.9468197064637669,0.0041660648703257894,0.049014228665907114
16777,0.9764372093777005,0.005348193517305646,0.01821459710499373
16778,0.9383962002418211,0.005833870237204986,0.05576992952097403
16779,0.9592420152691622,0.007535735664917386,0.0332222490659206
16780,0.9693703607426258,0.010763971165712097,0.019865668091661935
16781,0.40697043156407603,0.0049877727915498766,0.588041795644374
16782,0.9492928830895494,0.018775981877426313,0.03193113503302425
16783,0.9651777229894217,0.001921949519723951,0.032900327490854295
16784,0.9105624134364181,0.0034203508064629775,0.08601723575711882
16785,0.018521082062080314,0.018994353878312057,0.9624845640596075
16786,0.049344261363568544,0.021949269218603615,0.9287064694178279
16787,0.9697467607823416,0.004006579039704166,0.026246660177954167
16788,0.9770313149758028,0.005051952169124672,0.017916732855072524
16789,0.6331920213757831,0.003931801647668398,0.36287617697654834
16790,0.9429327811449146,0.01798466016177784,0.039082558693307415
16791,0.8157163187258453,0.015544188342086247,0.1687394929320684
16792,0.9739016589077393,0.003477622876001493,0.02262071821625926
16793,0.943616282350424,0.00723815039528496,0.04914556725429094
16794,0.8869333088553313,0.008657380211195675,0.10440931093347305
16795,0.0457860428284274,0.006425950295092628,0.94778800687648
16796,0.1427097385499458,0.011853354165639356,0.8454369072844149
16797,0.07876283037949561,0.013196911238696039,0.9080402583818084
16798,0.8715472976375204,0.0686143378566772,0.05983836450580244
16799,0.459135805192287,0.05454878143545087,0.4863154133722622
16800,0.40527969924515217,0.007849746855718974,0.5868705538991288
16801,0.8370003478157519,0.03960905893117739,0.12339059325307071
16802,0.9800816971732695,0.000820795672542102,0.019097507154188318
16803,0.902052489743553,0.057656133646678126,0.04029137660976886
16804,0.9708540630934173,0.001978618690265403,0.027167318216317474
16805,0.4538187755952872,0.0048864235769868185,0.541294800827726
16806,0.9882279859603581,0.007937288300247713,0.0038347257393941893
16807,0.8630909043364242,0.025234603299470644,0.11167449236410504
16808,0.9483354179743713,0.0034774972823445292,0.04818708474328419
16809,0.9454791983231495,0.022607328868832842,0.031913472808017616
16810,0.9480517179386745,0.0016412685555703568,0.050307013505755206
16811,0.34178107011256814,0.004327324716219458,0.6538916051712124
16812,0.7487659695042331,0.2154816002611543,0.0357524302346126
16813,0.9510624532123947,0.007942277099140593,0.04099526968846485
16814,0.11695119478991992,0.007780440668084139,0.875268364541996
16815,0.9747449703133739,0.0051565962883114245,0.02009843339831479
16816,0.8687716161672925,0.006081788684337231,0.12514659514837026
16817,0.444754688582792,0.2885072550292688,0.2667380563879391
16818,0.40341004130515873,0.1376285592971667,0.45896139939767466
16819,0.9853078810620167,0.0017810861107773691,0.01291103282720575
16820,0.930852997238777,0.03658077747032461,0.03256622529089822
16821,0.9462712188015561,0.002532811943983311,0.051195969254460495
16822,0.5305095087354926,0.019499005096597407,0.44999148616791
16823,0.966565903951523,0.0014558595248621862,0.03197823652361491
16824,0.3901002654535441,0.24482336771963656,0.3650763668268193
16825,0.08887294296496268,0.06896172935464576,0.8421653276803917
16826,0.6543338958187322,0.034885810003921915,0.3107802941773458
16827,0.9021455411509397,0.025766290404201603,0.0720881684448588
16828,0.31938743567154143,0.13079004609207553,0.549822518236383
16829,0.9814220300476417,0.0007999319029966513,0.017778038049361698
16830,0.8836282955667407,0.011551408817880547,0.10482029561537878
16831,0.02271676079570991,0.004048181230771418,0.9732350579735186
16832,0.9446749117663482,0.004904699973966164,0.05042038825968572
16833,0.9734847056411279,0.0025960621058663843,0.02391923225300573
16834,0.8485106363543693,0.051551486752510665,0.09993787689312005
16835,0.9834206249108516,0.0016966069236770194,0.01488276816547142
16836,0.7264979432243743,0.004956487026116375,0.26854556974950927
16837,0.2362381299588657,0.04023311993744767,0.7235287501036866
16838,0.943498542279262,0.0022049200510562005,0.05429653766968178
16839,0.9680340681352912,0.01223907309325725,0.019726858771451534
16840,0.3182902251636245,0.0228652779316504,0.6588444969047251
16841,0.3875355678019449,0.027410146367780167,0.585054285830275
16842,0.945393797354958,0.006418711079154402,0.04818749156588757
16843,0.9001934912502142,0.0071108688427501355,0.09269563990703558
16844,0.955957881909415,0.024882844498917513,0.01915927359166754
16845,0.8904812058454648,0.062261017653677045,0.04725777650085806
16846,0.9769212325240177,0.008883432092619188,0.01419533538336309
16847,0.7703558173882936,0.08109649970931493,0.14854768290239143
16848,0.8891611335241479,0.031506762032364265,0.07933210444348787
16849,0.6776428132246899,0.02435373921951919,0.2980034475557909
16850,0.9644021729657001,0.0016291183337326274,0.03396870870056719
16851,0.881445135712969,0.006065735710103767,0.11248912857692715
16852,0.977185281139096,0.0015796780984244588,0.02123504076247976
16853,0.9693453113452132,0.004491366177382434,0.026163322477404313
16854,0.9174675022784964,0.028038023641896323,0.054494474079607426
16855,0.9476148225775196,0.012008127204796036,0.04037705021768446
16856,0.8609008960055281,0.03898368224521943,0.10011542174925255
16857,0.8004590518946175,0.008452640947237768,0.19108830715814473
16858,0.07018165316779913,0.006039357832949066,0.9237789889992518
16859,0.00304480174002016,0.0020700368031116084,0.9948851614568682
16860,0.8084983678589065,0.04105865135634044,0.15044298078475316
16861,0.005315237388834804,0.0015008508208261921,0.993183911790339
16862,0.9866533859685542,0.0008893608368217966,0.012457253194624011
16863,0.0117897207355851,0.02739912549178389,0.9608111537726312
16864,0.9798223176879886,0.0034714399848326492,0.01670624232717869
16865,0.9725439504618939,0.005959023096819823,0.02149702644128615
16866,0.9643581877551568,0.022793246536814128,0.012848565708029154
16867,0.85811259494039,0.028621394070085203,0.11326601098952467
16868,0.9014630269351541,0.0009446173368063757,0.09759235572803947
16869,0.6739937122618247,0.019355946258241895,0.3066503414799335
16870,0.7845921814145952,0.013555991734570207,0.20185182685083458
16871,0.9814401967563122,0.002050997160340408,0.016508806083347392
16872,0.9549774509516732,0.00252640437016268,0.04249614467816416
16873,0.8801995277050451,0.023414712685508828,0.09638575960944615
16874,0.033910352469187055,0.006869641302946213,0.9592200062278667
16875,0.9095871651724128,0.006952073077791648,0.08346076174979566
16876,0.97156998129354,0.010806668789018618,0.017623349917441203
16877,0.6530286529118733,0.07040063938703656,0.2765707077010902
16878,0.01165354488331599,0.0009064088796021665,0.9874400462370818
16879,0.9347161556153277,0.022100581068398534,0.043183263316273875
16880,0.8495151759321578,0.0016673842519820022,0.14881743981586038
16881,0.016712101251786786,0.0016510367631403307,0.9816368619850728
16882,0.30214665666328816,0.00329922009931296,0.694554123237399
16883,0.9124065821291651,0.022039484668447802,0.06555393320238712
16884,0.970866526693844,0.002515236273162062,0.026618237032993885
16885,0.82580921286181,0.007391062884375186,0.16679972425381487
16886,0.9728405865530557,0.014505293623903546,0.012654119823040598
16887,0.4111166545723302,0.011176654377274055,0.5777066910503956
16888,0.023525951742722755,0.002023949459832095,0.9744500987974453
16889,0.9393897620011965,0.002460043737461616,0.05815019426134198
16890,0.7814593609657092,0.11448431690043603,0.10405632213385481
16891,0.982411273246254,0.0038141088964493775,0.013774617857296698
16892,0.00579546911660889,0.0012195313723414446,0.9929849995110497
16893,0.9585707982579504,0.010386972373065571,0.031042229368984046
16894,0.8685617343002691,0.007109159978007631,0.12432910572172334
16895,0.6954860173109322,0.007514314448665319,0.29699966824040247
16896,0.5133797368713748,0.0818605909669882,0.40475967216163705
16897,0.02459451324292086,0.0026082202703118615,0.9727972664867673
16898,0.8956023146038292,0.02669105668849989,0.07770662870767099
16899,0.9737894739320992,0.016750721776476102,0.00945980429142469
16900,0.9405705371422971,0.003969844284318214,0.055459618573384606
16901,0.9831035915601112,0.0019551757156740226,0.014941232724214767
16902,0.9721991672434571,0.007088694522113726,0.020712138234429054
16903,0.9133458714409968,0.009141295579063029,0.07751283297994027
16904,0.906332366546403,0.006150984156244574,0.08751664929735235
16905,0.965393389024614,0.0037554498974065177,0.030851161077979587
16906,0.661686769288901,0.03308143691164794,0.305231793799451
16907,0.01136903570618011,0.0022894711728525157,0.9863414931209674
16908,0.37460077362520716,0.017580427125775542,0.6078187992490173
16909,0.8866888929964596,0.04131698616302185,0.07199412084051848
16910,0.7358285781168535,0.03019171401408513,0.23397970786906144
16911,0.9854680809549172,0.0014689795362360823,0.013062939508846743
16912,0.9085765767595397,0.0017866027951098748,0.08963682044535039
16913,0.9206442481435021,0.009300944721624477,0.07005480713487336
16914,0.9613252907722067,0.006842758390727976,0.03183195083706515
16915,0.9737995593133559,0.0026455591425805685,0.023554881544063613
16916,0.07680914962724311,0.025328889661039376,0.8978619607117175
16917,0.2601652823269934,0.0013100334659600272,0.7385246842070466
16918,0.6714579744874113,0.11363521656233619,0.2149068089502524
16919,0.629236929072719,0.02876510123191717,0.3419979696953638
16920,0.05077086752623907,0.005558464982764879,0.943670667490996
16921,0.7461420215893235,0.04520583560025662,0.20865214281041997
16922,0.9847380157415371,0.001742247010683054,0.01351973724777987
16923,0.9640612429901797,0.0027607955927867397,0.03317796141703375
16924,0.979269449108486,0.003071180810508049,0.01765937008100595
16925,0.055796371976573785,0.021396819614135667,0.9228068084092905
16926,0.9493818188063871,0.008908173340216336,0.04171000785339652
16927,0.9344530746964178,0.003725725934350673,0.06182119936923145
16928,0.0019155109866507162,0.0018213218093864818,0.9962631672039628
16929,0.9218444334618503,0.055328391806319904,0.022827174731829714
16930,0.9264281589210202,0.046817209445348784,0.026754631633631072
16931,0.4824349247761895,0.00372369243431096,0.5138413827894995
16932,0.9361899251812457,0.0062472084479642444,0.057562866370790146
16933,0.9165260627786769,0.023226935716157353,0.06024700150516562
16934,0.9795861973906599,0.007338507767023603,0.013075294842316364
16935,0.8964871516897542,0.09155102802376625,0.011961820286479545
16936,0.980984040242903,0.00327793129819066,0.015738028458906234
16937,0.3910186951742711,0.012167908261531234,0.5968133965641975
16938,0.8468367240208228,0.06252273622170677,0.09064053975747036
16939,0.03341582490727292,0.002136573142009866,0.9644476019507173
16940,0.4290361879298757,0.004754261544225606,0.5662095505258987
16941,0.8925593939424935,0.033215943952580124,0.0742246621049265
16942,0.6661057647566964,0.12380815889276353,0.21008607635054008
16943,0.9313708145410244,0.03847068869402227,0.030158496764953333
16944,0.6416964618702788,0.01197651089190567,0.34632702723781555
16945,0.8874552853990646,0.006408003955340377,0.1061367106455952
16946,0.9325039699732218,0.004646203608625672,0.06284982641815268
16947,0.9376854108946315,0.01141623311619714,0.050898355989171265
16948,0.060892434954972555,0.031290803350786475,0.907816761694241
16949,0.8221164672895089,0.009499180748286032,0.16838435196220522
16950,0.907319249579124,0.005116087847138563,0.08756466257373734
16951,0.2363966526534399,0.12635295797146184,0.6372503893750983
16952,0.5019925279048141,0.004216537665954792,0.4937909344292311
16953,0.9701669747330631,0.0012814080695931578,0.028551617197343664
16954,0.30144706512104885,0.09098887739134193,0.6075640574876092
16955,0.9512196827678291,0.005647635494134546,0.043132681738036374
16956,0.49317575439149586,0.31315500575457295,0.19366923985393109
16957,0.7676250821369599,0.00720147778546753,0.22517344007757248
16958,0.9751988523748317,0.0042024526354236735,0.020598694989744558
16959,0.9334549875868831,0.004963295415724596,0.061581716997392254
16960,0.9752039870439989,0.0012338804817016455,0.023562132474299446
16961,0.22926039927703962,0.009330319968986419,0.761409280753974
16962,0.967170429373218,0.017841731208535026,0.014987839418246945
16963,0.7413612655815424,0.00749956267491474,0.25113917174354283
16964,0.9822963601595713,0.0009088038492077336,0.016794835991221026
16965,0.5775514411644252,0.08526163096329696,0.3371869278722777
16966,0.21006495677699666,0.009635829111986086,0.7802992141110172
16967,0.9135812685943362,0.007383754632752381,0.07903497677291138
16968,0.9191770456776195,0.014771611084776742,0.06605134323760364
16969,0.8106255795979579,0.001754321444139818,0.18762009895790244
16970,0.9183480819712105,0.0035103441844069366,0.07814157384438257
16971,0.45217578177789114,0.08687113214040246,0.46095308608170626
16972,0.8962559850767979,0.010698632541634022,0.09304538238156808
16973,0.9839445246164235,0.0016227330494804433,0.014432742334096015
16974,0.17617367227990866,0.030593936965330224,0.793232390754761
16975,0.294818280024318,0.026514698823449548,0.6786670211522324
16976,0.9756431617879612,0.0036266575508851137,0.02073018066115367
16977,0.8730259714473745,0.0403508153044857,0.08662321324813986
16978,0.6859431623670317,0.10276901037744635,0.211287827255522
16979,0.9649640898755637,0.017048967421426715,0.01798694270300955
16980,0.9671985905346533,0.005352712413045131,0.027448697052301498
16981,0.7758152868066064,0.033959619080925055,0.1902250941124684
16982,0.8498797973474309,0.002164886428224151,0.1479553162243449
16983,0.9201568992678584,0.005647065539243124,0.0741960351928985
16984,0.3690715269397777,0.0015424595572192843,0.629386013503003
16985,0.2579238342356397,0.3176217840486312,0.4244543817157291
16986,0.9550355294309302,0.004617176866356155,0.04034729370271356
16987,0.8853654753380847,0.0035235305760917563,0.11111099408582348
16988,0.5780744095286611,0.02868187966332915,0.3932437108080098
16989,0.26526269135796654,0.006216384916181685,0.7285209237258518
16990,0.9203771805391393,0.004317326939873146,0.07530549252098755
16991,0.9837550777883092,0.0007896040154944546,0.01545531819619633
16992,0.020038515447369187,0.004148744469770462,0.9758127400828603
16993,0.9541962984606811,0.004110321664085033,0.04169337987523382
16994,0.8190410583272727,0.11815123572927738,0.06280770594344978
16995,0.941558211874973,0.02028963532371453,0.03815215280131252
16996,0.9465052267253515,0.0020533756594744985,0.05144139761517408
16997,0.9746602760197882,0.0024633306233774704,0.02287639335683431
16998,0.002591945926025242,0.00048489869790463577,0.9969231553760701
16999,0.2953386001369109,0.03822998698052904,0.66643141288256
17000,0.9503539743684365,0.003957676559938579,0.04568834907162482
17001,0.0040189850782624045,0.002213496197689773,0.9937675187240479
17002,0.9581730503850755,0.0032419970889672133,0.03858495252595733
17003,0.9618243084134531,0.0035705457052506145,0.03460514588129611
17004,0.31856739143793966,0.004048159007022249,0.6773844495550381
17005,0.4005475611924962,0.044211634648680456,0.5552408041588234
17006,0.17509761652467784,0.012905401216775232,0.811996982258547
17007,0.6971664421376143,0.018825578701185036,0.2840079791612007
17008,0.004460602051151493,0.0009019124743394714,0.994637485474509
17009,0.21494550079116048,0.006230786093922893,0.7788237131149167
17010,0.8472513169868292,0.06386653941753487,0.08888214359563588
17011,0.9218340383984879,0.0028410495820709245,0.07532491201944105
17012,0.005557663827929801,0.0009677886420513404,0.9934745475300188
17013,0.5809205155064455,0.11106147636082228,0.3080180081327323
17014,0.480698402513768,0.015191268470602192,0.5041103290156298
17015,0.03039542143270965,0.02718879660013495,0.9424157819671554
17016,0.9755914986426565,0.0027900621241400804,0.021618439233203363
17017,0.6946774632897506,0.002409123391357708,0.3029134133188917
17018,0.97584788244717,0.010470005190244394,0.013682112362585713
17019,0.15979828437629623,0.04406034727626078,0.796141368347443
17020,0.9574541782673761,0.004647980285530013,0.037897841447093975
17021,0.9875246199337719,0.008275387789872616,0.004199992276355434
17022,0.31086232029251704,0.002836608262905639,0.6863010714445773
17023,0.9444718570798672,0.006394062817085505,0.0491340801030472
17024,0.8625662131695397,0.007880663624245554,0.12955312320621476
17025,0.9061535130486863,0.004179041130366949,0.08966744582094674
17026,0.5139195333912464,0.0062497174980356346,0.479830749110718
17027,0.032717303527986755,0.004679822254197732,0.9626028742178154
17028,0.9715399910810805,0.002856675891166585,0.025603333027753063
17029,0.8059089633460154,0.02514926765089744,0.16894176900308727
17030,0.043213597200656456,0.020529320470288225,0.9362570823290554
17031,0.9840632105952059,0.0011783385216079195,0.014758450883186208
17032,0.9671954310506282,0.0020789856248233404,0.030725583324548687
17033,0.03568365967347927,0.018619639759776253,0.9456967005667444
17034,0.05663490724356665,0.009776999732984019,0.9335880930234493
17035,0.9345182793101585,0.007172620828786227,0.058309099861055334
17036,0.9583234331929624,0.0020479319836657585,0.03962863482337165
17037,0.9064178874712718,0.006339746516298594,0.08724236601242967
17038,0.17234528935537852,0.017897744414506412,0.8097569662301151
17039,0.05502425079749597,0.00215498160329609,0.9428207675992079
17040,0.9747896365299296,0.0015158842948360274,0.023694479175234373
17041,0.9112946827740832,0.0023343434174348324,0.08637097380848209
17042,0.80945092904859,0.021954379271632588,0.1685946916797774
17043,0.9531662190732068,0.0009138044150818815,0.04591997651171146
17044,0.05574083646126566,0.008621228633068967,0.9356379349056653
17045,0.3665503455447992,0.06554311878890907,0.5679065356662917
17046,0.41934947767391223,0.010000231683833708,0.570650290642254
17047,0.5404984662193288,0.02497458871617551,0.43452694506449574
17048,0.8014103551102661,0.002668662950830319,0.1959209819389037
17049,0.014325828638690034,0.011057139827049386,0.9746170315342606
17050,0.02391162875859618,0.0217613280316567,0.9543270432097472
17051,0.2942977180274136,0.034101607261097934,0.6716006747114884
17052,0.7491715889248918,0.08638369512957601,0.1644447159455321
17053,0.9228886239692451,0.0029594347322396235,0.07415194129851525
17054,0.9342177975269469,0.04008329234093197,0.02569891013212118
17055,0.5290840559148267,0.0055731448943931155,0.46534279919078025
17056,0.9424136537595432,0.004663947462320379,0.05292239877813647
17057,0.006061112066509813,0.0022971351180475037,0.9916417528154426
17058,0.04292118712142515,0.04278229368075451,0.9142965191978204
17059,0.9329389772069341,0.013286059459469434,0.05377496333359648
17060,0.21825979913103408,0.010624457837143362,0.7711157430318225
17061,0.582945882039905,0.04932195207990774,0.36773216588018726
17062,0.7525023977814701,0.04376028206152305,0.20373732015700677
17063,0.04581476722581764,0.009929683857373474,0.9442555489168089
17064,0.7895258356236634,0.12413934168040651,0.0863348226959301
17065,0.898398317817811,0.04479611012236702,0.056805572059822056
17066,0.9739570467232566,0.008550525494653441,0.01749242778208996
17067,0.06473371697746344,0.007292228604023814,0.9279740544185129
17068,0.6495041820189899,0.06474460906608744,0.28575120891492267
17069,0.9429610226917184,0.006957028595313382,0.05008194871296827
17070,0.8662172644422148,0.025344950572055807,0.10843778498572924
17071,0.025556500262715047,0.021857042261026093,0.9525864574762589
17072,0.8898599524380597,0.0606684892195508,0.049471558342389525
17073,0.9276483305235824,0.004290567440355142,0.06806110203606244
17074,0.6982435825258901,0.006791428355158273,0.29496498911895164
17075,0.14373466267969012,0.022382806123098488,0.8338825311972115
17076,0.007825047814082237,0.00229329584512835,0.9898816563407894
17077,0.1447858082954572,0.03586538034873156,0.8193488113558113
17078,0.979432968615895,0.004402402015010263,0.016164629369094758
17079,0.8923043043983941,0.0029645359386893887,0.1047311596629164
17080,0.8230476850115521,0.008114717378451604,0.16883759760999625
17081,0.7813450255690553,0.006643524588795896,0.21201144984214887
17082,0.8620655089029775,0.03380843369524671,0.1041260574017757
17083,0.8441265299580814,0.02466053417745722,0.1312129358644613
17084,0.5780864774295195,0.005271956118627108,0.4166415664518534
17085,0.8828228765554507,0.007314493544418968,0.10986262990013035
17086,0.0085840341141678,0.0026533175927020915,0.98876264829313
17087,0.5755721487079363,0.013835867560773605,0.41059198373129024
17088,0.8026230352783836,0.017019708871639373,0.1803572558499771
17089,0.5293663314943124,0.003602363394462185,0.4670313051112254
17090,0.02678466258984535,0.004565089290135095,0.9686502481200195
17091,0.10794314969290149,0.006213271356489565,0.885843578950609
17092,0.9875468326054058,0.0007999792391195998,0.011653188155474633
17093,0.3367441402065985,0.1447664233321982,0.5184894364612033
17094,0.023767488990531292,0.006087298626466795,0.970145212383002
17095,0.9277546224298006,0.04157889323255938,0.03066648433764011
17096,0.8697433975472035,0.018261508399892924,0.11199509405290355
17097,0.45373752639213055,0.010130671593899118,0.5361318020139704
17098,0.02656449841697042,0.004905998536684722,0.9685295030463449
17099,0.986101506700157,0.004900184989204003,0.008998308310639063
17100,0.6028399451469822,0.03419045769748365,0.3629695971555341
17101,0.672585997439564,0.006294843866362983,0.321119158694073
17102,0.7945673796799156,0.04220576627178476,0.16322685404829967
17103,0.9805240738085336,0.011318301382881561,0.008157624808584793
17104,0.03873369928681451,0.023745550833293237,0.9375207498798922
17105,0.0421513373020528,0.004605589709566505,0.9532430729883807
17106,0.08892269651927859,0.05995438126694596,0.8511229222137754
17107,0.9701027673646166,0.0011161943373495145,0.02878103829803399
17108,0.748070506481391,0.004657732011914277,0.24727176150669464
17109,0.004348548757963416,0.0016553056164817664,0.9939961456255548
17110,0.9905518728886356,0.0021255732714699333,0.007322553839894539
17111,0.45104594585265884,0.49687524406557804,0.052078810081763065
17112,0.8995731691299172,0.046508507749638356,0.05391832312044433
17113,0.8003605204711259,0.025375460194369134,0.17426401933450494
17114,0.46433969234939837,0.003544709619509678,0.532115598031092
17115,0.7598696446721299,0.005311122286917818,0.23481923304095229
17116,0.9638880772935936,0.0030959679427565337,0.03301595476365
17117,0.29501043818857164,0.02729772950377246,0.677691832307656
17118,0.8009457925800538,0.017755656809279326,0.1812985506106669
17119,0.9788090031120211,0.002224223400131277,0.018966773487847366
17120,0.9853570740129006,0.0004962784141435773,0.014146647572955964
17121,0.9831207594104133,0.0016112158597846264,0.015268024729802139
17122,0.8988153206214443,0.028009578270305122,0.07317510110825046
17123,0.8829981342744717,0.09317319591902622,0.023828669806501963
17124,0.1326040668377771,0.020331278876285344,0.8470646542859377
17125,0.9698256918766246,0.004159710561018455,0.02601459756235681
17126,0.49962432387456934,0.010587051123045187,0.4897886250023855
17127,0.0038599524490512526,0.0008330151131225432,0.9953070324378263
17128,0.6327705429950462,0.014505310665571569,0.35272414633938215
17129,0.952931685320457,0.015236252994094797,0.031832061685448235
17130,0.9800308969584736,0.0006104538236279474,0.019358649217898663
17131,0.9693147477789338,0.012245141921749324,0.018440110299316966
17132,0.2583216993144377,0.02877302599643349,0.7129052746891288
17133,0.011046436433469052,0.0070687314654350195,0.981884832101096
17134,0.0435585395606007,0.005516024471300042,0.9509254359680993
17135,0.758901963795917,0.0070284897987255394,0.23406954640535746
17136,0.47251094013854467,0.0989488019111882,0.42854025795026707
17137,0.7333761066038963,0.015910449191097558,0.2507134442050062
17138,0.9368257474197701,0.01959264938444208,0.04358160319578783
17139,0.6737378031427502,0.28402889375271695,0.04223330310453275
17140,0.822107348618622,0.008492151737193428,0.1694004996441845
17141,0.7904608902965584,0.005132176624611162,0.2044069330788304
17142,0.008639944908279552,0.004454135575685006,0.9869059195160355
17143,0.9844470601098437,0.0022885002923861216,0.013264439597770183
17144,0.86335763372364,0.04800599503545276,0.08863637124090708
17145,0.9888422955936887,0.004057487357263878,0.007100217049047368
17146,0.5740502353572998,0.031688030648231495,0.3942617339944686
17147,0.3966390665176384,0.09013956742408125,0.5132213660582804
17148,0.9772349195157055,0.0018472079788549821,0.020917872505439403
17149,0.29688439262608707,0.051545425390428036,0.651570181983485
17150,0.2511202480903012,0.16034457636451235,0.5885351755451865
17151,0.6568432145250623,0.046550862444892385,0.29660592303004524
17152,0.8354747977442027,0.0098493146042506,0.1546758876515466
17153,0.9843467488195382,0.002863701448305439,0.012789549732156263
17154,0.9251388222796796,0.010590039983396577,0.06427113773692367
17155,0.10406347278296867,0.007142361768909365,0.888794165448122
17156,0.9171900116957586,0.020718876452080436,0.06209111185216086
17157,0.9798521732968122,0.007163750954037479,0.012984075749150335
17158,0.7967786748312161,0.05337785208345108,0.14984347308533272
17159,0.9718373394712455,0.0029999020169421296,0.025162758511812357
17160,0.11398483083747223,0.0040010846333537855,0.882014084529174
17161,0.8928951569597828,0.008180176721030654,0.0989246663191863
17162,0.820172750629743,0.015358060034658167,0.16446918933559868
17163,0.21948712475608836,0.08035789662777003,0.7001549786161416
17164,0.8120424984058595,0.016083040482656432,0.17187446111148413
17165,0.9686178852523526,0.021328763447584536,0.010053351300062801
17166,0.9138536291958035,0.009654420688357122,0.07649195011583942
17167,0.9845698036264549,0.0031478380296667916,0.012282358343878511
17168,0.35879201884880785,0.0024330821142103743,0.6387748990369818
17169,0.02097421836683104,0.0023806396377064965,0.9766451419954624
17170,0.8873279913941695,0.0014786086425848774,0.11119339996324559
17171,0.8779822025857604,0.07387181750471578,0.04814597990952386
17172,0.9006155081125405,0.005396307613286675,0.09398818427417283
17173,0.8180660128207331,0.006805951968233655,0.17512803521103318
17174,0.007371967914945561,0.013089552977628456,0.979538479107426
17175,0.8737538407853181,0.010087966733855161,0.11615819248082684
17176,0.41136585194924974,0.016693468139999626,0.5719406799107506
17177,0.7796437055787037,0.03499640602836072,0.18535988839293557
17178,0.9326324977319159,0.0419116904740432,0.025455811794041057
17179,0.8898373643389998,0.006618302276776077,0.10354433338422413
17180,0.9790997836283998,0.008098038289900134,0.012802178081700087
17181,0.7868698628673462,0.01565622858204103,0.19747390855061275
17182,0.8950485535733727,0.003443759554992939,0.10150768687163449
17183,0.20777184785319422,0.003363656106601107,0.7888644960402047
17184,0.9195223542302675,0.006684006588949116,0.07379363918078333
17185,0.9401859224256112,0.005519313179180537,0.054294764395208445
17186,0.9645649379276227,0.015048272325947095,0.02038678974643033
17187,0.8970556653772562,0.0037600659319422807,0.0991842686908014
17188,0.9793703718207364,0.0034787242981116403,0.017150903881151855
17189,0.9608935316143996,0.020851567349016067,0.01825490103658434
17190,0.9548368462191272,0.0070647741740000125,0.03809837960687262
17191,0.9422471978676237,0.007120164560916824,0.050632637571459506
17192,0.798116691574038,0.03733791358754878,0.16454539483841313
17193,0.7587439847658369,0.010501906455648724,0.23075410877851432
17194,0.030456875774571526,0.001825967599964238,0.9677171566254642
17195,0.24390838680662946,0.023006467442226203,0.7330851457511443
17196,0.9728132921001045,0.0033052226909793007,0.023881485208916177
17197,0.9779947779563756,0.009780883849519171,0.012224338194105197
17198,0.1757396504742289,0.0047669739815791624,0.8194933755441919
17199,0.13196689995735272,0.007558976948855743,0.8604741230937915
17200,0.793021327951798,0.002628167701347293,0.20435050434685464
17201,0.9847038220419037,0.004905350848305064,0.010390827109791213
17202,0.21247056633065273,0.002663751689056657,0.7848656819802905
17203,0.9288199934335026,0.011182036806568183,0.05999796975992928
17204,0.9791688764838969,0.002603019577600418,0.018228103938502622
17205,0.9860917384058571,0.0015148314484710193,0.012393430145671964
17206,0.2075493594296682,0.00361217511925537,0.7888384654510764
17207,0.9616029676896718,0.01965277396507232,0.01874425834525577
17208,0.005832161990773023,0.0028927297836963783,0.9912751082255307
17209,0.9804816304936882,0.0026750504509835283,0.01684331905532827
17210,0.900385114530194,0.005520687213212459,0.09409419825659357
17211,0.7529739649853513,0.007381018672879587,0.2396450163417691
17212,0.005987964540920387,0.0048800796281035135,0.9891319558309761
17213,0.9494577320269663,0.004837629438242603,0.045704638534791044
17214,0.7724163237221192,0.01778367592553196,0.20980000035234875
17215,0.15075695113977328,0.003025457919379943,0.8462175909408468
17216,0.11290497557727965,0.02878166329841496,0.8583133611243053
17217,0.9856299620632316,0.0020676947154136525,0.012302343221354727
17218,0.9624013717068169,0.0019412251727334324,0.0356574031204496
17219,0.8302752322875252,0.007168677574432995,0.1625560901380417
17220,0.9573389922519074,0.004275503042138021,0.038385504705954365
17221,0.9652293532581794,0.007869840132404016,0.026900806609416697
17222,0.9434505304405508,0.011889103726789639,0.04466036583265959
17223,0.9007642164890418,0.008611646575873107,0.09062413693508498
17224,0.9431361946014266,0.018549228040197867,0.038314577358375485
17225,0.07014989290864758,0.003909820369149517,0.9259402867222029
17226,0.09588997007127956,0.012915310003804912,0.8911947199249155
17227,0.8091429995497984,0.009227886949680167,0.1816291135005215
17228,0.9292668025248049,0.007633110615535581,0.06310008685965937
17229,0.3394618117282673,0.005943586982096591,0.6545946012896361
17230,0.9681018714563724,0.004830661260610131,0.027067467283017344
17231,0.7843414614083734,0.006204887894540854,0.2094536506970858
17232,0.8176735505134445,0.0014293159150277025,0.180897133571528
17233,0.9820648955520733,0.0027010539158440266,0.015234050532082757
17234,0.9643691842769354,0.006000398644906258,0.029630417078158288
17235,0.9831616015485818,0.009880881698296672,0.006957516753121419
17236,0.8562818114486404,0.01532549040526469,0.12839269814609508
17237,0.10943673958717787,0.011442878323216218,0.879120382089606
17238,0.6247350879720703,0.01836021441900221,0.3569046976089274
17239,0.06666727338633566,0.011219765442441845,0.9221129611712225
17240,0.9243160764826099,0.002616515708646602,0.07306740780874352
17241,0.9347265978017667,0.04774399943246951,0.017529402765763757
17242,0.839726234888723,0.011084218730768052,0.1491895463805089
17243,0.11391538983326842,0.0033292977940338536,0.8827553123726977
17244,0.8410928186370294,0.00784907273345386,0.1510581086295167
17245,0.00630343406242847,0.006032098530092436,0.9876644674074792
17246,0.035613451584503096,0.010968705109373332,0.9534178433061236
17247,0.9020922378044707,0.033071565058590185,0.0648361971369392
17248,0.9892935027039971,0.0024670968192253787,0.008239400476777582
17249,0.9132003823614858,0.0042387085223693525,0.08256090911614473
17250,0.9769694665857135,0.001976992417426723,0.02105354099685981
17251,0.562663435799246,0.03963772476198475,0.39769883943876927
17252,0.9101596383125048,0.006411752745673525,0.0834286089418216
17253,0.1753963280338149,0.0006391920272919595,0.8239644799388931
17254,0.08602872986432013,0.0038187396635833183,0.9101525304720965
17255,0.7436877586108557,0.05899150558101944,0.19732073580812481
17256,0.6937169460806741,0.19677633659572188,0.10950671732360404
17257,0.7969011811605897,0.00749959974503401,0.19559921909437628
17258,0.9711766103096219,0.0032676265873743996,0.02555576310300363
17259,0.737519031034789,0.024889927311468947,0.23759104165374204
17260,0.20790407234723138,0.2536363077797343,0.5384596198730344
17261,0.8308625197179909,0.019485551826368137,0.149651928455641
17262,0.9816523991465473,0.0069036683132698935,0.011443932540182788
17263,0.9862787561990457,0.004573038140481637,0.009148205660472619
17264,0.8843102937299098,0.006568516583250251,0.10912118968683998
17265,0.0009936885047567492,0.0009639011503215734,0.9980424103449216
17266,0.788304992708956,0.013294135975569782,0.19840087131547426
17267,0.969538999690602,0.0011549733387863856,0.029306026970611708
17268,0.7670780889346086,0.007947243654389606,0.22497466741100192
17269,0.9614369938421812,0.0009606895807204805,0.037602316577098525
17270,0.9794276462845176,0.0009027641814590474,0.019669589534023275
17271,0.8744887074226613,0.028445828259188267,0.09706546431815036
17272,0.8630262121393172,0.006152297069159698,0.13082149079152305
17273,0.013973039583585358,0.003099000066083756,0.9829279603503309
17274,0.9728514223108727,0.0024696556713781456,0.024678922017749003
17275,0.01826196828205044,0.024512197953735753,0.9572258337642138
17276,0.7703035090210729,0.003244902093816286,0.22645158888511063
17277,0.9574802479152402,0.025090908597065954,0.01742884348769375
17278,0.985264957123676,0.0029412475376959482,0.01179379533862801
17279,0.9559643547790618,0.01921570302532676,0.02481994219561155
17280,0.4103410482763312,0.016742822719118613,0.5729161290045501
17281,0.7595035850661258,0.01742856338116164,0.22306785155271244
17282,0.3484587550897729,0.15126575589149044,0.5002754890187366
17283,0.7758534639857936,0.16947837046793737,0.05466816554626898
17284,0.9759349640389056,0.0008579233940476361,0.023207112567046814
17285,0.966339625528944,0.0022910218519516974,0.03136935261910421
17286,0.8204519749538037,0.0072542783563675295,0.17229374668982872
17287,0.001858824760143042,0.0011311215355711947,0.9970100537042859
17288,0.9873798447996045,0.0007058916151866312,0.011914263585208723
17289,0.9903234477949857,0.004164565009264705,0.00551198719574954
17290,0.9601171732932089,0.0033549115889265485,0.036527915117864636
17291,0.7656637907870703,0.01058638104469048,0.22374982816823924
17292,0.013148695443188507,0.0015736195001264937,0.9852776850566849
17293,0.9194345522653709,0.0047067767093246175,0.07585867102530469
17294,0.001983510276853634,0.00042506621992019955,0.997591423503226
17295,0.6031417949174871,0.11359557368018944,0.28326263140232344
17296,0.955162341061225,0.0034463072258227997,0.04139135171295219
17297,0.966265442066843,0.008597391477994982,0.025137166455162133
17298,0.960892956934754,0.006828255348126773,0.032278787717119235
17299,0.6840012208911691,0.004854709809072317,0.3111440692997586
17300,0.772049917771947,0.09172202420022793,0.13622805802782506
17301,0.004415559220270555,0.0011079432238348783,0.9944764975558945
17302,0.8528295205445211,0.008612954268364451,0.13855752518711445
17303,0.8986182947423142,0.008084425671730355,0.09329727958595536
17304,0.8432953309990195,0.05366299721869837,0.10304167178228207
17305,0.9760435836155457,0.001576967459728267,0.022379448924726125
17306,0.7503837794073809,0.002012929749848502,0.24760329084277066
17307,0.8073948813390989,0.03686980136287566,0.1557353172980255
17308,0.9519421446126012,0.005983010088351277,0.04207484529904746
17309,0.8695535745814913,0.050910158325344686,0.07953626709316396
17310,0.786065087903753,0.015041151560757185,0.19889376053548985
17311,0.7996182236474916,0.005870267364177909,0.19451150898833053
17312,0.9597845486490696,0.00924679555954198,0.030968655791388376
17313,0.7823939319572761,0.01516541723223649,0.20244065081048732
17314,0.02497619896841085,0.0007628784530254772,0.9742609225785637
17315,0.9862080555244266,0.003175023736034296,0.010616920739539223
17316,0.9930404615481333,0.0008980081056316878,0.006061530346235011
17317,0.9277379677606765,0.0034704153176831937,0.06879161692164047
17318,0.9461329043076233,0.005494847337336472,0.048372248355040295
17319,0.6409060302509921,0.04974857273358885,0.3093453970154189
17320,0.9796420248938145,0.007102115739954245,0.013255859366231302
17321,0.7882516904332496,0.002460003098253539,0.20928830646849683
17322,0.012997104584890947,0.002165956823784067,0.984836938591325
17323,0.11076264214538577,0.01602192113213575,0.8732154367224784
17324,0.9615911692102385,0.02682184211036476,0.011586988679396679
17325,0.5407440306072233,0.021527636774651734,0.4377283326181249
17326,0.05070574435153121,0.2510926419328796,0.6982016137155892
17327,0.47395298054525753,0.028635598504972375,0.49741142094977
17328,0.06274809943545588,0.5557648557282789,0.3814870448362653
17329,0.9600209880882989,0.003209634124784276,0.03676937778691678
17330,0.13328308669709962,0.012456241562819477,0.8542606717400809
17331,0.6982014688203615,0.0088710909586255,0.29292744022101297
17332,0.9594052396862519,0.02054813693303242,0.020046623380715625
17333,0.8238811979901662,0.06077716579658104,0.11534163621325268
17334,0.7443889054363997,0.2038649114855439,0.05174618307805645
17335,0.9657672405428629,0.0022986074249410496,0.031934152032196066
17336,0.9494487471741885,0.002509922507411191,0.04804133031840023
17337,0.36427596691982295,0.0954886534384703,0.5402353796417068
17338,0.7969054356890152,0.021933233922623602,0.18116133038836107
17339,0.9770660354742652,0.0007158717760288346,0.022218092749706094
17340,0.8723321167163617,0.00664720927759162,0.12102067400604666
17341,0.9855865368711569,0.0005491745518306424,0.013864288577012435
17342,0.9045250442171182,0.013198364615268972,0.08227659116761275
17343,0.07449462516630233,0.005803016566160929,0.9197023582675367
17344,0.04380380604417228,0.0040222670785567995,0.952173926877271
17345,0.9864936060849463,0.00612262731620133,0.007383766598852414
17346,0.03510997521856727,0.004718639865726351,0.9601713849157064
17347,0.5025607524465919,0.046299840134613426,0.4511394074187946
17348,0.19297913452720467,0.014607724911229792,0.7924131405615655
17349,0.8900168166812575,0.031851119377870996,0.07813206394087141
17350,0.9614521764103741,0.0017945561695580502,0.036753267420068
17351,0.8077751810812261,0.02102977491179047,0.17119504400698324
17352,0.8982910165907064,0.016317486943610005,0.08539149646568356
17353,0.9584650669736159,0.008656973599617784,0.032877959426766266
17354,0.014488529300665525,0.010437222070660005,0.9750742486286745
17355,0.5030715675238059,0.035212465735123655,0.46171596674107035
17356,0.03492240221528153,0.0022536207116153643,0.9628239770731031
17357,0.8896963982078309,0.010480880791403371,0.09982272100076571
17358,0.06135970108974703,0.008282695342248266,0.9303576035680048
17359,0.7384828876253386,0.019809996479574966,0.24170711589508648
17360,0.5175467776393486,0.10453271877636094,0.37792050358429047
17361,0.4153515715700944,0.016038269935018445,0.568610158494887
17362,0.04759050375657747,0.0072830412597802065,0.9451264549836423
17363,0.9195724710540867,0.03032080409102643,0.05010672485488692
17364,0.9434032352072607,0.009887023036924947,0.04670974175581437
17365,0.9748437013430358,0.007710768891364815,0.017445529765599415
17366,0.241922260490955,0.02197210092596164,0.7361056385830833
17367,0.4880178539823942,0.009915834877936963,0.5020663111396688
17368,0.45297900879790337,0.029604631084615227,0.5174163601174814
17369,0.9579324244097726,0.016416290837738302,0.02565128475248911
17370,0.9476144636703162,0.019120248546746252,0.03326528778293751
17371,0.9724838779497371,0.002307828569800094,0.025208293480462753
17372,0.579302166774905,0.12504646502133446,0.2956513682037606
17373,0.6767599060437054,0.007715928819156635,0.3155241651371379
17374,0.966125446041355,0.004721439058720897,0.029153114899924074
17375,0.9832574234590379,0.0005055878964081049,0.016236988644554085
17376,0.9627302268312893,0.004857517039145703,0.03241225612956502
17377,0.7964795123352004,0.01734473994514019,0.18617574771965947
17378,0.9457209660991389,0.006086484679017422,0.04819254922184358
17379,0.7862720847765571,0.012432629320324337,0.20129528590311865
17380,0.01162131067650299,0.0013339688073547803,0.9870447205161423
17381,0.0053456085880288565,0.0008504807578538147,0.9938039106541173
17382,0.03653071343588804,0.08062241746054026,0.8828468691035718
17383,0.763075644974219,0.01896200033425601,0.21796235469152495
17384,0.8117753478466255,0.013623086441007114,0.17460156571236726
17385,0.8025222087689029,0.16655814762002244,0.03091964361107463
17386,0.027830170928493297,0.05166222786440364,0.920507601207103
17387,0.6192542352743293,0.013276493295541491,0.3674692714301293
17388,0.8537222569822716,0.004574535974932472,0.1417032070427959
17389,0.9294426137479704,0.005152688113777774,0.06540469813825187
17390,0.9478676030447382,0.002111682120344076,0.05002071483491788
17391,0.9787045236091767,0.010969974878870456,0.010325501511952823
17392,0.07809476304939297,0.03162695657847612,0.8902782803721309
17393,0.9331731715820047,0.0354671607280528,0.031359667689942444
17394,0.9310103229709643,0.0015133864079638602,0.06747629062107177
17395,0.8037873698413126,0.014401109431495453,0.181811520727192
17396,0.47598656192707595,0.0033549896530496925,0.5206584484198744
17397,0.2768183709453978,0.03390452078811786,0.6892771082664844
17398,0.7735634822378797,0.033101063362522457,0.19333545439959787
17399,0.1913285788662633,0.053479718998445634,0.7551917021352911
17400,0.7005786216525659,0.04957127802900943,0.24985010031842478
17401,0.9629458365191761,0.006007251782621739,0.031046911698202263
17402,0.9506041884847846,0.009283605049916634,0.04011220646529887
17403,0.9894708008731139,0.0008431311155783217,0.009686068011307733
17404,0.9593256360493668,0.0038134794923875763,0.03686088445824555
17405,0.9879706727944226,0.0019984235247675285,0.01003090368081001
17406,0.7411288517307453,0.025233560448238202,0.23363758782101662
17407,0.07418316372166371,0.06667104493861117,0.8591457913397251
17408,0.5000090226113355,0.008415531683399166,0.49157544570526535
17409,0.06493388721605522,0.013956502297893775,0.9211096104860511
17410,0.9497853734261343,0.009558387930630683,0.040656238643234796
17411,0.9678574861045437,0.012719171067266014,0.01942334282819019
17412,0.8370612990340197,0.0747370832288426,0.08820161773713785
17413,0.9869347602085768,0.004179839875533051,0.008885399915890173
17414,0.9875325474194443,0.003097705031227475,0.009369747549328258
17415,0.9203697405393138,0.04577134232606929,0.033858917134617014
17416,0.045371256763485725,0.013903686546550411,0.9407250566899639
17417,0.9320435019524611,0.048851128456668724,0.019105369590870124
17418,0.07645644361269195,0.001716946081773478,0.9218266103055346
17419,0.316768453763768,0.06564322264301256,0.6175883235932195
17420,0.9428906194891606,0.003161293022768656,0.05394808748807072
17421,0.8677671254279307,0.020118355824781914,0.11211451874728753
17422,0.10139394546110117,0.021094795119292808,0.8775112594196061
17423,0.8890571655773344,0.007842684158042436,0.10310015026462316
17424,0.6341872947528782,0.015821638512928733,0.34999106673419306
17425,0.9927825835489881,0.0012235270195415629,0.005993889431470383
17426,0.05010120226146028,0.02886813027375045,0.9210306674647893
17427,0.006896137294006905,0.0027135570743548995,0.9903903056316382
17428,0.9344599274749253,0.006701971457678287,0.058838101067396356
17429,0.9869901770428671,0.0004272849662403857,0.012582537990892486
17430,0.9725397198711464,0.003702013271543528,0.023758266857309925
17431,0.965470442887974,0.0016467022111707778,0.032882854900855164
17432,0.9010654252522043,0.03210484702587091,0.06682972772192478
17433,0.9306209550300409,0.0068240962649862924,0.06255494870497268
17434,0.7404076634320301,0.011687146779624277,0.24790518978834555
17435,0.42159192244501476,0.04331974938528977,0.5350883281696954
17436,0.8961927709560427,0.002929046221076165,0.10087818282288115
17437,0.0020925337663878973,0.0008493600086086329,0.9970581062250036
17438,0.9827003805226009,0.0014319833563005955,0.01586763612109848
17439,0.9757063189348694,0.0018223985973903896,0.022471282467740186
17440,0.9590318301838585,0.004201320810044916,0.03676684900609657
17441,0.9588512023292847,0.0014814924140077825,0.03966730525670737
17442,0.9365956416082009,0.009423270680477065,0.053981087711322165
17443,0.7116687343229273,0.0038218222467410828,0.2845094434303317
17444,0.9497937407571879,0.028070800782053772,0.02213545846075842
17445,0.8273482671041271,0.10295612594634039,0.06969560694953239
17446,0.9609719448262038,0.020469418361913516,0.018558636811882526
17447,0.2038981885219391,0.028384982851458466,0.7677168286266024
17448,0.08287348444118614,0.013595997831208174,0.9035305177276057
17449,0.9009997993330896,0.009619243788387946,0.08938095687852254
17450,0.2291145768295277,0.014305147675831433,0.7565802754946409
17451,0.9734294573701139,0.002616910707268549,0.02395363192261769
17452,0.9552874584883354,0.01575710611367434,0.028955435397990184
17453,0.7240242309115713,0.013228073561309518,0.26274769552711913
17454,0.13195637869821603,0.035863072433863656,0.8321805488679203
17455,0.9657908823845058,0.010386867861643136,0.02382224975385093
17456,0.9311119939940277,0.004779731709591487,0.06410827429638075
17457,0.569899752307123,0.17941413526539848,0.25068611242747857
17458,0.974251134354896,0.003837954942133149,0.021910910702970802
17459,0.8952678520132776,0.01255292407985276,0.09217922390686961
17460,0.9173131597329686,0.03307462290574038,0.049612217361291164
17461,0.874379327085688,0.03868651279062341,0.0869341601236886
17462,0.42837524195120674,0.014770379890089851,0.5568543781587034
17463,0.9841080796829577,0.0013953290569654769,0.014496591260077041
17464,0.061691236625016244,0.006167821113295385,0.9321409422616884
17465,0.9242424497452455,0.005364124341944548,0.07039342591280993
17466,0.9643186071363596,0.005382045511294993,0.030299347352345345
17467,0.9659792081037355,0.0020018164323260114,0.03201897546393858
17468,0.19759490911713665,0.012556615123574307,0.7898484757592891
17469,0.08166766410086555,0.04219995464344696,0.8761323812556874
17470,0.5638843495017091,0.010149740703283137,0.42596590979500787
17471,0.09839651982686741,0.03461238366262438,0.8669910965105082
17472,0.4324320890226507,0.007332631046211187,0.5602352799311381
17473,0.5493058733459237,0.031990912975266864,0.4187032136788094
17474,0.9859469421745065,0.004676024772595349,0.009377033052898213
17475,0.01921830102130788,0.0016872648843628821,0.9790944340943293
17476,0.867953962295792,0.0013696601008214026,0.13067637760338652
17477,0.9087654458498836,0.006817813937582709,0.08441674021253366
17478,0.7296946410374042,0.0386658999991359,0.2316394589634598
17479,0.40113881245332517,0.2643917781183946,0.33446940942828013
17480,0.008208628508781247,0.0019444641860708724,0.9898469073051479
17481,0.955138774794693,0.004840301062649998,0.04002092414265702
17482,0.9386174760535995,0.0036748962341231085,0.057707627712277325
17483,0.22962450958916328,0.0189856957631934,0.7513897946476433
17484,0.039420188970902464,0.02240056536862263,0.9381792456604748
17485,0.7605194392154377,0.0060174322145476605,0.2334631285700146
17486,0.8989653612669514,0.002649423827457097,0.09838521490559153
17487,0.9391897005303587,0.004952710329316899,0.05585758914032444
17488,0.0014845986843520056,0.00045696856270986534,0.9980584327529382
17489,0.9028837362971979,0.00848006610598554,0.08863619759681653
17490,0.9754964251310748,0.0006085462051742974,0.02389502866375085
17491,0.6247544432905228,0.008173722760495859,0.3670718339489814
17492,0.003525488759145877,0.010107909619962469,0.9863666016208915
17493,0.4225584239364104,0.003570857502969218,0.5738707185606203
17494,0.8635286618588055,0.012401987396280656,0.12406935074491397
17495,0.7838390369844613,0.007817797939046441,0.20834316507649217
17496,0.375781461607323,0.00789420581102194,0.6163243325816551
17497,0.5098179633161158,0.0034746010974593786,0.4867074355864247
17498,0.9654718965692323,0.005076523379441587,0.029451580051326164
17499,0.024472899995694613,0.020828698682328808,0.9546984013219766
17500,0.9332226775316831,0.005696038788532175,0.06108128367978461
17501,0.6098020068652761,0.010620479299043991,0.3795775138356799
17502,0.9005058331387077,0.007741822190681107,0.09175234467061112
17503,0.9213366103477547,0.01085681265687123,0.06780657699537412
17504,0.9775940637252354,0.0024919367050406146,0.019913999569724
17505,0.9820478611220852,0.0027467832762775907,0.015205355601637136
17506,0.9807047000875296,0.006310025279558731,0.01298527463291158
17507,0.2309151035060002,0.009688930118884182,0.7593959663751155
17508,0.9489426673042913,0.006021796561702679,0.04503553613400598
17509,0.04841449891853712,0.007272698143676345,0.9443128029377865
17510,0.9110032079055305,0.02891727882786743,0.060079513266602
17511,0.8808496991777989,0.024129823282342935,0.09502047753985823
17512,0.8527601890596791,0.03659317303998539,0.11064663790033533
17513,0.9896626206647524,0.0007463545162297784,0.009591024819017817
17514,0.8603414013511237,0.07289316724939977,0.06676543139947638
17515,0.7259088313913485,0.014657019782846802,0.2594341488258046
17516,0.9554290795808361,0.029789967798424334,0.014780952620739654
17517,0.9725993424642498,0.0034103348680475263,0.023990322667702606
17518,0.6051764181898157,0.00895564509947725,0.38586793671070707
17519,0.8750288827141736,0.006502089426365258,0.1184690278594611
17520,0.9011684942191618,0.012546959737870978,0.08628454604296737
17521,0.11375478700230014,0.017498294934519376,0.8687469180631805
17522,0.4859606925342195,0.02483541738544478,0.4892038900803358
17523,0.890031261984189,0.06470679026220899,0.045261947753601824
17524,0.45616930981500875,0.0068437304654772515,0.5369869597195139
17525,0.012506491850162442,0.005626458446685135,0.9818670497031525
17526,0.03409745697825899,0.006028236988016302,0.9598743060337247
17527,0.8821368001278034,0.004714150834978316,0.1131490490372182
17528,0.015248277405374475,0.000575279094039161,0.9841764435005863
17529,0.9820586167146832,0.009723338462932407,0.00821804482238456
17530,0.07120815032438209,0.007299449081228988,0.921492400594389
17531,0.9246600506402223,0.005017534894974214,0.07032241446480364
17532,0.9448389168825319,0.007068841749735866,0.04809224136773213
17533,0.9102408393429215,0.006080091739659055,0.08367906891741937
17534,0.006046551504742354,0.008089887318200836,0.9858635611770568
17535,0.6733272624869301,0.010903435750903736,0.31576930176216617
17536,0.84670697101311,0.020033185942104133,0.13325984304478586
17537,0.9740613052770349,0.0027603240820762392,0.023178370640888867
17538,0.007633967815098494,0.0013799139211883933,0.9909861182637131
17539,0.979722194122158,0.0019641154124166137,0.018313690465425397
17540,0.015260408298981802,0.003049186423009905,0.9816904052780083
17541,0.9686025054959516,0.005424352441913384,0.025973142062134934
17542,0.6207965459243927,0.2561949136308987,0.12300854044470863
17543,0.89950591728877,0.049119967993702475,0.051374114717527564
17544,0.968142540078952,0.015967434318955562,0.015890025602092503
17545,0.22299510988157595,0.001989710351228524,0.7750151797671955
17546,0.9738012583163953,0.0033716544421887214,0.022827087241415987
17547,0.3769512279586721,0.02100450611245811,0.6020442659288697
17548,0.9504182711185285,0.006818520656483361,0.0427632082249881
17549,0.8426391542820384,0.01671826750017699,0.14064257821778467
17550,0.9546316053584026,0.01651640753981778,0.028851987101779802
17551,0.9032272159230567,0.007666304224214412,0.08910647985272885
17552,0.273161726865254,0.006694274592911333,0.7201439985418348
17553,0.9315795564052434,0.010075212266959795,0.05834523132779678
17554,0.9458433095349906,0.005542343636875618,0.04861434682813373
17555,0.0021622576632988047,0.002093477316981697,0.9957442650197196
17556,0.9842053784743958,0.005590390300519684,0.010204231225084407
17557,0.9513098697301824,0.0014339141175371266,0.04725621615228056
17558,0.08723789597417747,0.016822447162762624,0.89593965686306
17559,0.899059150886494,0.015141379403680691,0.08579946970982527
17560,0.7316447489543265,0.03213174706391245,0.23622350398176095
17561,0.8603666855289773,0.046197551028738806,0.09343576344228395
17562,0.029052441752306774,0.0014741167423122552,0.9694734415053811
17563,0.9749328969797556,0.0018439896371757144,0.023223113383068764
17564,0.6147678356119172,0.06325079141938811,0.3219813729686948
17565,0.930696187324004,0.031179068525683667,0.038124744150312265
17566,0.9388568042350873,0.0034816666097093343,0.057661529155203256
17567,0.04973069433288929,0.010968579824776626,0.9393007258423341
17568,0.9548175887107674,0.005268082591858288,0.03991432869737428
17569,0.6434140117750935,0.0052537284567303714,0.35133225976817606
17570,0.9705540558283973,0.009049976909508902,0.020395967262093858
17571,0.9101614713421905,0.009131522566041822,0.08070700609176766
17572,0.627924193580517,0.013242032505783145,0.3588337739136999
17573,0.9772809249499091,0.0013938116280335644,0.02132526342205743
17574,0.9607521394617199,0.004431471872032434,0.03481638866624774
17575,0.8870641587608352,0.020627449120574765,0.09230839211859006
17576,0.8065608155140098,0.11218669461735602,0.08125248986863416
17577,0.7587450831145098,0.033786097552813914,0.20746881933267614
17578,0.17831017525367887,0.01563386334409871,0.8060559614022225
17579,0.9836625739104377,0.0029603708656613876,0.0133770552239011
17580,0.9869617735844674,0.0013475147929056064,0.01169071162262705
17581,0.10653438555895436,0.003830505836605292,0.8896351086044404
17582,0.03263957155019727,0.004513237407796927,0.9628471910420058
17583,0.003246343854930018,0.0006437505925005532,0.9961099055525694
17584,0.8384807203732687,0.004483715968549604,0.1570355636581817
17585,0.8850914094698218,0.004988468955568857,0.10992012157460936
17586,0.7653370240780998,0.011820043147522668,0.22284293277437742
17587,0.9764369499583394,0.004640654123402004,0.01892239591825868
17588,0.013837310881951614,0.0074646019227967274,0.9786980871952516
17589,0.918751528786313,0.007788265628961065,0.07346020558472569
17590,0.8269920577508945,0.017460627880266536,0.15554731436883895
17591,0.030178585221282642,0.04034938816589917,0.9294720266128182
17592,0.9673309321754225,0.002072097132711522,0.030596970691865774
17593,0.9205368911902035,0.008253850087562357,0.07120925872223408
17594,0.5348551550700796,0.009763935658338212,0.4553809092715821
17595,0.7434939963820569,0.019798374989495736,0.23670762862844733
17596,0.9162832310136656,0.02003611492830539,0.06368065405802896
17597,0.1628834737827378,0.004140247387965602,0.8329762788292966
17598,0.9552842579589623,0.010187081822252598,0.034528660218785034
17599,0.9628333122360329,0.0026521487825089114,0.03451453898145831
17600,0.7643869483098071,0.023667067324036412,0.21194598436615666
17601,0.9357270508246535,0.004328991547886615,0.059943957627459875
17602,0.5479835752603127,0.04090108402636312,0.4111153407133242
17603,0.17635886879623158,0.05337741181177853,0.7702637193919899
17604,0.9429730466007445,0.0018517321415019643,0.05517522125775342
17605,0.7820105575805585,0.005864424070839353,0.21212501834860226
17606,0.9879753834017347,0.004755517131679733,0.007269099466585726
17607,0.8559407004524322,0.11001685964252941,0.03404243990503833
17608,0.963679526530396,0.007913610289165601,0.028406863180438537
17609,0.9804004660994199,0.0020811171058507483,0.01751841679472929
17610,0.979239695998557,0.0009566183184366362,0.01980368568300626
17611,0.9667252373202276,0.003569618606836529,0.029705144072935924
17612,0.9395915493402136,0.003219412797204984,0.05718903786258143
17613,0.8096226779995543,0.014626283130084699,0.17575103887036087
17614,0.007941331518672289,0.0018527599375634802,0.9902059085437642
17615,0.9854508681413092,0.0012360485846536103,0.013313083274037199
17616,0.9757703618027185,0.0030699799434821687,0.02115965825379938
17617,0.9552595564978458,0.02207630360913379,0.022664139893020456
17618,0.8805498039704881,0.04340041567627025,0.07604978035324166
17619,0.9696832362220513,0.0028887963380198815,0.02742796743992866
17620,0.8909079314777211,0.006498505180717679,0.10259356334156138
17621,0.5707491560714772,0.019045702794277853,0.41020514113424494
17622,0.03505054191004317,0.0084573987531677,0.956492059336789
17623,0.012554679624465933,0.01457521035377879,0.9728701100217553
17624,0.9713180065476416,0.0034959584093505087,0.025186035043007805
17625,0.11427899070880443,0.009607591264312597,0.876113418026883
17626,0.9160245652844838,0.002940095493234527,0.08103533922228144
17627,0.5110566752272615,0.0028447897511157476,0.48609853502162287
17628,0.8495316166088244,0.005171844307326472,0.1452965390838492
17629,0.6029198721535042,0.017817837396691398,0.3792622904498044
17630,0.9219630198445227,0.00887171422216711,0.06916526593331002
17631,0.002259714153938011,0.0010153960601829647,0.9967248897858789
17632,0.9480903365734881,0.013739998943965317,0.03816966448254651
17633,0.5882172902074566,0.02322191202035698,0.3885607977721865
17634,0.9609155352792866,0.013309583358549591,0.025774881362163972
17635,0.8500284128868897,0.005528955151706058,0.14444263196140425
17636,0.7778661776437784,0.1682721770472122,0.05386164530900935
17637,0.9825838543407552,0.0012431785447124624,0.016172967114532425
17638,0.8523716218207985,0.012717733351581365,0.13491064482762016
17639,0.8902197990599872,0.06880270920619788,0.04097749173381491
17640,0.9815189974763403,0.0019730199209503038,0.01650798260270954
17641,0.9201499015684901,0.009665915428751507,0.07018418300275843
17642,0.031036287349013716,0.0037672844684815917,0.9651964281825047
17643,0.5458298651745149,0.26737415714614404,0.18679597767934114
17644,0.8558902212424673,0.015039660496365044,0.1290701182611678
17645,0.8891534649684935,0.01123543903316981,0.09961109599833667
17646,0.8771260999869458,0.008501037813416785,0.11437286219963755
17647,0.9278802221934255,0.009642340793416634,0.0624774370131578
17648,0.9877467543710707,0.0022677526177883366,0.009985493011140916
17649,0.031081828651399357,0.0027555088708848385,0.9661626624777158
17650,0.9833203331589677,0.004503898241465034,0.012175768599567198
17651,0.5349322897521332,0.020870292259244798,0.44419741798862195
17652,0.9565069876744942,0.015893215046976945,0.027599797278528876
17653,0.979019677716513,0.00688391440968373,0.014096407873803278
17654,0.9818656548909348,0.00279933777492373,0.015335007334141525
17655,0.955859567647315,0.02669081670374993,0.01744961564893522
17656,0.4377514770335189,0.02805689585392919,0.5341916271125519
17657,0.948184387301253,0.011448923337182006,0.04036668936156493
17658,0.8135220746979027,0.013287493731087426,0.17319043157100986
17659,0.18637054535106828,0.0094530836363915,0.8041763710125402
17660,0.9515000640661229,0.0024424601292668056,0.046057475804610136
17661,0.8107763923969952,0.0025155485562459575,0.18670805904675886
17662,0.9808787198255017,0.009991956044434735,0.00912932413006361
17663,0.9652682703571963,0.0033647569961145108,0.03136697264668914
17664,0.045970838732898804,0.03705495893732087,0.9169742023297803
17665,0.9591324261056791,0.015361319394231738,0.02550625450008919
17666,0.2042353724866456,0.026072886883465925,0.7696917406298884
17667,0.9363675531960024,0.007160140407681458,0.05647230639631612
17668,0.9794460085537312,0.007538130244806797,0.013015861201462043
17669,0.6862270386096632,0.04420948741111212,0.2695634739792247
17670,0.910054725296645,0.04915385903750877,0.04079141566584614
17671,0.6361210682436975,0.009077468759672448,0.35480146299663
17672,0.9628990665886595,0.0030003944459393002,0.034100538965401245
17673,0.7833443204844689,0.013421383888251755,0.20323429562727924
17674,0.47245245400288743,0.01119583624618365,0.5163517097509289
17675,0.8052207133767856,0.011859982878454203,0.1829193037447603
17676,0.9806879391903672,0.007952015698856483,0.01136004511077634
17677,0.772495883289895,0.011616752220995934,0.21588736448910917
17678,0.977981297605423,0.001793302988262089,0.020225399406314862
17679,0.4849102729130335,0.011889331021069038,0.5032003960658974
17680,0.7171646312972043,0.015171819971133727,0.2676635487316621
17681,0.8441135515012222,0.01872780082758072,0.13715864767119698
17682,0.6493468976474599,0.012259097504928946,0.3383940048476111
17683,0.9699550316882892,0.0024478277986573725,0.027597140513053283
17684,0.9624804514159988,0.0017540535663619532,0.03576549501763917
17685,0.6610425636505657,0.04009192330777193,0.2988655130416623
17686,0.9261718255285394,0.007021258940635936,0.06680691553082482
17687,0.4543982682328013,0.43913312074597893,0.10646861102121988
17688,0.8448280837529696,0.0036629164852827524,0.15150899976174756
17689,0.9716514355234138,0.011304228813683074,0.017044335662903226
17690,0.875341751551616,0.0029292772364126383,0.12172897121197153
17691,0.9518603073140144,0.01305240311482868,0.03508728957115688
17692,0.050631215657371255,0.06143962818666324,0.8879291561559656
17693,0.9716498287176815,0.0034449414601917657,0.024905229822126947
17694,0.9775589775239796,0.009051771275593139,0.013389251200427462
17695,0.9806717014406955,0.0042203319334468995,0.015107966625857491
17696,0.9646775627621708,0.018048905911286925,0.01727353132654231
17697,0.459642103835295,0.018490945351342304,0.5218669508133627
17698,0.9306166469227733,0.005491604773938948,0.06389174830328775
17699,0.9545587461560381,0.0055627484673113434,0.03987850537665065
17700,0.8959990571714658,0.0038799035946812596,0.100121039233853
17701,0.18250261647943294,0.057402877961384706,0.7600945055591823
17702,0.9203645812398041,0.004194763935718108,0.07544065482447782
17703,0.9727372778231174,0.003627926805516542,0.023634795371365966
17704,0.9044281894391653,0.0025736193788528415,0.09299819118198184
17705,0.9739480943002868,0.012521636029981647,0.013530269669731481
17706,0.01260714647877553,0.001577491116934492,0.9858153624042899
17707,0.4717004391629998,0.0150761818040324,0.5132233790329679
17708,0.23040894560578448,0.006035071480996875,0.7635559829132186
17709,0.9296747353074126,0.003702234269414859,0.06662303042317255
17710,0.7504643038677044,0.06603303527428785,0.18350266085800787
17711,0.008085547917943914,0.001529535870037232,0.9903849162120189
17712,0.9738686278406867,0.0024964716481235736,0.02363490051118986
17713,0.7977426812012017,0.0274123237109871,0.17484499508781132
17714,0.7926888848734313,0.001152302783226017,0.2061588123433427
17715,0.9811641690738158,0.0027739789932350106,0.01606185193294908
17716,0.6604097380784235,0.20854409118999193,0.1310461707315846
17717,0.9185081944914083,0.006810469408013739,0.074681336100578
17718,0.9190504710383329,0.001398708793994258,0.07955082016767273
17719,0.779857203012421,0.011678787262356383,0.2084640097252227
17720,0.8412059828735778,0.01069182117663322,0.14810219594978905
17721,0.22727829083931478,0.005115036930200876,0.7676066722304844
17722,0.9699154537451437,0.007641930792969343,0.02244261546188715
17723,0.9628314695521542,0.0026272023927107,0.03454132805513518
17724,0.9682527432743631,0.00936957879168001,0.022377677933957025
17725,0.012426889825301844,0.010294399164076472,0.9772787110106218
17726,0.9820035384445053,0.0007066514122567969,0.01728981014323794
17727,0.848948411156441,0.07263969627174154,0.07841189257181727
17728,0.570674021182856,0.04769832941090303,0.38162764940624094
17729,0.9453874003671836,0.02449262549333249,0.030119974139483925
17730,0.7924850706634017,0.07456434096924605,0.13295058836735218
17731,0.008625145233393403,0.011744347929685673,0.979630506836921
17732,0.8668626282265577,0.0060557613163983275,0.12708161045704397
17733,0.9757613539559803,0.008651680483049573,0.015586965560970011
17734,0.005677327453807426,0.0009272772633286753,0.993395395282864
17735,0.6771121069956818,0.019197495617118223,0.3036903973871999
17736,0.9678912120546086,0.006673285772822565,0.02543550217256886
17737,0.06944528956457188,0.010350762277277522,0.9202039481581507
17738,0.03674497828414469,0.003913299081499575,0.9593417226343558
17739,0.016605206090269786,0.0029723008514750617,0.9804224930582551
17740,0.3213102420992745,0.20263791204291418,0.4760518458578114
17741,0.5304445395413627,0.02380106313223981,0.4457543973263974
17742,0.9593797982625069,0.0018976347206333076,0.03872256701685985
17743,0.9439123985121325,0.0012013863637539803,0.05488621512411366
17744,0.9254909583384808,0.03186817261198591,0.04264086904953332
17745,0.7996379521771856,0.011729258551334694,0.18863278927147967
17746,0.12353796899290405,0.004127363683563423,0.8723346673235326
17747,0.056903312060453244,0.01742899202975199,0.9256676959097948
17748,0.9663174026353122,0.006697317517567905,0.02698527984711998
17749,0.8640581983715736,0.011950309068959214,0.12399149255946734
17750,0.9235625790135658,0.03314894492481791,0.043288476061616336
17751,0.9945337861688269,0.0012610074619989421,0.004205206369174291
17752,0.9602118040382758,0.0029981705267704125,0.03679002543495388
17753,0.1785898295015233,0.012166505590517766,0.8092436649079588
17754,0.9821277229929458,0.001483785722286556,0.0163884912847675
17755,0.7660389581805982,0.0026719680981360755,0.2312890737212657
17756,0.008124668985690663,0.006474721281643727,0.9854006097326656
17757,0.9269204009954043,0.0036052553611799886,0.0694743436434155
17758,0.9773308518986359,0.0057853771608843444,0.016883770940479697
17759,0.46370337140384005,0.058589990424899895,0.4777066381712599
17760,0.13500707753470062,0.012788325349522671,0.8522045971157768
17761,0.02748268286826094,0.047841285760057355,0.9246760313716818
17762,0.9558627453841922,0.0026566984548702633,0.04148055616093751
17763,0.7085118213665919,0.0015466612835904078,0.28994151734981777
17764,0.011393867979022296,0.007994234346512853,0.9806118976744649
17765,0.02299978956231965,0.005187192840544198,0.9718130175971361
17766,0.9843802647936235,0.0020001303487322025,0.013619604857644314
17767,0.6002036207227682,0.07478882409852268,0.32500755517870905
17768,0.9805668554547461,0.0016058133740912202,0.0178273311711627
17769,0.04181870084969049,0.0017549226814018157,0.9564263764689077
17770,0.9660155558635518,0.007217122780106207,0.026767321356342026
17771,0.9874783355484353,0.004536200174550533,0.007985464277014229
17772,0.9647830534813224,0.001861975027940786,0.0333549714907366
17773,0.823344072910475,0.08795399692363955,0.0887019301658856
17774,0.9063017991448714,0.00331759949762786,0.09038060135750073
17775,0.9753940525088497,0.01094363144913336,0.013662316042017023
17776,0.45238680946271176,0.18515743005638796,0.3624557604809002
17777,0.9528384578137791,0.013065225908229347,0.03409631627799162
17778,0.05775329960745618,0.01047052577813873,0.931776174614405
17779,0.4556404833596413,0.017498250268689942,0.5268612663716689
17780,0.04309754592621788,0.0501768738919145,0.9067255801818676
17781,0.01726078516071917,0.003147005240397851,0.979592209598883
17782,0.957958605856594,0.012305137435056686,0.029736256708349198
17783,0.9326087373296681,0.01097781229192304,0.05641345037840897
17784,0.9227301527251114,0.003909421715683636,0.0733604255592049
17785,0.6052540252097822,0.05488034613985198,0.3398656286503658
17786,0.9504781159862404,0.0015405275193860963,0.04798135649437346
17787,0.9567074433761732,0.004637072957283554,0.0386554836665431
17788,0.8841435184584816,0.06682963900032335,0.04902684254119492
17789,0.056796695798934066,0.003843888728294518,0.9393594154727714
17790,0.9662119295430585,0.0044861255509648125,0.029301944905976728
17791,0.011153923335698906,0.013701894735189863,0.9751441819291112
17792,0.8524437375271678,0.0437823701818211,0.1037738922910112
17793,0.9598158780997776,0.009398517809130105,0.03078560409109228
17794,0.8222376265884183,0.015036120964955211,0.1627262524466266
17795,0.814024756116729,0.009412530156248341,0.1765627137270226
17796,0.9806528932219314,0.005162283954390363,0.01418482282367834
17797,0.2907200219001665,0.016028223895302313,0.6932517542045311
17798,0.9632185641423865,0.00966515874473984,0.027116277112873746
17799,0.9713853999103708,0.002869679244204039,0.02574492084542503
17800,0.9840913661480071,0.005832296615102572,0.010076337236890422
17801,0.13048742925884124,0.006204996992365609,0.8633075737487932
17802,0.9227199685342585,0.016670374952762305,0.06060965651297915
17803,0.5649850140554151,0.037499876132773724,0.39751510981181115
17804,0.8930090258547763,0.0045970619609319,0.10239391218429195
17805,0.9151979863170054,0.00700230868033191,0.07779970500266276
17806,0.9618017324340069,0.0033542642400422305,0.03484400332595093
17807,0.9768336197202905,0.00582077181070981,0.017345608468999473
17808,0.9849944168874346,0.0013833316170232136,0.013622251495542373
17809,0.6579699948614592,0.014484394235195428,0.3275456109033454
17810,0.8326488905667156,0.02961690565797205,0.13773420377531226
17811,0.9250448414052309,0.025697569304637142,0.049257589290132
17812,0.9299285677793871,0.04363693292180997,0.026434499298802785
17813,0.9724385100795482,0.015416851430007454,0.01214463849044437
17814,0.9871065501973872,0.0034283024803001346,0.00946514732231251
17815,0.8223897080381432,0.005809420900590202,0.17180087106126665
17816,0.4065489311606957,0.004736582642464779,0.5887144861968395
17817,0.4770067267272384,0.010218126070316842,0.5127751472024448
17818,0.9403583018891535,0.026593930670376385,0.033047767440470166
17819,0.18090822774117682,0.010765709925032637,0.8083260623337905
17820,0.9681337313645811,0.009882155908468018,0.021984112726950916
17821,0.2598085663348881,0.004984042203747579,0.7352073914613644
17822,0.02439099856799049,0.029523154742169044,0.9460858466898404
17823,0.9121230398144679,0.0023295365457929452,0.0855474236397392
17824,0.031010106970991925,0.0038142683762423,0.9651756246527659
17825,0.9208140474674343,0.010931276790850139,0.06825467574171558
17826,0.7655187919398936,0.009259429337211451,0.22522177872289487
17827,0.9406759535730074,0.012162664577307126,0.04716138184968545
17828,0.0655975428964352,0.0034707153053179594,0.930931741798247
17829,0.6184189181855502,0.058283638823839454,0.3232974429906103
17830,0.06961847431081483,0.014398986204039168,0.915982539485146
17831,0.9343600802432913,0.004123155332922344,0.06151676442378631
17832,0.13334488506497072,0.008415381542279932,0.8582397333927493
17833,0.9416622944128816,0.004005804310432469,0.054331901276685905
17834,0.6004692947197214,0.007984818557983074,0.39154588672229546
17835,0.016448461606203526,0.0037474210802436628,0.9798041173135529
17836,0.01663356350644705,0.001973279259738327,0.9813931572338146
17837,0.09432582008108822,0.006319605955125456,0.8993545739637864
17838,0.9639861571038467,0.011123736178564827,0.0248901067175885
17839,0.9617560225205232,0.0039103704970013505,0.03433360698247552
17840,0.964278121123838,0.017333765816426618,0.018388113059735284
17841,0.5446480041704026,0.08445306213020509,0.3708989336993923
17842,0.9615184228432988,0.008097441551521969,0.030384135605179125
17843,0.011681741519885474,0.004866021921226098,0.9834522365588885
17844,0.945380298550847,0.009500384766174041,0.04511931668297912
17845,0.9712487709805566,0.015531130185370381,0.013220098834073176
17846,0.8923465538756412,0.002290719326194726,0.10536272679816411
17847,0.8470217540048814,0.004421488702222948,0.14855675729289558
17848,0.13361648640863602,0.011603514637469033,0.8547799989538949
17849,0.7830168002676802,0.0011707563162790607,0.21581244341604092
17850,0.9702859469608274,0.007504271068852906,0.022209781970319517
17851,0.604851101588097,0.03856825171636319,0.35658064669553996
17852,0.9867811952785647,0.0014740489538974397,0.011744755767538051
17853,0.5096888502747355,0.002399709410388415,0.4879114403148761
17854,0.9428633210349917,0.007714460559070415,0.04942221840593792
17855,0.12918548184278722,0.002380227314013601,0.8684342908431991
17856,0.5432602453015221,0.0029168161163445026,0.45382293858213335
17857,0.9295990671244008,0.007578815448985477,0.06282211742661381
17858,0.8662843850573916,0.011628455472710197,0.12208715946989822
17859,0.9091089682353398,0.0034595943031900185,0.0874314374614703
17860,0.8931167518040716,0.019554252769162287,0.08732899542676613
17861,0.033161363994464614,0.016848714297668693,0.9499899217078668
17862,0.940139145373384,0.010076667424866197,0.04978418720174974
17863,0.9438121979056073,0.005078542258599627,0.051109259835792974
17864,0.8775323929707346,0.012047694674457264,0.11041991235480805
17865,0.3102433144611035,0.00567468619603635,0.6840819993428602
17866,0.957003957327342,0.004667219478243141,0.03832882319441497
17867,0.9755839004367797,0.001153725132921219,0.02326237443029907
17868,0.3423266030321855,0.2295388505548713,0.42813454641294313
17869,0.9849713041419962,0.002710367232206779,0.012318328625797157
17870,0.7513527512508323,0.011907287713788538,0.2367399610353791
17871,0.009984355483358697,0.0032540438556276454,0.9867616006610137
17872,0.8161041360395315,0.04866754264955472,0.1352283213109139
17873,0.954422539261049,0.0039710385122829475,0.04160642222666805
17874,0.3375574339545068,0.017457848123582503,0.6449847179219107
17875,0.15772158931445915,0.055418191129871654,0.7868602195556693
17876,0.9868165238060097,0.0006827344904555585,0.012500741703534813
17877,0.0073789867621169535,0.0016273264970431802,0.99099368674084
17878,0.24879012708431186,0.012150241405801543,0.7390596315098866
17879,0.9751020026221359,0.0029779058543290583,0.021920091523535048
17880,0.8909021822546757,0.024350819049332208,0.08474699869599231
17881,0.37421811894241924,0.05594779651348422,0.5698340845440966
17882,0.714211765195038,0.022890773218317905,0.26289746158664407
17883,0.9468477448452419,0.0013953169123503437,0.051756938242407756
17884,0.9060126952264344,0.0048297037994729074,0.08915760097409285
17885,0.09214639482890397,0.007202811831441764,0.9006507933396543
17886,0.29730670932467196,0.02400918172036196,0.6786841089549661
17887,0.005480182945841093,0.0010803431874944266,0.9934394738666644
17888,0.96355197485999,0.000594486054448172,0.035853539085561756
17889,0.6765475574887879,0.021486103062725102,0.30196633944848705
17890,0.9823184747192855,0.003773064018472782,0.013908461262241902
17891,0.02216232924793652,0.003416933580849518,0.9744207371712139
17892,0.689319305370071,0.005402422028991136,0.30527827260093787
17893,0.9808039491397605,0.004513836454081967,0.01468221440615759
17894,0.8868103740691079,0.07848293121034301,0.03470669472054902
17895,0.07854220514769873,0.009302596204948341,0.9121551986473528
17896,0.9105241720995466,0.0010572104164017708,0.0884186174840515
17897,0.9589017952204925,0.0041973875014986554,0.036900817278008854
17898,0.994897136888965,0.0005304154182339794,0.00457244769280113
17899,0.5345337343957484,0.031235675569031864,0.43423059003521985
17900,0.9687923374638018,0.0018103650710972047,0.029397297465101013
17901,0.6787226414343547,0.015565097478585707,0.3057122610870596
17902,0.9812015864852178,0.0015468709326271588,0.01725154258215506
17903,0.9690882362370042,0.01971121943669079,0.01120054432630484
17904,0.9417413380000601,0.007777256071758235,0.05048140592818179
17905,0.9334555805890046,0.007723808740597613,0.05882061067039776
17906,0.9708120276661271,0.008589055198917873,0.02059891713495514
17907,0.8316333955610009,0.006159117975587021,0.16220748646341196
17908,0.7625667141986399,0.016198088969265844,0.22123519683209447
17909,0.13750951703436565,0.006103994833510167,0.8563864881321243
17910,0.9720460339421361,0.005218082304649657,0.022735883753214323
17911,0.4837721423942724,0.07743063891794617,0.4387972186877814
17912,0.3763084100908691,0.004944870994522864,0.6187467189146081
17913,0.9486253612835212,0.03608161697547137,0.015293021741007417
17914,0.6593764661486886,0.03225418586526121,0.30836934798605015
17915,0.8635571885324016,0.00936252427547627,0.12708028719212208
17916,0.9441608074222921,0.010891315772703932,0.044947876805003964
17917,0.011465408788190388,0.0019651636606027472,0.9865694275512068
17918,0.12733476526911486,0.0029927870734802547,0.8696724476574048
17919,0.9152630980414461,0.007834105387705364,0.07690279657084854
17920,0.028602251958982507,0.0028190286961993958,0.9685787193448181
17921,0.31054886875750753,0.0031225142997528548,0.6863286169427396
17922,0.7213603339706961,0.24319182894199579,0.03544783708730825
17923,0.041145877761205964,0.03817117736322352,0.9206829448755706
17924,0.9740515225794587,0.0020480778759180388,0.023900399544623207
17925,0.6202376576889882,0.004717677775921506,0.3750446645350901
17926,0.48492421915492145,0.00984194017088315,0.5052338406741954
17927,0.7084768244213938,0.0019947752458678823,0.28952840033273836
17928,0.05260432954768111,0.08044213265785785,0.866953537794461
17929,0.75007560727442,0.017033109268695452,0.23289128345688456
17930,0.0067058281600476865,0.005521257940171587,0.9877729138997806
17931,0.08775291677341487,0.147603445239886,0.7646436379866991
17932,0.5727515557766425,0.20634446724357122,0.22090397697978614
17933,0.9542192840981486,0.004597276289759385,0.041183439612091866
17934,0.8985210421655451,0.023354471452080906,0.07812448638237415
17935,0.5407198483950997,0.004637724495552329,0.4546424271093481
17936,0.9115971966402253,0.0041863310577814,0.0842164723019933
17937,0.8973910780680532,0.007893712623725367,0.09471520930822151
17938,0.07986731095979353,0.00631039512982551,0.913822293910381
17939,0.9518934734586298,0.004499318260194687,0.043607208281175376
17940,0.9352498162149429,0.03805801993601701,0.026692163849040138
17941,0.18001897152760307,0.09490069023272127,0.7250803382396757
17942,0.968774058836948,0.009704264557009623,0.02152167660604227
17943,0.8977090807911525,0.01119262226990233,0.09109829693894501
17944,0.979258119323344,0.0012277977124782369,0.019514082964177885
17945,0.3372280624134897,0.010019449932228216,0.6527524876542822
17946,0.7390094947594102,0.001272993020476707,0.25971751222011297
17947,0.009581798581832513,0.001393853616214421,0.989024347801953
17948,0.8024254299356098,0.005579050813764192,0.1919955192506259
17949,0.8717652354343511,0.002536836988035728,0.1256979275776131
17950,0.9853488485287137,0.0012272315878032057,0.013423919883483102
17951,0.9004007580133506,0.0015579237950967585,0.0980413181915527
17952,0.8718878623759952,0.007903086419151162,0.12020905120485353
17953,0.6789015687606149,0.016159650828697348,0.30493878041068784
17954,0.33925420293382885,0.009170434187065582,0.6515753628791057
17955,0.9739810753286668,0.002684512299693198,0.023334412371640006
17956,0.8439458165834256,0.0011145791262620964,0.1549396042903122
17957,0.9038866154986245,0.03154811255435439,0.06456527194702119
17958,0.043432488639698646,0.005241847414680209,0.9513256639456212
17959,0.8617348338876645,0.017282652144938758,0.1209825139673968
17960,0.6956253008853887,0.002845970024895021,0.30152872908971623
17961,0.6342479870533763,0.0013369731912170918,0.36441503975540673
17962,0.03153951861264618,0.014263844876066072,0.9541966365112877
17963,0.9694134076622083,0.002472843571706361,0.02811374876608514
17964,0.5026036141664113,0.4375415280773693,0.0598548577562194
17965,0.970429194964042,0.005877769716984317,0.023693035318973713
17966,0.9858375888902802,0.0008050617262147237,0.013357349383505168
17967,0.9572492934776196,0.0011688267283762527,0.041581879794004115
17968,0.9795769162945926,0.0029600514248802625,0.01746303228052692
17969,0.921076161331873,0.004167346959661704,0.0747564917084653
17970,0.7323419224957934,0.004336428442132104,0.2633216490620745
17971,0.14984698936026686,0.040470405358795127,0.809682605280938
17972,0.7796416231170048,0.17961535926721336,0.04074301761578193
17973,0.9296080755654883,0.011073298906709512,0.05931862552780204
17974,0.9619598492930501,0.010658459834878477,0.027381690872071443
17975,0.008951365768321654,0.008238804543575241,0.9828098296881032
17976,0.8712914735486768,0.059381370872334596,0.06932715557898855
17977,0.01440272181607315,0.0019166746501796301,0.9836806035337473
17978,0.5953600340044902,0.011858652800866388,0.39278131319464343
17979,0.006639533661284229,0.016734916955695307,0.9766255493830204
17980,0.36007264783677345,0.0612854907263493,0.5786418614368772
17981,0.5158426220459692,0.049891447811856116,0.43426593014217474
17982,0.9862639372189157,0.0013098526030333503,0.012426210178050984
17983,0.49268405711380947,0.04786859523322016,0.4594473476529703
17984,0.5873502431316202,0.042669324703405544,0.36998043216497417
17985,0.9747077307245766,0.00263697323461764,0.022655296040805635
17986,0.11905788661183814,0.06275639540615105,0.8181857179820108
17987,0.8243469235979425,0.03533975216485628,0.1403133242372012
17988,0.8716050519142808,0.0014464617038820367,0.126948486381837
17989,0.9300354630887224,0.016108641614273073,0.053855895297004394
17990,0.9799791165619508,0.004271455481163982,0.015749427956885366
17991,0.9274710814615007,0.011421449087844947,0.061107469450654366
17992,0.0376891060003633,0.0038439448579182024,0.9584669491417184
17993,0.9580183187763041,0.02225968132924535,0.019721999894450667
17994,0.916929928347627,0.0029658180505340434,0.08010425360183906
17995,0.12616418682744615,0.009956893362460714,0.8638789198100931
17996,0.9212988273341397,0.015863256685212976,0.06283791598064746
17997,0.6595409653413902,0.023905026266504186,0.3165540083921056
17998,0.8017920105758183,0.00559574987754927,0.19261223954663248
17999,0.9553099409036482,0.0039219925084510495,0.04076806658790079
18000,0.05539083584199591,0.4715257426872218,0.4730834214707824
18001,0.9794714370601816,0.011464817364959752,0.009063745574858702
18002,0.9671454305578595,0.004970417069005693,0.0278841523731348
18003,0.0037484532936324704,0.0012411066432145223,0.9950104400631531
18004,0.015067929021368928,0.001231886369622786,0.9837001846090084
18005,0.5212434107168081,0.22091848744004947,0.2578381018431424
18006,0.9685791840507953,0.01828397463259482,0.013136841316609967
18007,0.4453763025490327,0.12085213027979311,0.43377156717117404
18008,0.9782888732800604,0.0024188389620733324,0.01929228775786611
18009,0.003938396622616748,0.0014801269128164427,0.9945814764645667
18010,0.46020155637221694,0.007994061548927846,0.5318043820788552
18011,0.21885669812852374,0.02431145055574148,0.7568318513157348
18012,0.080031723000892,0.05367969974951553,0.8662885772495926
18013,0.9860568866255751,0.005210245496242701,0.00873286787818224
18014,0.8921844394783074,0.007868810187514336,0.09994675033417832
18015,0.9467088409104036,0.010406479511700269,0.04288467957789601
18016,0.9497517968384033,0.003549162530384246,0.04669904063121255
18017,0.8411019546763461,0.024546765346560345,0.13435127997709354
18018,0.33000167939594993,0.004004043234327858,0.665994277369722
18019,0.3835859315341755,0.07503062285591489,0.5413834456099097
18020,0.5706177142972054,0.0033638328555356035,0.4260184528472589
18021,0.980628710711687,0.0064080800397300535,0.012963209248582968
18022,0.23521856188008536,0.0030681432713849195,0.7617132948485297
18023,0.3719309929443042,0.032262257418448036,0.5958067496372478
18024,0.9904824881787669,0.0003825759521318586,0.009134935869101133
18025,0.8571900469203741,0.018498958482593024,0.12431099459703289
18026,0.9579489305486979,0.001100272186314445,0.04095079726498763
18027,0.9421126511757564,0.010102181871093194,0.04778516695315044
18028,0.9503563850078705,0.014718734192032387,0.03492488080009706
18029,0.8128636071847685,0.01429782098022526,0.17283857183500612
18030,0.38894470728235875,0.0956659153478443,0.5153893773697971
18031,0.5186419320770047,0.07640711961570291,0.4049509483072924
18032,0.5221173085991638,0.028438349805437923,0.4494443415953983
18033,0.39991465660495756,0.0077673804612542734,0.5923179629337882
18034,0.03740518209387981,0.005974442442517471,0.9566203754636028
18035,0.19311426390728129,0.012723667683527198,0.7941620684091915
18036,0.934464792264333,0.007297195644357803,0.05823801209130917
18037,0.9837626723483732,0.005652182541391588,0.010585145110235152
18038,0.9031393439610812,0.0018381511385305092,0.09502250490038829
18039,0.5907792213498109,0.00944159390563389,0.39977918474455526
18040,0.25807787550106603,0.008239893178846278,0.7336822313200877
18041,0.9655966283360445,0.011168635851894619,0.023234735812060845
18042,0.3044190515259327,0.23343024376728272,0.4621507047067845
18043,0.9600705932791964,0.00783377852317144,0.03209562819763221
18044,0.46036654619496714,0.0112422050716694,0.5283912487333634
18045,0.7155477077098974,0.009824811632049226,0.2746274806580533
18046,0.07595658301328086,0.005626065046479149,0.9184173519402401
18047,0.12473187690354223,0.017158731199566738,0.8581093918968911
18048,0.7497531018758443,0.009259735403051507,0.2409871627211041
18049,0.13865252741190873,0.0055649027189709184,0.8557825698691204
18050,0.8934922386803454,0.0012554863701173637,0.10525227494953734
18051,0.03645910866253121,0.0176589086089521,0.9458819827285168
18052,0.3074568820147513,0.0036404097221161775,0.6889027082631325
18053,0.9813840078958094,0.001963920126099565,0.016652071978091074
18054,0.7231274919457237,0.024254157418631756,0.2526183506356446
18055,0.5298338889365358,0.014543266230441632,0.4556228448330226
18056,0.3542400567559237,0.018079398933382836,0.6276805443106934
18057,0.7531448551613736,0.0042473127511769215,0.24260783208744954
18058,0.8692574066975356,0.01658480804179513,0.11415778526066932
18059,0.3589324991267198,0.007326346317346814,0.6337411545559333
18060,0.7451686542741223,0.013200055575802469,0.24163129015007512
18061,0.9384884940672374,0.013424919211038706,0.04808658672172367
18062,0.9281988509275215,0.003891782055445884,0.06790936701703244
18063,0.9871554893668845,0.0032155330387040808,0.009628977594411526
18064,0.4058277789495532,0.007121333147162025,0.5870508879032847
18065,0.8627185743499403,0.012636991546338834,0.12464443410372097
18066,0.9004115637202905,0.003960008553232716,0.09562842772647696
18067,0.029691846228808976,0.02909420259455462,0.9412139511766365
18068,0.9651486159003777,0.008667649947460448,0.02618373415216182
18069,0.9570021430541982,0.006892645497514482,0.03610521144828745
18070,0.3074321078147905,0.001183828963067149,0.6913840632221422
18071,0.7443754896845085,0.020782439943637203,0.23484207037185434
18072,0.196603879885802,0.005768772799834894,0.797627347314363
18073,0.5567607950428755,0.0971706214022553,0.34606858355486936
18074,0.8450212004405828,0.029964645014739288,0.12501415454467796
18075,0.41637165562995765,0.04248151046821063,0.5411468339018318
18076,0.6588057150721565,0.0024196711976302333,0.33877461373021334
18077,0.030413840300401916,0.0020545812480711845,0.9675315784515269
18078,0.005483104119944854,0.003059340807858622,0.9914575550721965
18079,0.702797821808165,0.006924045185514568,0.29027813300632044
18080,0.8851323725734839,0.009716420067558322,0.1051512073589579
18081,0.9244133975569059,0.011933368481828369,0.06365323396126561
18082,0.9894709964668764,0.004038011429155529,0.006490992103967914
18083,0.9436600528006228,0.01073401439457151,0.045605932804805675
18084,0.024074176255370137,0.03363565913358114,0.9422901646110489
18085,0.9804388719047059,0.007203861040151057,0.012357267055142956
18086,0.9773476271562651,0.009342674353824361,0.013309698489910426
18087,0.008869091051596906,0.0008999395072066281,0.9902309694411965
18088,0.25662012585806926,0.24646393188208535,0.49691594225984537
18089,0.8936552647158207,0.0022923466670788507,0.10405238861710055
18090,0.06188836109933497,0.009467333605997247,0.9286443052946678
18091,0.9799921259533623,0.0028373887056947406,0.01717048534094289
18092,0.6328077520599145,0.046436924345465,0.3207553235946205
18093,0.9440587777731905,0.014868446874361516,0.041072775352448035
18094,0.06601655198284177,0.019935142413423736,0.9140483056037346
18095,0.9881663012566595,0.0012325215860790968,0.010601177157261417
18096,0.15027979975747155,0.05326020726700492,0.7964599929755235
18097,0.8099035259838169,0.08922115673116451,0.10087531728501871
18098,0.6359657962194787,0.03263806769144859,0.3313961360890728
18099,0.9905516003196841,0.0006687662962879552,0.00877963338402787
18100,0.7533017260856435,0.07036891141164442,0.1763293625027121
18101,0.8180798370542518,0.03711489820084934,0.1448052647448989
18102,0.9728308243841641,0.0019561028069342012,0.025213072808901706
18103,0.9431073908943386,0.005499320798084096,0.051393288307577285
18104,0.9018208032031925,0.03323328868873643,0.06494590810807116
18105,0.9855448252461961,0.0017916448780895924,0.012663529875714407
18106,0.8741091550946958,0.10605239583196328,0.019838449073340845
18107,0.9574444342699839,0.002862333378502587,0.039693232351513605
18108,0.8837520910049343,0.00570315937328946,0.11054474962177611
18109,0.41301301018465614,0.01383901572226504,0.5731479740930788
18110,0.0025147760937248315,0.0010199467022325285,0.9964652772040425
18111,0.7377539034425982,0.010721787568118913,0.2515243089892831
18112,0.0019999038592346196,0.0007280741293618759,0.9972720220114035
18113,0.003099441250944898,0.0018362745217682076,0.995064284227287
18114,0.9615385547060172,0.011689024910361586,0.026772420383621154
18115,0.22752608159743035,0.007162475243249716,0.7653114431593199
18116,0.29879084430462327,0.0036098597886784142,0.6975992959066982
18117,0.923824604389057,0.024454250625798923,0.05172114498514415
18118,0.7456018093158872,0.006650910977543148,0.24774727970656985
18119,0.9660633576849836,0.0007189229984916379,0.03321771931652463
18120,0.9075161435312133,0.007628359731929542,0.08485549673685708
18121,0.9840919750123771,0.0007297605591386087,0.015178264428484124
18122,0.9175765814435486,0.0028347936481544207,0.07958862490829689
18123,0.5391403535052439,0.015957777041915824,0.4449018694528402
18124,0.4417025363804459,0.0673764511901545,0.4909210124293996
18125,0.3039308505321241,0.016405811372043614,0.6796633380958323
18126,0.9014977638085268,0.016349649769903087,0.08215258642157018
18127,0.9385579781505444,0.006174522746406882,0.055267499103048755
18128,0.9685611215095185,0.004037722255274366,0.027401156235207193
18129,0.43593877285443994,0.06250124151534135,0.5015599856302188
18130,0.5641516020752447,0.02853112461193324,0.40731727331282214
18131,0.07419795026485455,0.012768400343593193,0.9130336493915522
18132,0.2097732752830632,0.01363830402237492,0.7765884206945619
18133,0.9733515098991227,0.0037560084554373843,0.022892481645439788
18134,0.969068434272737,0.0013410748648232539,0.029590490862439766
18135,0.601922068290377,0.05573533264800134,0.3423425990616217
18136,0.9087232928183963,0.004456381439375656,0.08682032574222805
18137,0.9725893160550779,0.002491712468736018,0.024918971476185874
18138,0.9039500521224277,0.0024668315891010245,0.09358311628847107
18139,0.07133318684043731,0.03485896174307874,0.893807851416484
18140,0.9901374003973206,0.0016411096967542242,0.008221489905925318
18141,0.0008183142717496125,0.00021201670010190295,0.9989696690281485
18142,0.17955392443283996,0.0015891027689751628,0.8188569727981848
18143,0.8242674551764937,0.005580660076181367,0.1701518847473251
18144,0.05156728006053316,0.016124620424522024,0.9323080995149448
18145,0.06035868398556578,0.003978418216834087,0.9356628977976003
18146,0.9114269675972152,0.01021267714326308,0.0783603552595217
18147,0.6556242320099473,0.00891625951766823,0.3354595084723844
18148,0.6966503540309575,0.004298828669421589,0.2990508172996208
18149,0.9654869085160135,0.0016445485030641585,0.032868542980922275
18150,0.07712488352389618,0.004057719510368768,0.918817396965735
18151,0.941690363386679,0.040119591860191116,0.01819004475312973
18152,0.9296714787000924,0.0019310252732620294,0.06839749602664567
18153,0.0021948085076503657,0.0007025260354201268,0.9971026654569296
18154,0.2907147599087036,0.17510111128929928,0.5341841288019971
18155,0.954000971930232,0.0025521792336334775,0.0434468488361344
18156,0.001880612056293652,0.0016891952622766532,0.9964301926814296
18157,0.9755475437899653,0.0029971507843254766,0.021455305425709052
18158,0.386395602514937,0.08170734950558799,0.531897047979475
18159,0.9868559319084386,0.0009655761002038606,0.01217849199135759
18160,0.9503777951505381,0.011473074655022878,0.03814913019443902
18161,0.9549018326306936,0.005386583542602259,0.039711583826704096
18162,0.0178338290897355,0.010272605367296187,0.9718935655429685
18163,0.06556138602728381,0.12433555902409824,0.8101030549486179
18164,0.9632696492451402,0.0008884695367957583,0.03584188121806405
18165,0.9835770971569626,0.0017312367915636182,0.014691666051473824
18166,0.7250992461490111,0.04963791082129758,0.22526284302969116
18167,0.012651112139861153,0.00515977440707217,0.9821891134530667
18168,0.044444112840906685,0.011993968679841127,0.9435619184792521
18169,0.9575471972907174,0.010963938418918817,0.03148886429036384
18170,0.02886686646706607,0.007709677249116983,0.9634234562838171
18171,0.05235941259363644,0.027422655644739703,0.9202179317616239
18172,0.9795060241549428,0.0024954797258832113,0.017998496119173854
18173,0.7787701060743084,0.15843623540663573,0.0627936585190558
18174,0.9234883171978011,0.007586268461841217,0.06892541434035777
18175,0.9607320557585851,0.002093245078945307,0.03717469916246962
18176,0.9054938388430626,0.010242826000058816,0.08426333515687867
18177,0.09118362357464695,0.013712332896413467,0.8951040435289396
18178,0.1306632527984734,0.005698722455147066,0.8636380247463795
18179,0.5555276676094462,0.05242566939811065,0.39204666299244323
18180,0.9721673715640495,0.004608577599089584,0.02322405083686074
18181,0.6085931489351387,0.3407008773119757,0.050705973752885526
18182,0.7585310510628137,0.0298088317682788,0.2116601171689074
18183,0.4239164606750268,0.1426983604326886,0.4333851788922847
18184,0.971070064463347,0.014943552234261295,0.013986383302391757
18185,0.7946146867947531,0.0034283163191784058,0.20195699688606855
18186,0.8034926145920652,0.006255616812129866,0.19025176859580475
18187,0.9096394454692778,0.0022149613171272148,0.08814559321359502
18188,0.8895766627758026,0.06017594389041152,0.050247393333785875
18189,0.7554624944601354,0.009581834013539575,0.234955671526325
18190,0.9770270707866978,0.004111454735747963,0.018861474477554277
18191,0.9535720971661883,0.004574888313698703,0.04185301452011295
18192,0.707841877029115,0.017766847337994256,0.2743912756328907
18193,0.9818500211730472,0.0026977950958323384,0.01545218373112055
18194,0.8773949851394192,0.04627766432732353,0.07632735053325725
18195,0.011370775778219534,0.0018278158045148044,0.9868014084172656
18196,0.28189179507201106,0.004077526192707553,0.7140306787352814
18197,0.9566467064980536,0.011920775922714774,0.03143251757923151
18198,0.9668549935532192,0.003570576989850227,0.0295744294569305
18199,0.9326034597574558,0.010434416004732282,0.05696212423781193
18200,0.801627512122155,0.01859799075331077,0.17977449712453428
18201,0.7396396752717627,0.01018470173213975,0.2501756229960976
18202,0.9595829665493195,0.008047937331810973,0.03236909611886959
18203,0.97136194192224,0.00597739045532012,0.022660667622439828
18204,0.7261385277984854,0.007247686194542849,0.26661378600697183
18205,0.7746113511544941,0.040169080408932974,0.18521956843657295
18206,0.5000936124151263,0.02407410832367927,0.4758322792611944
18207,0.012813003382571972,0.0021851293255329197,0.985001867291895
18208,0.9679994604971607,0.009321837611614292,0.022678701891225103
18209,0.0035374460121191144,0.0004997270310651894,0.9959628269568157
18210,0.9608077937615777,0.001971013478820307,0.03722119275960198
18211,0.974009532376612,0.0036969543999697922,0.02229351322341822
18212,0.4478215532617435,0.08236482522429255,0.46981362151396383
18213,0.980040718174761,0.00835921498588645,0.011600066839352653
18214,0.9617650969079998,0.019200873726886458,0.019034029365113583
18215,0.719512218341319,0.009745937532754262,0.27074184412592667
18216,0.9077899708060138,0.024768358170925885,0.06744167102306048
18217,0.5958811198705133,0.0796627871383642,0.32445609299112244
18218,0.9462676209964673,0.0035364311439013605,0.05019594785963139
18219,0.20856880275239278,0.05888309483491361,0.7325481024126936
18220,0.925938223782425,0.00640561127637086,0.06765616494120422
18221,0.9787268574318,0.0030890911130563798,0.01818405145514363
18222,0.9471317573234955,0.0051216467605629335,0.047746595915941596
18223,0.24191367803287767,0.006761615728972344,0.75132470623815
18224,0.8922369464294261,0.008714339667948278,0.09904871390262562
18225,0.9833269926727439,0.0041783987720373,0.012494608555218707
18226,0.9122310152171175,0.0093723711736669,0.07839661360921571
18227,0.7856341449100712,0.00965636734983029,0.20470948774009862
18228,0.9242265898156724,0.00874182485466686,0.06703158532966073
18229,0.9346467289276897,0.00378753977195975,0.06156573130035063
18230,0.8028174032025054,0.0032167316736866807,0.19396586512380792
18231,0.9760850504429028,0.005406126192137022,0.01850882336496007
18232,0.927562290327034,0.03886672873557536,0.033570980937390506
18233,0.014161375884257744,0.011803603986216304,0.974035020129526
18234,0.33397989093668035,0.02016109102218015,0.6458590180411394
18235,0.9669654160978002,0.012590292608792956,0.020444291293406927
18236,0.8427512037500101,0.00941278681965192,0.14783600943033817
18237,0.7849153293797204,0.13028761731613117,0.08479705330414837
18238,0.9714958785727772,0.0035450536415125404,0.024959067785710404
18239,0.8689824756136276,0.014167008955515849,0.1168505154308564
18240,0.7271277194509941,0.005788335743849767,0.2670839448051561
18241,0.9662079928304818,0.01354523692148632,0.02024677024803202
18242,0.9331661063374052,0.0048423208318013385,0.06199157283079352
18243,0.8230662974267823,0.039630829370501365,0.13730287320271628
18244,0.9595595161746454,0.002121559392495295,0.038318924432859364
18245,0.9235162276088379,0.013848595942370008,0.06263517644879192
18246,0.9541556874385728,0.01381101670464114,0.032033295856786
18247,0.010324996953450327,0.0028047527727995247,0.9868702502737501
18248,0.9767799303220842,0.0035825397870958577,0.019637529890819905
18249,0.9639844083054913,0.0276483621874463,0.008367229507062403
18250,0.9806980405668833,0.001886523153100048,0.01741543628001683
18251,0.003445908240699924,0.0008775296901086245,0.9956765620691915
18252,0.9802399799610847,0.005895452844077339,0.013864567194837875
18253,0.1328267278589983,0.00592183064958395,0.8612514414914179
18254,0.26351322333535965,0.015309431916461719,0.7211773447481786
18255,0.769446763916521,0.046708756374736156,0.18384447970874285
18256,0.33452363853602085,0.024051612409966564,0.6414247490540127
18257,0.9645482633228049,0.0037166144943139323,0.03173512218288129
18258,0.6837661221588031,0.05755351329910458,0.2586803645420923
18259,0.8610516655596421,0.03384988020081143,0.10509845423954653
18260,0.060615225792977616,0.002075979977838121,0.9373087942291843
18261,0.9719015877651197,0.004332046130925013,0.023766366103955362
18262,0.7059777296290668,0.0685225885020395,0.22549968186889371
18263,0.44638527371680436,0.4784770934856811,0.07513763279751466
18264,0.9269071671063803,0.013490007566706276,0.059602825326913404
18265,0.027284105411092156,0.020182119154163264,0.9525337754347445
18266,0.8863533103992112,0.004804219738424227,0.10884246986236461
18267,0.9332183576666445,0.019164526018336042,0.047617116315019595
18268,0.9309630697741232,0.0015028843360308955,0.067534045889846
18269,0.9327521654424388,0.005815659332014656,0.06143217522554667
18270,0.9667453593062495,0.004180502805882167,0.029074137887868452
18271,0.9222776090116086,0.005391124438198397,0.07233126655019298
18272,0.785967561717319,0.04024389371925277,0.17378854456342832
18273,0.9416748716807186,0.004117731589969506,0.054207396729311956
18274,0.7772451842435334,0.024382306181158594,0.19837250957530797
18275,0.8430749547584886,0.01067674202928222,0.14624830321222923
18276,0.18654961921151844,0.02456412644745757,0.7888862543410239
18277,0.9903519438366485,0.005980631531435994,0.003667424631915609
18278,0.641637836665421,0.006672798476797916,0.351689364857781
18279,0.933759417727613,0.023183801557764987,0.043056780714622114
18280,0.3635237082997826,0.01886751355755367,0.6176087781426637
18281,0.014337158216523387,0.008763665127149422,0.9768991766563272
18282,0.832481522235425,0.019012753121214847,0.14850572464336018
18283,0.7335761417857584,0.010228965495663572,0.256194892718578
18284,0.5414240688787756,0.08501523299809216,0.3735606981231323
18285,0.6325593641467874,0.10175621745385444,0.26568441839935814
18286,0.9533023213948121,0.0033784561337305845,0.043319222471457475
18287,0.911961275912534,0.0059936553081318756,0.08204506877933408
18288,0.8055153964908002,0.0044729140915550514,0.1900116894176448
18289,0.4491297716160709,0.0151937277625781,0.535676500621351
18290,0.9228704232470167,0.006669849083348387,0.07045972766963497
18291,0.944517689497589,0.002538796915416038,0.05294351358699506
18292,0.9680538833171565,0.002797377273314163,0.0291487394095295
18293,0.931181150149249,0.005206291473532178,0.06361255837721871
18294,0.9806697427224242,0.0012005798593775082,0.018129677418198088
18295,0.9803309850990729,0.005095939118473463,0.01457307578245359
18296,0.4096891538856856,0.015145422346994904,0.5751654237673195
18297,0.8818381575333966,0.008416925816177907,0.10974491665042564
18298,0.9530931426547004,0.015736921535357065,0.03116993580994255
18299,0.9363886828983715,0.007887218275850844,0.05572409882577757
18300,0.1929378531430648,0.04324778037450581,0.7638143664824293
18301,0.9782038795454046,0.001192508139215594,0.020603612315379844
18302,0.9769478653197499,0.0031721652412542486,0.019879969438995962
18303,0.9593090291714487,0.0038599572958569746,0.03683101353269442
18304,0.6216505066534062,0.07700989978554636,0.3013395935610474
18305,0.7996493386162276,0.10774585028233644,0.09260481110143602
18306,0.9699348167247294,0.010577470076584553,0.01948771319868603
18307,0.9278177389050501,0.006162285077643876,0.06601997601730596
18308,0.5796073995402259,0.008523647333910915,0.4118689531258633
18309,0.9124844748679549,0.005264353901367032,0.08225117123067799
18310,0.9566802641034049,0.004529403621765305,0.03879033227482975
18311,0.9713553401481505,0.003133355129972889,0.02551130472187679
18312,0.002490920840779564,0.0008545971646890793,0.9966544819945314
18313,0.8547957335616826,0.009941249442104809,0.13526301699621263
18314,0.5546188787974086,0.0024250988336624642,0.442956022368929
18315,0.8541601676340219,0.06987528662988775,0.07596454573609035
18316,0.9795320019734699,0.0029440705103069924,0.01752392751622305
18317,0.04759255215037363,0.0022139287704375167,0.9501935190791888
18318,0.9073111388972134,0.00300440693214724,0.08968445417063935
18319,0.9309971042436275,0.003409203002906706,0.06559369275346594
18320,0.7478033090679188,0.013121473368618861,0.2390752175634623
18321,0.9581573712015052,0.004001385440345039,0.03784124335814973
18322,0.9791119360502311,0.004390265130467161,0.016497798819301614
18323,0.5561203906719715,0.17737073029922168,0.26650887902880693
18324,0.9295859543773761,0.001967842184700541,0.06844620343792333
18325,0.017546106488629896,0.0020158019177501565,0.9804380915936199
18326,0.9680229067865813,0.008527482490282366,0.023449610723136227
18327,0.922899527498964,0.006908439439934993,0.07019203306110096
18328,0.9622982369147545,0.021322393716750307,0.01637936936849524
18329,0.9202773654274221,0.0039568464896854345,0.0757657880828924
18330,0.6343525455106718,0.0011437216416808295,0.3645037328476473
18331,0.9005819272636029,0.06814491650522744,0.03127315623116966
18332,0.9522559983999314,0.016312396472161046,0.031431605127907464
18333,0.9517391256396375,0.006057468375788035,0.04220340598457445
18334,0.9232229477918613,0.0344327214010095,0.04234433080712909
18335,0.8826222884496749,0.02899655991844686,0.08838115163187815
18336,0.9450021731444087,0.003561153213819025,0.0514366736417722
18337,0.9502889899457042,0.00473973510336537,0.04497127495093041
18338,0.019829298199284296,0.014239252843940361,0.9659314489567754
18339,0.7796694605386499,0.03451726807323507,0.18581327138811507
18340,0.963491820568256,0.003817174427373813,0.032691005004370194
18341,0.7965857979986167,0.014707595031601461,0.1887066069697818
18342,0.3446584352443712,0.029289922455754885,0.626051642299874
18343,0.060669124408425854,0.13114451395131482,0.8081863616402593
18344,0.9155306946829813,0.041772702293330535,0.04269660302368817
18345,0.6665059879445813,0.014216843676829122,0.3192771683785895
18346,0.9544006379622894,0.003952927722165547,0.0416464343155452
18347,0.13910127066523098,0.00446284759716824,0.8564358817376007
18348,0.20378327735882265,0.011047763183871191,0.7851689594573062
18349,0.803015492939028,0.016390207213333594,0.18059429984763853
18350,0.8098565989576508,0.03882520603613831,0.15131819500621096
18351,0.9870761509323485,0.0013385026356162492,0.011585346432035253
18352,0.6761183205817316,0.026788801246604665,0.2970928781716637
18353,0.8876162892514697,0.002047118147309734,0.1103365926012204
18354,0.09446907141450626,0.061552398289841236,0.8439785302956526
18355,0.9191795426096757,0.008959735617121323,0.07186072177320314
18356,0.9539120948102431,0.0020120004014139285,0.04407590478834288
18357,0.14367962228613443,0.2314699499288969,0.6248504277849687
18358,0.06005448195493282,0.00789694054301382,0.9320485775020533
18359,0.051798242953897504,0.021410448110821698,0.9267913089352807
18360,0.9822678360781044,0.008782676260427036,0.008949487661468712
18361,0.9431839052685114,0.005249013856767101,0.05156708087472151
18362,0.0036769167081801223,0.002486172457116553,0.9938369108347034
18363,0.03703725173430822,0.04324816397793273,0.9197145842877592
18364,0.677986521893424,0.05654264954143055,0.2654708285651454
18365,0.9729504051173503,0.0045023544034754745,0.022547240479174235
18366,0.9607310336740819,0.022253600255963547,0.017015366069954612
18367,0.3116513711755128,0.3267815937861451,0.36156703503834214
18368,0.2459395586645849,0.018386467373199097,0.735673973962216
18369,0.07179549542930748,0.01777555367847251,0.9104289508922201
18370,0.980698188097784,0.0009667895426174599,0.018335022359598593
18371,0.01953590024030803,0.0035660677268136098,0.9768980320328784
18372,0.08696355841333517,0.10474804210317662,0.8082883994834882
18373,0.8613070746529932,0.010844199807702105,0.1278487255393048
18374,0.9824720934259792,0.00173095567469353,0.015796950899327408
18375,0.454131030228634,0.0060054729300108994,0.5398634968413552
18376,0.9282384601143321,0.001767241992218751,0.06999429789344899
18377,0.8085021881183129,0.0856472304746587,0.10585058140702848
18378,0.7830658588564376,0.015342969616391519,0.20159117152717093
18379,0.9253975683634542,0.003046979420259471,0.07155545221628637
18380,0.9704807815023642,0.0028409413820473474,0.026678277115588345
18381,0.20867372804336745,0.005204595712919822,0.7861216762437127
18382,0.7312111931880249,0.03486442446307616,0.23392438234889898
18383,0.9565669092279525,0.009937322434237202,0.03349576833781026
18384,0.884416003132387,0.008474280863822755,0.1071097160037903
18385,0.4892858296834999,0.028573696967906785,0.4821404733485933
18386,0.39388818277934173,0.009004951127647057,0.5971068660930112
18387,0.6298985336757403,0.08849480524045931,0.2816066610838004
18388,0.6468939788090555,0.06283135340113594,0.2902746677898086
18389,0.9667659671685169,0.004206986921541253,0.029027045909941714
18390,0.9530106144005202,0.0024257826774376928,0.04456360292204217
18391,0.8335568138108715,0.012525302196570089,0.15391788399255826
18392,0.7308051614014863,0.01256597826844573,0.256628860330068
18393,0.7637992259084769,0.023167947679566717,0.21303282641195628
18394,0.8717568229771544,0.0026103383824817483,0.12563283864036387
18395,0.9592509248067755,0.00920208765212925,0.03154698754109524
18396,0.5387519707579775,0.004026675661390484,0.45722135358063193
18397,0.9869883844611478,0.0034945546030817945,0.009517060935770537
18398,0.028901113172343642,0.003962156527276583,0.9671367303003798
18399,0.9844938379553607,0.0014135960555462246,0.014092565989093052
18400,0.8347518664308097,0.005390790836245609,0.15985734273294475
18401,0.6240001965949492,0.025230838489560446,0.3507689649154905
18402,0.9578105406938551,0.0033771771697617297,0.03881228213638324
18403,0.9778102166780392,0.0030907182356651464,0.019099065086295604
18404,0.7513653483855498,0.011241076915408566,0.2373935746990417
18405,0.008482804390124842,0.013564662079159299,0.9779525335307159
18406,0.003913061218285258,0.0014849750455829978,0.9946019637361317
18407,0.9454003581364643,0.001967643195990145,0.05263199866754555
18408,0.9919897469082786,0.0003280361853792284,0.00768221690634218
18409,0.0019585132500604483,0.0002776492918932245,0.9977638374580464
18410,0.7516246420894002,0.02335977922095375,0.22501557868964608
18411,0.02461745151812205,0.004474842641750012,0.970907705840128
18412,0.005525006315632196,0.0008036624466602299,0.9936713312377077
18413,0.9403725724499759,0.004065383900051136,0.05556204364997298
18414,0.8875240417322916,0.016895106444253346,0.095580851823455
18415,0.7792837494466701,0.07060938451395703,0.15010686603937282
18416,0.6016287571476738,0.014687651936395972,0.38368359091593024
18417,0.7425040111823352,0.19034840715216486,0.06714758166549982
18418,0.5277418762570998,0.00704600136324214,0.46521212237965814
18419,0.01891723826432716,0.044733007439874954,0.9363497542957978
18420,0.012769919630014753,0.0033953063658042877,0.9838347740041811
18421,0.7510114939490603,0.024214308688978867,0.2247741973619607
18422,0.8242134567298507,0.010073884209022613,0.16571265906112664
18423,0.9767507260771064,0.007953189113205809,0.015296084809687829
18424,0.9079608821146091,0.005096435220983481,0.08694268266440734
18425,0.9875621485033719,0.0007910981320492922,0.011646753364578839
18426,0.8736133140821997,0.014496631527048899,0.1118900543907513
18427,0.005520182398793453,0.0017918521446905768,0.9926879654565159
18428,0.9381945435034829,0.008170420701149062,0.05363503579536796
18429,0.4802585954663636,0.010551951909906229,0.50918945262373
18430,0.5349390402199385,0.07688219288328468,0.38817876689677683
18431,0.8762976885010354,0.004560251586486347,0.11914205991247834
18432,0.7380330813576845,0.016881998203610034,0.24508492043870536
18433,0.238787533510025,0.005156748833085183,0.75605571765689
18434,0.9678881282272649,0.00557605675613102,0.026535815016604083
18435,0.7200273327970867,0.005664377568343057,0.27430828963457027
18436,0.9102898590765175,0.051237384676498444,0.03847275624698409
18437,0.9533742416951703,0.006100999833076236,0.040524758471753464
18438,0.9424593314522705,0.006258162699814315,0.051282505847915216
18439,0.07331349982606386,0.016186340551538635,0.9105001596223976
18440,0.33050216438637203,0.03605261735895336,0.6334452182546747
18441,0.8729840647174386,0.029572989337189753,0.09744294594537165
18442,0.46687457801830556,0.025323795336721504,0.507801626644973
18443,0.9603605794862137,0.005684920636906479,0.03395449987688003
18444,0.8906289771109592,0.007966441806429704,0.10140458108261109
18445,0.4760375904590885,0.08787704882641285,0.4360853607144987
18446,0.6323007868088963,0.006680399819619556,0.3610188133714841
18447,0.9424870629113591,0.005699179165505439,0.05181375792313539
18448,0.026579993961923416,0.0024576605781261042,0.9709623454599504
18449,0.03342687841508798,0.006831058856570776,0.9597420627283412
18450,0.07887745498147132,0.03752965824570717,0.8835928867728216
18451,0.8973196022930947,0.014382055025342596,0.08829834268156253
18452,0.8142676167475341,0.14890670639709633,0.03682567685536968
18453,0.7198206309991053,0.014868342493470433,0.2653110265074242
18454,0.9686393346840765,0.002035830065207581,0.029324835250715824
18455,0.045461659814106076,0.0057269988139251405,0.9488113413719688
18456,0.09007624400330205,0.006357196135671945,0.9035665598610261
18457,0.8322880966941387,0.010648786631171695,0.15706311667468956
18458,0.6497042362573553,0.03314266861334157,0.3171530951293032
18459,0.011028266566178672,0.008685975554231068,0.9802857578795904
18460,0.7543298145873258,0.0078044972120293625,0.23786568820064477
18461,0.8701657246831299,0.004724110383713031,0.1251101649331569
18462,0.11900927618376762,0.016127004425307512,0.864863719390925
18463,0.9831871689984526,0.0016682859622318487,0.015144545039315551
18464,0.9400305931003802,0.008067096119955302,0.05190231077966457
18465,0.11260224402584464,0.3908212527146237,0.4965765032595316
18466,0.3182998215817632,0.028168432576989935,0.653531745841247
18467,0.3435142811040125,0.353563784120923,0.3029219347750644
18468,0.9689966471863937,0.005132036179738646,0.02587131663386784
18469,0.8657375330976015,0.004765564463567548,0.12949690243883105
18470,0.9783077076374447,0.0009902281406743362,0.0207020642218808
18471,0.8448397337136144,0.01741643748950832,0.13774382879687738
18472,0.9705679956998984,0.012921175404503953,0.016510828895597667
18473,0.9626177980283966,0.004005936490601701,0.03337626548100166
18474,0.89547774515625,0.028230604012083573,0.07629165083166625
18475,0.9680031480310807,0.001284956128176844,0.030711895840742548
18476,0.009572741948715359,0.0028431171281357226,0.987584140923149
18477,0.9838046792677663,0.0005527091220142274,0.015642611610219452
18478,0.1595717282998681,0.007127607351754704,0.8333006643483772
18479,0.9820749765838382,0.0018022666332171194,0.01612275678294453
18480,0.9787285568982428,0.003655323011358308,0.017616120090399
18481,0.955332792034516,0.004251888898014853,0.04041531906746891
18482,0.7226941222836878,0.1468334189911305,0.1304724587251818
18483,0.9650402715631697,0.009398318567249504,0.025561409869580814
18484,0.031944218404945025,0.0036958392224910376,0.964359942372564
18485,0.6128238361881967,0.03564243188707325,0.35153373192473014
18486,0.023481814481699493,0.002924975427907052,0.9735932100903933
18487,0.3964997247661736,0.03493216239578219,0.5685681128380442
18488,0.8637581369150881,0.012077242233473198,0.1241646208514388
18489,0.11403743059167462,0.02039596424518599,0.8655666051631394
18490,0.9015181677924561,0.004150493265770887,0.09433133894177306
18491,0.7874284275202007,0.0478901722011097,0.16468140027868966
18492,0.954566104110795,0.0031395403320441328,0.04229435555716099
18493,0.9255122481021132,0.03194835981067426,0.0425393920872127
18494,0.37965894107054443,0.10780630718087723,0.5125347517485783
18495,0.9848465863771225,0.005053408784514826,0.010100004838362674
18496,0.28386083977652543,0.1986009419847526,0.517538218238722
18497,0.3209039682362259,0.13830397139680203,0.5407920603669721
18498,0.005057055634100178,0.010851832498907137,0.9840911118669927
18499,0.9428893052397866,0.007934925310863268,0.04917576944935
18500,0.14858415570974112,0.001156416016161568,0.8502594282740973
18501,0.7559522133676794,0.044000140201755626,0.20004764643056494
18502,0.9709444130548756,0.0017843573116892797,0.027271229633435274
18503,0.4620963061442112,0.009854000633969169,0.5280496932218196
18504,0.9824884911049407,0.0006830102753478328,0.016828498619711293
18505,0.9502859355749496,0.0013572689435453172,0.04835679548150502
18506,0.5542360647413482,0.03291143668935147,0.4128524985693003
18507,0.97405118806167,0.0056744056743110935,0.020274406264018864
18508,0.5829314403339687,0.014498617896846398,0.40256994176918504
18509,0.61685563979911,0.011920847456719699,0.37122351274417037
18510,0.880240766906476,0.010584994606326966,0.10917423848719703
18511,0.8714252026633835,0.04597122599960113,0.08260357133701521
18512,0.9784266741843933,0.003973669666365596,0.017599656149240996
18513,0.3179684123374976,0.00597675216651968,0.6760548354959827
18514,0.7635563960751055,0.003945113145828018,0.23249849077906662
18515,0.9157713961693028,0.0014258400477331916,0.082802763782964
18516,0.9062203902261212,0.015761129682423814,0.07801848009145501
18517,0.9692028686741609,0.0017902675834792106,0.02900686374235976
18518,0.9560572143986376,0.014807047206869926,0.02913573839449256
18519,0.8223077168983696,0.001096544855744599,0.17659573824588592
18520,0.011998484760849387,0.0013356696050328277,0.9866658456341179
18521,0.9793052731801578,0.006410037273024691,0.014284689546817534
18522,0.9891448672437732,0.0014404567372119956,0.00941467601901481
18523,0.7507196552815535,0.09235718339180625,0.15692316132664033
18524,0.8798649744736949,0.008216469102583628,0.11191855642372144
18525,0.9172708085551771,0.034494144229566,0.0482350472152568
18526,0.4413030835198755,0.009601831106058716,0.5490950853740658
18527,0.9673086612711332,0.005410537673793604,0.027280801055073148
18528,0.938088671614918,0.00879597998998594,0.05311534839509597
18529,0.7397353627583233,0.14021608297030483,0.12004855427137177
18530,0.9453664623970258,0.012958636815344926,0.041674900787629136
18531,0.03148878092926648,0.004511880780186263,0.9639993382905473
18532,0.0760216477469769,0.002532874793876342,0.9214454774591467
18533,0.02668721043502766,0.005018966353759622,0.9682938232112127
18534,0.0073579892904666435,0.002192320957197662,0.9904496897523357
18535,0.005188538871466622,0.0007519155660241624,0.9940595455625093
18536,0.4262048662655351,0.005049660208139091,0.5687454735263259
18537,0.9661912028044438,0.004767801453807304,0.02904099574174879
18538,0.28768243972886737,0.014759614651433703,0.6975579456196989
18539,0.1771639368350259,0.014483287462068959,0.8083527757029051
18540,0.9297115550357006,0.04983271510044549,0.020455729863853838
18541,0.7680036065624651,0.006920989651421878,0.2250754037861131
18542,0.9139796253875178,0.013374273361936214,0.0726461012505461
18543,0.9806172897598299,0.0024820103900435784,0.016900699850126495
18544,0.33041262131199234,0.03098383520114952,0.6386035434868581
18545,0.7659675875175066,0.1892518203940281,0.04478059208846517
18546,0.9621373751178379,0.020025273642553392,0.01783735123960869
18547,0.9891902546065414,0.0006709091017962728,0.010138836291662288
18548,0.895141699594795,0.008930680782281738,0.0959276196229233
18549,0.8512626393362424,0.005994311931993541,0.14274304873176413
18550,0.19601404758004307,0.011577983682187138,0.7924079687377698
18551,0.008863180903579447,0.0010345190251350792,0.9901023000712854
18552,0.837503213670297,0.01352349319181506,0.14897329313788785
18553,0.9106682176031763,0.010253025142942813,0.07907875725388093
18554,0.9837452438135232,0.0011339678136829125,0.0151207883727938
18555,0.011895184850561338,0.002802288189444844,0.9853025269599938
18556,0.020526601948172102,0.04364137824338475,0.9358320198084431
18557,0.8831986378164093,0.00413955153030456,0.112661810653286
18558,0.7977653321941647,0.0028359126880278993,0.1993987551178074
18559,0.9519539621177456,0.003902212641928792,0.04414382524032576
18560,0.7273417933623044,0.005303718671935085,0.26735448796576056
18561,0.668854468847373,0.014685188135523617,0.31646034301710335
18562,0.8955704059351725,0.029302485008200325,0.07512710905662712
18563,0.9182628244147367,0.005753397585559449,0.0759837779997039
18564,0.9586821686630402,0.02023380135580625,0.021084029981153656
18565,0.7914349986470052,0.06315299924661494,0.14541200210637992
18566,0.4141240284593936,0.21813955574168878,0.36773641579891764
18567,0.3570324679690142,0.021240680434811955,0.6217268515961738
18568,0.941810131205578,0.0059229461218580845,0.05226692267256395
18569,0.7376428642304711,0.029520240394538513,0.23283689537499042
18570,0.9367981202763775,0.007352482438135686,0.05584939728548678
18571,0.025879907978029873,0.004951318050592739,0.9691687739713775
18572,0.9369821889239756,0.01917653396053651,0.043841277115488006
18573,0.7693212305313974,0.015467410337146511,0.21521135913145603
18574,0.9680073786994733,0.0013209572815355744,0.03067166401899118
18575,0.39014163423753784,0.07952068115041555,0.5303376846120467
18576,0.9120169671937325,0.021718146777649838,0.06626488602861776
18577,0.5210421774359921,0.06768117071735782,0.4112766518466501
18578,0.00920477200155589,0.00537616753665808,0.9854190604617861
18579,0.9449319265720397,0.012266094824042815,0.04280197860391747
18580,0.15281652707169283,0.041816621245102076,0.8053668516832051
18581,0.9575052242612385,0.0033631480062611295,0.039131627732500264
18582,0.9498707311461316,0.014592964335084446,0.035536304518784076
18583,0.9306363020381255,0.025282631829068487,0.04408106613280589
18584,0.3393895617618963,0.02145914492904155,0.6391512933090622
18585,0.9691478559886466,0.006182911434376987,0.024669232576976338
18586,0.9522103822513666,0.005880114593802061,0.041909503154831336
18587,0.1823966440188338,0.002492261396678577,0.8151110945844877
18588,0.9868735874061598,0.0018237854119041823,0.01130262718193591
18589,0.9434302315066594,0.004301317758931012,0.052268450734409826
18590,0.6404233706713195,0.2799658406661384,0.0796107886625421
18591,0.8707188757512495,0.020672705888341955,0.1086084183604085
18592,0.04970542701800375,0.006341641822306816,0.9439529311596895
18593,0.02265802734878888,0.02251076717958068,0.9548312054716306
18594,0.9738624787325979,0.004957162823160241,0.02118035844424179
18595,0.9425439473949254,0.006043986915232929,0.05141206568984177
18596,0.9570658248788547,0.0016432304231145088,0.04129094469803076
18597,0.08922278162941358,0.007499783136943805,0.9032774352336427
18598,0.6902041542080016,0.06438967650173638,0.24540616929026207
18599,0.9788150845905165,0.0037512036132573527,0.017433711796226214
18600,0.43297396525181014,0.006904890538788454,0.5601211442094014
18601,0.9929976411620529,0.0013994465919697572,0.005602912245977255
18602,0.5008929282560065,0.019252501974418215,0.4798545697695753
18603,0.670500352768948,0.008223806660197695,0.3212758405708543
18604,0.9660645004450388,0.006525110660570129,0.027410388894391024
18605,0.5095378184791632,0.013777922387342878,0.4766842591334938
18606,0.602362273595381,0.3230193127102376,0.0746184136943814
18607,0.952211427599173,0.0026778546240894033,0.04511071777673743
18608,0.9365575320349698,0.005809260898321445,0.0576332070667088
18609,0.6544348092964061,0.030785969903233738,0.3147792208003601
18610,0.37123330082705863,0.0045765003410324365,0.6241901988319088
18611,0.8912433285042098,0.007369532801816497,0.10138713869397371
18612,0.29138183089281927,0.002264699256343593,0.7063534698508371
18613,0.016661825515050854,0.0026765196754428935,0.9806616548095063
18614,0.08648314245236136,0.03066877088817272,0.882848086659466
18615,0.8510711062924151,0.0850642808651184,0.06386461284246658
18616,0.12480018161045248,0.0036408184317189988,0.8715589999578286
18617,0.007322131479375174,0.0021430848017378757,0.9905347837188868
18618,0.39398621302351056,0.028802268372730287,0.5772115186037592
18619,0.9674442327886302,0.01665168414036014,0.015904083071009472
18620,0.6481166304420106,0.0046819052962699835,0.34720146426171933
18621,0.7960221508320081,0.02370442998934515,0.18027341917864673
18622,0.43598332847154425,0.02775782111294462,0.536258850415511
18623,0.030373126725805544,0.005288941792086935,0.9643379314821076
18624,0.8466776743689879,0.012739254670750846,0.14058307096026126
18625,0.8848200514256799,0.0035911173062828958,0.11158883126803726
18626,0.958037604206999,0.008194524794784325,0.033767870998216744
18627,0.6939431524882628,0.0025879115896303858,0.3034689359221069
18628,0.9001601898693052,0.060625802499019485,0.03921400763167506
18629,0.08198740727986488,0.0724563569671264,0.8455562357530088
18630,0.2549098462205589,0.012192580258383625,0.7328975735210576
18631,0.9630453687998233,0.0009678163962514018,0.03598681480392519
18632,0.9654052069722968,0.006655546202659999,0.02793924682504297
18633,0.9813493387376204,0.007421871331549937,0.011228789930829482
18634,0.9590301803564335,0.02525770058871564,0.015712119054851044
18635,0.7612626760198147,0.042248764414727163,0.19648855956545813
18636,0.9777472444991506,0.0008941914358113783,0.021358564065037982
18637,0.9770828572360559,0.0008138136514434084,0.022103329112500528
18638,0.14286476844435234,0.017270731077189766,0.8398645004784578
18639,0.14055990685077138,0.0027267037070527003,0.856713389442176
18640,0.09463749779853446,0.046854663354604816,0.8585078388468607
18641,0.8757745614327356,0.03845419301074192,0.08577124555652245
18642,0.9824361429603516,0.0022200535862624913,0.015343803453385828
18643,0.3522366879090603,0.19635041781532447,0.45141289427561526
18644,0.02973151796427464,0.010534772800560092,0.9597337092351652
18645,0.9658627332609482,0.009217221936949495,0.024920044802102425
18646,0.6449980927392219,0.007298891213471103,0.347703016047307
18647,0.9092952297964554,0.008802188204028557,0.08190258199951604
18648,0.9457126218107174,0.002868759090140984,0.05141861909914153
18649,0.1187990405853745,0.04689680429298315,0.8343041551216424
18650,0.9505380781141933,0.010038376360428048,0.03942354552537863
18651,0.9380351524781226,0.014603952730870388,0.0473608947910072
18652,0.0016770651933627988,0.0009591697136326178,0.9973637650930045
18653,0.6113620945481233,0.13598782388534186,0.2526500815665349
18654,0.8898510609444205,0.006816995356897927,0.10333194369868164
18655,0.36276455187259404,0.010882319009672644,0.6263531291177333
18656,0.901976404395197,0.0356358660133933,0.06238772959140954
18657,0.9927274673118948,0.0011362421424786552,0.006136290545626551
18658,0.6107690928320592,0.0012036262387495069,0.3880272809291914
18659,0.9744667028751739,0.006057844448513132,0.019475452676313062
18660,0.9585511260061642,0.0048827070814105875,0.03656616691242512
18661,0.916487758761473,0.05222073481155751,0.031291506426969505
18662,0.9250851501772591,0.0038543319594612087,0.07106051786327983
18663,0.31541256020242225,0.05616351121265001,0.6284239285849277
18664,0.02351254217948364,0.001960811024031516,0.9745266467964848
18665,0.6027786946671227,0.08991646705327892,0.30730483827959837
18666,0.9611632810653481,0.001674335230648005,0.03716238370400412
18667,0.9587643285510034,0.018113494689450654,0.023122176759545934
18668,0.8752268152586011,0.006744003912103219,0.11802918082929564
18669,0.9275165883482919,0.0058774498149906495,0.06660596183671742
18670,0.9235050598843678,0.006663474722968362,0.06983146539266386
18671,0.959350493608485,0.0014176484634881982,0.0392318579280267
18672,0.8205660098748979,0.01278913170369356,0.1666448584214085
18673,0.4922910104688817,0.002903349207966731,0.5048056403231516
18674,0.9853821436310211,0.002656566396310052,0.011961289972668876
18675,0.8939025091455222,0.008915066638133315,0.09718242421634446
18676,0.9359336400978386,0.013891241642928712,0.05017511825923248
18677,0.9545432086271957,0.010005862690312265,0.03545092868249186
18678,0.6453480747412565,0.007458888148620462,0.347193037110123
18679,0.9835823765192927,0.0007322322506912512,0.015685391230016135
18680,0.946476708603028,0.013731721066442151,0.039791570330529887
18681,0.9573022610037007,0.018134674305736998,0.024563064690562193
18682,0.9180371599142149,0.057139893751940986,0.024822946333844045
18683,0.7495973696088211,0.008710308748865948,0.24169232164231283
18684,0.9607798373654497,0.017414823702810372,0.02180533893173985
18685,0.5100821871102117,0.012836597223566467,0.4770812156662219
18686,0.9563315271395854,0.005291998459385041,0.03837647440102971
18687,0.84324581135365,0.01800682948141718,0.13874735916493272
18688,0.0053004676832251445,0.0006155136641017308,0.9940840186526732
18689,0.95902683246958,0.003947195848954733,0.03702597168146524
18690,0.7847526443025189,0.04710061060534532,0.1681467450921357
18691,0.4225071412580867,0.07676166765553251,0.5007311910863808
18692,0.9159966044388127,0.004668794393358271,0.07933460116782913
18693,0.13255879573477322,0.06858614724662551,0.7988550570186014
18694,0.1888575329023926,0.00861846196239082,0.8025240051352165
18695,0.8755747549577351,0.007442492593367939,0.11698275244889711
18696,0.9602709680104028,0.004334383564897406,0.03539464842469984
18697,0.44659444164507184,0.0024174635044625493,0.5509880948504656
18698,0.8148590273852717,0.07165737870678623,0.11348359390794208
18699,0.8967123372407174,0.0058849969894421315,0.09740266576984058
18700,0.2004334086542048,0.056086112977107236,0.743480478368688
18701,0.36215540542880736,0.0347143285064847,0.6031302660647079
18702,0.9527603107669161,0.030707615308002825,0.016532073925081003
18703,0.7292949504855328,0.05882565313892964,0.21187939637553757
18704,0.8477442098782885,0.013509214598490731,0.1387465755232208
18705,0.8238709471618133,0.015937282542962585,0.16019177029522397
18706,0.9065512852433539,0.003031801730882134,0.09041691302576395
18707,0.9383426166981205,0.015507814344844151,0.04614956895703521
18708,0.6169963303514864,0.004006541982972338,0.3789971276655414
18709,0.8243936233181026,0.01583136528940967,0.15977501139248768
18710,0.9634780492927328,0.0029599657339312393,0.03356198497333584
18711,0.9211050883352124,0.005365792195434534,0.07352911946935313
18712,0.015645626388421718,0.0049344343839506245,0.9794199392276276
18713,0.9121350701797829,0.00913147876553101,0.07873345105468614
18714,0.22121959586856246,0.02751905365302989,0.7512613504784077
18715,0.9271472427386038,0.005574633599259608,0.06727812366213645
18716,0.9742024960804423,0.004540099844482625,0.02125740407507518
18717,0.45259005197864954,0.04581841606942417,0.5015915319519263
18718,0.9760369591387227,0.0028479998078988988,0.021115041053378397
18719,0.7046157737770512,0.010201852134881948,0.2851823740880669
18720,0.9658074407202544,0.0019282052846891242,0.03226435399505646
18721,0.8956734378861189,0.0012283263039059669,0.10309823580997515
18722,0.5631399859512267,0.0044272808882406854,0.4324327331605325
18723,0.05070312983577574,0.06302660937410373,0.8862702607901205
18724,0.9154985748437348,0.006431635496185394,0.07806978966007985
18725,0.7781173822130809,0.011969242750382043,0.20991337503653706
18726,0.9886254705656612,0.001325252980101943,0.010049276454236835
18727,0.8028379789244392,0.014603893660564426,0.18255812741499633
18728,0.9887700415058616,0.0017572968867648362,0.009472661607373506
18729,0.9695323629862541,0.010202852209062264,0.02026478480468358
18730,0.894732498170431,0.0025960577883827494,0.10267144404118643
18731,0.9544846633986239,0.004157214316398395,0.04135812228497761
18732,0.8680758874418896,0.014768207108980755,0.11715590544912975
18733,0.2560482356118202,0.006418726160818192,0.7375330382273616
18734,0.9158053471766454,0.017239965496429508,0.06695468732692501
18735,0.7986305198410908,0.08156440856051864,0.11980507159839054
18736,0.9876931945550198,0.0012737938210149473,0.011033011623965175
18737,0.9636315823664418,0.012024427598536261,0.024343990035022123
18738,0.7352490833127996,0.013130376205569576,0.2516205404816309
18739,0.2520576280666959,0.013097228565320107,0.734845143367984
18740,0.6789711271922033,0.0026992191376742206,0.3183296536701225
18741,0.8517313092837124,0.01572732632862125,0.1325413643876661
18742,0.04165666154260017,0.008135605788665045,0.9502077326687347
18743,0.9086750801646322,0.0006925197897543025,0.09063240004561351
18744,0.5942572613671565,0.017698196524643304,0.3880445421082003
18745,0.07147042082462983,0.04674012745296942,0.8817894517224008
18746,0.8781723855694772,0.005757306966004245,0.11607030746451866
18747,0.6900818923163942,0.032128879368800024,0.2777892283148058
18748,0.9427151988274166,0.012903228551014041,0.04438157262156934
18749,0.7712188338343708,0.0167128958528544,0.21206827031277478
18750,0.22007905059261293,0.01096874538874918,0.768952204018638
18751,0.9656100149840704,0.021243976254082437,0.013146008761847202
18752,0.9547888212041478,0.0024676330841571525,0.04274354571169496
18753,0.9482309184483388,0.018283658182670477,0.03348542336899071
18754,0.44342181079205123,0.06226719905877078,0.494310990149178
18755,0.6692982631904132,0.019216610222072508,0.3114851265875143
18756,0.041903348025388656,0.006879555181785407,0.951217096792826
18757,0.992085750737752,0.0004900470568106096,0.007424202205437391
18758,0.8967863954645788,0.0029788939012229533,0.10023471063419824
18759,0.0036429440553326095,0.0003843960669569139,0.9959726598777106
18760,0.9824816441784417,0.0030344099510586373,0.014483945870499667
18761,0.4191350187969336,0.017511488334040603,0.5633534928690258
18762,0.7000681410760053,0.07957972213612226,0.2203521367878724
18763,0.8802278102243443,0.018088187946820017,0.10168400182883558
18764,0.29038911977426896,0.004455086276432604,0.7051557939492985
18765,0.6788112129194529,0.020991722154075326,0.3001970649264719
18766,0.9374515410702755,0.003399706330295188,0.059148752599429255
18767,0.9696112819969257,0.004682514480934716,0.02570620352213959
18768,0.8640159353797155,0.003084921100162209,0.13289914352012208
18769,0.08601867106317805,0.10439471688857424,0.8095866120482478
18770,0.6627062436630372,0.003159298760583894,0.33413445757637894
18771,0.03221058356481803,0.0016911771122614205,0.9660982393229205
18772,0.9103902081665144,0.006384236058665946,0.08322555577481967
18773,0.8852865238862802,0.05264979092870218,0.06206368518501782
18774,0.3132580604969032,0.07290671648025313,0.6138352230228437
18775,0.9887908837082334,0.002084122079744825,0.009124994212021816
18776,0.9780067031972416,0.0017255559093783863,0.020267740893379935
18777,0.8311498811891136,0.029725989724277257,0.13912412908660915
18778,0.9508829821468797,0.024493720666733464,0.02462329718638679
18779,0.960004820880846,0.004084958345438403,0.03591022077371548
18780,0.21042185358002757,0.021022776755200277,0.7685553696647721
18781,0.8986340706619859,0.02224096136523164,0.0791249679727826
18782,0.4189491689270152,0.006033854543345679,0.5750169765296391
18783,0.813844317124584,0.0293621409894056,0.15679354188601027
18784,0.7256016132302343,0.013735805211735935,0.2606625815580297
18785,0.9671640905263962,0.013290568825695516,0.0195453406479084
18786,0.5700650197717937,0.01257902409840025,0.41735595612980597
18787,0.8401285389156724,0.08757717155743758,0.07229428952689008
18788,0.9462693444888537,0.02537061793067791,0.028360037580468327
18789,0.8791637297346804,0.08090732371439209,0.03992894655092761
18790,0.9389018260217604,0.0006392169591405348,0.06045895701909915
18791,0.9516078379728918,0.014635793439134182,0.033756368587973935
18792,0.86172389307564,0.012055083613955476,0.12622102331040463
18793,0.9236131936722994,0.017270180497783373,0.05911662582991716
18794,0.9583459891141144,0.005360332820549983,0.0362936780653357
18795,0.9719367328270822,0.00838918825893566,0.01967407891398215
18796,0.988224619482208,0.00593567907160112,0.005839701446191026
18797,0.9898528603108208,0.0007891914457070265,0.009357948243472034
18798,0.20609222124351284,0.02278022117488113,0.771127557581606
18799,0.08214644186577232,0.0029904517277447203,0.9148631064064828
18800,0.5855383994314765,0.06202275148891421,0.3524388490796094
18801,0.9715883647184017,0.0023602836867267635,0.026051351594871548
18802,0.9734635379763371,0.0029273523133775295,0.02360910971028533
18803,0.9307432154174405,0.003170159650067044,0.06608662493249251
18804,0.9709723527273805,0.00519465814237849,0.023832989130241032
18805,0.3254293239061342,0.006772397535208891,0.6677982785586569
18806,0.9516758645877885,0.003925256510960052,0.044398878901251375
18807,0.10533300657097353,0.006736786756361541,0.8879302066726649
18808,0.9356404403574387,0.005992237023532588,0.05836732261902875
18809,0.9327855951523089,0.0022508529104181443,0.06496355193727302
18810,0.96122196090562,0.005348993793452362,0.03342904530092767
18811,0.011336563284376346,0.0017111466206116443,0.9869522900950121
18812,0.9837598304214361,0.0034432459910395175,0.01279692358752444
18813,0.8598820890939541,0.009445721480303365,0.13067218942574252
18814,0.7592193271669158,0.10701326810951935,0.13376740472356477
18815,0.907632634614862,0.003511013774533011,0.0888563516106051
18816,0.7820734912277596,0.007444729947091236,0.2104817788251491
18817,0.9914578341710989,0.0016461285054514033,0.006896037323449639
18818,0.9793699279423862,0.002881810022219524,0.017748262035394105
18819,0.9836149197390615,0.0007503546241855575,0.01563472563675311
18820,0.9519196308277403,0.005117674381303254,0.042962694790956435
18821,0.8401687526930779,0.030967620875622923,0.1288636264312993
18822,0.9342272093203418,0.0026557813036709975,0.06311700937598723
18823,0.9179953596242382,0.00423524920816592,0.0777693911675961
18824,0.8888374408085397,0.05486970483137104,0.05629285436008912
18825,0.9674250599211345,0.02604558707367913,0.006529353005186433
18826,0.976057728222922,0.0011159751214037175,0.022826296655674212
18827,0.9759913433354845,0.004662788170508203,0.01934586849400747
18828,0.9771671994894591,0.0008963283407035961,0.021936472169837233
18829,0.060303911475047274,0.014473014442054368,0.9252230740828984
18830,0.9677310496799614,0.01364583464007777,0.018623115679960823
18831,0.9698771952760358,0.005399274924164996,0.024723529799799197
18832,0.009721776044517337,0.004860252700126687,0.985417971255356
18833,0.09806024033777903,0.028201950440131646,0.8737378092220892
18834,0.9415745138101751,0.002327853406024889,0.05609763278380008
18835,0.21741086313801272,0.0008343648356471523,0.78175477202634
18836,0.00562639377154099,0.002655735966373056,0.9917178702620859
18837,0.8170808958777702,0.01270175597936486,0.17021734814286493
18838,0.9145357199394135,0.01258945568321513,0.0728748243773713
18839,0.9878733671295076,0.00391012024297358,0.00821651262751876
18840,0.9826239500340599,0.0014446065828005185,0.015931443383139607
18841,0.7801513811382612,0.01873646464195992,0.20111215421977893
18842,0.1440828526744166,0.023429897626930096,0.8324872496986534
18843,0.6437762043621911,0.022752630594183778,0.3334711650436251
18844,0.41934300381248363,0.039181206340998614,0.5414757898465178
18845,0.9728111810603693,0.013673607880856605,0.013515211058774027
18846,0.34636812184980265,0.06471984112734287,0.5889120370228544
18847,0.9896015988316373,0.0010016166543296318,0.00939678451403316
18848,0.9729816839434534,0.0023089378086943936,0.02470937824785218
18849,0.8787653111769382,0.0037875845043173046,0.1174471043187445
18850,0.1416001474690847,0.031665406776097416,0.8267344457548178
18851,0.907423921152977,0.007304373539780133,0.08527170530724293
18852,0.6246118010049725,0.01596856416026085,0.3594196348347667
18853,0.9599795763426924,0.012610876002867923,0.027409547654439707
18854,0.8786866086423095,0.039576780289172234,0.08173661106851815
18855,0.10741457508715965,0.12419212834085995,0.7683932965719804
18856,0.8888294176325762,0.0063353944862570375,0.10483518788116677
18857,0.9915683703226948,0.0006653385614943692,0.0077662911158107965
18858,0.7321145123585533,0.015939261378192727,0.25194622626325414
18859,0.1658723457185265,0.0426709838755362,0.7914566704059374
18860,0.9025346649797265,0.010185432189901799,0.0872799028303716
18861,0.9776929879797206,0.005793269536199409,0.016513742484080118
18862,0.007967991322971732,0.0018563029561419128,0.9901757057208863
18863,0.9756477698898911,0.00112945566808322,0.023222774442025647
18864,0.19437500764500526,0.0006894609326434095,0.8049355314223514
18865,0.9178980660749901,0.005800523480966167,0.07630141044404351
18866,0.8361622435189046,0.00667708336004381,0.15716067312105172
18867,0.8351065485128956,0.07113072256415684,0.0937627289229476
18868,0.8633944229416449,0.015007374856767465,0.12159820220158772
18869,0.22802092369699223,0.06282840686654176,0.709150669436466
18870,0.8733559889158279,0.024380122658560894,0.10226388842561115
18871,0.7800568562140938,0.006135248385679289,0.21380789540022688
18872,0.8805594119796322,0.005131938802690071,0.11430864921767775
18873,0.7318506463002183,0.02342837564743119,0.24472097805235057
18874,0.9408846485725186,0.016462135785241458,0.04265321564223986
18875,0.9077202930060763,0.007661173122538261,0.0846185338713855
18876,0.8021171609269515,0.12011894399637205,0.07776389507667653
18877,0.9703522347928214,0.002711074333357443,0.026936690873821098
18878,0.9755417582736501,0.002722458534176388,0.021735783192173497
18879,0.9768826166717924,0.005446098079599041,0.01767128524860839
18880,0.06055513794174325,0.008476427736474708,0.9309684343217821
18881,0.014694898633516815,0.010672328446440973,0.9746327729200422
18882,0.13796566078759023,0.01588175350046203,0.8461525857119476
18883,0.9648013627967689,0.009398507577561926,0.02580012962566927
18884,0.00400343436864255,0.0036217174999403157,0.9923748481314171
18885,0.11249392704484384,0.0403840123806572,0.847122060574499
18886,0.9019736055179438,0.007576640535420527,0.09044975394663565
18887,0.9325229672784481,0.009448881577960647,0.058028151143591195
18888,0.9581351273284922,0.019880248777701687,0.021984623893806177
18889,0.8271481203566389,0.1204247053597012,0.052427174283659936
18890,0.9656272290347018,0.006908188232380532,0.027464582732917683
18891,0.959698761219816,0.012015052040438592,0.028286186739745374
18892,0.023925668561787208,0.00305587103959666,0.9730184603986161
18893,0.948892672497582,0.0032066946962137403,0.04790063280620417
18894,0.8336135948841729,0.0023627195837907034,0.16402368553203625
18895,0.0070872811294349575,0.010038297679715992,0.982874421190849
18896,0.9623853967418462,0.005629681353636317,0.0319849219045174
18897,0.8513892944412941,0.014774771598634715,0.1338359339600713
18898,0.37218736066138264,0.027772040310926987,0.6000405990276904
18899,0.05725912065680125,0.004921928585575937,0.9378189507576228
18900,0.6253761935467913,0.27332080214635385,0.10130300430685493
18901,0.5865489496071238,0.01768057302585219,0.3957704773670241
18902,0.8145297277223452,0.014358123782470958,0.17111214849518375
18903,0.8701451757011114,0.005096966718853813,0.12475785758003478
18904,0.9729840728593302,0.003675478290331752,0.023340448850338192
18905,0.9759507573508874,0.0022467011259823225,0.02180254152313022
18906,0.9559665171254502,0.01525644660842353,0.028777036266126193
18907,0.9891210625745815,0.0020458415588340308,0.00883309586658453
18908,0.7003059044163188,0.03314165173974057,0.26655244384394056
18909,0.9516502537725211,0.0061624945481177865,0.04218725167936128
18910,0.08500822347545718,0.010222555610305363,0.9047692209142374
18911,0.9555968227353873,0.005205453998819703,0.03919772326579306
18912,0.8295981885516385,0.0016986504582018128,0.1687031609901596
18913,0.3175458890410652,0.011046031679779732,0.6714080792791551
18914,0.3040296293903649,0.003546829632412885,0.6924235409772223
18915,0.8759053546595162,0.08124680840676686,0.04284783693371676
18916,0.9138926057053903,0.005428035327290113,0.08067935896731947
18917,0.00326232576233918,0.00026367434005548565,0.9964739998976054
18918,0.17110765601232686,0.009102014219658708,0.8197903297680144
18919,0.6799911117051869,0.0014370143219292776,0.31857187397288367
18920,0.16395642295318982,0.07948519802573488,0.7565583790210753
18921,0.33364930302882423,0.030123404546021505,0.6362272924251542
18922,0.9001581199822442,0.004499932398107681,0.09534194761964819
18923,0.21610872164728845,0.016803625945177477,0.767087652407534
18924,0.11613780466973636,0.014834197491614973,0.8690279978386486
18925,0.7274770714510281,0.026193215786838968,0.24632971276213284
18926,0.4207446210871949,0.03230781674155323,0.546947562171252
18927,0.8583063799565916,0.006292300424657134,0.13540131961875113
18928,0.7141459830031701,0.004989787280278106,0.2808642297165518
18929,0.8473444079974582,0.018013013220984742,0.1346425787815572
18930,0.9751826153366178,0.017481332578268286,0.0073360520851139645
18931,0.9496323243462064,0.003890997952136365,0.046476677701657185
18932,0.9883326155536425,0.004042386119871363,0.007624998326486088
18933,0.043946084285006785,0.008595486994832525,0.9474584287201606
18934,0.9555454026147076,0.0013388312406952911,0.04311576614459708
18935,0.9016939239551041,0.07422993322505,0.02407614281984584
18936,0.03285840602975547,0.016495664970485234,0.9506459289997594
18937,0.9415204053077529,0.0009222272768275157,0.0575573674154195
18938,0.5483742852905252,0.11573232733148975,0.33589338737798496
18939,0.9204076292662935,0.007403089951359903,0.07218928078234665
18940,0.9628250984046092,0.006748506616304582,0.03042639497908612
18941,0.3871838309744105,0.006090938817653553,0.606725230207936
18942,0.6895012790587763,0.004991850071391588,0.3055068708698321
18943,0.09619154428102618,0.004791370371125662,0.8990170853478481
18944,0.01107539789439451,0.007709549596542605,0.9812150525090628
18945,0.16119273087988412,0.018340711710565092,0.8204665574095508
18946,0.4693514805617028,0.008016489755111073,0.522632029683186
18947,0.9462238676923992,0.005489147369355194,0.04828698493824575
18948,0.8619899613550591,0.004803604586497308,0.1332064340584435
18949,0.891631851789223,0.007093752080571069,0.10127439613020599
18950,0.30893424136223313,0.11644921869029348,0.5746165399474734
18951,0.9182962008577072,0.011921748479131461,0.06978205066316122
18952,0.8924682670267863,0.0054267690168489455,0.10210496395636474
18953,0.7957382431852467,0.10322951732160933,0.10103223949314392
18954,0.8078949639649445,0.11630202266882876,0.07580301336622676
18955,0.9806255477807372,0.002691259487548379,0.016683192731714435
18956,0.9787926201079212,0.0012041070593051372,0.02000327283277371
18957,0.8683099691085605,0.006872685823574742,0.12481734506786478
18958,0.40192380837097785,0.009795032945586367,0.5882811586834358
18959,0.9629812163868892,0.0019506980365119678,0.035068085576598906
18960,0.8820219152034066,0.05901085398063621,0.05896723081595715
18961,0.9767942559841323,0.014313815411679469,0.00889192860418814
18962,0.6881214967389332,0.0022108103138962915,0.30966769294717056
18963,0.009769488219332456,0.016837009067606587,0.9733935027130609
18964,0.638806695834758,0.011064827157492794,0.35012847700774924
18965,0.9002105383968086,0.013712146677866136,0.08607731492532515
18966,0.055294497801540776,0.011688656608685346,0.9330168455897738
18967,0.7174904211910416,0.03441015965144918,0.2480994191575091
18968,0.4330214698158448,0.0704218808584957,0.4965566493256595
18969,0.019636881683051673,0.006638742144175364,0.9737243761727731
18970,0.9521681740103692,0.02434299454330074,0.023488831446330134
18971,0.09516391585563984,0.017473472886115306,0.8873626112582448
18972,0.7778851921670269,0.009589285883732734,0.21252552194924057
18973,0.0833123231460203,0.06299662047851107,0.8536910563754687
18974,0.9708518956901337,0.004351999303986812,0.024796105005879303
18975,0.9222703644196377,0.006008299284401819,0.0717213362959604
18976,0.9524448022875828,0.010225129670825762,0.037330068041591315
18977,0.9826830658786514,0.000659018815940292,0.016657915305408496
18978,0.8494377197411295,0.002807111867520964,0.14775516839134953
18979,0.08856985333949205,0.02302029842720467,0.8884098482333034
18980,0.29249245292331894,0.027790750061163254,0.6797167970155178
18981,0.9523834916987672,0.005508602183293467,0.04210790611793927
18982,0.9137218788680348,0.0015894435128300218,0.08468867761913532
18983,0.9038733449500083,0.006585355560963731,0.08954129948902796
18984,0.8676702786272945,0.004478541713661421,0.12785117965904408
18985,0.01028027936598646,0.0029502316568739213,0.9867694889771396
18986,0.6265511852476875,0.02256475468969625,0.3508840600626164
18987,0.9882386173122715,0.0012008485950880151,0.010560534092640428
18988,0.9080354256819764,0.0012554394569007626,0.0907091348611228
18989,0.9031371122521167,0.028310414127298834,0.06855247362058464
18990,0.6400147401218425,0.19516026423586824,0.16482499564228917
18991,0.8534979884485749,0.008184590159372142,0.13831742139205294
18992,0.8714731335626894,0.006635645913434408,0.12189122052387628
18993,0.07707097394945457,0.025563758031334524,0.8973652680192109
18994,0.9780020215792694,0.005941179965007814,0.01605679845572286
18995,0.979093888467222,0.006861196127237222,0.014044915405540717
18996,0.9602865396054514,0.004544041990922394,0.03516941840362616
18997,0.9725984847778253,0.003650888634252032,0.023750626587922593
18998,0.9607979705669023,0.002743782759888733,0.036458246673209106
18999,0.48671109742016794,0.06853040292914336,0.4447584996506887
19000,0.9261565267728339,0.004925849438623806,0.06891762378854237
19001,0.9879985400964127,0.0016012925278645587,0.01040016737572266
19002,0.008960715678294862,0.001195196767655062,0.9898440875540501
19003,0.01477734913675832,0.006918456135917725,0.9783041947273239
19004,0.9535507067707643,0.004711073532344354,0.04173821969689145
19005,0.6821103141649675,0.0014653016495326761,0.31642438418549984
19006,0.026847311568299115,0.03005358401193268,0.9430991044197683
19007,0.9651050088017253,0.004098213591912087,0.030796777606362638
19008,0.8085609453686459,0.00550243813008088,0.1859366165012732
19009,0.981298872525989,0.0011331003555992273,0.017568027118411603
19010,0.9516994747201006,0.022285761931996755,0.026014763347902543
19011,0.6113677004882372,0.037638867944332056,0.3509934315674309
19012,0.6261912212445947,0.006705443713794778,0.3671033350416105
19013,0.8361072553914699,0.004808865895179257,0.1590838787133509
19014,0.7414779757252813,0.005452805790852229,0.25306921848386654
19015,0.9606631384089429,0.005072659888595113,0.03426420170246194
19016,0.9571086245821868,0.002617938401991903,0.040273437015821416
19017,0.6949494217368274,0.08555455266078263,0.21949602560238998
19018,0.0015787254103129293,0.0007347457839627381,0.9976865288057244
19019,0.969971019793892,0.0021016157119630725,0.02792736449414493
19020,0.862227791670404,0.0028601147757279276,0.1349120935538682
19021,0.9338509649190123,0.004137108503326203,0.06201192657766145
19022,0.8338570086321541,0.008569713437396893,0.15757327793044915
19023,0.09673778649573149,0.02233412032117396,0.8809280931830945
19024,0.8933760115508095,0.007705279325794632,0.09891870912339583
19025,0.04610246669482952,0.005019311481137005,0.9488782218240335
19026,0.8376781311247701,0.056085817326138473,0.10623605154909137
19027,0.7898242088728962,0.13616810612553057,0.07400768500157331
19028,0.6723239391024546,0.019001685289054503,0.308674375608491
19029,0.23332220154706695,0.02338692366611548,0.7432908747868175
19030,0.9648042378117688,0.0014684001479595191,0.03372736204027174
19031,0.7762351543092763,0.005524355018953107,0.21824049067177057
19032,0.957360414980343,0.005739391982578186,0.03690019303707871
19033,0.9409519806057026,0.006949050452591307,0.05209896894170616
19034,0.96081010051878,0.018841729524169296,0.020348169957050685
19035,0.7129895290683993,0.015401849321746788,0.271608621609854
19036,0.975426594821958,0.00163168031296518,0.02294172486507666
19037,0.015681897296527303,0.01809289677100715,0.9662252059324655
19038,0.04853188249790659,0.03650728790570471,0.9149608295963888
19039,0.05785025830358234,0.00823538968751457,0.9339143520089032
19040,0.9738055187890271,0.00901448671854317,0.01717999449242975
19041,0.398810926628255,0.004157203281562559,0.5970318700901823
19042,0.9713754200150696,0.002099941869112675,0.026524638115817657
19043,0.8904554998454747,0.023866207416438964,0.08567829273808633
19044,0.985248292119105,0.0005783374235904835,0.014173370457304477
19045,0.6867995580958435,0.005491578262682618,0.3077088636414739
19046,0.9595128492693814,0.006499061159829436,0.03398808957078913
19047,0.8614549270240894,0.006967739330450493,0.13157733364546018
19048,0.8073561816763355,0.003348890538296297,0.18929492778536824
19049,0.018146175227995994,0.003941360073595985,0.977912464698408
19050,0.9326341764092543,0.0056518776131578245,0.06171394597758789
19051,0.012375975239564466,0.01617803714011348,0.9714459876203221
19052,0.37748168374649976,0.009837177908756165,0.612681138344744
19053,0.70002145668034,0.041132728599640817,0.2588458147200193
19054,0.9900649935262095,0.004950123440715887,0.004984883033074717
19055,0.9896661702390086,0.0005030101922196575,0.00983081956877179
19056,0.8975208968179906,0.002298726500657289,0.10018037668135206
19057,0.9838680008572664,0.0015213028413861047,0.014610696301347299
19058,0.8221916785474577,0.010475958802220036,0.16733236265032223
19059,0.9089398457583806,0.013446726524697515,0.07761342771692188
19060,0.9372633302114223,0.0352530151219286,0.027483654666649055
19061,0.9898610847184012,0.0034558152375709582,0.00668310004402795
19062,0.8707636682426544,0.020139598444303915,0.10909673331304172
19063,0.5086763220431816,0.14830010733565407,0.34302357062116434
19064,0.4740518960625757,0.033219597618146884,0.4927285063192774
19065,0.9204873624618121,0.0072280086578254965,0.07228462888036247
19066,0.9878238984920957,0.0014038199682007272,0.010772281539703537
19067,0.29634328514769276,0.01942642188569709,0.6842302929666102
19068,0.9818825434667388,0.006691690897930958,0.011425765635330171
19069,0.6889303624179326,0.0470569057126239,0.26401273186944346
19070,0.9363905741913005,0.01441748053417674,0.04919194527452276
19071,0.6065760247673425,0.03553233669554872,0.3578916385371088
19072,0.9005751612532912,0.01970703496984222,0.07971780377686662
19073,0.7595609921189197,0.0022543387792390607,0.23818466910184133
19074,0.9210208543092967,0.005983090167865166,0.07299605552283828
19075,0.9105773463426523,0.008629249078564478,0.0807934045787834
19076,0.9705159067515998,0.0027184726340110177,0.02676562061438922
19077,0.8078420766784371,0.00475163659763982,0.18740628672392298
19078,0.0035499698552435345,0.001931949397448168,0.9945180807473083
19079,0.8243482096171383,0.005101222904341662,0.1705505674785201
19080,0.9258820645719247,0.0031373612823973845,0.07098057414567793
19081,0.3613617633195434,0.10403460743649108,0.5346036292439655
19082,0.46756312056083404,0.38577296787615056,0.1466639115630153
19083,0.9236905598680905,0.0018409519394726873,0.07446848819243687
19084,0.9691165738870416,0.004233095525781322,0.026650330587176876
19085,0.1494119076935421,0.02607348408556322,0.8245146082208947
19086,0.9883962663508816,0.0011134784488276387,0.010490255200290765
19087,0.026117480072815988,0.0030360738808415935,0.9708464460463424
19088,0.9829963073461329,0.0061581299840485935,0.010845562669818674
19089,0.6653779429891293,0.0049163604156773275,0.3297056965951932
19090,0.8922241046784001,0.005156679135153801,0.10261921618644604
19091,0.9844710708825875,0.0014870342204063543,0.014041894897006203
19092,0.906897895995388,0.003559855843485119,0.08954224816112692
19093,0.883539499085828,0.019852121870900113,0.09660837904327194
19094,0.9750990846017638,0.003561461826339732,0.02133945357189637
19095,0.4897859030646693,0.018273585241715008,0.49194051169361563
19096,0.9398114629646177,0.01652525156351395,0.043663285471868506
19097,0.9893580294000541,0.0009010207626273892,0.009740949837318455
19098,0.20833642744692812,0.040888049855136846,0.7507755226979351
19099,0.9444255882737828,0.007149633771847136,0.04842477795437008
19100,0.9781689340635518,0.001268225759830154,0.020562840176617945
19101,0.9206307648674235,0.02543645374843586,0.05393278138414061
19102,0.0032679137329714443,0.0008221885178063946,0.9959098977492222
19103,0.9845979422932617,0.0025175979504965572,0.01288445975624181
19104,0.27549103290461496,0.0072928529424833655,0.7172161141529017
19105,0.140790810312605,0.014092599040285385,0.8451165906471095
19106,0.9727581520572662,0.0022769404730877156,0.024964907469646087
19107,0.9171525874671309,0.001724519435691631,0.08112289309717738
19108,0.8847861517258491,0.018623424295989684,0.09659042397816121
19109,0.984623264882098,0.0040942133999438655,0.011282521717958136
19110,0.7904165927694335,0.0030199000965777318,0.20656350713398863
19111,0.9488695357653232,0.001682097975038024,0.049448366259638735
19112,0.799581744329108,0.045597272793176075,0.154820982877716
19113,0.533436202430608,0.010177878977179908,0.4563859185922122
19114,0.9709837777940425,0.004051499544253617,0.024964722661703936
19115,0.9667252049258954,0.002360878571863288,0.030913916502241297
19116,0.028544029226045715,0.0039330772371815054,0.9675228935367727
19117,0.9871461206497583,0.005874920850616318,0.0069789584996255314
19118,0.5877454072331924,0.019458659383031842,0.3927959333837757
19119,0.017913346652671434,0.002181594293283008,0.9799050590540456
19120,0.687026801232424,0.001297793817814237,0.3116754049497618
19121,0.9696203135553969,0.0051275566717162244,0.02525212977288673
19122,0.060803919523488105,0.008168994991271616,0.9310270854852404
19123,0.7664346170998177,0.00612575784998682,0.2274396250501953
19124,0.07921141689606746,0.015311671100950545,0.9054769120029819
19125,0.8902412795047722,0.002267185042600435,0.10749153545262737
19126,0.9653078525383875,0.017302812700003885,0.017389334761608713
19127,0.01813705238389795,0.01016096455850039,0.9717019830576017
19128,0.061820559455755264,0.004876525681392693,0.933302914862852
19129,0.818634931678747,0.15325583337706425,0.028109234944188714
19130,0.8251990571638949,0.007867425432412166,0.166933517403693
19131,0.954762849680985,0.005816890612591333,0.039420259706423565
19132,0.08934215015258067,0.09657523238820535,0.814082617459214
19133,0.9885115507564407,0.0006412461641985388,0.01084720307936071
19134,0.002816939400323771,0.0009725954606651875,0.9962104651390111
19135,0.9655249737520439,0.004426818981025476,0.0300482072669305
19136,0.7954875622497095,0.01194932606788259,0.19256311168240797
19137,0.9216624203706584,0.022321986099388336,0.05601559352995345
19138,0.10128587130175871,0.004058974846111316,0.8946551538521299
19139,0.009706810568571657,0.006788626075097367,0.983504563356331
19140,0.9661425874277892,0.011981638341504815,0.021875774230705896
19141,0.9728397770240604,0.017727264501224242,0.009432958474715302
19142,0.8722307455054508,0.03742821120036818,0.09034104329418116
19143,0.9288027141670626,0.011764893454544291,0.059432392378393165
19144,0.45496712825567204,0.3209189552208158,0.2241139165235121
19145,0.15241797619155018,0.01940328845443506,0.8281787353540149
19146,0.9758907288184514,0.014265990440886347,0.009843280740662357
19147,0.8878431325866675,0.008410495663693772,0.10374637174963866
19148,0.9346509191603584,0.029351927747090886,0.03599715309255079
19149,0.013591338279918378,0.0024231995827326876,0.9839854621373489
19150,0.47929945986385275,0.0024367900941847914,0.5182637500419625
19151,0.9361704845485244,0.001424565955023448,0.062404949496452346
19152,0.9437486624472456,0.01692057791235853,0.03933075964039602
19153,0.8091142289029192,0.0008868168049884988,0.1899989542920924
19154,0.7641798842839104,0.03380326860242684,0.20201684711366272
19155,0.8541067462807431,0.00837040396869613,0.13752284975056073
19156,0.9599885923843071,0.0050395773930837435,0.03497183022260904
19157,0.9509013334256333,0.004045175810606489,0.045053490763760355
19158,0.9718156981047213,0.002350069346873709,0.025834232548404994
19159,0.9809021879931312,0.010265696925002992,0.0088321150818658
19160,0.027329069937951526,0.007446112011766744,0.9652248180502817
19161,0.7051062071845547,0.01570490540849457,0.2791888874069507
19162,0.9510779538457454,0.004968325866734221,0.043953720287520204
19163,0.9379349148033134,0.0063157852738928415,0.05574929992279364
19164,0.9405173467766051,0.007843638415645521,0.051639014807749205
19165,0.8618964596394649,0.004711721365884856,0.13339181899465016
19166,0.9680436746671865,0.00399901894473594,0.027957306388077377
19167,0.9754981293382878,0.0038933206231072564,0.020608550038604824
19168,0.8399347179967557,0.0015149818634107891,0.1585503001398335
19169,0.5645968317201518,0.048143941343150615,0.38725922693669756
19170,0.9266171521070242,0.001558699374240738,0.07182414851873506
19171,0.9881142998423396,0.0013778728038206598,0.010507827353839675
19172,0.9083305338303981,0.034675469785685496,0.05699399638391649
19173,0.9375043777379465,0.003581638365778658,0.05891398389627476
19174,0.5171600513339919,0.011180948230072983,0.47165900043593495
19175,0.6860081885739732,0.004456792304719764,0.309535019121307
19176,0.8735736882968614,0.021903025388303753,0.10452328631483483
19177,0.9768520418069131,0.012698412224599427,0.010449545968487316
19178,0.7034397418703059,0.018618082061832273,0.27794217606786176
19179,0.7129039852487825,0.008659475034985153,0.27843653971623233
19180,0.9493058010834068,0.012334620576808872,0.038359578339784345
19181,0.4632947712926342,0.0038397610357860557,0.5328654676715797
19182,0.8824994617739471,0.007215289832508449,0.11028524839354444
19183,0.9475068564787085,0.00675845282643332,0.04573469069485821
19184,0.5672873116980249,0.020274662662937183,0.412438025639038
19185,0.9047201630374303,0.005006019387915893,0.09027381757465391
19186,0.9841707665843593,0.0016284320629374096,0.014200801352703197
19187,0.020081234152380154,0.00582026251865165,0.9740985033289682
19188,0.7705655684716797,0.005369307530548774,0.22406512399777165
19189,0.9599923963822878,0.004098412231208431,0.0359091913865037
19190,0.014150459838069167,0.0044494162765820276,0.9814001238853489
19191,0.8032376824150042,0.004337623940089461,0.19242469364490644
19192,0.25260532505792177,0.04155417904670255,0.7058404958953756
19193,0.8289406891291886,0.005119284240306727,0.1659400266305046
19194,0.733800207700476,0.0025114691000496167,0.2636883231994743
19195,0.9553488780382038,0.011181516362299032,0.033469605599497236
19196,0.022068538819290794,0.011807369313541352,0.9661240918671679
19197,0.05701786473124048,0.0061759631269717,0.9368061721417879
19198,0.8760510915304102,0.008654062551331594,0.11529484591825831
19199,0.1518268591752915,0.0044782604269520436,0.8436948803977565
19200,0.004829955429925759,0.00075886461719012,0.9944111799528841
19201,0.23358674662489282,0.32576656926689845,0.4406466841082088
19202,0.012314998118035332,0.0024703657567883186,0.9852146361251763
19203,0.978727047234043,0.007873328765633854,0.013399624000323209
19204,0.745607870645441,0.09842348831397063,0.15596864104058833
19205,0.9218972664617496,0.02511957427385293,0.052983159264397534
19206,0.5436624018416414,0.004220309523885197,0.4521172886344734
19207,0.7043140099433068,0.14557037330874,0.15011561674795326
19208,0.9748025828839447,0.00186202998757468,0.023335387128480656
19209,0.0031530528835515496,0.00039805775069524447,0.9964488893657532
19210,0.9196332290205315,0.0041156461143615035,0.07625112486510707
19211,0.8196828361758758,0.0016416110130424034,0.17867555281108183
19212,0.8770567931230931,0.00624268344134987,0.11670052343555709
19213,0.3241142277889818,0.00784365234551285,0.6680421198655053
19214,0.974034066892186,0.0015865455236670851,0.0243793875841469
19215,0.9752545282264877,0.005006963398608448,0.019738508374903745
19216,0.03229619305792059,0.04374335271731006,0.9239604542247694
19217,0.9696995046301705,0.0026085759159247875,0.027691919453904687
19218,0.9325366537895564,0.02533820739254633,0.042125138817897236
19219,0.6260032304847162,0.021288576753856307,0.3527081927614275
19220,0.543595747220306,0.05793258444046336,0.3984716683392306
19221,0.9556215045367377,0.005876287914603156,0.038502207548659115
19222,0.729739791490151,0.041160249832399326,0.22909995867744962
19223,0.9646043641800818,0.0013421745268082312,0.03405346129311005
19224,0.9132599863754655,0.014993247383994287,0.07174676624054019
19225,0.2120445601311815,0.06396256076804459,0.7239928791007739
19226,0.991337038685579,0.0019835572993836177,0.00667940401503729
19227,0.7560745343727061,0.013058159388989809,0.23086730623830412
19228,0.3778619844886835,0.13810558142093268,0.4840324340903839
19229,0.03574299815152707,0.014672958913072095,0.9495840429354008
19230,0.9317994944279747,0.0025784734447393334,0.06562203212728603
19231,0.0965227652576686,0.019789693181290233,0.8836875415610412
19232,0.4799334305722206,0.0033639286328328633,0.5167026407949465
19233,0.8801207496432325,0.015881495975670932,0.10399775438109643
19234,0.20969929692743,0.008920870226533411,0.7813798328460365
19235,0.9859657884477061,0.001253310571211344,0.012780900981082683
19236,0.827397279601223,0.0009540838966746755,0.17164863650210233
19237,0.015376041410455829,0.03732607113690393,0.9472978874526401
19238,0.9449885085469676,0.004713022127148274,0.050298469325884165
19239,0.01724475798095596,0.002775661606350075,0.9799795804126938
19240,0.9835282124357304,0.004053427524937155,0.01241836003933244
19241,0.04236426366153218,0.011052753491855182,0.9465829828466127
19242,0.035289581887035286,0.0011942366449432921,0.9635161814680214
19243,0.03984257966079754,0.028094058489782497,0.93206336184942
19244,0.41590881563746873,0.013082188212569078,0.5710089961499621
19245,0.9594522602479371,0.014553517350552936,0.025994222401510083
19246,0.960593737983169,0.0016355473364497047,0.03777071468038129
19247,0.9167547674788988,0.009653236499122154,0.07359199602197902
19248,0.9513860713963828,0.0034801756021057124,0.045133753001511664
19249,0.8642414215119814,0.015904735646810116,0.11985384284120851
19250,0.9555297314902949,0.009928843093787826,0.034541425415917336
19251,0.960193057037615,0.0022138566804605305,0.037593086281924405
19252,0.6715780585750876,0.07017734113122241,0.2582446002936901
19253,0.9107411872998984,0.013320401962961156,0.07593841073714049
19254,0.5560780978922938,0.049733437455200404,0.39418846465250584
19255,0.9017046850301534,0.013179453839190843,0.0851158611306558
19256,0.8984492686739344,0.06845546918797822,0.033095262138087354
19257,0.29163373402418835,0.003364015776219208,0.7050022501995925
19258,0.9401489775275494,0.012463553348204275,0.04738746912424619
19259,0.8325899178571764,0.015995708636993164,0.15141437350583048
19260,0.7805973173389458,0.003188571459696438,0.2162141112013577
19261,0.9695457297874062,0.002251626168645937,0.028202644043947827
19262,0.908261624943193,0.02518074535003283,0.06655762970677409
19263,0.9813998098526616,0.00338216510094766,0.01521802504639081
19264,0.3732792681359953,0.02124171847389269,0.6054790133901119
19265,0.8426694417156496,0.011285826216094254,0.14604473206825633
19266,0.9666915251614528,0.002869159761457534,0.030439315077089617
19267,0.4171524027939857,0.003430257264165843,0.5794173399418485
19268,0.3476977910263126,0.007192579781787144,0.6451096291919002
19269,0.9048691172395495,0.00748079046368037,0.08765009229677025
19270,0.7977598209523423,0.025137704976368434,0.17710247407128923
19271,0.9731363749154163,0.0024552754249001375,0.02440834965968369
19272,0.9167369643644564,0.005359540078372527,0.07790349555717094
19273,0.27355930641767223,0.025811421254838082,0.7006292723274896
19274,0.7143275444824735,0.03453651263619284,0.2511359428813336
19275,0.5492996287788194,0.005619804679859263,0.4450805665413213
19276,0.9802022264384563,0.007069130895881389,0.012728642665662062
19277,0.8194319207010365,0.011301844214786265,0.16926623508417718
19278,0.11492700636078194,0.0015378759491144845,0.8835351176901035
19279,0.6992839831257405,0.035725344656770956,0.26499067221748845
19280,0.6218069108783172,0.29977771047261065,0.07841537864907207
19281,0.3584005539900695,0.02361874245016356,0.617980703559767
19282,0.7682848098926317,0.01617077394151462,0.21554441616585357
19283,0.354229790072483,0.004527769479754593,0.6412424404477624
19284,0.9590227962200799,0.0012489207871756553,0.039728282992744376
19285,0.9773189404663087,0.0008982670716726743,0.02178279246201841
19286,0.965837581984526,0.004989802270473079,0.029172615745000862
19287,0.8198150071074957,0.05652933455788615,0.12365565833461802
19288,0.02065505313744652,0.00145150666332016,0.9778934401992334
19289,0.9163246936973845,0.05359192602074188,0.03008338028187363
19290,0.9781153356355426,0.0015537426695689425,0.020330921694888492
19291,0.978332552303049,0.0023109121471687065,0.019356535549782127
19292,0.047218751584758606,0.0095042992854168,0.9432769491298246
19293,0.940203595764405,0.003668416966013845,0.05612798726958108
19294,0.903664928276412,0.009552260938968589,0.08678281078461932
19295,0.9427449825899131,0.0018196871467491846,0.05543533026333769
19296,0.914863319214913,0.006589493145401345,0.07854718763968566
19297,0.8054864241705153,0.004894597496814003,0.1896189783326707
19298,0.0031129833963114677,0.0008077085187321762,0.9960793080849564
19299,0.9216476196195835,0.005744140232111276,0.07260824014830518
19300,0.8743385168235404,0.008677744777999851,0.11698373839845967
19301,0.4502693744438989,0.059994473498441295,0.48973615205765986
19302,0.9728029550374615,0.003145404620599573,0.024051640341938792
19303,0.9708841799316471,0.0005566303988929672,0.028559189669459972
19304,0.9874933045725295,0.001525204114148312,0.010981491313322145
19305,0.7640728908873482,0.010817100646276452,0.22511000846637536
19306,0.9855952053017096,0.003912329165838059,0.010492465532452274
19307,0.9622761198304811,0.008251581053991085,0.029472299115527723
19308,0.08706040996418211,0.005107747242747144,0.9078318427930707
19309,0.9389712977967576,0.01986751772190486,0.041161184481337466
19310,0.9781785361236482,0.003654312270015282,0.018167151606336644
19311,0.0924636003269601,0.046166839190537934,0.861369560482502
19312,0.9751677950393545,0.003102769420101687,0.021729435540543896
19313,0.02142335305818252,0.007347511610147678,0.9712291353316698
19314,0.9535732119895004,0.03866843696010274,0.007758351050396748
19315,0.7026077751004255,0.023384316663431083,0.27400790823614346
19316,0.8516989088742405,0.008133030976965779,0.1401680601487936
19317,0.48544103821868406,0.0165145813399809,0.498044380441335
19318,0.07240859449031257,0.00888592193489421,0.9187054835747933
19319,0.46425374817422993,0.0017049762193194287,0.5340412756064506
19320,0.01578967935186986,0.0023825353059781585,0.981827785342152
19321,0.9837252152590571,0.006627454709275892,0.00964733003166718
19322,0.8156413751087782,0.07849173623235389,0.10586688865886797
19323,0.9875190717598678,0.0011061667347754573,0.01137476150535667
19324,0.3118361714114673,0.12318925056539265,0.56497457802314
19325,0.9638992814220101,0.0041720528895182645,0.03192866568847179
19326,0.9669536187291347,0.0032490416988111125,0.02979733957205416
19327,0.276683071613687,0.025584191868428474,0.6977327365178845
19328,0.4726713806844523,0.0039644935137039174,0.5233641258018438
19329,0.4069684154819393,0.05882278544030695,0.5342087990777536
19330,0.21890748892893272,0.002302877988195592,0.7787896330828717
19331,0.9708308836569879,0.002161737292872051,0.02700737905014008
19332,0.896623355924725,0.0012397416284225826,0.10213690244685257
19333,0.8340342307861798,0.006991191418964123,0.15897457779485613
19334,0.9796462922730595,0.009255054724164465,0.011098653002776111
19335,0.057061106959508064,0.030320830324130812,0.912618062716361
19336,0.9220933851767942,0.009072519683681815,0.06883409513952408
19337,0.7374352016986401,0.01943693772269563,0.24312786057866445
19338,0.8784323538793762,0.010525410662215975,0.11104223545840793
19339,0.811290375212082,0.009221561602890446,0.17948806318502755
19340,0.9513895196513441,0.009581524382207125,0.03902895596644858
19341,0.9456681718146076,0.01336707892001935,0.04096474926537303
19342,0.9754426541990905,0.0008475051342690143,0.023709840666640437
19343,0.9001737058241529,0.004546576049849619,0.09527971812599736
19344,0.8912151129800134,0.0021651553060828446,0.10661973171390379
19345,0.5211508834983631,0.06912605221653917,0.4097230642850977
19346,0.9526216283332591,0.0043887031847846345,0.04298966848195632
19347,0.9320334281562801,0.04150310203879648,0.026463469804923364
19348,0.9013494911192592,0.011969762462764485,0.0866807464179762
19349,0.7568512214487613,0.010982589210385979,0.23216618934085279
19350,0.9564926270068103,0.01396373140101089,0.02954364159217884
19351,0.019982731239000087,0.005977473888410943,0.9740397948725888
19352,0.9712160462293333,0.007543261492164681,0.021240692278501814
19353,0.831837245641031,0.007042366588996797,0.16112038776997217
19354,0.9531859893666433,0.006641904591158019,0.04017210604219864
19355,0.14125410159830887,0.016769909684850884,0.8419759887168403
19356,0.2803859093607627,0.025179116224062745,0.6944349744151745
19357,0.7148057619975231,0.053133599248828677,0.23206063875364827
19358,0.8968924553073229,0.010990339576537294,0.09211720511613987
19359,0.832960844512039,0.01472829828761145,0.15231085720034965
19360,0.9603274050471823,0.005198638398148421,0.03447395655466933
19361,0.99394496974503,0.001399366740127281,0.004655663514842638
19362,0.11051397446469466,0.02292530436845449,0.8665607211668508
19363,0.5073940024398292,0.00321257652644139,0.48939342103372935
19364,0.9415474263712268,0.002374650521927431,0.05607792310684561
19365,0.926487061906994,0.006044524160818561,0.06746841393218757
19366,0.943888944090719,0.003996979651012539,0.05211407625826836
19367,0.8522098185161038,0.030822351551945026,0.11696782993195125
19368,0.37383016418072684,0.013427478054367253,0.6127423577649059
19369,0.6629145830034562,0.007198520053008727,0.3298868969435351
19370,0.9278397912561746,0.010706407385520398,0.061453801358305145
19371,0.3448540869197043,0.003325693362406122,0.6518202197178896
19372,0.9811065367376657,0.0064028064495550525,0.012490656812779385
19373,0.40823490527046696,0.010591373317539614,0.5811737214119934
19374,0.8311651490852667,0.004305009867100344,0.16452984104763285
19375,0.9795542214498101,0.004136323667611971,0.016309454882577748
19376,0.01806618419207098,0.0025532232037398183,0.9793805926041891
19377,0.6975363586825168,0.01481561968416904,0.2876480216333142
19378,0.9628335722058834,0.013240746832336931,0.02392568096177952
19379,0.5298501167755296,0.028003174716932505,0.44214670850753796
19380,0.15378712379492668,0.007579276588044823,0.8386335996170284
19381,0.8732100326714076,0.016272044092740807,0.11051792323585154
19382,0.7674001163351385,0.008137142743633903,0.2244627409212276
19383,0.029561272838259146,0.03685769401253014,0.9335810331492107
19384,0.8728408323043071,0.00492166759732348,0.12223750009836949
19385,0.9103736127259545,0.006713182735791693,0.0829132045382537
19386,0.127573928900999,0.14551984395138956,0.7269062271476114
19387,0.8661438892509474,0.10102594433951734,0.03283016640953519
19388,0.09386610359338199,0.027128861335229505,0.8790050350713885
19389,0.8046178896067782,0.007058965105749808,0.18832314528747202
19390,0.8960565258374242,0.02433898650784231,0.07960448765473355
19391,0.02027266325186845,0.0039663393883632965,0.9757609973597682
19392,0.10252447439066062,0.02017350769742327,0.8773020179119161
19393,0.9538670804929614,0.02806156086866813,0.018071358638370495
19394,0.9694794804768768,0.02127357985892723,0.009246939664196081
19395,0.9867646140140356,0.0019421962851364773,0.011293189700827742
19396,0.9479377622819738,0.0009879312672067622,0.05107430645081953
19397,0.8987065072342023,0.0036296417538260253,0.09766385101197161
19398,0.84439563709281,0.013658982335369095,0.141945380571821
19399,0.16085872790167738,0.0993151588166455,0.739826113281677
19400,0.9520983053066623,0.001906008794242232,0.04599568589909553
19401,0.1527670553196349,0.02124247833433076,0.8259904663460343
19402,0.9695709832565665,0.001983604749372148,0.028445411994061316
19403,0.7879269127113233,0.14714108597357306,0.06493200131510371
19404,0.687073011828949,0.01283398983398634,0.3000929983370647
19405,0.5860425109821419,0.02723933045173313,0.386718158566125
19406,0.9585266435147914,0.016502758466773883,0.0249705980184347
19407,0.020797593735517327,0.004333259145643101,0.9748691471188395
19408,0.2699904771177983,0.010748043259430316,0.7192614796227714
19409,0.5782115455883916,0.009024911732144496,0.41276354267946397
19410,0.9834658695446574,0.0004776300894139196,0.01605650036592866
19411,0.9796056495471337,0.001518832567966606,0.018875517884899665
19412,0.7179926497324561,0.12762886383991887,0.15437848642762494
19413,0.0026459154893068615,0.0009304184376062583,0.996423666073087
19414,0.002508682313691902,0.0010483253917955202,0.9964429922945126
19415,0.07938912823492991,0.11144354821305456,0.8091673235520155
19416,0.9915779375429107,0.004506332363995488,0.003915730093093914
19417,0.6832998094912511,0.09736909232757938,0.21933109818116944
19418,0.06482637570238411,0.0016105627079078997,0.9335630615897079
19419,0.9710091947825047,0.0015976157799674651,0.02739318943752765
19420,0.005333146395200825,0.0032765521724747986,0.9913903014323243
19421,0.8087645140418744,0.07543953828619689,0.11579594767192866
19422,0.962176071876993,0.006706280747715418,0.03111764737529162
19423,0.16458826521403996,0.01525408063138655,0.8201576541545735
19424,0.19708581068565917,0.008082203668533777,0.794831985645807
19425,0.9500315418372904,0.0016611097569570264,0.048307348405752605
19426,0.975091755373456,0.0018641799974054532,0.02304406462913842
19427,0.6036798980563014,0.012393090504731585,0.383927011438967
19428,0.97621995845186,0.0019866569029704756,0.021793384645169618
19429,0.9680485279869306,0.0024037288603428984,0.029547743152726357
19430,0.40885856739067106,0.06211424556882865,0.5290271870405002
19431,0.9365870734580155,0.011101938189588436,0.05231098835239624
19432,0.9685585141682553,0.004399829524497973,0.02704165630724674
19433,0.09941613198487967,0.059164318194352576,0.8414195498207678
19434,0.9225216651392172,0.005788178243114645,0.07169015661766814
19435,0.026163502176924747,0.0019065813169759107,0.9719299165060993
19436,0.020664580992173893,0.0026342712575191866,0.9767011477503069
19437,0.6932652612096218,0.10353481700843241,0.2031999217819457
19438,0.9865926795339218,0.005960779137847537,0.007446541328230601
19439,0.9332993499653318,0.001183097953343947,0.06551755208132432
19440,0.7029165973794687,0.18825032745548925,0.10883307516504193
19441,0.8201373436381699,0.0048448266691341274,0.17501782969269603
19442,0.7210023904738112,0.03243022082484171,0.24656738870134712
19443,0.08906695665985043,0.014063580084596884,0.8968694632555527
19444,0.9116762496686119,0.008772125369544508,0.0795516249618435
19445,0.9833901178471276,0.0012657522110147603,0.015344129941857604
19446,0.9817660352260511,0.005425083059342214,0.012808881714606687
19447,0.30697232189552837,0.11717121836498798,0.5758564597394836
19448,0.9300591615714138,0.0023999914850172006,0.067540846943569
19449,0.6188820597355957,0.022474420526824263,0.35864351973758
19450,0.9671170114603708,0.0074618892777256335,0.025421099261903758
19451,0.024972229086929115,0.0036796592522546374,0.9713481116608161
19452,0.9562006540437445,0.0006768242046473913,0.04312252175160809
19453,0.9174706977083616,0.0036570326067624074,0.07887226968487594
19454,0.7290158830295012,0.02019893612155598,0.2507851808489427
19455,0.8316131888985202,0.01372119818671937,0.15466561291476053
19456,0.6630167489602581,0.06228083018340315,0.2747024208563387
19457,0.6446534762979381,0.01593959393659708,0.3394069297654648
19458,0.5100737899186931,0.03803747806388969,0.451888732017417
19459,0.5466369353818714,0.0037499023288477536,0.44961316228928083
19460,0.7292375564427059,0.1032393438494828,0.1675230997078113
19461,0.9337117237980893,0.007293955984401577,0.058994320217509194
19462,0.88066646095852,0.003054268848517733,0.11627927019296226
19463,0.9797141221651932,0.0016169560903404134,0.018668921744466365
19464,0.9768723632568317,0.01096322044561598,0.012164416297552232
19465,0.8363515666616788,0.08269567569070028,0.08095275764762097
19466,0.8429578089803984,0.030739475735349273,0.12630271528425233
19467,0.8912997050937119,0.03227308291199055,0.07642721199429751
19468,0.8109598879266977,0.1128868110630108,0.07615330101029155
19469,0.7125491470728957,0.002986569255407946,0.28446428367169635
19470,0.8912322339238801,0.0013357813956646049,0.10743198468045523
19471,0.9672489234180977,0.002275751568447239,0.030475325013455082
19472,0.8346947002080186,0.10436789470155841,0.06093740509042298
19473,0.15979348366314503,0.024666076894033655,0.8155404394428213
19474,0.9425221636647908,0.002257644759422222,0.05522019157578694
19475,0.03074175086412564,0.006800842710865947,0.9624574064250085
19476,0.9433643211706747,0.03509011290357496,0.021545565925750253
19477,0.9860062376547576,0.001279278420399674,0.012714483924842816
19478,0.978265119381962,0.004181772719720383,0.017553107898317634
19479,0.07709175356420554,0.017367052057558705,0.9055411943782358
19480,0.22186887729240407,0.0321847805515681,0.7459463421560278
19481,0.9208394259730225,0.005885934597187811,0.07327463942978975
19482,0.9869102500051369,0.0054365492615638345,0.007653200733299161
19483,0.8780034689455096,0.010788430076635854,0.11120810097785445
19484,0.9486154291068433,0.003412749478850389,0.04797182141430625
19485,0.825028460352661,0.11859233705388685,0.056379202593452145
19486,0.753259686508999,0.012331897436170204,0.2344084160548309
19487,0.9555424066728982,0.0045476349929682025,0.03990995833413335
19488,0.9149735065081948,0.007314031511240961,0.07771246198056427
19489,0.9849992674300684,0.0016249563086413994,0.01337577626129025
19490,0.8445620606204121,0.021170482440173104,0.13426745693941483
19491,0.9423379406546675,0.00497607914661362,0.0526859801987189
19492,0.8615065205467933,0.052246973612246374,0.08624650584096018
19493,0.5158669141479556,0.005521971907188333,0.4786111139448561
19494,0.1444216073793494,0.0057231294842784355,0.8498552631363723
19495,0.6429217548651894,0.017386998644333854,0.3396912464904767
19496,0.8808628088943871,0.01034550975911051,0.10879168134650243
19497,0.712482870778856,0.023017567301872974,0.26449956191927104
19498,0.10226026029795955,0.008077031951084397,0.8896627077509561
19499,0.7627428974584766,0.010994207652062826,0.22626289488946058
19500,0.9832487056723455,0.0017674625588634607,0.014983831768791043
19501,0.06906630148487045,0.018949115187945235,0.9119845833271842
19502,0.09303606090756167,0.06730473819554528,0.839659200896893
19503,0.9807971334083255,0.005495603535643836,0.013707263056030839
19504,0.9236432347458389,0.010393646127839992,0.0659631191263212
19505,0.10051374282058752,0.0790882760997508,0.8203979810796617
19506,0.9426735659086528,0.008000619639222935,0.049325814452124285
19507,0.07926292414200044,0.005645731886294963,0.9150913439717046
19508,0.9131033201011104,0.0074853573827059,0.07941132251618375
19509,0.8799358662251454,0.06786307404670236,0.052201059728152144
19510,0.8251212021479711,0.01798452466999751,0.15689427318203142
19511,0.035826924586298194,0.2667260130254905,0.6974470623882113
19512,0.6620868389773268,0.248944507964501,0.08896865305817218
19513,0.8387197646673505,0.010059404574908577,0.15122083075774098
19514,0.9893894329905472,0.0005818598895329082,0.010028707119920025
19515,0.20320122020484593,0.01363762321282826,0.7831611565823258
19516,0.7207430085646589,0.01924204460859612,0.26001494682674503
19517,0.9788337492348289,0.0034696928535175296,0.017696557911653654
19518,0.9070531044482874,0.003940498936485024,0.08900639661522759
19519,0.8373140658745065,0.08485918873950468,0.07782674538598872
19520,0.9354747961646629,0.006132749030916527,0.05839245480442064
19521,0.8726183639107982,0.023580521529675415,0.1038011145595263
19522,0.9464910440899413,0.006159214152875986,0.04734974175718266
19523,0.007881753465946181,0.002424273024718648,0.9896939735093352
19524,0.8945978000634514,0.021861250551249312,0.08354094938529925
19525,0.8581581235960657,0.02603396718680402,0.1158079092171302
19526,0.9647083579286033,0.0009368084854304926,0.034354833585966145
19527,0.8232495173719049,0.1281820555904664,0.04856842703762885
19528,0.9042820361232232,0.0075157313585804495,0.08820223251819628
19529,0.39788328060764383,0.0013316829198427166,0.6007850364725134
19530,0.8032739245029845,0.08435898804054313,0.11236708745647234
19531,0.8855898377640179,0.01609901298824349,0.09831114924773865
19532,0.5633470970729628,0.014385351094151564,0.42226755183288556
19533,0.9461971270213643,0.03290375658737013,0.020899116391265453
19534,0.6234042477198338,0.004031244499948984,0.37256450778021705
19535,0.026724421369241726,0.005445680806864918,0.9678298978238934
19536,0.05950159516886535,0.015382996022701998,0.9251154088084326
19537,0.0016841169196427303,0.0011694769512274822,0.9971464061291297
19538,0.8662073047366917,0.0071232399068102675,0.1266694553564979
19539,0.45013946855525644,0.04091473122967754,0.5089458002150661
19540,0.002362642623138708,0.0007786656618480075,0.9968586917150132
19541,0.008102799688015536,0.00181666107992243,0.9900805392320621
19542,0.9792737157040702,0.007258445861822893,0.013467838434107007
19543,0.8912528476565377,0.005341816381879193,0.10340533596158319
19544,0.8877914150640385,0.0032367382943397733,0.1089718466416218
19545,0.005983929882426896,0.001700432328661261,0.992315637788912
19546,0.903669751819488,0.0017262692896671333,0.09460397889084492
19547,0.9467193372803165,0.005714864654947781,0.04756579806473578
19548,0.2996959643415255,0.06753092618211852,0.632773109476356
19549,0.971793407433483,0.002304806255686782,0.025901786310830434
19550,0.8854886183534889,0.0013407318503019974,0.11317064979620911
19551,0.45206343203723437,0.08800301571645544,0.4599335522463103
19552,0.05927794503871032,0.005173891940029197,0.9355481630212605
19553,0.2358823060627027,0.024976540260298524,0.7391411536769988
19554,0.9176770371838379,0.004674099568089062,0.07764886324807307
19555,0.9912822642697187,0.0011685074493563497,0.007549228280924988
19556,0.6246911995921226,0.04983950335188091,0.3254692970559965
19557,0.9858266045849706,0.001554402921352815,0.012618992493676501
19558,0.8855704921820122,0.03772437500589685,0.07670513281209096
19559,0.286335069430123,0.006628888460903725,0.7070360421089733
19560,0.9739427203022772,0.0103744573839722,0.01568282231375063
19561,0.16972018434556715,0.0020769242083146446,0.8282028914461183
19562,0.6388205090505287,0.02526004454264578,0.33591944640682553
19563,0.9635024669793881,0.002278173130392425,0.03421935989021943
19564,0.9368123120379368,0.005649331327089522,0.057538356634973704
19565,0.0013831209300470477,0.0007676550979817196,0.9978492239719713
19566,0.6220344221654821,0.08452158666571882,0.2934439911687991
19567,0.015960152915800278,0.012362659030343908,0.971677188053856
19568,0.9782531220767077,0.0030998566500055167,0.018647021273286993
19569,0.9746345678316816,0.003336526941781955,0.022028905226536534
19570,0.9803391819155117,0.014469549926500624,0.00519126815798748
19571,0.8598084414242789,0.0029858579790193814,0.1372057005967015
19572,0.8612981143506097,0.014621372401760821,0.12408051324762955
19573,0.8994894093947069,0.020695893385393613,0.07981469721989938
19574,0.9613020112221456,0.0036899063583151503,0.035008082419539274
19575,0.8274583551456668,0.008135712912828382,0.16440593194150482
19576,0.8885919120273384,0.009965569008783858,0.10144251896387767
19577,0.9229801350432665,0.0070321998061884635,0.06998766515054512
19578,0.9795207661710204,0.009963345996069463,0.010515887832910204
19579,0.972459922341237,0.005582739343250414,0.02195733831551254
19580,0.9340873023455943,0.005213985591796619,0.06069871206260917
19581,0.9045027854901819,0.022116936072161954,0.07338027843765609
19582,0.46232709898439434,0.019477343994043453,0.5181955570215622
19583,0.008764917401667686,0.0017130461098187756,0.9895220364885137
19584,0.77548339791814,0.07660767512772651,0.14790892695413346
19585,0.894262032331341,0.006785908030810782,0.09895205963784817
19586,0.05773627157960554,0.13739501373908145,0.8048687146813129
19587,0.6328858876328668,0.001905456382143132,0.36520865598499
19588,0.9530268865321958,0.013238114988508593,0.03373499847929552
19589,0.9270795158502533,0.008099565885549513,0.06482091826419707
19590,0.9736971679199034,0.009688093340877068,0.016614738739219745
19591,0.6774355228253598,0.02503704041959659,0.2975274367550437
19592,0.9777362880563555,0.008349492637697917,0.013914219305946546
19593,0.9732578736658986,0.004669691079450328,0.022072435254651118
19594,0.9448750040725645,0.03850006530743351,0.016624930620001917
19595,0.1114041952288715,0.017941191165981828,0.8706546136051466
19596,0.9300446842362222,0.008400794085087909,0.06155452167868984
19597,0.9228285288041033,0.00798560559705906,0.06918586559883762
19598,0.13925348764045975,0.022081761938352915,0.8386647504211874
19599,0.964948609193734,0.020418075936384804,0.014633314869881058
19600,0.0028439977726148484,0.004829989413953536,0.9923260128134315
19601,0.9420766355431471,0.005673120749006203,0.05225024370784676
19602,0.9331208275191915,0.019653515279108764,0.047225657201699696
19603,0.0648921095145677,0.008716059423953617,0.9263918310614786
19604,0.12328286251949823,0.01487861454308461,0.8618385229374171
19605,0.7534947885762429,0.039210460625746305,0.20729475079801088
19606,0.7906656951781815,0.1694694997577141,0.039864805064104246
19607,0.940089886860975,0.022361695402174288,0.03754841773685061
19608,0.3755754374154131,0.013367599898060339,0.6110569626865265
19609,0.8380892040840826,0.00712043361839268,0.15479036229752485
19610,0.9576435979871775,0.0017921186732191524,0.04056428333960334
19611,0.9701659021057969,0.0029066781730010625,0.026927419721202044
19612,0.9334594896627947,0.008521352530904625,0.0580191578063006
19613,0.5507644171354551,0.05458189617178514,0.39465368669275974
19614,0.9755079481155187,0.0024770858522275116,0.022014966032253905
19615,0.14107047189593946,0.014128743495336627,0.844800784608724
19616,0.15160574810965774,0.049671721430986436,0.7987225304593558
19617,0.8378350954217617,0.018711480107077523,0.14345342447116077
19618,0.8343119445628031,0.02156436724635942,0.1441236881908373
19619,0.9713153773933163,0.01111229894823085,0.017572323658452654
19620,0.5260904145560413,0.009244959979313757,0.4646646254646449
19621,0.804674611496272,0.006813568274995677,0.18851182022873234
19622,0.9811128538189589,0.0014177284117230357,0.017469417769318204
19623,0.9661728970993461,0.003300270755824866,0.03052683214482916
19624,0.9810940680674061,0.009920262281922169,0.008985669650671775
19625,0.021463091150295464,0.009422684973508993,0.9691142238761956
19626,0.8560518382076958,0.0018477614483854456,0.1421004003439188
19627,0.9451315843529917,0.006225954388306532,0.0486424612587018
19628,0.17319870222842804,0.005190302332131515,0.8216109954394404
19629,0.969733039809857,0.003963984166177368,0.02630297602396567
19630,0.3537771001920487,0.007880288000051965,0.6383426118078993
19631,0.9713314015994247,0.011804026209349115,0.016864572191226224
19632,0.3473463662754668,0.0032741099840485786,0.6493795237404847
19633,0.9785364607810223,0.0027325199731008773,0.0187310192458768
19634,0.1349617334705138,0.0016946947510739034,0.8633435717784123
19635,0.8965627456470643,0.00594347859310887,0.09749377575982682
19636,0.9540746220797041,0.009469794818889503,0.03645558310140648
19637,0.9043780186590911,0.050424940701899394,0.04519704063900958
19638,0.9101358720117966,0.0025865058926423773,0.08727762209556116
19639,0.9179666788518005,0.0033575803398285236,0.07867574080837098
19640,0.16180741742823235,0.0332663011648362,0.8049262814069315
19641,0.9673755284653618,0.0028797503120717273,0.029744721222566408
19642,0.1975605213621672,0.06257262764741157,0.7398668509904212
19643,0.06802570920615617,0.006430822406166314,0.9255434683876775
19644,0.8673048081018849,0.028536432478150173,0.10415875941996476
19645,0.9642415509070508,0.016719645572087376,0.019038803520861874
19646,0.9070064626715911,0.010281903749352868,0.08271163357905582
19647,0.545969241201337,0.054125535443381126,0.39990522335528184
19648,0.9690471409584822,0.0013682769629906372,0.02958458207852732
19649,0.7569595247605575,0.004997346065576042,0.23804312917386647
19650,0.9371648849598808,0.004287609206819479,0.05854750583329977
19651,0.8530508540793245,0.05674608916909272,0.09020305675158287
19652,0.68116577352039,0.02882752711702325,0.29000669936258666
19653,0.9642418767455542,0.025801348214751593,0.009956775039694204
19654,0.5772547544305001,0.010604193348243859,0.4121410522212561
19655,0.944771267904836,0.01103568070844105,0.044193051386722984
19656,0.9783690679418301,0.0013848668352219671,0.020246065222947956
19657,0.022356673417827523,0.019870306230941902,0.9577730203512305
19658,0.5281525629833321,0.013759341510219751,0.45808809550644813
19659,0.9343509405806792,0.001552465617584538,0.0640965938017361
19660,0.5251431213383955,0.03555206408367795,0.43930481457792653
19661,0.9843804706028678,0.004078932281994669,0.0115405971151374
19662,0.8985437730701544,0.0033427030464085357,0.098113523883437
19663,0.8916725720127723,0.008690478328114697,0.09963694965911281
19664,0.8562434287552857,0.01726884646128901,0.1264877247834253
19665,0.7919349977826511,0.01869800059873715,0.1893670016186119
19666,0.6070416509568163,0.005396252285565058,0.3875620967576186
19667,0.7774423674702141,0.15315955082254532,0.06939808170724064
19668,0.12994355762505794,0.021327765209223946,0.8487286771657182
19669,0.971942005806294,0.005284237976892389,0.02277375621681362
19670,0.8148505373606096,0.0009372149724281378,0.1842122476669624
19671,0.0896890119625739,0.007944169870590588,0.9023668181668356
19672,0.7382526843810456,0.013966267428417329,0.2477810481905371
19673,0.8955135808624038,0.005935425907117944,0.0985509932304781
19674,0.98814406923545,0.005222657109267452,0.006633273655282713
19675,0.06860538641453205,0.004579957498391976,0.9268146560870759
19676,0.41849988434385466,0.007025439077950414,0.5744746765781951
19677,0.979472628993142,0.003269540987459837,0.017257830019398058
19678,0.08732203719306958,0.02209100572514212,0.8905869570817884
19679,0.006285413457530154,0.0006023466376256971,0.9931122399048442
19680,0.021000623440723426,0.027080407815433333,0.9519189687438432
19681,0.8294394075507147,0.003884356161443476,0.16667623628784192
19682,0.967298924609971,0.004699377825238015,0.028001697564791164
19683,0.004277521871703696,0.0021958798374354257,0.9935265982908609
19684,0.825877276716495,0.03187848491088008,0.14224423837262495
19685,0.969201768803747,0.004250176908431875,0.02654805428782116
19686,0.22219386859140203,0.012753825222833694,0.7650523061857643
19687,0.9645004026168729,0.003940358757442623,0.03155923862568457
19688,0.010489320294974432,0.003875938811722964,0.9856347408933026
19689,0.5111950590785594,0.2034711551448617,0.2853337857765788
19690,0.9848309014058552,0.004666393746615278,0.010502704847529487
19691,0.955589622559699,0.008097489963689653,0.03631288747661128
19692,0.4272654996693932,0.004533872214619398,0.5682006281159874
19693,0.5391310564784862,0.10110741623043942,0.35976152729107413
19694,0.9875429195363156,0.00828395596185053,0.00417312450183395
19695,0.9615226908475988,0.0074075734066352955,0.031069735745765943
19696,0.828015114080628,0.016966951742731357,0.1550179341766407
19697,0.9259727971509473,0.02710227914753205,0.0469249237015205
19698,0.7870340673364274,0.015477961607669611,0.19748797105590288
19699,0.5030270755320102,0.009941662565519212,0.4870312619024705
19700,0.9662618871646868,0.0018612049487476629,0.031876907886565414
19701,0.4995436720808407,0.004833213640401003,0.4956231142787584
19702,0.9636870321397953,0.00345753723876497,0.03285543062143983
19703,0.4249239625459169,0.025389437897551256,0.5496865995565319
19704,0.951260998206191,0.0039911016786093635,0.04474790011519947
19705,0.9827324382329203,0.006296904518042831,0.010970657249036918
19706,0.8296350466048565,0.016372114366660168,0.1539928390284833
19707,0.975941888268878,0.006721420460199356,0.017336691270922633
19708,0.2957204341167106,0.24008082714116538,0.46419873874212403
19709,0.859108827375069,0.018639419790269132,0.1222517528346618
19710,0.9645206608931658,0.007129886476937914,0.028349452629896407
19711,0.5743701942623445,0.00816306333349856,0.417466742404157
19712,0.38763296129661284,0.006622520622511212,0.605744518080876
19713,0.9227141483512196,0.005619074789105539,0.0716667768596748
19714,0.7767389981236922,0.18128293181044733,0.04197807006586052
19715,0.8786262417684042,0.005731603470453392,0.11564215476114227
19716,0.6884769123278873,0.14198813862758503,0.16953494904452765
19717,0.021666407637292953,0.003240028004683428,0.9750935643580236
19718,0.969059201661596,0.002282976934862157,0.028657821403541974
19719,0.02651278559667857,0.00318994214480649,0.970297272258515
19720,0.9449966513975706,0.001241233223298991,0.05376211537913049
19721,0.14992472905326393,0.10154020456662874,0.7485350663801075
19722,0.8759420024360356,0.07935673484525183,0.04470126271871269
19723,0.47367445515200834,0.4822315836648305,0.04409396118316123
19724,0.9807986568181213,0.005437578415114268,0.01376376476676452
19725,0.3217162244558275,0.012190169097536863,0.6660936064466357
19726,0.9667869948325207,0.007573733071431837,0.025639272096047473
19727,0.6615313136465399,0.014717059595290509,0.32375162675816954
19728,0.23775179266980107,0.06768735057004825,0.6945608567601507
19729,0.9640082227317753,0.01626603231023712,0.019725744957987464
19730,0.9757702913853926,0.007322132139522744,0.01690757647508449
19731,0.04812224244601958,0.05909971693772306,0.8927780406162573
19732,0.14476946459922785,0.11094922918320176,0.7442813062175704
19733,0.9452901132840532,0.004971661129623082,0.04973822558632374
19734,0.9442890927728932,0.029621537701822766,0.026089369525283956
19735,0.9708616737720216,0.0013807153379940536,0.027757610889984418
19736,0.028762294389913626,0.010781954913474336,0.960455750696612
19737,0.9698036719054991,0.0022564686313275004,0.0279398594631735
19738,0.8387841710705027,0.013386413805441835,0.1478294151240554
19739,0.0922044309987287,0.006646035095340105,0.9011495339059312
19740,0.935940401113636,0.005852325771867249,0.05820727311449674
19741,0.9867058952824815,0.0008590886417027179,0.012435016075815705
19742,0.9722960669917027,0.0009070365115077722,0.02679689649678959
19743,0.9619461282491509,0.015508576002193845,0.022545295748654964
19744,0.14459117537796487,0.009303236877476792,0.8461055877445584
19745,0.966821986587267,0.009045544354432734,0.024132469058300226
19746,0.7102657698487108,0.01401356049428142,0.27572066965700764
19747,0.9630014867549751,0.01659541846314922,0.020403094781875603
19748,0.9597337068455793,0.01085543086705557,0.02941086228736494
19749,0.10885500536018061,0.10155484060023498,0.7895901540395844
19750,0.4712151737700737,0.2911686840467619,0.23761614218316443
19751,0.33122990303922734,0.003977005536541679,0.664793091424231
19752,0.9255069693396809,0.002898926703542437,0.07159410395677651
19753,0.839068180467874,0.045302629917176214,0.11562918961494971
19754,0.18850849381761767,0.03515622832948645,0.7763352778528958
19755,0.9371210599024312,0.006413050629151878,0.05646588946841675
19756,0.716642936149369,0.012781707277251688,0.27057535657337944
19757,0.9689646253723808,0.004785811676868853,0.026249562950750413
19758,0.25731894970651265,0.005279882343869009,0.7374011679496184
19759,0.9837714169225923,0.003659723997189506,0.012568859080218093
19760,0.062232479807373196,0.02883705280615871,0.908930467386468
19761,0.9851084699338863,0.002388115756980367,0.0125034143091334
19762,0.9802870203478633,0.011807544672102311,0.007905434980034329
19763,0.7929246098393858,0.013995175938525665,0.1930802142220884
19764,0.9452310128859284,0.003023841815367066,0.05174514529870451
19765,0.06078573333939291,0.00895164666041402,0.930262620000193
19766,0.008491234579049765,0.001044937565992667,0.9904638278549576
19767,0.030013233429634974,0.0019450053625832205,0.9680417612077817
19768,0.9706642799147384,0.004627539629239971,0.024708180456021647
19769,0.944292782135996,0.0013714779906752249,0.05433573987332889
19770,0.8336529362678247,0.025667884678370508,0.14067917905380484
19771,0.8702087200943064,0.01473950172622387,0.11505177817946978
19772,0.47469074177852505,0.09084467427735676,0.4344645839441182
19773,0.9823129857681432,0.0015741512092952922,0.0161128630225616
19774,0.5826452813829612,0.026716623993529774,0.390638094623509
19775,0.45100333394207465,0.11681142485938888,0.4321852411985365
19776,0.9413045634951682,0.01605063356053478,0.042644802944297
19777,0.9184595978284564,0.004630814832787999,0.07690958733875561
19778,0.9198185734006709,0.0024834687868229887,0.07769795781250605
19779,0.4704729793181135,0.20456390370516542,0.3249631169767212
19780,0.12835975205191508,0.012774550231020655,0.8588656977170642
19781,0.9536209541801038,0.022074308224460156,0.02430473759543616
19782,0.43275558169970374,0.008844564279929074,0.5583998540203673
19783,0.9905904291932645,0.0004496481288864244,0.008959922677848963
19784,0.26000795308771935,0.04712929061197863,0.692862756300302
19785,0.8963882556281292,0.015107841275281203,0.08850390309658969
19786,0.7331344401211041,0.1739804391483582,0.09288512073053787
19787,0.9105257012365032,0.006682556242391803,0.08279174252110492
19788,0.6947350076936514,0.0354276926612528,0.26983729964509573
19789,0.9747906951579941,0.005391669826009018,0.019817635015996836
19790,0.9685881885490903,0.0036786216310247285,0.027733189819884936
19791,0.9596749446939385,0.0024067270966006693,0.0379183282094607
19792,0.9692645629179409,0.0012363191959444807,0.029499117886114673
19793,0.8738511456445875,0.012803956560122336,0.11334489779529007
19794,0.9122180399165934,0.006225885134667591,0.08155607494873901
19795,0.00866046865887728,0.00111170723542777,0.9902278241056951
19796,0.033101103009347155,0.0018260503271295154,0.9650728466635233
19797,0.08801919275284403,0.0017387677428345914,0.9102420395043213
19798,0.8707996609187624,0.0035849370949319896,0.1256154019863057
19799,0.8648916278391409,0.008094203443248337,0.12701416871761073
19800,0.012023898740315151,0.002359197620567695,0.9856169036391172
19801,0.938251041737564,0.007239636768209618,0.0545093214942263
19802,0.9768316819607241,0.012158235048975726,0.011010082990300181
19803,0.49191357991626217,0.00975570680448105,0.4983307132792567
19804,0.8501949141305466,0.0024332274608702994,0.14737185840858313
19805,0.9648666940986947,0.0031986452103155536,0.03193466069098976
19806,0.28906085787024266,0.0022328753012928735,0.7087062668284644
19807,0.9442025269273937,0.006372331613370664,0.04942514145923561
19808,0.9794009993616724,0.001577610804666021,0.019021389833661705
19809,0.42816342593159984,0.08353623288656171,0.48830034118183835
19810,0.936189053017974,0.005142986161499401,0.058667960820526714
19811,0.010368109838013334,0.0006100854832307087,0.9890218046787559
19812,0.9688721151875964,0.009456583382783662,0.02167130142961983
19813,0.9572318690747026,0.0018976819073466748,0.040870449017950866
19814,0.801667454904503,0.005088044673720757,0.1932445004217762
19815,0.9024323587783042,0.0066527766824528035,0.09091486453924287
19816,0.925308607934192,0.003444685949676076,0.07124670611613174
19817,0.8426443445896977,0.006542389387712727,0.15081326602258954
19818,0.0073991495821096685,0.004421781523445749,0.9881790688944445
19819,0.871586496389814,0.002511991152723856,0.12590151245746223
19820,0.8968658954821684,0.011520672026554527,0.09161343249127714
19821,0.9817669873501286,0.001146775301918985,0.017086237347952303
19822,0.9754530793788077,0.002528663384657017,0.022018257236535384
19823,0.9417445999786475,0.004759253898905861,0.05349614612244668
19824,0.009390083948487405,0.0009059062728356637,0.989704009778677
19825,0.7581091468736065,0.0058559963341026635,0.23603485679229078
19826,0.41420651646750706,0.021533710440051704,0.5642597730924412
19827,0.10084909411215136,0.2146765487115195,0.6844743571763291
19828,0.9138271241139071,0.006129615662169021,0.08004326022392386
19829,0.9700514539364132,0.017959385231287997,0.011989160832298881
19830,0.8389502885910122,0.00986859061854125,0.15118112079044668
19831,0.9248739708416083,0.010486228531182584,0.06463980062720909
19832,0.25565699605292774,0.1922373631472467,0.5521056407998256
19833,0.9532703070153666,0.0009227321073630861,0.04580696087727024
19834,0.9829816240845856,0.0020870860438632023,0.01493128987155132
19835,0.7952243268333182,0.03251979064600258,0.17225588252067917
19836,0.5158789931791853,0.015306998717421937,0.46881400810339274
19837,0.9742404095135191,0.016108601810039997,0.009650988676440979
19838,0.2794864678760555,0.004972759431875522,0.715540772692069
19839,0.9447823774961285,0.004129193283632262,0.05108842922023938
19840,0.9766434145441028,0.0007081699806494531,0.02264841547524782
19841,0.09376246089570914,0.0035293271045739446,0.902708211999717
19842,0.45733985050724746,0.24697267718467353,0.295687472308079
19843,0.956613895426037,0.005674806204720826,0.03771129836924224
19844,0.01214092302808473,0.00442819811824661,0.9834308788536688
19845,0.8524113686201583,0.02223373917207075,0.12535489220777093
19846,0.037145852011975365,0.016555016459380796,0.9462991315286438
19847,0.11129483604419473,0.005565625833673193,0.8831395381221321
19848,0.02021787343026332,0.007891280667495715,0.971890845902241
19849,0.9404466223384046,0.0021522919492331202,0.057401085712362396
19850,0.04849435304869244,0.016023208901056858,0.9354824380502506
19851,0.9844320795323662,0.004672070080067043,0.01089585038756662
19852,0.9758285340553755,0.0037498860278197886,0.020421579916804718
19853,0.9180679112391158,0.015210081394593452,0.06672200736629062
19854,0.10582196534256229,0.007644902828173224,0.8865331318292645
19855,0.5953877640056477,0.011498128208457773,0.3931141077858945
19856,0.9870270071441528,0.004524747132621157,0.008448245723225804
19857,0.8013558339982672,0.15808828104404904,0.04055588495768373
19858,0.9916239906370871,0.00294074765493129,0.005435261707981809
19859,0.9709136062427378,0.007876194585607501,0.02121019917165475
19860,0.9808131279353053,0.001236793184605449,0.01795007888008915
19861,0.6238638284511016,0.02522375094565588,0.3509124206032426
19862,0.6469812372683298,0.01628289616116143,0.33673586657050886
19863,0.009386203033034354,0.0016809514532624638,0.9889328455137032
19864,0.10662366053473595,0.005197236579304343,0.8881791028859597
19865,0.7297113844539047,0.01933378941909514,0.25095482612700015
19866,0.7349965494597808,0.017493789093132473,0.24750966144708675
19867,0.5641782421850154,0.022819559313296323,0.4130021985016881
19868,0.8614103973757837,0.036723124721343904,0.10186647790287227
19869,0.8441632548732602,0.004037253522910967,0.15179949160382894
19870,0.9665837540439808,0.007215934644921104,0.026200311311098037
19871,0.8932190972929022,0.002480579190272042,0.10430032351682565
19872,0.4701400691933703,0.028607080977493045,0.5012528498291366
19873,0.5151073149939736,0.006627986987724709,0.47826469801830174
19874,0.7349032227362522,0.02409723302517466,0.24099954423857306
19875,0.9198481357080465,0.007706366336706754,0.07244549795524673
19876,0.9586597119468026,0.009477890001140554,0.03186239805205677
19877,0.005786026386909837,0.003450750183438958,0.9907632234296511
19878,0.9865061854465323,0.0019491931758926176,0.011544621377574962
19879,0.9663560477103773,0.006017247044843998,0.027626705244778695
19880,0.3640722598184658,0.014969731142504009,0.6209580090390302
19881,0.9324485826713169,0.006894158656906135,0.06065725867177697
19882,0.9839017961899181,0.001167314307899784,0.014930889502182187
19883,0.987978879575543,0.003991783621859738,0.008029336802597084
19884,0.9498933943928719,0.005012437820524383,0.045094167786603676
19885,0.36717511152382476,0.42860483325640264,0.2042200552197726
19886,0.9222180556200151,0.015419810228716154,0.062362134151268574
19887,0.1016431180409129,0.016809805282464608,0.8815470766766225
19888,0.9814893840748316,0.0023167196811914362,0.016193896243977046
19889,0.7997605359130258,0.004416115170927476,0.19582334891604677
19890,0.9435446332227442,0.00411122141653894,0.052344145360716805
19891,0.9640464688828092,0.005164802694694275,0.030788728422496497
19892,0.024945133171590094,0.008183694648900201,0.9668711721795098
19893,0.41940316592525106,0.016878570999018627,0.5637182630757304
19894,0.9512007857531753,0.003836066354735714,0.04496314789208916
19895,0.7365825266166363,0.00772674009791795,0.2556907332854458
19896,0.8538010821200159,0.0018794519741358621,0.14431946590584818
19897,0.9072014517257232,0.021425715461752873,0.07137283281252384
19898,0.9629341053735191,0.0011304368322021233,0.03593545779427857
19899,0.9398556413860863,0.009868832147724552,0.05027552646618926
19900,0.3010597233363127,0.0037708643678819225,0.6951694122958054
19901,0.44630729453926204,0.013194200390769118,0.5404985050699689
19902,0.0021646861044484237,0.000530758597463909,0.9973045552980877
19903,0.9753466208123307,0.0015677757376534448,0.0230856034500159
19904,0.058116055778532065,0.004359603364400519,0.9375243408570674
19905,0.7065093941789437,0.01225695764160681,0.2812336481794496
19906,0.939917190343429,0.0020782187047591978,0.058004590951811784
19907,0.5472059839222941,0.04253225290366566,0.4102617631740402
19908,0.9258662131074773,0.011923753075826181,0.06221003381669647
19909,0.05007896040581825,0.017372966906465132,0.9325480726877167
19910,0.007239491732903697,0.0007790449254739101,0.9919814633416224
19911,0.9695045743041968,0.01424493490693051,0.016250490788872682
19912,0.6296587066990473,0.08660886582879693,0.28373242747215577
19913,0.30673078376531,0.011444676643949743,0.6818245395907402
19914,0.019337399666597477,0.010474871635510375,0.9701877286978923
19915,0.24206826674710613,0.03387046112966075,0.724061272123233
19916,0.012991759735448687,0.0015457785577192853,0.985462461706832
19917,0.7975323583300531,0.01625137994041886,0.18621626172952804
19918,0.7363487490589135,0.011803026285281168,0.25184822465580536
19919,0.8933049328990066,0.005993565765324367,0.100701501335669
19920,0.8518217135135354,0.06489091171055004,0.08328737477591447
19921,0.8216500998884064,0.07820737487135031,0.10014252524024331
19922,0.08331113072490033,0.007916650612346013,0.9087722186627537
19923,0.6707044415763982,0.007806036940443618,0.32148952148315824
19924,0.2559081180182482,0.013691043096314899,0.7304008388854369
19925,0.8693888053682116,0.007510275166015087,0.12310091946577327
19926,0.9739851031279081,0.004604166543690115,0.02141073032840183
19927,0.46445202665570223,0.01351737089513144,0.5220306024491664
19928,0.9214158491121661,0.013085944392157938,0.06549820649567574
19929,0.8558121705437404,0.01159791602996839,0.13258991342629123
19930,0.9283824231424959,0.01820626721424583,0.053411309643258305
19931,0.9697898268644249,0.010113085708869093,0.0200970874267061
19932,0.21343956903224837,0.22904263131278085,0.5575177996549708
19933,0.9424679966217392,0.0013954340045917112,0.05613656937366893
19934,0.9268829545142339,0.00623437043598013,0.06688267504978593
19935,0.931819178316502,0.007214066569083164,0.060966755114414864
19936,0.7058835891741012,0.00712986403394627,0.28698654679195246
19937,0.1684968037889689,0.06423830263061812,0.767264893580413
19938,0.3030978649216495,0.0068547492856653874,0.6900473857926852
19939,0.003155664899569005,0.004488876603267959,0.9923554584971631
19940,0.7653413881073896,0.011831965650799586,0.2228266462418107
19941,0.009818789051220453,0.0016851697992887828,0.9884960411494909
19942,0.8873961137390832,0.04186610323695443,0.07073778302396215
19943,0.9477802743479937,0.024901168568103628,0.027318557083902777
19944,0.9255306032203555,0.05276909277401164,0.02170030400563292
19945,0.8185094627528343,0.006769529559484625,0.17472100768768092
19946,0.5961241492295368,0.021097427071716038,0.38277842369874715
19947,0.9673750010997489,0.011277526511291689,0.021347472388959315
19948,0.572191368938535,0.006321201054365809,0.42148743000709926
19949,0.11235884966251534,0.016001663046964657,0.8716394872905201
19950,0.9582722184668854,0.0006437301440377107,0.041084051389077114
19951,0.5801322287154489,0.0209941997145971,0.3988735715699539
19952,0.9742550196760158,0.0012854010560717898,0.02445957926791255
19953,0.9875938167713995,0.0012691750372089369,0.011137008191391516
19954,0.45645703173067437,0.10789524514392712,0.43564772312539846
19955,0.9325710420184671,0.004543925534582469,0.06288503244695061
19956,0.03187786266050653,0.00796601179702954,0.9601561255424639
19957,0.935565171923038,0.014001038353505784,0.05043378972345631
19958,0.6840983287941614,0.011335484913611298,0.3045661862922272
19959,0.7525895729844904,0.019080173398214835,0.2283302536172947
19960,0.8959579078415488,0.01170967422884225,0.09233241792960871
19961,0.8898400148373712,0.0013336373347352453,0.10882634782789362
19962,0.0643410583878244,0.03454714165180473,0.9011117999603708
19963,0.045651344621569376,0.002271370620794836,0.9520772847576358
19964,0.9614537314892837,0.0024629645012973927,0.036083304009419025
19965,0.5020884228120408,0.005890063332361588,0.4920215138555975
19966,0.10113625652960291,0.00804174067271552,0.8908220027976815
19967,0.9094048118439627,0.01602583299535949,0.0745693551606778
19968,0.26024892441762004,0.008485833728255197,0.7312652418541248
19969,0.051376029603038005,0.009049410703239322,0.9395745596937227
19970,0.8799365287992259,0.025493507988078607,0.09456996321269534
19971,0.9206182033327392,0.06643061083252812,0.012951185834732582
19972,0.7565602596335914,0.004910084606177621,0.23852965576023094
19973,0.08412814624499387,0.03135541934389912,0.8845164344111069
19974,0.021403042626277,0.04367073898200929,0.9349262183917139
19975,0.9756273722167109,0.0034134841904936886,0.020959143592795382
19976,0.9076885294218587,0.008270611881950002,0.08404085869619124
19977,0.459133010237684,0.0044866100401591506,0.5363803797221569
19978,0.9448388602460062,0.0037920370303562686,0.051369102723637684
19979,0.16216427987472923,0.0019624470789627226,0.8358732730463081
19980,0.0025325711623583936,0.0012200612024340575,0.9962473676352076
19981,0.968650410307497,0.002017616348290999,0.02933197334421214
19982,0.5382869511612435,0.04760248984680813,0.41411055899194854
19983,0.8348970413180271,0.003064283570022402,0.16203867511195053
19984,0.9719458955838202,0.012402723716174293,0.015651380700005615
19985,0.9607408033764558,0.011295313447803816,0.027963883175740376
19986,0.9335516797307414,0.004229646768518053,0.0622186735007406
19987,0.9896547522513,0.001293982008659673,0.009051265740040431
19988,0.044332464322921136,0.00869857738019234,0.9469689582968865
19989,0.40270341895015843,0.5312984899205377,0.06599809112930392
19990,0.9772936472375765,0.0032493957769651016,0.019456956985458355
19991,0.9689925317297111,0.0030685694781464865,0.027938898792142397
19992,0.823682782517788,0.011227251992555172,0.1650899654896568
19993,0.9325653988100453,0.005520310796336413,0.061914290393618135
19994,0.042073857634898466,0.0018432519463047249,0.9560828904187969
19995,0.9434824559980981,0.0027287772374261004,0.0537887667644757
19996,0.8670495874093717,0.011611341528294062,0.1213390710623343
19997,0.979521205470844,0.00115633121217635,0.019322463316979607
19998,0.9882251278558728,0.0006556942929568344,0.011119177851170295
19999,0.8588223162694458,0.02626773435003012,0.11490994938052396
20000,0.9596869597162827,0.021715543969846738,0.01859749631387058
20001,0.8611339579298485,0.028822581885850917,0.11004346018430058
20002,0.9916780588954834,0.0036760380039916845,0.0046459031005249025
20003,0.971635557310017,0.0012832550713303252,0.02708118761865268
20004,0.9172912704619127,0.0053061548519292775,0.0774025746861581
20005,0.0996499783079507,0.002472544213274793,0.8978774774787746
20006,0.1973029697824412,0.0027072120304295275,0.7999898181871293
20007,0.4575633546044606,0.02711034443901801,0.5153263009565213
20008,0.4410869597829009,0.03987148247922131,0.5190415577378779
20009,0.3477130118700712,0.0038706644442588283,0.6484163236856699
20010,0.9826617775166891,0.0020010930151503274,0.015337129468160402
20011,0.0552033257191904,0.1507231636320213,0.7940735106487883
20012,0.5787364916342883,0.020683242400918466,0.4005802659647931
20013,0.9860368516466216,0.002536249170580354,0.011426899182797934
20014,0.2608322471046509,0.0339773911607706,0.7051903617345784
20015,0.1782463078052626,0.05329549154089443,0.7684582006538428
20016,0.9392249805301833,0.0037101533197847806,0.05706486615003182
20017,0.8971813762562996,0.059152973048575266,0.043665650695125076
20018,0.125561105512347,0.007110871864959918,0.867328022622693
20019,0.85513865354826,0.060918114650278486,0.08394323180146142
20020,0.01842511099232757,0.008052443431872416,0.9735224455757999
20021,0.00803918996189924,0.008460068193120729,0.9835007418449802
20022,0.012479091306312674,0.002517203552438047,0.9850037051412492
20023,0.9113460407994984,0.004331306196067385,0.08432265300443421
20024,0.3276256655965582,0.03405850577864207,0.6383158286247997
20025,0.9459458131085349,0.0031387303197179793,0.05091545657174721
20026,0.36322988392748184,0.0052276918042763,0.6315424242682419
20027,0.49789277598359155,0.012009609420760622,0.4900976145956479
20028,0.8350404929427909,0.0018058801045688735,0.16315362695264024
20029,0.2865070224663703,0.005943886253770212,0.7075490912798594
20030,0.933072673191142,0.002545764900781054,0.06438156190807694
20031,0.0775238314962877,0.1562537610788297,0.7662224074248826
20032,0.11676345261921725,0.020195873470986826,0.8630406739097959
20033,0.989809787882862,0.0008572760905665781,0.009332936026571297
20034,0.8710406452371094,0.010058362818483931,0.11890099194440663
20035,0.9637799503817295,0.0014217460259900803,0.034798303592280394
20036,0.3244100792758763,0.037713528333481225,0.6378763923906424
20037,0.7235393200791935,0.06638587232845677,0.21007480759234967
20038,0.976158307146435,0.0029655567923817456,0.020876136061183295
20039,0.028724561218630505,0.0022680449702488776,0.9690073938111207
20040,0.10049568638012409,0.01504292032075442,0.8844613932991214
20041,0.166099738390001,0.024724536456634607,0.8091757251533644
20042,0.7539634546936975,0.11925701970541837,0.12677952560088418
20043,0.06432425480499322,0.02492160818654498,0.9107541370084619
20044,0.5708944986086453,0.021764463760695338,0.40734103763065943
20045,0.5295363818087637,0.007783100364014087,0.46268051782722214
20046,0.027524446096860028,0.005507466455166712,0.9669680874479732
20047,0.12887938201891333,0.0062282390893021,0.8648923788917845
20048,0.7944995844013822,0.007835279224575163,0.19766513637404273
20049,0.9116321423062427,0.01602281154580927,0.07234504614794803
20050,0.9638486002111056,0.0014035976577411607,0.03474780213115327
20051,0.9700589317768576,0.006709334232548936,0.02323173399059352
20052,0.05988998027770194,0.004795592545543747,0.9353144271767543
20053,0.5967396928000273,0.06261199857892262,0.3406483086210502
20054,0.8966155891033889,0.005895737462466881,0.09748867343414422
20055,0.5728020554814056,0.005511887824790627,0.4216860566938037
20056,0.1845693244373494,0.009791632618142417,0.8056390429445082
20057,0.9510548287948076,0.0023883822690425327,0.04655678893614994
20058,0.9745177543660621,0.005655641729332563,0.019826603904605243
20059,0.9530881916029394,0.023522868118643698,0.023388940278416835
20060,0.9618906165572335,0.001443420180806641,0.03666596326195989
20061,0.9844553264862794,0.0010098444130319931,0.014534829100688592
20062,0.9548905873654621,0.0114178135717057,0.033691599062832304
20063,0.03520094503586253,0.0039056193729867287,0.9608934355911508
20064,0.8704087103747399,0.0034049846474641233,0.12618630497779595
20065,0.0011801208419374948,0.0002622310735915141,0.998557648084471
20066,0.0014180906742240816,0.0004909353740899302,0.998090973951686
20067,0.19802021670810813,0.007747779750102899,0.7942320035417889
20068,0.9069331803681658,0.008045524857879736,0.08502129477395456
20069,0.6870348636413093,0.017299794171727185,0.29566534218696355
20070,0.9728805318734066,0.0039775254921276745,0.023141942634465708
20071,0.0725618795766731,0.23665495456122448,0.6907831658621024
20072,0.028125003633029597,0.006225918313402838,0.9656490780535675
20073,0.9713618188890865,0.001085360613277552,0.02755282049763589
20074,0.9282384728540222,0.016947095571970106,0.054814431574007796
20075,0.26431732380403217,0.0728151067042164,0.6628675694917513
20076,0.6853311730054151,0.007883612511772725,0.3067852144828121
20077,0.39264236024969296,0.04337989060493758,0.5639777491453695
20078,0.4321090876957401,0.03615428310754167,0.5317366291967183
20079,0.012487857318880968,0.061408967273442645,0.9261031754076764
20080,0.8447835204684674,0.06808255872206732,0.0871339208094653
20081,0.3856889115537713,0.026681357270101822,0.5876297311761269
20082,0.08222846617810964,0.006051807026411155,0.9117197267954792
20083,0.9066286437423601,0.004017364641879214,0.0893539916157608
20084,0.7590786053182674,0.0032394712720269993,0.2376819234097056
20085,0.9083653902949005,0.009436550899472578,0.08219805880562701
20086,0.02448183973660927,0.0020916201701151956,0.9734265400932756
20087,0.917982226928531,0.0049567691522737775,0.07706100391919521
20088,0.9720343256525924,0.0034189109577550604,0.024546763389652372
20089,0.18574688491113822,0.03502725400080593,0.7792258610880558
20090,0.6290473200893277,0.042025746861522606,0.3289269330491498
20091,0.1157858338210101,0.005751807168896249,0.8784623590100937
20092,0.9320257610989777,0.004680496274667406,0.06329374262635487
20093,0.9765041673347538,0.0022067609875109817,0.0212890716777352
20094,0.8377776401671941,0.004028726607279529,0.15819363322552624
20095,0.9866654431394424,0.002052554860260447,0.011282002000297152
20096,0.9743346932294173,0.010038301240285406,0.01562700553029726
20097,0.9027481037953181,0.05396090190020703,0.043290994304474896
20098,0.963946871909603,0.0033148456119077687,0.03273828247848927
20099,0.9153036702762005,0.03659585694875643,0.048100472775043056
20100,0.9841844786161765,0.0014622571230376957,0.014353264260785892
20101,0.145056533931563,0.011548756647079137,0.8433947094213579
20102,0.9750305470882678,0.0035306324337217613,0.02143882047801052
20103,0.2444074510084135,0.020151937996155573,0.735440610995431
20104,0.0032556867501132227,0.00045540883498154064,0.9962889044149053
20105,0.7495043383590893,0.21431726729093314,0.036178394349977765
20106,0.9241958193020242,0.04806276548483904,0.027741415213136854
20107,0.9425807508795431,0.0010056913054039508,0.05641355781505302
20108,0.5881361588916231,0.009947725778164145,0.40191611533021276
20109,0.9593206621243605,0.002956710588646934,0.037722627286992466
20110,0.9414074177311096,0.02339054648645553,0.03520203578243508
20111,0.9438164285132932,0.005097892789720953,0.051085678696985826
20112,0.03301281847775148,0.013833117410620212,0.9531540641116282
20113,0.9425742499248584,0.004531918862214288,0.05289383121292735
20114,0.8570222641182458,0.021000455437785823,0.12197728044396841
20115,0.050188404808273426,0.5207939269612013,0.42901766823052523
20116,0.9273659211867417,0.0017840318135016965,0.0708500469997565
20117,0.8887467334523285,0.07286150140598674,0.038391765141684825
20118,0.7112460068684348,0.010638293052351337,0.27811570007921377
20119,0.022731162706832606,0.004624635105519815,0.9726442021876476
20120,0.9784083000579664,0.0016329080302084594,0.019958791911825164
20121,0.7299693881723897,0.018245893934192115,0.2517847178934184
20122,0.03328406414174033,0.12499744838873926,0.8417184874695205
20123,0.9714557791278444,0.0023132256528297754,0.026230995219325856
20124,0.6747807797830792,0.021685251278401665,0.3035339689385193
20125,0.8397480862496876,0.06119268987882975,0.09905922387148279
20126,0.9845273717523528,0.005686158496339302,0.009786469751307751
20127,0.0035895071423589957,0.0035805713691564865,0.9928299214884845
20128,0.8726091658556318,0.001931132723452872,0.12545970142091542
20129,0.8351807957600625,0.006552619085697186,0.15826658515424039
20130,0.09749794346648935,0.036831799811354024,0.8656702567221566
20131,0.9808588829469794,0.0018297062314252726,0.017311410821595326
20132,0.9819559873440652,0.0010180141115938297,0.01702599854434096
20133,0.735908850025074,0.1507561485288883,0.11333500144603766
20134,0.3112640806147859,0.019737323343760767,0.6689985960414534
20135,0.014832971193469727,0.0023180719976483456,0.9828489568088818
20136,0.19440961962399864,0.47147602784150533,0.33411435253449595
20137,0.010586819367439649,0.0006550637335157746,0.9887581168990447
20138,0.8480492297348476,0.011388069478671083,0.14056270078648136
20139,0.11050084459007613,0.0036982925594350974,0.8858008628504889
20140,0.9708380453513332,0.003709141094083195,0.025452813554583616
20141,0.6362761673178847,0.015158801798468407,0.3485650308836469
20142,0.012154993275737871,0.004290937158249017,0.9835540695660131
20143,0.9891036870357606,0.0011698629689438139,0.0097264499952957
20144,0.96482112088425,0.009355152787065635,0.025823726328684276
20145,0.9742335076305539,0.003639356076881771,0.022127136292564197
20146,0.7394220073653587,0.0027358947019614516,0.25784209793267987
20147,0.9428809021311427,0.0059181810271467265,0.0512009168417105
20148,0.16886026617061412,0.10375691639258514,0.7273828174368008
20149,0.8440175540260562,0.025518332384094837,0.13046411358984908
20150,0.4322100415098925,0.00984807817892133,0.5579418803111861
20151,0.22192047878198284,0.011244886656406026,0.766834634561611
20152,0.1678194583557525,0.07565209984766094,0.7565284417965865
20153,0.5787649787975042,0.20679726003900395,0.21443776116349192
20154,0.9312439982769329,0.035259696421604286,0.03349630530146277
20155,0.007028934814338287,0.0024985342744065888,0.9904725309112551
20156,0.9365565785055733,0.008610937346420246,0.05483248414800635
20157,0.006493803533611131,0.0010580367094361668,0.9924481597569527
20158,0.9041541236297231,0.018115899626776854,0.07772997674350009
20159,0.9712193995432319,0.003921461323529009,0.024859139133238943
20160,0.30581498623287834,0.0409529073490584,0.6532321064180633
20161,0.012538458141119058,0.0018355321697658905,0.9856260096891151
20162,0.7839366983770882,0.062000263826228856,0.15406303779668293
20163,0.9843258235562162,0.0011837111423181007,0.01449046530146553
20164,0.96860570089429,0.0031421998104440027,0.0282520992952661
20165,0.9601157462800981,0.0033977966597298565,0.03648645706017203
20166,0.9600696515283293,0.012876276383322314,0.02705407208834828
20167,0.050565453034320994,0.004122495877447625,0.9453120510882315
20168,0.02080468048525675,0.0027720287023139164,0.9764232908124293
20169,0.2980800855004686,0.10869364179003581,0.5932262727094956
20170,0.567417772407578,0.05474136916107556,0.3778408584313464
20171,0.0736589605075613,0.018678643175020403,0.9076623963174184
20172,0.6319908165164595,0.0031639044188745313,0.36484527906466596
20173,0.8328600559173739,0.0747184828341389,0.09242146124848728
20174,0.878344469781762,0.007705502305439216,0.1139500279127988
20175,0.9938698321907711,0.0024083338029549494,0.003721834006273858
20176,0.824565949756399,0.04373217130022606,0.13170187894337498
20177,0.36000552416231085,0.029103735813580375,0.6108907400241087
20178,0.9631717733641996,0.0024441512254039233,0.0343840754103966
20179,0.9438812255320237,0.03640234634953354,0.019716428118442732
20180,0.2005120878742812,0.008369402266700387,0.7911185098590184
20181,0.027155150806551252,0.04222098246219788,0.9306238667312509
20182,0.2791001296423556,0.07108902966687158,0.6498108406907728
20183,0.847353346798505,0.02638846854318604,0.1262581846583089
20184,0.9554312451901223,0.0025722617141717722,0.04199649309570591
20185,0.986363438457716,0.0011767421033481375,0.012459819438935845
20186,0.801865243610019,0.007628571335135133,0.19050618505484587
20187,0.5190791685027626,0.023358381979687856,0.4575624495175496
20188,0.932582307727449,0.002390807480745172,0.06502688479180585
20189,0.9843084387020209,0.0028624916821818145,0.012829069615797196
20190,0.9089260858178074,0.004657936621344111,0.08641597756084826
20191,0.5831682838587469,0.0021713772202831653,0.41466033892096993
20192,0.9298057385443711,0.03481973510687023,0.035374526348758734
20193,0.9637003855510541,0.015494145385311556,0.020805469063634445
20194,0.81391575383107,0.011348920250270384,0.17473532591865978
20195,0.9593245909939153,0.006398375157091402,0.03427703384899343
20196,0.9342636568838488,0.0077321157682721285,0.058004227347878926
20197,0.23007510485405658,0.24460880394323528,0.5253160912027081
20198,0.050417642465497195,0.03481083766690571,0.9147715198675972
20199,0.9828234643561704,0.0010655422086644011,0.0161109934351651
20200,0.781118701492273,0.008751514296754258,0.21012978421097275
20201,0.8035152281975542,0.047677874186051857,0.148806897616394
20202,0.9464741725023701,0.004149519668497991,0.04937630782913186
20203,0.2943182339500794,0.00824006842941213,0.6974416976205086
20204,0.804825308948331,0.019160565318057054,0.17601412573361186
20205,0.9554778431073679,0.002532664891247548,0.041989492001384465
20206,0.010925745999260723,0.004991767798161374,0.9840824862025778
20207,0.9150831980698736,0.0293585253876048,0.05555827654252159
20208,0.9078584399849644,0.004767542327747794,0.08737401768728784
20209,0.04802712732064284,0.052271880312698915,0.8997009923666583
20210,0.9124532577489477,0.03624977793734375,0.051296964313708615
20211,0.9623142062461214,0.004448925570795768,0.03323686818308264
20212,0.017670724432497897,0.006730616357546521,0.9755986592099556
20213,0.9356988036633829,0.024981188187963164,0.03932000814865392
20214,0.776112785495427,0.026179660017393438,0.1977075544871795
20215,0.9583399770219843,0.00922746093238562,0.03243256204563004
20216,0.9152517602455401,0.0351250084515904,0.049623231302869296
20217,0.7475736810107976,0.07367704830866048,0.17874927068054194
20218,0.38519460720563725,0.059765260929850086,0.5550401318645126
20219,0.9408351586384464,0.006980521522511551,0.05218431983904203
20220,0.9625248999003345,0.011956797056045736,0.025518303043619725
20221,0.9769064158171626,0.0022439301903556448,0.020849653992481662
20222,0.4376914471663433,0.001490240326915817,0.560818312506741
20223,0.266953792870604,0.2647776808411108,0.46826852628828525
20224,0.9312485027453257,0.0017943001933624597,0.06695719706131187
20225,0.045793064881726186,0.03457043691852302,0.9196364981997509
20226,0.9054451063180767,0.007086873815263998,0.08746801986665932
20227,0.21643721489334322,0.01290176427462142,0.7706610208320352
20228,0.9734899735304773,0.001514293721479574,0.024995732748043082
20229,0.7843223668139138,0.03389719034190843,0.18178044284417777
20230,0.13200080276981882,0.039826385399623875,0.8281728118305572
20231,0.9836198954451378,0.005332381156764939,0.011047723398097179
20232,0.9690678530668372,0.0011938858026050126,0.029738261130557928
20233,0.956119390555288,0.005376595743566057,0.03850401370114582
20234,0.9279173233553119,0.008830289547335356,0.06325238709735279
20235,0.39989969782014173,0.06907035488473073,0.5310299472951275
20236,0.7037630654710975,0.02831247256190551,0.26792446196699704
20237,0.9489652461298986,0.005843127612288384,0.045191626257812985
20238,0.9714186184225243,0.01527827385179624,0.013303107725679596
20239,0.007167923166054754,0.0017230488792213052,0.991109027954724
20240,0.9218228419346082,0.01623991375785889,0.06193724430753299
20241,0.9635064652762065,0.0025747855867465546,0.033918749137046955
20242,0.015176312193260695,0.002380857253727842,0.9824428305530114
20243,0.6193221132538405,0.0342212818130247,0.34645660493313485
20244,0.017720148130768793,0.019537715260636922,0.9627421366085943
20245,0.81883536637084,0.004292756936742326,0.17687187669241755
20246,0.510300921535861,0.04345596283230912,0.44624311563182995
20247,0.859994689309888,0.046741313256572194,0.09326399743353973
20248,0.048312294346403974,0.005927108823097544,0.9457605968304984
20249,0.7659517293919235,0.0066363209121015855,0.22741194969597495
20250,0.9049175325454798,0.03752581448183541,0.05755665297268481
20251,0.24030104959926402,0.0022988692896845353,0.7574000811110514
20252,0.974723695089053,0.0037771078561231707,0.021499197054823727
20253,0.9681252934532879,0.00901724835564504,0.02285745819106699
20254,0.8784240985893549,0.013531210406952593,0.10804469100369246
20255,0.9306510293571618,0.022058583749498963,0.04729038689333903
20256,0.94584705442218,0.004689084347194129,0.0494638612306259
20257,0.691749909317935,0.016536302296790244,0.2917137883852749
20258,0.935869598562501,0.012910190747583605,0.05122021068991545
20259,0.7985107078618127,0.004685840663756968,0.19680345147443043
20260,0.9869460867420767,0.0020370258436022337,0.011016887414320931
20261,0.4198552761281651,0.009170412411049583,0.5709743114607854
20262,0.9459671143680878,0.0045223144131067644,0.04951057121880559
20263,0.1895853338218597,0.004067088037019354,0.806347578141121
20264,0.9874674671560999,0.00369878593161832,0.008833746912281807
20265,0.9912605717106969,0.0027106638160745984,0.006028764473228394
20266,0.8278618240901867,0.0017650453320492635,0.170373130577764
20267,0.0033884734457258234,0.0007650019861138145,0.9958465245681604
20268,0.23556375363584411,0.019939974936966094,0.7444962714271898
20269,0.2174993352317314,0.014968205947220467,0.7675324588210481
20270,0.06624225384977214,0.04533162618977687,0.8884261199604508
20271,0.04927661002362794,0.07626411341079185,0.8744592765655803
20272,0.8932940706743494,0.00219678077479862,0.10450914855085199
20273,0.9020353432911141,0.00980829100243158,0.0881563657064543
20274,0.97484074947151,0.012734560061559819,0.012424690466930042
20275,0.8183896456792193,0.003059189451883137,0.17855116486889763
20276,0.7870242875957993,0.0048986380581099815,0.20807707434609055
20277,0.9894503753687712,0.0008382094931599088,0.009711415138068814
20278,0.7383515632888676,0.023749418265966344,0.2378990184451661
20279,0.969061196989354,0.005018097329609005,0.025920705681036934
20280,0.1411387342234113,0.25723587571443696,0.6016253900621518
20281,0.911944923728933,0.02166132558983576,0.06639375068123118
20282,0.9315170305610654,0.01962408401304102,0.04885888542589367
20283,0.7718122511576644,0.12345025687510322,0.10473749196723245
20284,0.1918557431252916,0.028140650821992807,0.7800036060527157
20285,0.7803908513142493,0.03649038534386102,0.18311876334188967
20286,0.6397512278503131,0.008646850032293107,0.3516019221173939
20287,0.9861030198393163,0.0014516307810071244,0.01244534937967654
20288,0.9764390826889982,0.001774486885902839,0.021786430425098906
20289,0.9675624316175432,0.016553859828698444,0.015883708553758286
20290,0.9778253362612871,0.017054106893182968,0.005120556845530022
20291,0.03356428118292051,0.008108653261058325,0.9583270655560212
20292,0.4646594069033038,0.02813357062762726,0.5072070224690689
20293,0.5890368438889428,0.017565672555446547,0.39339748355561066
20294,0.6581399219824929,0.06637409864579023,0.27548597937171676
20295,0.6798952599934813,0.01784404741240401,0.30226069259411464
20296,0.017146410951279906,0.002298485951595408,0.9805551030971247
20297,0.9892137421200797,0.002359957825496107,0.00842630005442415
20298,0.9439777744683764,0.0015845956455997872,0.05443762988602397
20299,0.006397796449833892,0.005893911977429416,0.9877082915727367
20300,0.3354913607881506,0.016135060963898308,0.648373578247951
20301,0.7297569349176299,0.08777852943015603,0.1824645356522139
20302,0.6246643936353213,0.00920767002661859,0.36612793633806007
20303,0.024961823402622006,0.025505945945368643,0.9495322306520093
20304,0.12760542549713672,0.0034229965120736515,0.8689715779907896
20305,0.7823362001739727,0.05197979895725029,0.1656840008687772
20306,0.028482974275031568,0.04413987499612566,0.9273771507288427
20307,0.8206271896289529,0.03583176171402551,0.14354104865702175
20308,0.574547454460463,0.009900859729057172,0.41555168581047985
20309,0.9758594622168107,0.002175682029941326,0.021964855753247966
20310,0.9867607956682694,0.0007135574012491207,0.012525646930481414
20311,0.9235366422205571,0.011153325307677242,0.06531003247176559
20312,0.007258710124267198,0.015024848216661613,0.9777164416590712
20313,0.9373144281970192,0.013298455335615609,0.04938711646736535
20314,0.09277920642753885,0.015222446753534291,0.8919983468189268
20315,0.9444182152614112,0.011068031291453645,0.04451375344713522
20316,0.94308572111732,0.03880037769503211,0.018113901187647937
20317,0.9712439425762781,0.0040717835789433904,0.024684273844778573
20318,0.5772526144618009,0.009845615228967763,0.4129017703092314
20319,0.783277230367716,0.013089880506010674,0.20363288912627323
20320,0.0031003247396705273,0.0014032739146077867,0.9954964013457217
20321,0.9651870723170571,0.0021452728338454204,0.0326676548490974
20322,0.7895088021655533,0.0708027132737329,0.1396884845607138
20323,0.9444245416293452,0.0018661713627719431,0.053709287007882765
20324,0.8655851183753496,0.013616502701883783,0.1207983789227666
20325,0.9774337392392984,0.002235458484440186,0.020330802276261415
20326,0.9444184359086737,0.010299223479738459,0.04528234061158804
20327,0.892662723291332,0.004293916964586752,0.10304335974408124
20328,0.9780883687414587,0.0025563378415036733,0.019355293417037813
20329,0.2046959972850814,0.09008374223248142,0.7052202604824371
20330,0.39396169231429407,0.236307350062392,0.36973095762331404
20331,0.9746098233385796,0.0027266386617856445,0.02266353799963469
20332,0.0157320840822863,0.0023178956394326,0.981950020278281
20333,0.645391534993385,0.009323213540361473,0.34528525146625355
20334,0.02299381645789591,0.005104516259268356,0.9719016672828358
20335,0.00968956411010564,0.001142908120584423,0.9891675277693099
20336,0.9502670338631108,0.002293940298702928,0.047439025838186266
20337,0.8884325060291915,0.013552990441495424,0.09801450352931297
20338,0.39058766184353766,0.03255676683603184,0.5768555713204305
20339,0.9487870697440216,0.006687509593377767,0.04452542066260041
20340,0.9443071660527594,0.01946608968273186,0.03622674426450862
20341,0.9603179154386736,0.008907189239874875,0.03077489532145148
20342,0.5834728976624164,0.00864671954505596,0.40788038279252764
20343,0.014942921555378932,0.003963774703324797,0.9810933037412962
20344,0.7387483252854655,0.02404240202741771,0.23720927268711675
20345,0.19871230551503832,0.014370697793645918,0.7869169966913157
20346,0.7650531280241135,0.21357147862843986,0.02137539334744675
20347,0.9268481097334975,0.007950124004705331,0.06520176626179727
20348,0.9663529765956209,0.01945437136530034,0.014192652039078718
20349,0.8009379215012622,0.015272414634544469,0.18378966386419338
20350,0.9243161285290077,0.006118936300716944,0.06956493517027543
20351,0.3982016991413267,0.10174057706770019,0.500057723790973
20352,0.4864971080443985,0.03509137138664385,0.4784115205689577
20353,0.9548529543063198,0.00838083184122563,0.0367662138524545
20354,0.6468405398340968,0.014125694056511937,0.33903376610939134
20355,0.09784964876317433,0.0036762768071901247,0.8984740744296357
20356,0.20805494273420935,0.022232282423445392,0.7697127748423452
20357,0.8846844526987201,0.018599888419908756,0.09671565888137122
20358,0.9289092072084242,0.0019871546833454216,0.06910363810823048
20359,0.8467405063878422,0.004566090762278004,0.14869340284987975
20360,0.6149098188877493,0.01726749233088986,0.367822688781361
20361,0.14630135684258086,0.008989039658639827,0.8447096034987793
20362,0.9905714629858463,0.0013928938788769585,0.008035643135276868
20363,0.9865996733262603,0.0006943509436374382,0.012705975730102303
20364,0.964476752999061,0.0038971643059970977,0.03162608269494192
20365,0.46890051881017386,0.018697304895722272,0.5124021762941039
20366,0.026692549143767647,0.008123462288126188,0.9651839885681062
20367,0.05828565553813602,0.005623084355001752,0.9360912601068622
20368,0.9250176306581809,0.032239909772399336,0.04274245956941978
20369,0.5481446759864793,0.08886730101800225,0.36298802299551836
20370,0.9383842473477718,0.005570843426610912,0.05604490922561724
20371,0.6844875996424087,0.007194557054107429,0.3083178433034839
20372,0.21937012610324677,0.11352320431466281,0.6671066695820904
20373,0.08568124588563161,0.06192397820410776,0.8523947759102606
20374,0.3535594134757958,0.4539367650668842,0.19250382145731995
20375,0.4999607145558056,0.02008812144176447,0.47995116400242993
20376,0.973511034758339,0.001910260885487371,0.024578704356173594
20377,0.9826987897557664,0.005108138280719369,0.012193071963514358
20378,0.9810411314906511,0.0035068337603279113,0.01545203474902101
20379,0.9809042034992773,0.0038735493320961743,0.01522224716862646
20380,0.8841797418247929,0.037379513770206076,0.07844074440500115
20381,0.015460148744996028,0.0025621152221802354,0.9819777360328237
20382,0.3842437519701219,0.12242936766640619,0.49332688036347194
20383,0.8524890366330007,0.03621486405163378,0.11129609931536544
20384,0.9660634248771498,0.003093428823626016,0.0308431462992241
20385,0.28754347867039953,0.003526347966376275,0.7089301733632242
20386,0.00544805636862404,0.002812268021296007,0.99173967561008
20387,0.7658799427750032,0.06445515083688551,0.1696649063881113
20388,0.9801750412321502,0.007009298468038946,0.012815660299810806
20389,0.178562845543618,0.004060575380666996,0.817376579075715
20390,0.975913202444856,0.0015769713561526266,0.022509826198991254
20391,0.9867952635104218,0.002286399149479939,0.010918337340098267
20392,0.9807633809291401,0.0027835356766799987,0.016453083394180047
20393,0.9186428808495416,0.003222053393060311,0.07813506575739808
20394,0.981101397934395,0.0009699300823675275,0.017928671983237606
20395,0.6198840195074561,0.015465540034606885,0.3646504404579371
20396,0.9842442581257563,0.003956755927709026,0.011798985946534675
20397,0.5829421754255699,0.36398088328452155,0.05307694128990852
20398,0.8384365590779135,0.01477218639480476,0.14679125452728184
20399,0.02427877899734966,0.001556936815674408,0.974164284186976
20400,0.02090434872882864,0.008418603623882711,0.9706770476472888
20401,0.08326605823931758,0.034092570806633624,0.8826413709540488
20402,0.5898187027615415,0.01591082452634473,0.3942704727121139
20403,0.9233722438349661,0.009995525724067904,0.06663223044096596
20404,0.8082773931871596,0.015807583030517592,0.17591502378232274
20405,0.9479984765374345,0.005677113933413177,0.046324409529152365
20406,0.9421516442085359,0.03391504037121608,0.023933315420247944
20407,0.9342547420736137,0.0024165805259206254,0.06332867740046569
20408,0.003772935860022772,0.012520469807115941,0.9837065943328613
20409,0.9635894618875135,0.0005341156109511746,0.03587642250153527
20410,0.05471085808495835,0.0030742189196346814,0.942214922995407
20411,0.9264809725561943,0.005759239052192187,0.06775978839161337
20412,0.9527348537867498,0.007556746436837208,0.039708399776412856
20413,0.05639174342251591,0.016359885245703063,0.927248371331781
20414,0.6451861414346081,0.003691464865836831,0.351122393699555
20415,0.7858995955297255,0.06473300590022539,0.1493673985700489
20416,0.499806834669909,0.029713510421957596,0.4704796549081333
20417,0.8256645402423203,0.005467007798562292,0.16886845195911732
20418,0.9736059112839651,0.0012401517178045071,0.02515393699823026
20419,0.8322843432450624,0.13632951447699837,0.031386142277939136
20420,0.9040725695539645,0.00284165458109402,0.09308577586494136
20421,0.9865774721904917,0.0014601007151005955,0.011962427094407565
20422,0.7010740392046452,0.015293662888284267,0.2836322979070707
20423,0.8415287937695554,0.008235824975779819,0.1502353812546648
20424,0.1773536106832797,0.019627773161299707,0.8030186161554206
20425,0.4549262327072287,0.10183137250148111,0.44324239479129013
20426,0.9705047707484701,0.0032916881748125,0.0262035410767175
20427,0.025974378577147683,0.0038521927936913856,0.970173428629161
20428,0.9077777051915885,0.027934929850515936,0.06428736495789558
20429,0.9020833181410437,0.013001259635453111,0.08491542222350314
20430,0.9534212588868208,0.004500072484111278,0.042078668629067936
20431,0.9268741986090355,0.00288744902414288,0.07023835236682152
20432,0.9604365995863708,0.001012359657976892,0.03855104075565211
20433,0.012729277986937647,0.0019689277724554235,0.9853017942406069
20434,0.8349622931148036,0.033281625961864764,0.13175608092333163
20435,0.9821973212452177,0.002883937270277845,0.014918741484504587
20436,0.9552822254256998,0.010055285762566469,0.03466248881173358
20437,0.35867265944053855,0.030600989273960134,0.6107263512855013
20438,0.3584184682247681,0.07662999920709637,0.5649515325681355
20439,0.8512050476296459,0.02603776582544887,0.12275718654490521
20440,0.691385572977197,0.012124775276356513,0.2964896517464464
20441,0.8481579026443596,0.00858443844990786,0.14325765890573247
20442,0.2618558993473841,0.04841357800411285,0.6897305226485031
20443,0.024664758798902436,0.0034626695788930717,0.9718725716222044
20444,0.3233890816586222,0.010184846194079127,0.6664260721472988
20445,0.9046768971728066,0.005580688434438357,0.08974241439275515
20446,0.07183336149642006,0.000828085827796786,0.927338552675783
20447,0.9803767617067016,0.0019387232909040982,0.01768451500239413
20448,0.5483757620401117,0.027528635797614904,0.42409560216227327
20449,0.37898255775709305,0.04069166590530673,0.5803257763376003
20450,0.8942346131613819,0.006226092564739226,0.09953929427387892
20451,0.8382465485171148,0.021194619125081762,0.14055883235780345
20452,0.6970093068623574,0.005572325906682618,0.2974183672309599
20453,0.8268012935088224,0.004936816974138856,0.16826188951703885
20454,0.9860400067072463,0.0006786939879543423,0.013281299304799404
20455,0.8202586055707795,0.014279467513327612,0.165461926915893
20456,0.004945484664266663,0.006963836946276162,0.9880906783894571
20457,0.9422395349130265,0.007194571236023778,0.05056589385094979
20458,0.517679939638425,0.00753150940035618,0.4747885509612188
20459,0.962555081895798,0.0016113412571871159,0.03583357684701484
20460,0.9474483668155315,0.001327618305129245,0.051224014879339225
20461,0.9694959272156232,0.004661678615736368,0.02584239416864035
20462,0.6258341393692382,0.001372295754468936,0.37279356487629295
20463,0.8833924957909202,0.015582197798875637,0.10102530641020413
20464,0.9773612981619677,0.00339422409146239,0.01924447774656977
20465,0.22377620495237976,0.00916386630574915,0.7670599287418711
20466,0.40057184310171107,0.03155809878450645,0.5678700581137824
20467,0.8764821526950215,0.006256311800436347,0.11726153550454206
20468,0.9889849989937384,0.0032696017777722702,0.007745399228489514
20469,0.9434772126110126,0.0036305767673852074,0.05289221062160213
20470,0.9555359913041063,0.011025262691412659,0.033438746004480914
20471,0.0026963059656095138,0.0010531454309392152,0.9962505486034512
20472,0.9473631198744974,0.0076369619558337275,0.04499991816966885
20473,0.01389004651031318,0.0029305316838765137,0.9831794218058103
20474,0.4481665186689747,0.044251036309714845,0.5075824450213104
20475,0.8582860937428587,0.0031673508039544458,0.13854655545318675
20476,0.5379379679417392,0.02510985238312637,0.43695217967513444
20477,0.9143893135983026,0.0027821123704070056,0.08282857403129038
20478,0.21521265340368304,0.0008188586337319116,0.783968487962585
20479,0.07489510528072438,0.08180446417421472,0.8433004305450609
20480,0.8812919096310207,0.047829574675769954,0.07087851569320953
20481,0.5077538700591371,0.02750314025253209,0.46474298968833094
20482,0.9544819966074581,0.012931000483128594,0.03258700290941326
20483,0.9569449640420769,0.0020046082282172803,0.04105042772970606
20484,0.9748393703683255,0.0023776820407115516,0.022782947590962874
20485,0.8834457266570239,0.001997832068695937,0.11455644127428022
20486,0.9852237976309838,0.0007305295721521233,0.014045672796863992
20487,0.950632531936872,0.004491896027352588,0.044875572035775406
20488,0.15939198807939,0.03717532202468322,0.8034326898959266
20489,0.574753556830685,0.02896002063973378,0.3962864225295812
20490,0.9753675162408645,0.008296793423549489,0.016335690335586094
20491,0.9630515670968887,0.004601976833292645,0.03234645606981853
20492,0.8719189399968533,0.03031931327878319,0.09776174672436355
20493,0.019512240103673938,0.002330665137678172,0.9781570947586478
20494,0.8159321397750817,0.008977455336157793,0.17509040488876054
20495,0.9646434129399434,0.005793823208306519,0.029562763851750294
20496,0.8962418142035663,0.02719266178074259,0.07656552401569121
20497,0.5762764608377922,0.017805890402151008,0.40591764876005687
20498,0.18241327251293288,0.0022872690442567313,0.8152994584428105
20499,0.052769519715869184,0.0035619514032969057,0.9436685288808339
20500,0.36605798880931933,0.0027800108030564537,0.6311620003876242
20501,0.4416689462208936,0.03503595647952975,0.5232950972995767
20502,0.9516379918140663,0.0283262387119615,0.020035769473972266
20503,0.498487165281387,0.008447023730499123,0.4930658109881138
20504,0.968549667029584,0.0026381373413374132,0.028812195629078607
20505,0.8884402536654317,0.006531373964195801,0.10502837237037235
20506,0.984939857655242,0.0024218493012410597,0.012638293043517086
20507,0.008356871176181689,0.0058230224044195,0.9858201064193989
20508,0.8513190623693035,0.018679099008774,0.13000183862192238
20509,0.934639397992453,0.018742833964772495,0.04661776804277437
20510,0.6332378488331785,0.010980863118936642,0.35578128804788495
20511,0.9792383201533502,0.0036984520946678817,0.017063227751981994
20512,0.6115941641820004,0.017465756754295833,0.37094007906370385
20513,0.9010351878354752,0.026091142953703884,0.0728736692108208
20514,0.9702665167849974,0.0012579860448117231,0.02847549717019081
20515,0.9809203789778134,0.0019734838577631863,0.01710613716442351
20516,0.9460662585006342,0.001530022814495787,0.052403718684869975
20517,0.005267087795739802,0.002253803048296809,0.9924791091559634
20518,0.0731389268431825,0.003915218529936637,0.922945854626881
20519,0.95773558215795,0.025801174687869268,0.01646324315418077
20520,0.8864330644290757,0.007049048105049802,0.10651788746587454
20521,0.05993385574269183,0.0024261026378160117,0.9376400416194921
20522,0.8800700169414063,0.035404324461715216,0.08452565859687856
20523,0.9764912765338496,0.004682210543207583,0.018826512922942885
20524,0.5872732180055673,0.006702912182530763,0.40602386981190186
20525,0.9476014637715536,0.008723131579367906,0.04367540464907841
20526,0.985591108156253,0.006359025803917469,0.008049866039829484
20527,0.7602978075185985,0.003372022196562454,0.23633017028483896
20528,0.10312108654547224,0.016433834872911033,0.8804450785816167
20529,0.9156873620145415,0.003918546189800126,0.08039409179565843
20530,0.8526339512736442,0.004068621304396378,0.1432974274219595
20531,0.9784953242463595,0.011621898526966828,0.009882777226673672
20532,0.9546130639590398,0.003005454311412181,0.042381481729548136
20533,0.950794403179457,0.005240956621281595,0.04396464019926144
20534,0.2337739408715827,0.008201152651386408,0.7580249064770308
20535,0.8285015805457003,0.0489509810276313,0.12254743842666833
20536,0.7918215813517071,0.18322059209053485,0.024957826557758165
20537,0.9306577260649416,0.00424316065013614,0.06509911328492209
20538,0.003878901147632802,0.007344343377300781,0.9887767554750665
20539,0.838776633272253,0.008732568456242495,0.15249079827150433
20540,0.006815552911408922,0.006348150322457983,0.9868362967661332
20541,0.897876359846085,0.05633893530749032,0.045784704846424606
20542,0.9220816658716487,0.0058171459485871135,0.07210118817976391
20543,0.00790212216251451,0.0009728835824806719,0.9911249942550048
20544,0.020545849411775827,0.004679308654644523,0.9747748419335796
20545,0.9874490017093949,0.0022026617207498915,0.010348336569855163
20546,0.9559452151381874,0.0022760278911433418,0.041778756970669274
20547,0.9681380843768558,0.004197398639991659,0.02766451698315244
20548,0.9617410284383885,0.01920707828699494,0.019051893274616576
20549,0.09434633205883593,0.017324074113676872,0.8883295938274872
20550,0.8730857747677131,0.002848805345032441,0.12406541988725445
20551,0.013528010129999185,0.00038705712432603265,0.9860849327456747
20552,0.07319946175638124,0.0028739705826787807,0.9239265676609401
20553,0.9218528529143898,0.03205959171500488,0.04608755537060543
20554,0.0755928680552355,0.008947728408002674,0.9154594035367618
20555,0.09200079970825548,0.016307667300556664,0.891691532991188
20556,0.9334186433530335,0.010304224219648016,0.056277132427318584
20557,0.984065339803541,0.0020189772450128463,0.013915682951446148
20558,0.9316546874082025,0.005814671421945102,0.0625306411698524
20559,0.7541230161130317,0.015154315770260952,0.23072266811670739
20560,0.9744021094268239,0.006035899117454419,0.019561991455721704
20561,0.9856570196205021,0.002696131395833598,0.011646848983664361
20562,0.05476435596434439,0.15600102093412702,0.7892346231015286
20563,0.9455873534067907,0.00459548242235272,0.04981716417085645
20564,0.15212134882430436,0.1786334329033191,0.6692452182723765
20565,0.9143155875342633,0.013118479298768245,0.07256593316696827
20566,0.44815524056637024,0.01553370400759178,0.536311055426038
20567,0.9553732645269876,0.017750859508856687,0.026875875964155558
20568,0.9428918503656059,0.03119671085914611,0.025911438775248114
20569,0.9644373909085667,0.006489344417980955,0.029073264673452413
20570,0.9607639449138872,0.0038624000432051614,0.035373655042907806
20571,0.9673898314150484,0.006736872974301839,0.02587329561064974
20572,0.778738071813949,0.0033988286962739894,0.2178630994897769
20573,0.5990511893786813,0.023757218624165185,0.37719159199715363
20574,0.29846790457227423,0.007951764832974498,0.6935803305947513
20575,0.8559614479497719,0.05724381926175389,0.08679473278847426
20576,0.9430410654420609,0.00655821065191131,0.0504007239060278
20577,0.8922900963644234,0.006581116795478907,0.10112878684009781
20578,0.875202005507214,0.06693764402361392,0.057860350469171935
20579,0.9621991660197688,0.0021406131910118847,0.03566022078921925
20580,0.9509739050038553,0.0034992273686614566,0.0455268676274831
20581,0.16814442850758526,0.00673367419559703,0.8251218972968177
20582,0.8201048716165554,0.08137026742591111,0.09852486095753367
20583,0.03715554425310796,0.003896257467301789,0.9589481982795902
20584,0.9611569597963682,0.004937418895320137,0.03390562130831176
20585,0.01027449185474363,0.003904480723722973,0.9858210274215334
20586,0.9703697574356327,0.005830973029235713,0.023799269535131482
20587,0.14401279134545944,0.030637627543435412,0.8253495811111051
20588,0.8705932501508068,0.0448177031760667,0.08458904667312635
20589,0.7296592104477715,0.0024971298829111577,0.26784365966931717
20590,0.982823340423721,0.002077308170012148,0.015099351406266726
20591,0.7041854041243749,0.041879774992610204,0.25393482088301494
20592,0.9088077711888368,0.056161915855578,0.03503031295558518
20593,0.9701482562728782,0.013834464474891426,0.01601727925223058
20594,0.9053541222741434,0.0038977322877075758,0.09074814543814902
20595,0.4097599215258991,0.004273923839290133,0.5859661546348108
20596,0.039000049122532146,0.002223069238276147,0.9587768816391917
20597,0.9479695056405573,0.0037399460117279763,0.048290548347714846
20598,0.8671067678076136,0.020892450757998553,0.1120007814343878
20599,0.9261585755654927,0.004235748096688536,0.06960567633781858
20600,0.967264132060912,0.0018659546829122495,0.030869913256175833
20601,0.9286714864476241,0.01201266312038419,0.059315850431991876
20602,0.9479247480533807,0.005866092880943507,0.04620915906567577
20603,0.5242136327502697,0.004197328111512612,0.47158903913821776
20604,0.9311690397848583,0.011474534146090119,0.05735642606905143
20605,0.24063400222454265,0.02023197810449247,0.7391340196709648
20606,0.91853544238305,0.04657108890397482,0.03489346871297533
20607,0.9510663282153269,0.0022509608344566043,0.04668271095021655
20608,0.15568222602373993,0.001472527002662831,0.8428452469735973
20609,0.987705362813758,0.0019425279556510163,0.010352109230590947
20610,0.9590692886723022,0.0031896733275509695,0.037741038000146755
20611,0.7118189389759069,0.031778838172167576,0.2564022228519257
20612,0.880425699578222,0.00119098591918749,0.11838331450259049
20613,0.9771912820755017,0.010556595748014335,0.01225212217648399
20614,0.9699758925026805,0.0011077451325554116,0.028916362364764123
20615,0.9277144725189521,0.007561812687787089,0.06472371479326082
20616,0.008579786746046966,0.001490546925518568,0.9899296663284345
20617,0.028239721622297813,0.0032278167488218818,0.9685324616288803
20618,0.9361502592721305,0.002982794877624384,0.060866945850245074
20619,0.16581312812385576,0.003956833000982301,0.830230038875162
20620,0.6628786708090866,0.20441111783549795,0.13271021135541547
20621,0.9430874122278001,0.0012719507739387666,0.05564063699826115
20622,0.7296047351160969,0.00407706602280528,0.26631819886109775
20623,0.9759849542873079,0.005029545321502712,0.018985500391189243
20624,0.5899490494633848,0.2979048256574718,0.11214612487914347
20625,0.4384346686086887,0.02022860176177638,0.5413367296295349
20626,0.009417234431237464,0.020537133604224735,0.9700456319645379
20627,0.9365719037905471,0.039370841470620484,0.024057254738832287
20628,0.02321550098090753,0.06319225176472759,0.9135922472543648
20629,0.9287820839179487,0.009707388964255388,0.06151052711779593
20630,0.9023662910715903,0.005033592971404303,0.09260011595700526
20631,0.22174261733294215,0.007523649864108609,0.7707337328029492
20632,0.9479733461175889,0.007887750950475992,0.04413890293193521
20633,0.2674944898137731,0.042791688647658865,0.6897138215385681
20634,0.9878329060780184,0.0027132913643024286,0.009453802557679178
20635,0.7042613441103084,0.0061779591280748,0.28956069676161683
20636,0.37585312490837297,0.01308316808383916,0.6110637070077878
20637,0.2763841568327456,0.010747518833968182,0.7128683243332863
20638,0.7370170801072482,0.09272613770928446,0.17025678218346726
20639,0.9271477251561127,0.033523303925661135,0.039328970918226146
20640,0.9760358982009447,0.0036458890575926084,0.02031821274146263
20641,0.9855803645995531,0.0007814253830836188,0.013638210017363274
20642,0.01802821824266458,0.0040367647848536525,0.9779350169724818
20643,0.9429808544107919,0.0024205289242159845,0.054598616664992106
20644,0.827128517535609,0.005868264356015337,0.16700321810837565
20645,0.022748849016242648,0.004467490186806732,0.9727836607969506
20646,0.1823809900909484,0.05328358804801065,0.7643354218610409
20647,0.7301850714383387,0.02286857160778995,0.24694635695387127
20648,0.9876144456574052,0.006504819780746673,0.005880734561848243
20649,0.058428247559394714,0.004436303471380732,0.9371354489692246
20650,0.9667205759173545,0.0024075269067262996,0.030871897175919226
20651,0.524610274798041,0.05799669279195431,0.4173930324100048
20652,0.44991826632666715,0.014641685151340842,0.535440048521992
20653,0.003861956369686395,0.0009198956295981314,0.9952181480007154
20654,0.9280492345146811,0.005415076019213021,0.0665356894661057
20655,0.0017730590972209602,0.0003841456419314256,0.9978427952608477
20656,0.7051101096157657,0.04271629092090232,0.25217359946333195
20657,0.7983985916058939,0.026132411688286623,0.1754689967058194
20658,0.9374270231874161,0.004051462242669155,0.05852151456991455
20659,0.9640126388403214,0.02377511047093279,0.012212250688745692
20660,0.3163124684556469,0.037667798883502246,0.6460197326608508
20661,0.9280654888234636,0.014539385996408263,0.057395125180128195
20662,0.923700601856687,0.0025218572710510555,0.07377754087226204
20663,0.9080357307037505,0.001990585678272193,0.08997368361797717
20664,0.9670298046303217,0.018189450457465884,0.014780744912212325
20665,0.46623224209170316,0.025946595538281235,0.5078211623700156
20666,0.9507565298558669,0.006490114008814036,0.04275335613531924
20667,0.932698751518355,0.006985264504875975,0.06031598397676898
20668,0.9729676721515653,0.0037623566185043377,0.023269971229930388
20669,0.05094539718597102,0.002784014924008451,0.9462705878900206
20670,0.943417448748715,0.032501007397902036,0.024081543853383066
20671,0.6174153977040719,0.00623301532682283,0.37635158696910515
20672,0.9660949848866014,0.005236124737325546,0.028668890376073092
20673,0.9280211668807625,0.02429351875964815,0.047685314359589344
20674,0.9777974529598569,0.0035459646659385976,0.01865658237420444
20675,0.8867707463960887,0.025041144273958243,0.08818810932995308
20676,0.9367823394481822,0.016277439245446217,0.04694022130637155
20677,0.9654207379146461,0.002708859947818964,0.03187040213753495
20678,0.8156167240926587,0.0915898387874304,0.09279343711991073
20679,0.8782418180898421,0.03159278874953176,0.09016539316062608
20680,0.002828224210325297,0.0012562990728896646,0.995915476716785
20681,0.9845154968277258,0.0014871775580571945,0.01399732561421695
20682,0.8351987368973519,0.010680206316276687,0.15412105678637147
20683,0.9107656789080919,0.00654837655729512,0.0826859445346129
20684,0.775692933523097,0.009913583931164401,0.21439348254573853
20685,0.9695489169103498,0.003156100099899083,0.027294982989750964
20686,0.5797810716441048,0.21145474571281095,0.2087641826430842
20687,0.830694952160475,0.013975523926435338,0.15532952391308963
20688,0.6395684165441708,0.041479441181506954,0.31895214227432217
20689,0.9725141150653885,0.00197863253673301,0.025507252397878533
20690,0.38287672958803654,0.019078338345198953,0.5980449320667645
20691,0.6438491751874118,0.011750851865061937,0.3443999729475262
20692,0.9785220184663457,0.005451867543678533,0.016026113989975808
20693,0.9480146601282795,0.03867167476197672,0.01331366510974387
20694,0.10480921893253548,0.007217408172549458,0.8879733728949151
20695,0.9925764712736961,0.0030264680355016043,0.004397060690802378
20696,0.9785993894422446,0.0023769847901839456,0.01902362576757158
20697,0.7725401007407668,0.0055624283783108595,0.2218974708809224
20698,0.9489650409799851,0.015558835259700013,0.03547612376031482
20699,0.0403093937589708,0.0026768095540647945,0.9570137966869644
20700,0.7408736445431843,0.026282084164810746,0.2328442712920049
20701,0.9402645775761908,0.004160686907185528,0.055574735516623806
20702,0.6445333861826249,0.002415370313373221,0.3530512435040018
20703,0.7653320836995222,0.21160057330259485,0.023067342997882954
20704,0.9639957907997508,0.02074605555168787,0.015258153648561168
20705,0.8714340081600204,0.012843106943941331,0.11572288489603826
20706,0.6716412515938549,0.017470992309546882,0.31088775609659824
20707,0.3557522380114589,0.042712105531951865,0.6015356564565892
20708,0.9587058690284531,0.00929341546307079,0.032000715508475976
20709,0.6334260534019517,0.014356967337090834,0.3522169792609576
20710,0.5467537588955766,0.008880607202391394,0.44436563390203204
20711,0.9872826524903172,0.0019906186931924327,0.010726728816490469
20712,0.9642882877827056,0.001880186245666176,0.033831525971628175
20713,0.4372236417528956,0.009828441042552184,0.5529479172045523
20714,0.01381333440167001,0.0020565737098353597,0.9841300918884947
20715,0.9564867305545067,0.0034892186156480452,0.04002405082984521
20716,0.9810124193485151,0.0068805307086422,0.01210704994284254
20717,0.021901443212274694,0.014509262363017124,0.9635892944247082
20718,0.8574817408917198,0.07193113269280708,0.07058712641547316
20719,0.7975222707614957,0.004561241920598541,0.19791648731790565
20720,0.1854729764209245,0.012910508429912065,0.8016165151491634
20721,0.25829883763020217,0.02369452630479535,0.7180066360650025
20722,0.5856975169927049,0.0622004493015418,0.3521020337057532
20723,0.0765474971110859,0.01661885261102164,0.9068336502778924
20724,0.9734146798786254,0.002883912629523194,0.02370140749185147
20725,0.9084562668195947,0.003467120631771403,0.08807661254863389
20726,0.8673351034371898,0.06632316190659411,0.06634173465621605
20727,0.017506778943049334,0.009120030143518643,0.973373190913432
20728,0.6013715870959141,0.22149788168373954,0.17713053122034633
20729,0.9382992283871954,0.031193933047495417,0.030506838565309145
20730,0.9608890081974011,0.004425952170825709,0.03468503963177318
20731,0.20351778390375452,0.02034132981468765,0.7761408862815579
20732,0.9088738532142763,0.029305122730382695,0.06182102405534091
20733,0.6175129881395166,0.0997684413830967,0.2827185704773866
20734,0.04628709582751218,0.004745465416983597,0.9489674387555043
20735,0.18830408967838952,0.0025876574149004913,0.80910825290671
20736,0.1902703531117745,0.004471483683325148,0.8052581632049003
20737,0.9252256209780666,0.005081654503103444,0.06969272451882992
20738,0.9896026991016911,0.0014453257922058009,0.008951975106102968
20739,0.9537088167530725,0.005429187904233115,0.04086199534269442
20740,0.28755899852080846,0.01249486022943663,0.699946141249755
20741,0.9587937504741726,0.004896993377489985,0.03630925614833742
20742,0.15382713538960097,0.027068227671199055,0.8191046369391999
20743,0.936069418013494,0.04496788873027786,0.018962693256228076
20744,0.6455469088863853,0.018214308054883957,0.3362387830587307
20745,0.6910515808941526,0.005522226629151532,0.3034261924766958
20746,0.9800715014021887,0.0023542471227975805,0.017574251475013885
20747,0.9308389559438662,0.021368324700135714,0.047792719355997985
20748,0.9581807499827618,0.00422130487463939,0.03759794514259867
20749,0.02408562513050411,0.006192505543606795,0.9697218693258891
20750,0.8688326206483493,0.004686266059402935,0.1264811132922477
20751,0.0563410908684516,0.004195473931665929,0.9394634351998824
20752,0.5680335919944098,0.00592758168578223,0.42603882631980794
20753,0.20120231380083645,0.02089055655783614,0.7779071296413275
20754,0.3700766916716011,0.05217154450931797,0.577751763819081
20755,0.9196993545264738,0.008294503783229636,0.07200614169029658
20756,0.9832336393609608,0.0025765707481089917,0.014189789890930097
20757,0.972409329716884,0.006078613254855609,0.021512057028260402
20758,0.03039847215180325,0.0030149004940073962,0.9665866273541894
20759,0.9497188548900791,0.017152636438511008,0.03312850867140987
20760,0.8536777475941129,0.006793254375638561,0.13952899803024865
20761,0.051574214974190895,0.006431857774401854,0.9419939272514072
20762,0.8404895620480086,0.015314648833201877,0.14419578911878958
20763,0.9102382678415759,0.005370718088124497,0.08439101407029967
20764,0.8241298573342505,0.0060125025169382226,0.16985764014881122
20765,0.5664470199958365,0.012157279031213459,0.42139570097295015
20766,0.43783237837583067,0.008287538440637551,0.5538800831835318
20767,0.8293354862901456,0.12354133440709641,0.04712317930275793
20768,0.975878615423653,0.0008479629520735627,0.023273421624273427
20769,0.9687117401588174,0.003332497441018266,0.027955762400164237
20770,0.6875242464418941,0.0023024276879945738,0.31017332587011126
20771,0.0991579049157876,0.0359503281879828,0.8648917668962296
20772,0.9634483926887156,0.010897189891119298,0.02565441742016485
20773,0.7971374566970474,0.03565376370117376,0.16720877960177885
20774,0.9849634996983234,0.0022700238830922798,0.012766476418584312
20775,0.9735595269644257,0.0016840478573630954,0.02475642517821123
20776,0.308237030375775,0.0010801009421038483,0.6906828686821211
20777,0.46249173490028006,0.12428271530514884,0.4132255497945712
20778,0.9362503486678868,0.004926028348789771,0.05882362298332347
20779,0.023674994777693036,0.02481218014572978,0.9515128250765773
20780,0.827295081441861,0.019264858206423176,0.15344006035171565
20781,0.5555867655995015,0.2568857481168391,0.18752748628365942
20782,0.7922974365709861,0.07677279494102363,0.13092976848799018
20783,0.3019567381917478,0.048065976090162575,0.6499772857180897
20784,0.6746443782224096,0.018109036148898364,0.307246585628692
20785,0.5564445955393214,0.01876677971003372,0.424788624750645
20786,0.9748419814714051,0.01449172111247126,0.010666297416123455
20787,0.9764262988802913,0.004017806242212929,0.019555894877495816
20788,0.9500809232134273,0.00427777678784218,0.04564129999873052
20789,0.7839294021430088,0.09320694217100887,0.12286365568598222
20790,0.9110011201813019,0.05375829490651713,0.035240584912181044
20791,0.018399645804784585,0.00945626360927508,0.9721440905859404
20792,0.9304216492110671,0.004679229349223382,0.06489912143970944
20793,0.9588254805558616,0.027788182223373183,0.013386337220765107
20794,0.9568881018919468,0.00582883131190183,0.03728306679615123
20795,0.8784499471354802,0.0641480238908958,0.057402028973623995
20796,0.2639914579469888,0.003392345426689136,0.732616196626322
20797,0.07570004997313276,0.06362871778104652,0.8606712322458208
20798,0.9239086905689553,0.03414221808810136,0.04194909134294348
20799,0.8675469178914359,0.02773129654264912,0.10472178556591506
20800,0.9063116165364511,0.05684602242913942,0.03684236103440946
20801,0.9047662449242442,0.050509685592297564,0.04472406948345829
20802,0.9120175270928901,0.004456683502433981,0.0835257894046759
20803,0.9676260151442105,0.004980081005471086,0.02739390385031832
20804,0.913451674834693,0.017240839641141866,0.06930748552416507
20805,0.8437969833296558,0.04474781479522071,0.11145520187512349
20806,0.8299664198105706,0.01050906466390706,0.15952451552552235
20807,0.14669461424349606,0.026666645440238012,0.8266387403162658
20808,0.9744588339385125,0.0010371900750658855,0.024503975986421688
20809,0.01737520446874196,0.003831968153115608,0.9787928273781424
20810,0.9677579687856701,0.002282228929479916,0.029959802284850012
20811,0.9513790085101863,0.014329557646842607,0.03429143384297102
20812,0.7706821534596929,0.0023015779792768675,0.22701626856103022
20813,0.9729097532699873,0.0018209111525903945,0.025269335577422204
20814,0.9475436251646203,0.0035592009608408307,0.048897173874539034
20815,0.9750004280918024,0.0008848761424879717,0.02411469576570975
20816,0.8750878552104656,0.00867084529328289,0.11624129949625159
20817,0.9883947564888407,0.000606585318597099,0.010998658192562205
20818,0.9030996736555457,0.005303472239065696,0.09159685410538859
20819,0.9735926668166567,0.012536329669619373,0.013871003513723995
20820,0.8044860625102587,0.009329293332000282,0.18618464415774114
20821,0.08636751308884143,0.039484618935508045,0.8741478679756505
20822,0.9461977386816948,0.009143097714930949,0.044659163603374304
20823,0.013662834588606898,0.002235580491438052,0.984101584919955
20824,0.9831891968803337,0.0026273273543250724,0.014183475765341059
20825,0.9070669570142834,0.00987394798761842,0.08305909499809826
20826,0.24767241952887253,0.0033399040700189775,0.7489876764011086
20827,0.3734261015013266,0.07602645208309051,0.550547446415583
20828,0.7459458644928069,0.00557910210180993,0.24847503340538327
20829,0.009022223608830815,0.0023356055603028624,0.9886421708308663
20830,0.9306677932256223,0.002080534277202396,0.06725167249717541
20831,0.9801969353218745,0.0014385477698441393,0.018364516908281295
20832,0.03292974837389968,0.01107222844406272,0.9559980231820376
20833,0.6526141889163445,0.02495885677699111,0.3224269543066644
20834,0.6036767024953152,0.00399420566880554,0.3923290918358792
20835,0.97447525648329,0.012194054085853443,0.013330689430856567
20836,0.4265055117714003,0.08926120593471623,0.48423328229388357
20837,0.8788741700566258,0.011229011648375666,0.10989681829499853
20838,0.4741905272021582,0.15614011136378303,0.3696693614340586
20839,0.9872184956989329,0.005360664019069852,0.007420840281997112
20840,0.9529842020263602,0.015107670011573775,0.031908127962066005
20841,0.14195306429673796,0.039784031678940596,0.8182629040243213
20842,0.021210954871067684,0.0024946144203328896,0.9762944307085993
20843,0.8898061814784769,0.03449130126937377,0.0757025172521494
20844,0.9491291853937338,0.0282804286967708,0.0225903859094955
20845,0.08430576067794793,0.019670087033536433,0.8960241522885156
20846,0.8077218785976251,0.022429327021885413,0.16984879438048944
20847,0.8624936228302176,0.011880843413633189,0.12562553375614915
20848,0.9366915150512464,0.01941545033075189,0.0438930346180018
20849,0.7544939957733198,0.0013867484291995797,0.24411925579748062
20850,0.8343052680532728,0.013405142398070394,0.15228958954865682
20851,0.961443162782493,0.006284510425411616,0.03227232679209546
20852,0.9323362681061466,0.009028681928569949,0.05863504996528357
20853,0.34504726808702707,0.008006785917580281,0.6469459459953927
20854,0.99178963369139,0.0003622805658829249,0.007848085742727145
20855,0.7407744477759858,0.022707654830389314,0.2365178973936249
20856,0.9379508104789145,0.04016608281712965,0.021883106703955928
20857,0.9725083284461202,0.006349717344628136,0.021141954209251645
20858,0.20975347845029957,0.06398494237245178,0.7262615791772487
20859,0.8629341644448325,0.011185059181296829,0.12588077637387057
20860,0.5364696482783217,0.025791741699126708,0.43773861002255154
20861,0.1436962186762919,0.003150682033170586,0.8531530992905374
20862,0.7684533488404928,0.1293196629786902,0.10222698818081719
20863,0.5515474514960352,0.03692720083469183,0.411525347669273
20864,0.7142018523588423,0.052183222461103435,0.23361492518005422
20865,0.715144334821979,0.00964358551155303,0.275212079666468
20866,0.9157743451137612,0.014867774610915712,0.06935788027532305
20867,0.8573647980977576,0.025555504169338362,0.11707969773290415
20868,0.27698012510193926,0.013887268357317416,0.7091326065407433
20869,0.6835903193682291,0.04221833448110737,0.2741913461506636
20870,0.4699579707116304,0.16123869892443649,0.3688033303639332
20871,0.022575718762713526,0.002605970160766333,0.9748183110765203
20872,0.2478433150350985,0.028751395541377227,0.7234052894235243
20873,0.9010097208973371,0.0034316858106772396,0.09555859329198557
20874,0.8278184732620791,0.00994281158889362,0.1622387151490272
20875,0.7624051616055127,0.0213751224234716,0.2162197159710156
20876,0.9663989392233717,0.007540312490444178,0.02606074828618412
20877,0.9165823417676707,0.011894245428015825,0.0715234128043133
20878,0.985372542205109,0.005297593856474316,0.009329863938416632
20879,0.2710807423790465,0.022985416724492592,0.7059338408964609
20880,0.8396575955459167,0.007295829385476134,0.15304657506860714
20881,0.899803221000362,0.007659677107585763,0.0925371018920522
20882,0.9777540037524389,0.0028158114407927483,0.01943018480676847
20883,0.07097380648199299,0.01044384236034638,0.9185823511576607
20884,0.9714346716609848,0.015286558852633155,0.013278769486381953
20885,0.8949544823808617,0.010543000451793806,0.0945025171673446
20886,0.9146781363806664,0.03179552999532031,0.053526333624013246
20887,0.9611429013668035,0.003884502490322931,0.034972596142873624
20888,0.9485529797098251,0.0039018836336588863,0.04754513665651603
20889,0.3137971385867781,0.0028106852497837673,0.6833921761634382
20890,0.9514621515389017,0.0035808436243196526,0.044957004836778516
20891,0.9822490602911147,0.0005434784512805236,0.017207461257604723
20892,0.052951788651703975,0.0103182055039773,0.9367300058443188
20893,0.7383361260157799,0.008475638443886557,0.25318823554033354
20894,0.9091707141723571,0.028893978593883093,0.06193530723375988
20895,0.45385884634204793,0.23122043919522398,0.3149207144627281
20896,0.9378136479811112,0.008320301802117123,0.053866050216771745
20897,0.945098133119907,0.0030889446312507393,0.051812922248842305
20898,0.8733942160704362,0.009960589624541778,0.11664519430502203
20899,0.9864858754814994,0.001555971394418329,0.011958153124082256
20900,0.9847291370380788,0.005127166029684076,0.010143696932237
20901,0.9714518025848004,0.0053080678121751315,0.023240129603024514
20902,0.7336768662767806,0.009865859108654368,0.2564572746145651
20903,0.06877448595270476,0.0023939849484166044,0.9288315290988786
20904,0.7431135524848226,0.012591734699494017,0.2442947128156835
20905,0.9623068546401752,0.012955782918116186,0.024737362441708644
20906,0.990199960262682,0.0006298721644581966,0.009170167572859838
20907,0.00419987336582648,0.001402553239373101,0.9943975733948005
20908,0.2660368356862378,0.042430425308651876,0.6915327390051104
20909,0.8982910687283021,0.007587387085382331,0.09412154418631559
20910,0.8126764130307379,0.0010382341545951846,0.18628535281466688
20911,0.015484751685554703,0.002397716366870061,0.9821175319475752
20912,0.5054373440744929,0.01705717151140673,0.4775054844141004
20913,0.6375521549943574,0.010839289314810848,0.35160855569083177
20914,0.9742501149641405,0.0045248816989113495,0.021225003336948076
20915,0.014071935320015253,0.0014517851781767248,0.9844762795018079
20916,0.4078587268519228,0.030905388328025214,0.561235884820052
20917,0.8976575218780394,0.05665932456236824,0.04568315355959233
20918,0.9395687275249442,0.020637302028732853,0.039793970446323
20919,0.9011106728695962,0.0028080533530725916,0.09608127377733122
20920,0.9609266590405218,0.0028786775293986994,0.036194663430079654
20921,0.8857605783852193,0.010607651262828753,0.10363177035195183
20922,0.22380713069258504,0.3646819290678142,0.4115109402396008
20923,0.9829603737928331,0.001444128477873606,0.015595497729293483
20924,0.8598903506375295,0.006547850707247277,0.13356179865522314
20925,0.739388172042525,0.04619601998535591,0.21441580797211895
20926,0.780247079246051,0.014470719988761824,0.2052822007651873
20927,0.2565796289892495,0.09331628876482999,0.6501040822459205
20928,0.9930796834715885,0.0039650411217743275,0.0029552754066372766
20929,0.002270873544371801,0.0017296451489373975,0.9959994813066909
20930,0.8534619972020645,0.008561057008845583,0.13797694578908973
20931,0.25246306288452625,0.014930556336894121,0.7326063807785796
20932,0.6844750647589708,0.00592095472613704,0.30960398051489196
20933,0.9725251233938279,0.003916670832120501,0.02355820577405162
20934,0.9654528757892634,0.0014256594293259926,0.03312146478141069
20935,0.9252571162758574,0.0015550668690369062,0.07318781685510585
20936,0.9542934271798599,0.004455979970001594,0.04125059285013852
20937,0.567862635458051,0.0355675623924248,0.3965698021495242
20938,0.9412919745474456,0.004762810270349772,0.053945215182204576
20939,0.8837298155456212,0.03737296616472902,0.07889721828964984
20940,0.9788925628077815,0.005249343213317391,0.015858093978901158
20941,0.9705977837982189,0.01092183899192629,0.01848037720985486
20942,0.9645840140776198,0.004678335094506282,0.03073765082787379
20943,0.8350464875185599,0.07255457670021138,0.09239893578122862
20944,0.6155536062856195,0.0061796254502117925,0.3782667682641686
20945,0.9783490047623704,0.0021797740832810524,0.019471221154348628
20946,0.3804262690696084,0.03772005914684841,0.5818536717835432
20947,0.0025331966985969413,0.000529350174023944,0.9969374531273791
20948,0.8422941053441171,0.021416869715278702,0.13628902494060413
20949,0.10219821414718624,0.007539262241367741,0.890262523611446
20950,0.9636676690939117,0.004872589775619742,0.03145974113046849
20951,0.7646504140331454,0.023271349499141707,0.21207823646771298
20952,0.8499837878200249,0.002268262911263204,0.147747949268712
20953,0.9428302857379999,0.006034529198772386,0.051135185063227694
20954,0.9732766486942983,0.004251995201962403,0.022471356103739265
20955,0.9776188005895257,0.00366826148112905,0.018712937929345135
20956,0.8499095224421176,0.024034757292070313,0.1260557202658121
20957,0.0059638495516964,0.0008719157345157874,0.9931642347137879
20958,0.7396109155225584,0.20613030397089346,0.05425878050654821
20959,0.8864029100409112,0.009174294578162436,0.10442279538092628
20960,0.9668189244058867,0.0009364833211867474,0.032244592272926566
20961,0.9309125627435451,0.005073884804756876,0.06401355245169811
20962,0.9123955098577541,0.004672549317985526,0.08293194082426034
20963,0.020710126019374376,0.00277777832118506,0.9765120956594405
20964,0.9197038975891607,0.021218822757977512,0.05907727965286175
20965,0.9703555556089962,0.004786326490859772,0.024858117900143948
20966,0.9466667230713354,0.022890675408416696,0.030442601520247883
20967,0.9873892273383708,0.0011737651094008048,0.011437007552228411
20968,0.6506666548577361,0.008824211671413782,0.34050913347085016
20969,0.9725531241933786,0.0019944624753544366,0.025452413331266962
20970,0.9642216870585691,0.02123360935184782,0.014544703589582937
20971,0.04423583616403568,0.019066556659999873,0.9366976071759644
20972,0.9805304294903268,0.00548772525659559,0.013981845253077765
20973,0.9785407067432174,0.013421313075856554,0.008037980180926206
20974,0.9327385900500028,0.035083097505878624,0.03217831244411852
20975,0.5227391408001708,0.022959868195045585,0.4543009910047836
20976,0.9476730491914329,0.0064973520056293,0.04582959880293792
20977,0.831379196588816,0.01237714244789719,0.15624366096328676
20978,0.9436682369081196,0.021268221048419866,0.0350635420434605
20979,0.8248080353664861,0.019648637471032203,0.1555433271624816
20980,0.6540454212153344,0.06534179936374107,0.28061277942092455
20981,0.9637077656912536,0.010730541391448889,0.025561692917297547
20982,0.48904156016774064,0.02747081940203399,0.48348762043022536
20983,0.09440375434646969,0.008879595320691314,0.8967166503328391
20984,0.9848084659632615,0.0009308905937595024,0.014260643442979051
20985,0.9472286923663078,0.02695622482755169,0.02581508280614061
20986,0.5835472335065991,0.013138736523323771,0.40331402997007715
20987,0.6925812660915918,0.1471028363103717,0.16031589759803655
20988,0.39760270545993964,0.003286545000936245,0.5991107495391241
20989,0.9468802561107789,0.011459108418074286,0.041660635471146915
20990,0.1153211051556545,0.017881995531899095,0.8667968993124465
20991,0.9762847552208439,0.004195594584881781,0.019519650194274464
20992,0.8560590412582356,0.016401075589267993,0.1275398831524965
20993,0.8983273629065027,0.008517934778634124,0.09315470231486311
20994,0.10393345146939502,0.004830304044198769,0.8912362444864063
20995,0.2729663651454883,0.009777287040686002,0.7172563478138257
20996,0.9191357497844241,0.0037220244089470715,0.07714222580662877
20997,0.9779110305496317,0.011001189444596904,0.011087780005771385
20998,0.04046609786631576,0.006441677863155153,0.9530922242705291
20999,0.3572976739712419,0.005354582233167289,0.6373477437955909
21000,0.9751538496826192,0.009539066423867048,0.015307083893513594
21001,0.9322243395984736,0.006764168090703898,0.061011492310822465
21002,0.8583730337954238,0.008721188742652632,0.13290577746192334
21003,0.3359304659440346,0.002941088449324001,0.6611284456066414
21004,0.9444293133563539,0.011105833048645137,0.04446485359500095
21005,0.9577253542931339,0.004122205405931883,0.038152440300934114
21006,0.9844829313283732,0.004350191614050622,0.011166877057576236
21007,0.9759588652769011,0.004833439701427105,0.01920769502167186
21008,0.1593876675361514,0.007643623608164086,0.8329687088556845
21009,0.2712962650951683,0.017116883450467944,0.7115868514543638
21010,0.021549041549409745,0.0017977152038335178,0.9766532432467567
21011,0.981328092831683,0.0014128256889234957,0.017259081479393555
21012,0.4458078444488789,0.01737251248963007,0.536819643061491
21013,0.9882769930940756,0.002981571350525781,0.008741435555398627
21014,0.8026326044969562,0.01993111918529564,0.1774362763177482
21015,0.6943827796750872,0.004023355222256442,0.3015938651026563
21016,0.9134839458654215,0.004149515020661927,0.08236653911391642
21017,0.9872523612545281,0.0006914933357022739,0.012056145409769648
21018,0.9341001276317125,0.01265972250412125,0.053240149864166204
21019,0.954786513107969,0.0048819444993560964,0.04033154239267485
21020,0.9499769100067854,0.004208270708533251,0.04581481928468128
21021,0.981850058454764,0.0016037968960294182,0.016546144649206493
21022,0.022849008139234288,0.00477827764188001,0.9723727142188857
21023,0.38839429400750486,0.005733090410494966,0.6058726155820001
21024,0.9374351511313249,0.0024866723508235695,0.060078176517851425
21025,0.9772514256422686,0.0030436827128126702,0.019704891644918867
21026,0.9885993612933648,0.0017305663847448885,0.009670072321890412
21027,0.9373379339017928,0.0038887733579911253,0.05877329274021611
21028,0.2216773492283492,0.03192540242873836,0.7463972483429123
21029,0.9696721240860235,0.0016670510321872489,0.02866082488178902
21030,0.15949055484062843,0.031538409970751594,0.8089710351886199
21031,0.7998847426095645,0.022146606456936287,0.1779686509334992
21032,0.9604396398157465,0.003820474409961735,0.03573988577429178
21033,0.9110986554650333,0.00518980871461789,0.08371153582034868
21034,0.9770125131839845,0.005113717490995356,0.017873769325020068
21035,0.8500946953873658,0.023728733936693815,0.12617657067594026
21036,0.9643123099097543,0.0020151640026790664,0.03367252608756657
21037,0.8339959240570152,0.006165703158962606,0.1598383727840224
21038,0.9389473047088949,0.004509665580887183,0.05654302971021805
21039,0.6920747398228246,0.11140251492724622,0.19652274524992902
21040,0.848678174267992,0.015033351801799745,0.13628847393020846
21041,0.8517396991223403,0.013271751420829146,0.13498854945683064
21042,0.9329438325908572,0.0016030493394059097,0.0654531180697369
21043,0.9700413496364014,0.011608054051400817,0.01835059631219779
21044,0.002994974820005471,0.003094282455509244,0.9939107427244852
21045,0.881188963596289,0.002372883045763825,0.11643815335794737
21046,0.9725655300257496,0.016042819162717124,0.011391650811533148
21047,0.6452904299614868,0.014137893009636745,0.34057167702887636
21048,0.9744861215517147,0.009027109256829502,0.016486769191455804
21049,0.0619080403589101,0.04902014915485805,0.889071810486232
21050,0.07941646169209914,0.004560336792417628,0.9160232015154833
21051,0.957574178263362,0.009902792799841935,0.03252302893679617
21052,0.39165740434110086,0.23810872167113617,0.37023387398776303
21053,0.9312483297700037,0.0072167431851560765,0.06153492704484013
21054,0.20252826737401616,0.011592794867464715,0.7858789377585191
21055,0.9516886180237747,0.02267418895631019,0.02563719301991526
21056,0.927437313105734,0.003654695150364133,0.06890799174390201
21057,0.9755900578116207,0.0032880218927283443,0.021121920295651124
21058,0.9006475196394647,0.017841364320659123,0.08151111603987612
21059,0.9714785132155415,0.007466693499544448,0.02105479328491412
21060,0.30202525387014867,0.04262152219712504,0.6553532239327263
21061,0.2348714123155687,0.003713132770656932,0.7614154549137744
21062,0.9923351605178691,0.0028339171383349846,0.004830922343796091
21063,0.8322664320965307,0.006554386327098651,0.16117918157637062
21064,0.9720160458990315,0.01335201185283742,0.014631942248131097
21065,0.7902625904387628,0.005713295012868922,0.20402411454836833
21066,0.9503850527142295,0.0035489866199604862,0.04606596066581017
21067,0.02054648275435908,0.1736578102628598,0.8057957069827811
21068,0.08002664154169922,0.013005479402180562,0.9069678790561203
21069,0.9317806916348135,0.0036628174225460915,0.06455649094264045
21070,0.924370667924063,0.00105913047007978,0.07457020160585735
21071,0.9351082491913455,0.03829842774703631,0.026593323061618237
21072,0.04190729386947921,0.026425165951712154,0.9316675401788087
21073,0.9540929485878519,0.009970878500756949,0.035936172911391326
21074,0.9527450695010382,0.00706907694300046,0.04018585355596128
21075,0.7951547461939298,0.003105786876436342,0.2017394669296339
21076,0.1251712146167825,0.029649397488886706,0.8451793878943309
21077,0.005912521820051822,0.0027357833575540245,0.9913516948223943
21078,0.9899810148873088,0.0006220406231444475,0.00939694448954678
21079,0.0966682654191886,0.03897828889201332,0.864353445688798
21080,0.037562658140137546,0.009326170218422301,0.9531111716414402
21081,0.9631791795104329,0.006210864473562901,0.03060995601600421
21082,0.982871085611697,0.0008028462234756097,0.016326068164827335
21083,0.644882131614803,0.006160782448049524,0.34895708593714747
21084,0.3624153518586073,0.04941545837075111,0.5881691897706415
21085,0.9805118588975315,0.0008403462975457922,0.018647794804922638
21086,0.9149006036333641,0.006564841620700086,0.07853455474593572
21087,0.9031822029074473,0.007907605594875406,0.08891019149767734
21088,0.6496794551697032,0.01245280375434882,0.33786774107594797
21089,0.9143054173770635,0.04261058023866857,0.04308400238426787
21090,0.008239517334528436,0.001737279274285378,0.9900232033911862
21091,0.9677762892409236,0.003725494074464455,0.028498216684611888
21092,0.973564800700263,0.005821063317951368,0.020614135981785735
21093,0.985894170455856,0.001395195972648973,0.012710633571495048
21094,0.976815149244776,0.0013295498320208528,0.021855300923203168
21095,0.9814659214325605,0.00424612168549991,0.014287956881939515
21096,0.9741395355845797,0.008257542103193521,0.017602922312226776
21097,0.9358738514264501,0.006351084778167589,0.05777506379538239
21098,0.9768219388932183,0.010762299830331758,0.012415761276449885
21099,0.9736858272242047,0.0014221846742369902,0.024891988101558207
21100,0.5164541943198178,0.0009477386999904549,0.4825980669801918
21101,0.977646535315855,0.013529674979880287,0.008823789704264645
21102,0.9609027378150177,0.005822349218697868,0.03327491296628447
21103,0.027563613930813524,0.0034487244286619265,0.9689876616405246
21104,0.9059771300423549,0.015298774717942522,0.07872409523970261
21105,0.5252167875650591,0.029398543086029988,0.4453846693489109
21106,0.9020137445182741,0.0041032810611077095,0.0938829744206182
21107,0.9771743127575495,0.006048852796016746,0.016776834446433745
21108,0.3381444006121231,0.034964123537312694,0.6268914758505643
21109,0.9741062254897467,0.001013269823399863,0.024880504686853572
21110,0.03488353747280102,0.012590095625949016,0.95252636690125
21111,0.001924198789687591,0.0007233547412308921,0.9973524464690815
21112,0.95202057860625,0.025751410329317968,0.022228011064431903
21113,0.9363351119320008,0.001913095198889447,0.06175179286910977
21114,0.963410800374748,0.00512271882531359,0.03146648079993826
21115,0.024907479917937153,0.005923334605742607,0.9691691854763204
21116,0.07949462176986927,0.004468449444781578,0.9160369287853491
21117,0.968593120081857,0.0033363861547461775,0.028070493763396754
21118,0.8133217354025136,0.008733301623631198,0.17794496297385515
21119,0.8700881702937202,0.013694923950702285,0.11621690575557742
21120,0.6586927696879304,0.2289609212059211,0.11234630910614844
21121,0.94022509572481,0.004239203611087389,0.05553570066410271
21122,0.8302579040548222,0.06975074946681441,0.09999134647836347
21123,0.9638509930162608,0.015889984403281127,0.020259022580457912
21124,0.9446870226649883,0.006595867628007408,0.04871710970700438
21125,0.9856801452700787,0.0010738657309425786,0.013245988998978553
21126,0.7427018229649378,0.005522147324394629,0.2517760297106676
21127,0.9601752457505874,0.0045814681963469855,0.035243286053065544
21128,0.020176096797577158,0.03951271317091583,0.9403111900315071
21129,0.7283297351462552,0.006226154846747719,0.2654441100069971
21130,0.9542244619868442,0.0062123587004829246,0.0395631793126729
21131,0.9495689241133695,0.019419233372539972,0.031011842514090636
21132,0.03177458219324959,0.003230035923136411,0.9649953818836139
21133,0.18832911248499842,0.038691458881519314,0.7729794286334823
21134,0.2962590386527608,0.5154234819519757,0.18831747939526342
21135,0.07809830236311006,0.002617044950959901,0.9192846526859301
21136,0.8290592429273285,0.018095957854164502,0.15284479921850708
21137,0.827311627423951,0.003515491942761163,0.16917288063328761
21138,0.9348879391811711,0.0022139110679463662,0.06289814975088265
21139,0.950342058081948,0.006458458507107471,0.04319948341094449
21140,0.8278391185782853,0.01810214187844548,0.15405873954326926
21141,0.9745835471602312,0.00664091596283864,0.01877553687693011
21142,0.8740784226265766,0.009743781647051263,0.11617779572637213
21143,0.9701182714394304,0.00880284744098033,0.02107888111958932
21144,0.5782974051391429,0.016769165474624325,0.4049334293862329
21145,0.031440056008455286,0.005826237114213304,0.9627337068773314
21146,0.9681793037293325,0.016366823125949944,0.01545387314471765
21147,0.6135783358530349,0.03279164189478881,0.3536300222521763
21148,0.8574290746000094,0.0050951457930515694,0.13747577960693907
21149,0.7765650209659751,0.0019547723994292935,0.22148020663459547
21150,0.9905267209824113,0.00551726305616327,0.003956015961425198
21151,0.7362976070107461,0.04249769327471798,0.22120469971453596
21152,0.4825007947644943,0.008109395039635946,0.5093898101958697
21153,0.9755272688330697,0.0074226050607918885,0.017050126106138482
21154,0.44252694554044275,0.03790473162985777,0.5195683228296994
21155,0.189030871123358,0.008427947676728062,0.802541181199914
21156,0.932177019171302,0.004788777005168714,0.06303420382352924
21157,0.8252828154201479,0.13614964134334162,0.03856754323651035
21158,0.7707538114161051,0.007843235098868216,0.22140295348502664
21159,0.01375977701454379,0.015003439511431243,0.9712367834740249
21160,0.08672702705632447,0.002004540706582209,0.9112684322370932
21161,0.9634765289977333,0.0018172300929486622,0.03470624090931808
21162,0.9653416034541211,0.017291218083610532,0.017367178462268318
21163,0.9617498692358177,0.003284654881042062,0.03496547588314011
21164,0.8837691187802896,0.008570929324986319,0.10765995189472413
21165,0.001867720763777752,0.00120969117671597,0.9969225880595063
21166,0.9745670211447499,0.01023502294389806,0.015197955911352014
21167,0.7915659465753812,0.0029284374067786167,0.2055056160178403
21168,0.982496783329138,0.006515397494887256,0.010987819175974748
21169,0.14823088849107305,0.34218767180546167,0.5095814397034653
21170,0.01627544402631498,0.0015138790496073173,0.9822106769240777
21171,0.7410481508456117,0.02526032779573377,0.23369152135865448
21172,0.8634278408838055,0.02526099575690332,0.11131116335929114
21173,0.03235414580987367,0.003006635896616892,0.9646392182935094
21174,0.9812685883788581,0.003749288859314697,0.014982122761827213
21175,0.44494597438027134,0.003356147428652905,0.5516978781910757
21176,0.8362616444324096,0.007055880831346681,0.1566824747362437
21177,0.12907933809547342,0.006437739370220863,0.8644829225343057
21178,0.9503999316349986,0.007150790893931196,0.04244927747107033
21179,0.33841785378114336,0.017920495325818714,0.643661650893038
21180,0.984284518933495,0.007326510676647766,0.008388970389857218
21181,0.014840488849824512,0.0010133074007574981,0.984146203749418
21182,0.8633259019077265,0.03404410791075669,0.10262999018151676
21183,0.9463736215650126,0.00245564350175415,0.0511707349332332
21184,0.989662381836066,0.002067828851092631,0.008269789312841148
21185,0.97915634216871,0.0019662009612186285,0.018877456870071613
21186,0.832058757447634,0.014775769554595595,0.15316547299777036
21187,0.8799720200510125,0.005954311607897802,0.11407366834108976
21188,0.86105416211296,0.07403026644085446,0.06491557144618552
21189,0.014286571934542556,0.010094675524097756,0.9756187525413598
21190,0.30504258695652836,0.0784636289705808,0.6164937840728908
21191,0.9713392395376462,0.00216202166675322,0.02649873879560055
21192,0.31165510488098586,0.007494847304971608,0.6808500478140426
21193,0.9562011332036384,0.014315290656525143,0.029483576139836522
21194,0.7187841638732315,0.020686894080129362,0.2605289420466391
21195,0.7740927154520209,0.12070412578633846,0.10520315876164058
21196,0.9813372797372493,0.0034082436612616306,0.015254476601489016
21197,0.014980036672260466,0.009073156692764131,0.9759468066349754
21198,0.986888062791048,0.0014009007936392158,0.011711036415312742
21199,0.1231645296649855,0.010662383294617526,0.866173087040397
21200,0.02075094574977464,0.0030667732699419152,0.9761822809802835
21201,0.956962013350817,0.0038709827746883515,0.039167003874494684
21202,0.22180737557226457,0.033265775580090876,0.7449268488476445
21203,0.9706250621657638,0.0025310130607836593,0.026843924773452602
21204,0.9875841185866169,0.001015873664268185,0.011400007749114979
21205,0.8203578399237931,0.13017437528666614,0.04946778478954071
21206,0.9376719784513171,0.002109318087932656,0.06021870346075039
21207,0.05493943746021951,0.004144031687445498,0.9409165308523351
21208,0.8211886913218117,0.04424608909153913,0.13456521958664905
21209,0.26491907542250404,0.031430318947349926,0.703650605630146
21210,0.9641042236988606,0.0028650024937411896,0.03303077380739811
21211,0.9811341977841631,0.0031544838495557513,0.015711318366281046
21212,0.03157625154947791,0.002989531659984877,0.9654342167905372
21213,0.950335071292978,0.0070463693197836234,0.0426185593872384
21214,0.47259557720820783,0.002231732262659653,0.5251726905291326
21215,0.6251629220682493,0.06279283755550638,0.3120442403762443
21216,0.9849393553820188,0.0009298800966033731,0.014130764521377992
21217,0.9561327374677391,0.0074639262588923,0.036403336273368614
21218,0.021684318227983505,0.0011292861051135719,0.977186395666903
21219,0.9697382722592964,0.004770840642958393,0.02549088709774522
21220,0.9817704078279758,0.0018275434434091068,0.016402048728614976
21221,0.9725899036325172,0.0008676978005208001,0.026542398566961944
21222,0.1338819487930409,0.00939614057973835,0.8567219106272207
21223,0.9495992059237204,0.002924611421148998,0.04747618265513064
21224,0.5867635898616654,0.0034205874372576365,0.4098158227010769
21225,0.9680767007361655,0.005051061490895812,0.026872237772938918
21226,0.9760447746157386,0.005487121489866843,0.018468103894394627
21227,0.8667812432492702,0.006582947936725605,0.12663580881400416
21228,0.9678511712050082,0.001556278531853315,0.030592550263138483
21229,0.9405154471201688,0.005487679170804808,0.0539968737090263
21230,0.8665877257444524,0.034366839122188915,0.0990454351333586
21231,0.9589325568815302,0.004053169556944322,0.03701427356152546
21232,0.5454079341640213,0.006702283970188811,0.44788978186578987
21233,0.10496139888755503,0.01701332149299805,0.878025279619447
21234,0.6178600083743243,0.3313401255862788,0.050799866039396895
21235,0.030257012339904184,0.004122162330227542,0.9656208253298681
21236,0.8827429063785549,0.004176463502372814,0.11308063011907238
21237,0.4865443467765537,0.004167091338747808,0.5092885618846984
21238,0.9792667420932681,0.009026828050320727,0.011706429856411111
21239,0.9014408034844055,0.04140800606612739,0.057151190449467114
21240,0.8376438062325589,0.06515242043419513,0.09720377333324588
21241,0.7098525714769833,0.03503522406960986,0.2551122044534068
21242,0.5524662848694866,0.028770632422704886,0.41876308270780854
21243,0.470343111492688,0.021643626832601997,0.50801326167471
21244,0.28084840301851777,0.07469464852302474,0.6444569484584575
21245,0.7386786948475209,0.1852841155208115,0.07603718963166746
21246,0.8927252589239462,0.025269230840163446,0.08200551023589032
21247,0.9545315233290981,0.010570785971049983,0.034897690699852026
21248,0.8759103681205408,0.001370882784092951,0.12271874909536634
21249,0.002579626342746352,0.0004118826668252017,0.9970084909904284
21250,0.9032431809935902,0.012847604260338142,0.0839092147460716
21251,0.25478848279598554,0.17501881455030197,0.5701927026537125
21252,0.9233077277813165,0.012886520136820411,0.063805752081863
21253,0.05299885604473247,0.008812881640346744,0.9381882623149208
21254,0.9842422583566944,0.0076222483278547285,0.00813549331545083
21255,0.9680107095672207,0.00393370701181597,0.028055583420963415
21256,0.9762035383212945,0.003645455924624993,0.020151005754080385
21257,0.9815510724890049,0.0029593462554315586,0.015489581255563415
21258,0.3408634109904209,0.029481855083146036,0.6296547339264331
21259,0.9483691883612795,0.010838405274305185,0.04079240636441551
21260,0.9358784472911973,0.008248506815636724,0.055873045893166
21261,0.3133292152783443,0.5957875226079741,0.09088326211368163
21262,0.8453575317235158,0.05030736797463165,0.10433510030185256
21263,0.0020049135767113207,0.002019955418213516,0.9959751310050752
21264,0.23427566818439874,0.07565031555315865,0.6900740162624426
21265,0.40517616553850644,0.07005053234553589,0.5247733021159577
21266,0.9813070914532247,0.0032037185996143473,0.015489189947160994
21267,0.09552311874352057,0.015557348583997871,0.8889195326724816
21268,0.9556663401190373,0.020037746393288106,0.024295913487674795
21269,0.5352482000328964,0.04090975281425304,0.42384204715285057
21270,0.09401650781127417,0.03990414872802082,0.866079343460705
21271,0.9183230519622556,0.005860532514898521,0.07581641552284582
21272,0.08229366517406776,0.0007142959577523556,0.9169920388681798
21273,0.15442009991104713,0.01827334002242174,0.8273065600665312
21274,0.5498101398133535,0.03396128264903647,0.41622857753761006
21275,0.9868084868512979,0.0019964242768867628,0.011195088871815449
21276,0.11321706250977218,0.006351854757855572,0.8804310827323721
21277,0.9745909767664562,0.0031748862214862916,0.02223413701205739
21278,0.8668554605940304,0.09735346419451832,0.035791075211451154
21279,0.06834956722326221,0.0064921270030284355,0.9251583057737093
21280,0.9658764794014779,0.02011073291834816,0.014012787680174043
21281,0.7537321233201559,0.015276222533225178,0.23099165414661882
21282,0.969883485790305,0.006414002386607125,0.02370251182308796
21283,0.9778860074267423,0.0026352455563835257,0.01947874701687428
21284,0.00988341233489353,0.02446634278446894,0.9656502448806374
21285,0.9765278090047155,0.0056454554155281585,0.01782673557975644
21286,0.8820006504761773,0.07188165311721838,0.046117696406604305
21287,0.987899678893148,0.0009943097576839823,0.01110601134916817
21288,0.852230438489093,0.006320167522574434,0.14144939398833256
21289,0.9751219401058836,0.0017036823060984341,0.023174377588017936
21290,0.015863125054375704,0.000879988948517626,0.9832568859971067
21291,0.017811660253345508,0.02723621465338832,0.9549521250932661
21292,0.5270494407628113,0.27220771277773104,0.2007428464594577
21293,0.007732606356755572,0.0035597512771402546,0.9887076423661041
21294,0.9681452575843662,0.015112182543471728,0.016742559872162017
21295,0.8817314065591436,0.012500439689704542,0.10576815375115198
21296,0.035476261890959856,0.009697333311523577,0.9548264047975166
21297,0.3859671383506282,0.029211372920139915,0.5848214887292319
21298,0.4236818208756879,0.021532921672836,0.554785257451476
21299,0.7934215172891166,0.017565106446568956,0.1890133762643146
21300,0.9471313118104391,0.005706502404107233,0.047162185785453864
21301,0.007639709690125254,0.0027584136596979386,0.9896018766501768
21302,0.6762870797992131,0.04564911302497072,0.27806380717581625
21303,0.1679302233077082,0.01937196046334287,0.812697816228949
21304,0.7777578315583282,0.014757442029736506,0.2074847264119352
21305,0.9788121640896521,0.007954131140868011,0.013233704769479743
21306,0.8079112937973816,0.0048057483755678445,0.18728295782705054
21307,0.7770339505220035,0.07453243616676199,0.14843361331123445
21308,0.01959708709019886,0.0022700015334996605,0.9781329113763014
21309,0.7650112918061757,0.003693537976333491,0.23129517021749105
21310,0.7312845582010099,0.015022803096722813,0.2536926387022672
21311,0.977151825702629,0.004571726579960707,0.018276447717410306
21312,0.31800633354614455,0.009094563216783681,0.6728991032370718
21313,0.8145632271577509,0.10426420458090448,0.08117256826134463
21314,0.8816355679569365,0.012484867379273143,0.1058795646637902
21315,0.0845064331614542,0.38023337459618894,0.5352601922423568
21316,0.8188817467579571,0.022336833762434925,0.15878141947960797
21317,0.938557210912762,0.007996257374317445,0.05344653171292045
21318,0.9269421004945354,0.005454204018514814,0.06760369548694978
21319,0.8949049380094893,0.006444347366851931,0.09865071462365858
21320,0.08151184388309518,0.007424075745932747,0.911064080370972
21321,0.9800605341348008,0.001157208735270352,0.018782257129928735
21322,0.6929614052051446,0.05782116060654185,0.2492174341883136
21323,0.962966380722767,0.007030384811305234,0.03000323446592764
21324,0.04213992767674588,0.00381259157230462,0.9540474807509495
21325,0.9837589870046363,0.0010565355207415332,0.015184477474622116
21326,0.982122019751967,0.0020677902805963898,0.01581018996743646
21327,0.8893310682260381,0.001864363484252698,0.10880456828970907
21328,0.9442812242882169,0.0067707154098970365,0.048948060301886004
21329,0.7353488402370867,0.010400247402832144,0.2542509123600812
21330,0.9818861529033706,0.006470911597213205,0.011642935499416095
21331,0.8491740396692142,0.008768496669900922,0.1420574636608847
21332,0.9599979404340058,0.004466247379186195,0.03553581218680801
21333,0.9239421361813303,0.006724990830413218,0.06933287298825663
21334,0.8842699148297524,0.002162670529191666,0.11356741464105609
21335,0.961476431823431,0.010707018985139514,0.027816549191429597
21336,0.9687021715641504,0.0015030221086984688,0.029794806327151153
21337,0.26781372874529086,0.18700826699023507,0.5451780042644742
21338,0.33109267717896623,0.17083420403121446,0.49807311878981925
21339,0.1059997040486835,0.06376406031198073,0.8302362356393358
21340,0.9518791444677102,0.009564791998617587,0.03855606353367219
21341,0.5066340718699177,0.07615117087950903,0.41721475725057316
21342,0.7602526676653218,0.020745240536535838,0.2190020917981424
21343,0.9532429725461371,0.0019165196067693826,0.04484050784709345
21344,0.04475747691570797,0.004482877897855005,0.950759645186437
21345,0.8704958212258811,0.006828550983079414,0.12267562779103953
21346,0.5797458908897998,0.0031415973087624205,0.41711251180143794
21347,0.4100814781055512,0.0680682634950919,0.521850258399357
21348,0.21855393107329252,0.002988073253301613,0.7784579956734058
21349,0.01381120408771739,0.0031444107763440197,0.9830443851359385
21350,0.9343264652194642,0.001035074647357249,0.06463846013317867
21351,0.15009825904268703,0.0029001496110758725,0.847001591346237
21352,0.4538989306415291,0.07456523919031319,0.4715358301681577
21353,0.976747099314775,0.005264214375692295,0.017988686309532646
21354,0.2740992295565555,0.0066809207503205435,0.7192198496931239
21355,0.9884732738677906,0.002077573846969565,0.009449152285239881
21356,0.5492192625226288,0.027472356792418193,0.4233083806849531
21357,0.9304528109916036,0.0498011047563174,0.019746084252079094
21358,0.7847796337927654,0.005770143584055354,0.20945022262317917
21359,0.0043108861360869385,0.0013555099169672944,0.9943336039469458
21360,0.23833873530217164,0.008145019312855443,0.753516245384973
21361,0.008058121336414823,0.0009292321032469084,0.9910126465603383
21362,0.021669265996895726,0.014077048523869158,0.9642536854792352
21363,0.9846727004778366,0.007176632481526475,0.008150667040637003
21364,0.04057659752610507,0.007553374850858459,0.9518700276230365
21365,0.026470422183983502,0.002178891645451621,0.971350686170565
21366,0.6087032223063045,0.01724124497849048,0.37405553271520514
21367,0.9464778110335477,0.0047276934573094185,0.04879449550914291
21368,0.2389537125854498,0.027651987725949616,0.7333942996886006
21369,0.9362951064568239,0.0042025826204415,0.05950231092273467
21370,0.9925238699031066,0.0026510979336799396,0.0048250321632134305
21371,0.44801928231877214,0.02606878070498579,0.5259119369762422
21372,0.7652087238017733,0.009499843560405619,0.22529143263782106
21373,0.9540880538407195,0.008719002293893255,0.037192943865387365
21374,0.9911188000496193,0.003434756553843766,0.005446443396536825
21375,0.8562290383428118,0.01850820490502678,0.1252627567521613
21376,0.5878828981245935,0.0383518062416727,0.37376529563373384
21377,0.7589500846069888,0.061132793852847915,0.1799171215401633
21378,0.8016577141218281,0.015289361456237405,0.18305292442193435
21379,0.99346057112588,0.0004361883652445422,0.006103240508875486
21380,0.7813976293190211,0.02204702353411603,0.19655534714686276
21381,0.8710790051314427,0.0165407907686108,0.11238020409994655
21382,0.9602606878710037,0.010376128674913545,0.0293631834540826
21383,0.8340558718173893,0.07968078771178952,0.08626334047082135
21384,0.9040456361032639,0.029735954773581368,0.0662184091231549
21385,0.8706704560030151,0.015089394008610401,0.11424014998837449
21386,0.6873853572590256,0.03691510919199933,0.27569953354897514
21387,0.9754405238067703,0.007443628634764239,0.017115847558465614
21388,0.9173506081650837,0.00804040974976787,0.07460898208514842
21389,0.7535231045362618,0.0035497245675686255,0.24292717089616944
21390,0.5841749725250278,0.019962822384204743,0.3958622050907674
21391,0.9123043944966746,0.009572346933852099,0.07812325856947334
21392,0.9030041964961572,0.006745500503489436,0.09025030300035343
21393,0.7968954027420035,0.002443716927950162,0.2006608803300463
21394,0.1643930315216777,0.004404692416581903,0.8312022760617405
21395,0.9365564362303993,0.026688949763346816,0.0367546140062538
21396,0.6835127333100237,0.2505547412310613,0.06593252545891488
21397,0.7275474488638726,0.006107207520505393,0.266345343615622
21398,0.8728137591880721,0.02919574380742433,0.09799049700450346
21399,0.9475477151293599,0.03006630674940258,0.022385978121237455
21400,0.919385080517316,0.005104763097066593,0.07551015638561744
21401,0.19115732195063212,0.008765820416120966,0.800076857633247
21402,0.9294849824275421,0.004147751925434883,0.06636726564702283
21403,0.949218707389333,0.012689611723353509,0.03809168088731364
21404,0.9632472355692459,0.003718267069801073,0.03303449736095323
21405,0.9687435945537279,0.0044299751568172615,0.026826430289454705
21406,0.9649342484246451,0.004349654136706283,0.030716097438648695
21407,0.04516197902646578,0.0032280295754476165,0.9516099913980867
21408,0.12380869499336206,0.011309371335883342,0.8648819336707546
21409,0.3114909982665017,0.0028776192298350617,0.6856313825036634
21410,0.9497169364795932,0.02683726335274998,0.02344580016765679
21411,0.016408888735063156,0.04538832265580509,0.9382027886091319
21412,0.08065346426094722,0.01702219120518959,0.9023243445338632
21413,0.9793623769654032,0.0075910433204726645,0.013046579714124179
21414,0.8710362057938942,0.004794907330376197,0.12416888687572966
21415,0.9518805635111648,0.006175142657390038,0.041944293831445295
21416,0.9859836637658581,0.0015357729872694083,0.012480563246872464
21417,0.9239942405787972,0.001942671184790663,0.07406308823641226
21418,0.9134898701010036,0.007287464081529473,0.07922266581746694
21419,0.5772476058267344,0.05851225463574326,0.3642401395375224
21420,0.9600689549741351,0.003952077711621205,0.03597896731424371
21421,0.6916355902512837,0.003003804526144179,0.30536060522257213
21422,0.9368619853502238,0.005819486656328855,0.057318527993447305
21423,0.8740321073925102,0.012246621560490905,0.11372127104699878
21424,0.8373360855785272,0.06552438354582794,0.09713953087564485
21425,0.13268942928713184,0.09794845381228504,0.7693621169005832
21426,0.07377206770801242,0.1422795760073744,0.7839483562846131
21427,0.9451735051636155,0.0053809373777037985,0.049445557458680574
21428,0.9717739633828631,0.011859934459873376,0.01636610215726342
21429,0.9770703108041445,0.00342169546082992,0.01950799373502555
21430,0.07306070305426231,0.005166070880977005,0.9217732260647606
21431,0.9107381647047738,0.025229224412167007,0.06403261088305925
21432,0.016526493580757088,0.0026293311555270964,0.9808441752637159
21433,0.932647806124236,0.008823937766427706,0.058528256109336416
21434,0.841358879166261,0.02667641603500946,0.1319647047987297
21435,0.5326027226091902,0.03840221787584075,0.4289950595149691
21436,0.3522699805190195,0.002588398980644768,0.6451416205003357
21437,0.9700506300551537,0.005152919439484407,0.024796450505362028
21438,0.39724604068036906,0.01201330395294949,0.5907406553666814
21439,0.09107160111269583,0.04868384152865607,0.8602445573586481
21440,0.9641234561628305,0.009920763172006668,0.0259557806651629
21441,0.004350336428739913,0.0008009237823310739,0.994848739788929
21442,0.89752108013171,0.023542069446469294,0.07893685042182072
21443,0.9179925989709058,0.0020709800415725428,0.0799364209875217
21444,0.8648432817793257,0.014126131033669153,0.1210305871870051
21445,0.873909005752062,0.00954011964763393,0.11655087460030406
21446,0.8847357391631129,0.00684680712142826,0.10841745371545884
21447,0.8289477550563021,0.001606917265998491,0.16944532767769935
21448,0.1462171440183901,0.021436064517289584,0.8323467914643203
21449,0.9573835169221216,0.0029837316522736295,0.039632751425604906
21450,0.9114002674709619,0.02584637396443553,0.06275335856460261
21451,0.9533383105363676,0.0045814574452916635,0.04208023201834078
21452,0.9367115865582928,0.0071845298106287415,0.05610388363107829
21453,0.010655721971865961,0.00662367610557853,0.9827206019225556
21454,0.33729297178111034,0.002470453260244451,0.6602365749586452
21455,0.4280585292976705,0.0022232618014779585,0.5697182089008516
21456,0.7579826703611953,0.03738877746772753,0.20462855217107728
21457,0.9617412317264682,0.01710405791464274,0.021154710358889127
21458,0.8720650691735397,0.0811165273593885,0.0468184034670719
21459,0.9470415754276454,0.006038374022726249,0.04692005054962836
21460,0.9357140161795872,0.004860518689645862,0.05942546513076696
21461,0.9865310438822326,0.0024117531070770725,0.01105720301069037
21462,0.9397539577432857,0.04268261795964676,0.017563424297067337
21463,0.6149207973625781,0.13566176727059867,0.2494174353668232
21464,0.9042602396557771,0.019289173629885414,0.07645058671433758
21465,0.9016295576051437,0.01700044498506851,0.08136999740978786
21466,0.14215551871413082,0.012302231828419163,0.84554224945745
21467,0.7374756069412297,0.027921632671105544,0.2346027603876647
21468,0.15893267252286641,0.022092186901345123,0.8189751405757886
21469,0.9198603506415693,0.002734113639493802,0.0774055357189368
21470,0.5685358055524328,0.0219496889926407,0.4095145054549265
21471,0.9916532855267872,0.001346440849927738,0.007000273623285038
21472,0.19058361829900033,0.02451652457492091,0.7848998571260787
21473,0.001188228817594902,0.0003012923926050609,0.9985104787898
21474,0.8957815328366555,0.02272863049074932,0.08148983667259516
21475,0.2945652386504896,0.15483150493995126,0.5506032564095591
21476,0.3022283557536003,0.010912197569373646,0.686859446677026
21477,0.8154176029420437,0.02632191965430289,0.15826047740365326
21478,0.8123216409643919,0.012645978816638108,0.17503238021897
21479,0.8326657179452511,0.010849298464035328,0.1564849835907135
21480,0.9116792073504993,0.0032591339371369258,0.08506165871236371
21481,0.8975498985281708,0.01448651999813638,0.0879635814736929
21482,0.6970280932340983,0.11605357453565263,0.18691833223024917
21483,0.9199834895503025,0.0017709842251508515,0.0782455262245466
21484,0.9661526521487632,0.002155983136220222,0.031691364715016504
21485,0.9334472049454097,0.04411081547541616,0.022441979579174206
21486,0.9682622004647269,0.0038327369954999717,0.027905062539773276
21487,0.2847979588712685,0.023451318725338073,0.6917507224033934
21488,0.9426108552337432,0.02616780361641994,0.03122134114983695
21489,0.73620941564323,0.034686923776073575,0.22910366058069653
21490,0.5506906858247056,0.07155074939673109,0.37775856477856334
21491,0.9733115127258432,0.00393915865223369,0.02274932862192311
21492,0.9698393727207258,0.01193213621529409,0.018228491063980033
21493,0.7936501392828658,0.013079675198060397,0.1932701855190738
21494,0.019999704892241555,0.010661616292486218,0.9693386788152721
21495,0.5454336442155802,0.01988365695958682,0.43468269882483296
21496,0.9272754818287987,0.034529553079086436,0.03819496509211496
21497,0.9750514538410907,0.0024168774751076455,0.022531668683801628
21498,0.92045649876954,0.004164464898411906,0.07537903633204816
21499,0.9658803337133998,0.002174528953102971,0.03194513733349741
21500,0.7174239014015731,0.02921862625380535,0.25335747234462164
21501,0.9705285142978186,0.0025451310557586507,0.02692635464642275
21502,0.9624917460810725,0.006968463426023231,0.03053979049290448
21503,0.4048061150538444,0.07532410322899939,0.5198697817171563
21504,0.10575015037473896,0.023655819340805177,0.8705940302844559
21505,0.01949267524421573,0.027597815200295077,0.9529095095554893
21506,0.9642443538869516,0.0012537700734272111,0.03450187603962119
21507,0.9321611734437502,0.004748734063841381,0.06309009249240836
21508,0.978925627505927,0.0027669372454665257,0.018307435248606237
21509,0.984705081941527,0.0008832308517637691,0.014411687206709396
21510,0.38597562271729924,0.05756131785090079,0.5564630594318
21511,0.025741985322248934,0.006716626854968025,0.967541387822783
21512,0.6892537148244178,0.014523179432220474,0.29622310574336175
21513,0.9313707016766933,0.0032406668431865784,0.06538863148012003
21514,0.9456487656570908,0.004172256325833675,0.05017897801707542
21515,0.8914594877515539,0.006540407481165018,0.10200010476728116
21516,0.012925796604404698,0.0061460445821483675,0.9809281588134469
21517,0.9108614857737933,0.022473523862149007,0.0666649903640577
21518,0.7596521786313551,0.019610076243122217,0.22073774512552266
21519,0.9671014590684787,0.007684177571561649,0.02521436335995973
21520,0.9330210061293224,0.003582139004446862,0.06339685486623069
21521,0.965358517979132,0.006852683622544125,0.02778879839832381
21522,0.5441270037484498,0.07759918466114195,0.37827381159040824
21523,0.3579891172038754,0.009234970109097993,0.6327759126870266
21524,0.8662416873849093,0.11184789886253522,0.02191041375255559
21525,0.59388883842286,0.021862626690794126,0.38424853488634575
21526,0.7036542111074928,0.0010356954670106984,0.29531009342549647
21527,0.9866601698587072,0.0008080760399254085,0.012531754101367393
21528,0.9674099277215362,0.0022154122669615253,0.030374660011502363
21529,0.014305375042379918,0.0022058349789178125,0.9834887899787024
21530,0.02740429965182096,0.016338097708214993,0.9562576026399642
21531,0.5262847503687658,0.09695354740333943,0.3767617022278947
21532,0.9295949737538957,0.019403988931542396,0.05100103731456209
21533,0.9645660237904057,0.011104595848134155,0.024329380361460273
21534,0.9254065412227979,0.004287675141204064,0.07030578363599807
21535,0.46259012183197906,0.005484848575857379,0.5319250295921636
21536,0.25729316336761776,0.24953244445770978,0.4931743921746724
21537,0.6144883465661195,0.006082060526053747,0.37942959290782663
21538,0.9652865226398534,0.015024545837543271,0.019688931522603297
21539,0.9559145331070411,0.004740684719420481,0.03934478217353829
21540,0.9528924116775664,0.004976623298465334,0.04213096502396814
21541,0.9839302010273442,0.001866560487557883,0.01420323848509795
21542,0.9688260341165968,0.004938498024908079,0.026235467858494912
21543,0.8949736946380328,0.07391058703164764,0.031115718330319595
21544,0.014927633512401403,0.007432675770199623,0.9776396907173991
21545,0.915682751433888,0.008487800087270039,0.07582944847884199
21546,0.9245511398870514,0.003951522200242205,0.07149733791270639
21547,0.7099473150042976,0.23549656910088482,0.05455611589481748
21548,0.8603342718079816,0.003392819330144856,0.13627290886187357
21549,0.09093918693384166,0.003660454239107939,0.9054003588270505
21550,0.9751168788348155,0.011289031322361684,0.013594089842822916
21551,0.6413074802479399,0.15440489370347957,0.20428762604858045
21552,0.9757667924852772,0.00063457330428209,0.023598634210440558
21553,0.0204432132574207,0.025090665242469855,0.9544661215001095
21554,0.027948200040165242,0.00455173924695048,0.9675000607128844
21555,0.8807809899537106,0.02342516960582742,0.09579384044046221
21556,0.8249935312077854,0.008712564410148371,0.1662939043820662
21557,0.006340487534874828,0.0017478849904345463,0.9919116274746905
21558,0.009245786305843492,0.0011825579280595692,0.989571655766097
21559,0.9153866421067341,0.008378378017614182,0.07623497987565173
21560,0.9678022712765151,0.016658270216980547,0.015539458506504353
21561,0.016226017054364498,0.008919681868267235,0.9748543010773683
21562,0.372509047689955,0.028260216257731296,0.5992307360523137
21563,0.89803831973886,0.004177803194299487,0.09778387706684073
21564,0.9289745338713234,0.007604260124250112,0.06342120600442633
21565,0.9414372398069489,0.03146525546190982,0.027097504731141222
21566,0.8148455027799244,0.007637754590275728,0.17751674262979983
21567,0.9088510287201501,0.002423860425599871,0.08872511085424997
21568,0.9714046750222279,0.0025514671852102356,0.02604385779256186
21569,0.9803110801344996,0.011562779686808973,0.008126140178691421
21570,0.9321675608830795,0.011969944866955868,0.05586249424996451
21571,0.8540444585948148,0.04392679767399745,0.1020287437311877
21572,0.0817260878317472,0.007088955112299814,0.9111849570559529
21573,0.0035856203978227186,0.0010147976627038044,0.9953995819394735
21574,0.6903991560110521,0.020886164364445688,0.2887146796245021
21575,0.9669057787679621,0.0035794334783738166,0.02951478775366413
21576,0.9647057441494268,0.003877378675210877,0.03141687717536223
21577,0.980989389080717,0.0040173389379128096,0.014993271981370222
21578,0.9504762432099741,0.004078248155688771,0.045445508634337294
21579,0.3217511100817589,0.1087340197091128,0.5695148702091284
21580,0.9590855228354972,0.004894067453636275,0.036020409710866584
21581,0.9260016644125764,0.0014899387926628563,0.07250839679476065
21582,0.5350549431377299,0.037505593323220114,0.4274394635390499
21583,0.6722716645020523,0.06090783899808355,0.26682049649986417
21584,0.007425788327647842,0.0029537607556331382,0.9896204509167189
21585,0.934575890109854,0.0048540227218104555,0.06057008716833558
21586,0.10712401475147257,0.007307295510057392,0.8855686897384699
21587,0.5679507444840446,0.1877339068268947,0.24431534868906063
21588,0.39740410666239656,0.24197123948829022,0.36062465384931314
21589,0.6994405984839797,0.0033864589472896063,0.2971729425687306
21590,0.04157227420561129,0.002706153819129444,0.9557215719752594
21591,0.9290293032139629,0.0014704277644187788,0.06950026902161821
21592,0.9575623457557108,0.008409089804160752,0.03402856444012836
21593,0.8257386975670377,0.004288089884516078,0.16997321254844638
21594,0.5571726978601159,0.3844700989121707,0.05835720322771332
21595,0.7885655282161145,0.003088441868282357,0.20834602991560316
21596,0.8174107666059591,0.11045762063390495,0.07213161276013602
21597,0.9636586798565658,0.004726044617668639,0.03161527552576566
21598,0.49406716146740287,0.024111919008902305,0.4818209195236948
21599,0.28430413669109456,0.2817536533642851,0.43394220994462046
21600,0.44290638881493716,0.013886335146125351,0.5432072760389375
21601,0.8198847927765625,0.003416750877302569,0.17669845634613504
21602,0.5318242221228144,0.00636329468352899,0.4618124831936566
21603,0.9147598832223955,0.020117072809852882,0.06512304396775145
21604,0.9381071855059984,0.014382611342565688,0.04751020315143584
21605,0.9487030532083088,0.0050018618628787535,0.04629508492881249
21606,0.9530815866915658,0.01819686743293179,0.028721545875502394
21607,0.6973856423639702,0.001117011638164302,0.30149734599786543
21608,0.8895281664499405,0.002860531508400304,0.10761130204165913
21609,0.8545836607465392,0.01001579758982364,0.13540054166363716
21610,0.9637290609474816,0.014522111265820469,0.02174882778669795
21611,0.9441546274171423,0.005690998252464986,0.05015437433039278
21612,0.9242576310770232,0.04478100911883836,0.030961359804138375
21613,0.011342537322532298,0.006029503607243264,0.9826279590702244
21614,0.8298525305130767,0.0028109869061712506,0.16733648258075193
21615,0.9874116999518399,0.0021858512787133483,0.010402448769446852
21616,0.9186245079288682,0.052266422963378655,0.029109069107753256
21617,0.6291187013864482,0.009527763582309825,0.36135353503124207
21618,0.9165669938579282,0.0062917551302014854,0.07714125101187032
21619,0.8003882148083669,0.01811062339816555,0.1815011617934676
21620,0.9778321287074292,0.003835200404162239,0.018332670888408495
21621,0.05746523493683575,0.003901076782255191,0.9386336882809091
21622,0.9720363427118174,0.004162400155106736,0.023801257133075814
21623,0.550203440369475,0.018605345387010565,0.4311912142435144
21624,0.99470230740307,0.0005190468112598216,0.004778645785670412
21625,0.9102350383901359,0.006723374037983,0.08304158757188121
21626,0.6600788511008224,0.058915978467051135,0.2810051704321266
21627,0.9629730102033384,0.005735888725486257,0.03129110107117547
21628,0.041269266712724705,0.005841504618315118,0.9528892286689601
21629,0.9479451628219113,0.00262491655620807,0.049429920621880806
21630,0.8411026698706098,0.1274641989044611,0.03143313122492911
21631,0.04542863889809741,0.0028843284200250046,0.9516870326818776
21632,0.009791985980468284,0.02099995842267553,0.9692080555968562
21633,0.8385342337066297,0.07098067641160939,0.09048508988176078
21634,0.38026092190439653,0.006152897661973115,0.6135861804336303
21635,0.9389334604931194,0.018852783043746026,0.042213756463134744
21636,0.9717991639210549,0.0011280722484425351,0.027072763830502437
21637,0.6434531496938861,0.01847579908978512,0.33807105121632874
21638,0.807136676087304,0.038879680884713504,0.15398364302798243
21639,0.8991670633985015,0.01801993707235109,0.08281299952914747
21640,0.9784967926414322,0.005959264589730187,0.015543942768837695
21641,0.031360626015597325,0.05118867642360836,0.9174506975607942
21642,0.9475168462050831,0.004140479592054067,0.048342674202862826
21643,0.06302280192716658,0.08036024369481998,0.8566169543780134
21644,0.5979296596681665,0.010163879312270056,0.39190646101956356
21645,0.02903614392828568,0.0017882494531585654,0.9691756066185558
21646,0.7954346318508562,0.05998824513922147,0.14457712300992234
21647,0.9282095023447446,0.004444972824556646,0.06734552483069874
21648,0.33813917665767523,0.04339141743823658,0.618469405904088
21649,0.7846452700730125,0.016467013897952403,0.19888771602903516
21650,0.767171896724007,0.01199956756370261,0.2208285357122903
21651,0.2072992765177351,0.010474953586847986,0.7822257698954169
21652,0.3296220882824762,0.0060274819064101886,0.6643504298111136
21653,0.5623527160404358,0.01898973410382037,0.41865754985574394
21654,0.024319680664843073,0.0034420834947609547,0.9722382358403959
21655,0.8926617227345542,0.008950004646446429,0.09838827261899921
21656,0.9727646515124586,0.0010721858822408548,0.026163162605300477
21657,0.6518417243962077,0.020071786802289965,0.32808648880150226
21658,0.9018137084345217,0.05135540852535805,0.046830883040120196
21659,0.948406424726955,0.01357761639857446,0.03801595887447047
21660,0.9042344171578242,0.023128380019109208,0.07263720282306659
21661,0.8593633333633284,0.018963853283966367,0.12167281335270524
21662,0.010331855199864756,0.0017037305477210398,0.9879644142524142
21663,0.9005011836604518,0.006191478486188368,0.0933073378533598
21664,0.9759603013080758,0.0004722516373476644,0.02356744705457671
21665,0.8564644676736956,0.007294120307702954,0.1362414120186015
21666,0.9163730039632028,0.0032980247664302336,0.0803289712703669
21667,0.023327251449544867,0.08210873144973838,0.8945640171007168
21668,0.935912829037167,0.0016625735710497265,0.06242459739178335
21669,0.03508303064405131,0.0016335467070575157,0.9632834226488912
21670,0.7635176951782295,0.09867744573927134,0.13780485908249893
21671,0.12431628741465446,0.010910409992894091,0.8647733025924514
21672,0.9297320201641134,0.007912470255927468,0.062355509579959376
21673,0.9305352819801048,0.011926140164010791,0.05753857785588435
21674,0.9692382493141612,0.018647539578957272,0.012114211106881404
21675,0.943938102737396,0.008845282690602653,0.04721661457200142
21676,0.7469293213142442,0.008706110370392454,0.24436456831536346
21677,0.958657630396926,0.0055425548118374105,0.035799814791236534
21678,0.9309301451064296,0.005385158199803361,0.06368469669376702
21679,0.7979521422917802,0.03940656437060497,0.1626412933376147
21680,0.875805623263982,0.031188321559730694,0.09300605517628717
21681,0.007841527318520631,0.001584539471100737,0.9905739332103787
21682,0.7525967521212299,0.19178185969832004,0.055621388180449934
21683,0.9735721230401089,0.0059246667174646245,0.020503210242426444
21684,0.9408526986736983,0.0014000957552404954,0.05774720557106115
21685,0.9886399880601313,0.0007483189382956551,0.010611693001573061
21686,0.8031437487253246,0.015962527496877627,0.18089372377779775
21687,0.9288959545974576,0.0054040451361105565,0.06570000026643204
21688,0.9264536723611843,0.009395223204811938,0.06415110443400372
21689,0.9732174698413818,0.012909262532320508,0.013873267626297663
21690,0.8971084389956928,0.022502043158086592,0.0803895178462205
21691,0.32171449644984457,0.01693316850603215,0.6613523350441232
21692,0.8452212605736203,0.007962879437167475,0.14681585998921204
21693,0.8877492270941553,0.018998022634070973,0.0932527502717738
21694,0.021339777532298834,0.012269906440576166,0.966390316027125
21695,0.9376406428872045,0.005661410668609539,0.056697946444186
21696,0.9324825611019132,0.01992164990623245,0.04759578899185424
21697,0.6746188575546315,0.011411010519218057,0.31397013192615036
21698,0.9836181873765836,0.0012972449402434982,0.015084567683172975
21699,0.9538321939108815,0.007343910924842458,0.03882389516427595
21700,0.9766338599558767,0.001160990409447578,0.022205149634675785
21701,0.8334306858757955,0.012286176603527547,0.15428313752067702
21702,0.7896550032411276,0.01855069590556823,0.19179430085330426
21703,0.5601621200163449,0.03755889630351583,0.4022789836801392
21704,0.08995203165918425,0.008476543876966296,0.9015714244638495
21705,0.12293432036732228,0.02057301052440496,0.8564926691082728
21706,0.9806421625974079,0.0030795431249035737,0.016278294277688708
21707,0.9752050221952753,0.005177273561487107,0.019617704243237527
21708,0.32469683891007955,0.011206565738011999,0.6640965953519085
21709,0.9437308961831428,0.005823505289666348,0.050445598527191
21710,0.8755547075277264,0.005476087153787567,0.11896920531848612
21711,0.055833034803765044,0.101086817761517,0.843080147434718
21712,0.96474056293774,0.01329281188765926,0.0219666251746007
21713,0.9847827678516,0.002169570139228038,0.013047662009171925
21714,0.9880210984924248,0.002112588928235874,0.009866312579339532
21715,0.8276663189234165,0.005540071827222939,0.1667936092493605
21716,0.7117907769193608,0.06841126654362045,0.2197979565370188
21717,0.15709812976131202,0.013734494504343829,0.8291673757343442
21718,0.9531198977468298,0.016031142033962213,0.03084896021920786
21719,0.07371122432480853,0.00497080809537676,0.9213179675798147
21720,0.9153660873900822,0.009663430812254927,0.074970481797663
21721,0.9629690178852952,0.0015254437499965057,0.03550553836470823
21722,0.6589035670522088,0.022486952979688706,0.3186094799681025
21723,0.2430644269840601,0.231565741569425,0.5253698314465148
21724,0.9754695202204043,0.007668996197151167,0.016861483582444436
21725,0.939599078940825,0.027597732403655414,0.03280318865551966
21726,0.3862132222884992,0.32545696620850406,0.28832981150299686
21727,0.9528640176682477,0.006045647399782602,0.04109033493196957
21728,0.8763199420888413,0.0031411957309355537,0.12053886218022318
21729,0.009961783719316341,0.0015643309037724185,0.9884738853769113
21730,0.8228960383652423,0.01530960979737823,0.16179435183737956
21731,0.9703187327397369,0.004080541397450445,0.025600725862812534
21732,0.9865669618425258,0.0018027895612583228,0.011630248596215738
21733,0.9392769605018958,0.016501821668322966,0.04422121782978124
21734,0.013583836908301007,0.006225557333144775,0.9801906057585542
21735,0.17966158050021616,0.01755254133284596,0.8027858781669378
21736,0.6304131581349315,0.04011647970197181,0.32947036216309666
21737,0.9271589212705382,0.009615850817306983,0.06322522791215482
21738,0.9881620040677098,0.0039348037452967685,0.00790319218699358
21739,0.9451102771013669,0.004628655201374615,0.05026106769725852
21740,0.16821364069815764,0.008915344384741562,0.8228710149171007
21741,0.9207478323283536,0.0030339988644872908,0.07621816880715923
21742,0.7516474821716268,0.022105933000244653,0.22624658482812857
21743,0.8834139967185408,0.008539331507888579,0.10804667177357048
21744,0.9798278646431777,0.012695572396533553,0.007476562960288672
21745,0.2719402995865905,0.03959213518680075,0.6884675652266087
21746,0.8492689241812389,0.02023870029512075,0.13049237552364037
21747,0.8692512346468745,0.016552403473089474,0.11419636188003612
21748,0.9601744185618403,0.023972751232848116,0.015852830205311714
21749,0.9448464664362214,0.00696156764807942,0.04819196591569919
21750,0.9687965152547204,0.003850818272839256,0.0273526664724402
21751,0.24172207502361356,0.004283286756782569,0.7539946382196039
21752,0.7715764076633159,0.1555256944209228,0.0728978979157611
21753,0.9435231648970409,0.007391433347229487,0.049085401755729605
21754,0.9062764238007612,0.00236034976117593,0.09136322643806265
21755,0.9730816670500259,0.002283760796125867,0.02463457215384827
21756,0.0031717148671196104,0.0003720868083471389,0.9964561983245331
21757,0.0734732558690575,0.019290135968766647,0.9072366081621758
21758,0.8820523398497957,0.003271378240064303,0.11467628191014001
21759,0.8622781141877152,0.06438947201047131,0.0733324138018135
21760,0.022598874344849827,0.003397854882769888,0.9740032707723802
21761,0.8474069415210106,0.03739326177597194,0.11519979670301742
21762,0.8130262872880263,0.01259965757878359,0.17437405513319013
21763,0.8452698220981273,0.009338327284161644,0.14539185061771107
21764,0.17270289430667718,0.002999746671927242,0.8242973590213956
21765,0.9241799590081876,0.005661017419335661,0.07015902357247672
21766,0.4604921353107672,0.004109056464676251,0.5353988082245565
21767,0.5884059363033666,0.017267484846300474,0.39432657885033295
21768,0.6884648275999907,0.1478231313705555,0.16371204102945391
21769,0.9748079710961851,0.0013517933466871666,0.023840235557127634
21770,0.9753327775068095,0.0006464653070754178,0.02402075718611512
21771,0.9690302411987332,0.0016353159984110427,0.029334442802856006
21772,0.16337010625002554,0.0016805622390653116,0.8349493315109091
21773,0.7760048187647253,0.022923295844661212,0.20107188539061355
21774,0.9679779318174974,0.004051004067710325,0.02797106411479232
21775,0.823233303903049,0.008155858646637435,0.16861083745031358
21776,0.9031074843626183,0.05050701780424049,0.04638549783314136
21777,0.9840471214048494,0.0031580009532366895,0.012794877641913978
21778,0.9849392108209157,0.00038311375405884453,0.014677675425025521
21779,0.02450741155414973,0.0007876346370671914,0.974704953808783
21780,0.978644514331327,0.002317923578168216,0.019037562090504702
21781,0.8315849879638912,0.005821436711971276,0.16259357532413732
21782,0.9647594989294682,0.003960183675001516,0.03128031739553021
21783,0.9111994396741896,0.003976931010274455,0.08482362931553607
21784,0.9863387715693501,0.0004652781607077002,0.013195950269942091
21785,0.3378129283622379,0.3848976328656699,0.27728943877209217
21786,0.8825253945144231,0.003664898391078328,0.11380970709449838
21787,0.11403338784878382,0.016814726935961203,0.869151885215255
21788,0.9566111869868095,0.024734928496191386,0.018653884516999206
21789,0.888049140191434,0.014669687365345583,0.09728117244322053
21790,0.7848334486093982,0.015584022101400839,0.19958252928920092
21791,0.9714164380350637,0.0031006749679252433,0.025482886997011015
21792,0.009075769966477649,0.010272665791686206,0.9806515642418362
21793,0.47396618303101495,0.19051183120059154,0.3355219857683935
21794,0.9525345545963042,0.003437858376942475,0.04402758702675345
21795,0.9748122778074995,0.005696792332484641,0.01949092986001587
21796,0.8363519834286567,0.010419948229601718,0.1532280683417417
21797,0.9702811628797203,0.01812133811445625,0.011597499005823346
21798,0.9439085422572305,0.006140446469501869,0.049951011273267634
21799,0.7646331035662994,0.002058668784290285,0.23330822764941037
21800,0.9552997168654532,0.0145990761159449,0.030101207018601785
21801,0.3293365982690663,0.007064465803593514,0.6635989359273403
21802,0.02330559736688959,0.002367226474518177,0.9743271761585922
21803,0.4567252590275685,0.0061455253100276,0.5371292156624039
21804,0.8904120752102017,0.009433464309059612,0.10015446048073864
21805,0.002227426974022238,0.002041099113344214,0.9957314739126336
21806,0.9244984279703,0.0010568331858900333,0.07444473884381003
21807,0.8862410576213625,0.00915555381435643,0.10460338856428102
21808,0.08738547693127899,0.09358326713600268,0.8190312559327183
21809,0.9631671912493435,0.001640948632973494,0.03519186011768304
21810,0.9771726621544612,0.001957957202551226,0.02086938064298764
21811,0.7307401321631134,0.06030775593535452,0.20895211190153204
21812,0.8720236288965871,0.01115331221209989,0.11682305889131288
21813,0.8886658032509924,0.003639538778096692,0.10769465797091092
21814,0.872719342500225,0.0014209982651248224,0.12585965923465017
21815,0.6462773704118551,0.006623091313169669,0.3470995382749753
21816,0.8245920054316394,0.007603956174440849,0.16780403839391975
21817,0.9026480874298266,0.008691613073158752,0.08866029949701455
21818,0.9443423550566374,0.008140965613709939,0.04751667932965262
21819,0.9892262853108391,0.001098578114321445,0.009675136574839585
21820,0.02199960048398988,0.0014130648131892673,0.9765873347028209
21821,0.012462074279969034,0.006861643141116403,0.9806762825789145
21822,0.9208904977685295,0.008691989273400872,0.07041751295806958
21823,0.9487181466890171,0.003125172131272098,0.04815668117971084
21824,0.4065906441941199,0.002021518401948405,0.5913878374039319
21825,0.20599381349800763,0.057668360816510694,0.7363378256854818
21826,0.936544531170726,0.003298587466856889,0.06015688136241708
21827,0.7945465236798276,0.01976080942683019,0.18569266689334235
21828,0.9413518536732592,0.013339327069405578,0.0453088192573352
21829,0.9635264521454505,0.0021474043473957627,0.03432614350715374
21830,0.7083412044974431,0.010652010700702314,0.28100678480185454
21831,0.5474179546553771,0.062221062230322234,0.3903609831143007
21832,0.8296524578754733,0.08855325833435543,0.08179428379017126
21833,0.06180647076958282,0.0158890728193933,0.9223044564110239
21834,0.8632443814695996,0.023945674946727037,0.11280994358367337
21835,0.9834788562209468,0.0017182474657043997,0.014802896313349002
21836,0.9691581133964801,0.0026337707156248156,0.0282081158878951
21837,0.9769383496519863,0.007970586901160164,0.015091063446853485
21838,0.9567729399133702,0.026447475070672005,0.016779585015957808
21839,0.7039027604462523,0.02712978898045542,0.2689674505732923
21840,0.9811456171136543,0.0024698719400735565,0.016384510946272194
21841,0.05563949189033367,0.012127776795791073,0.9322327313138752
21842,0.3464165070696459,0.2315245730385592,0.4220589198917949
21843,0.9120154897338072,0.013174541468470701,0.07480996879772205
21844,0.012275915331562363,0.0022367068093824957,0.9854873778590552
21845,0.9353664480065886,0.0031305050564708384,0.061503046936940524
21846,0.6199735329724134,0.11560040821941031,0.26442605880817616
21847,0.8737460659873946,0.00485442592416309,0.12139950808844242
21848,0.955548079089765,0.02496229269024668,0.01948962821998827
21849,0.0048750471487605685,0.004559676582203939,0.9905652762690353
21850,0.8989704692195885,0.007255200176099022,0.09377433060431252
21851,0.40754480623689526,0.03384915370563367,0.5586060400574712
21852,0.9233359647497347,0.004728629458478582,0.07193540579178664
21853,0.08120794330304186,0.0023284018493638977,0.9164636548475943
21854,0.9914772512344674,0.0017268731904314593,0.006795875575101361
21855,0.06964408771392037,0.005216649668624515,0.925139262617455
21856,0.8889190044536444,0.010728803384656356,0.10035219216169913
21857,0.21451775537087878,0.026338302363111445,0.7591439422660098
21858,0.007436179682085029,0.0011394655871957732,0.9914243547307193
21859,0.9698903744886339,0.008723033716592842,0.02138659179477327
21860,0.03185039195208522,0.01694921395024926,0.9512003940976654
21861,0.9472392105103896,0.0020651772427386773,0.050695612246871725
21862,0.8678957628511142,0.006002101661057574,0.12610213548782803
21863,0.7935077029825972,0.011932164367707694,0.19456013264969507
21864,0.0015692219850747466,0.0004192282978735888,0.9980115497170515
21865,0.23301440091173575,0.003044683532773234,0.763940915555491
21866,0.9282444872039255,0.01834218510575952,0.05341332769031509
21867,0.48955774708829397,0.019767552340194252,0.4906747005715119
21868,0.9757512083145774,0.004859528954395209,0.01938926273102745
21869,0.017340991084012748,0.0023204636805837114,0.9803385452354035
21870,0.8495692068424612,0.010951324083285049,0.13947946907425363
21871,0.8797889525554683,0.007595462098239309,0.1126155853462924
21872,0.9691285345400341,0.0012715589129094463,0.02959990654705635
21873,0.951244990074333,0.001863329887016828,0.04689168003865005
21874,0.9794730285984916,0.0021330001555663223,0.018393971245942106
21875,0.42012957420446,0.019104781729087188,0.5607656440664528
21876,0.9658114313198108,0.017606334911695446,0.016582233768493722
21877,0.8427119689911614,0.015942691665850748,0.1413453393429878
21878,0.9709165001534062,0.016610422654600426,0.012473077191993335
21879,0.9121277432967896,0.012179828560502974,0.07569242814270744
21880,0.8917240585397895,0.009976816856539568,0.0982991246036709
21881,0.9400283271134687,0.011830844108767242,0.04814082877776406
21882,0.020402560671026748,0.02122738196628299,0.9583700573626903
21883,0.9512351731971319,0.0038362434522330917,0.0449285833506351
21884,0.18745348913995602,0.010404246251554493,0.8021422646084894
21885,0.06909476316944801,0.006525311016390303,0.9243799258141616
21886,0.9589585083352512,0.0037348933346943026,0.03730659833005453
21887,0.9466413299955742,0.0071271350512822395,0.046231534953143666
21888,0.9656507715439773,0.0031699818218543434,0.03117924663416832
21889,0.9811937704842695,0.002495887406712765,0.016310342109017866
21890,0.9868240393305977,0.0016204181587983612,0.011555542510603855
21891,0.984652231208309,0.0011599068171949548,0.014187861974496098
21892,0.9700671745541971,0.00892222035403525,0.02101060509176754
21893,0.666077617647632,0.007068402109647261,0.3268539802427207
21894,0.9136193037665195,0.011722261262426443,0.07465843497105405
21895,0.9597454150129009,0.0038999372587725915,0.03635464772832648
21896,0.6308797773836802,0.02864468582305576,0.340475536793264
21897,0.08074832709230019,0.27074367623286366,0.6485079966748362
21898,0.934522490424448,0.0006716140837421256,0.06480589549180987
21899,0.9861592350805045,0.0023363120797412055,0.011504452839754039
21900,0.015618015828888053,0.0021746428216099256,0.982207341349502
21901,0.9606101088610018,0.005806710791514557,0.03358318034748383
21902,0.936500462521368,0.03416984245375357,0.02932969502487849
21903,0.8915274517734382,0.03637721118704476,0.0720953370395171
21904,0.02220101521971566,0.0023331928121096243,0.9754657919681747
21905,0.24888698083365102,0.0067563060957653446,0.7443567130705836
21906,0.26224454795227786,0.04453737243230614,0.6932180796154159
21907,0.1715309664530378,0.0020035823595313564,0.8264654511874309
21908,0.89222076385149,0.028465770713396076,0.07931346543511388
21909,0.6233320931067318,0.05431172298228075,0.3223561839109874
21910,0.004745770200708282,0.008869765197874841,0.9863844646014168
21911,0.164428532312253,0.10311686228818809,0.7324546053995589
21912,0.9847158277367378,0.0013637913620558725,0.013920380901206215
21913,0.9666852975423659,0.005819934677408265,0.027494767780225974
21914,0.8097787139666034,0.09313598401963902,0.09708530201375755
21915,0.8682513907610263,0.07620381456615585,0.05554479467281776
21916,0.08239721566287932,0.008610800905620507,0.9089919834315001
21917,0.15826703703659217,0.17767374979740516,0.6640592131660027
21918,0.9740490637980707,0.001138918951030781,0.024812017250898537
21919,0.8538751312196837,0.014628090914902008,0.13149677786541422
21920,0.3632260903242341,0.022215903781649393,0.6145580058941166
21921,0.8878965778216567,0.016444580573499096,0.09565884160484434
21922,0.759986119759519,0.07610563018563606,0.16390825005484494
21923,0.8994139115737617,0.006179242673188868,0.09440684575304929
21924,0.6206551342282555,0.012588960713666636,0.36675590505807787
21925,0.1125856922493237,0.007166875130240021,0.8802474326204364
21926,0.969566080973071,0.01579458672939767,0.014639332297531215
21927,0.9692901224108827,0.0063356348136660145,0.024374242775451232
21928,0.98401058897747,0.010383001158658565,0.005606409863871349
21929,0.9394024463732327,0.010357705138756572,0.0502398484880107
21930,0.8690647710314586,0.008734993981814227,0.12220023498672716
21931,0.9520781971304834,0.004750493350368799,0.043171309519147695
21932,0.16599006748733047,0.008982459321247749,0.8250274731914218
21933,0.8850386104298374,0.027359993127559722,0.0876013964426029
21934,0.5129956216501699,0.015296298836043332,0.4717080795137868
21935,0.8132064831028618,0.006923067886769104,0.17987044901036914
21936,0.022125121956598996,0.0021690966424348793,0.9757057814009661
21937,0.4987258025543754,0.010272221689931369,0.49100197575569343
21938,0.23921499689023024,0.002248703230577055,0.7585362998791927
21939,0.9708480460958882,0.01242179941559601,0.016730154488515878
21940,0.9839398962277933,0.0018621529916169148,0.014197950780589642
21941,0.2982805164440411,0.12078081900147929,0.5809386645544796
21942,0.020458500419500075,0.013498803830801145,0.9660426957496988
21943,0.9567327846259067,0.005302835867742987,0.03796437950635028
21944,0.8643880143143744,0.03600928297616284,0.09960270270946268
21945,0.895557507986517,0.007567050493027572,0.09687544152045541
21946,0.002560218727993202,0.00028230375104145854,0.9971574775209653
21947,0.0344595279908719,0.0941025567130946,0.8714379152960335
21948,0.9265499784667419,0.003451386248144358,0.0699986352851138
21949,0.9537689201472682,0.003190422475498779,0.043040657377232984
21950,0.9618499214352554,0.005815410415886684,0.03233466814885808
21951,0.8911203387439134,0.061158454563887146,0.04772120669219946
21952,0.12446018862584832,0.03436342107853597,0.8411763902956158
21953,0.7782886579972765,0.04543953618323225,0.17627180581949126
21954,0.8901687897341544,0.05094501332397692,0.058886196941868696
21955,0.9868931625595188,0.008385763494171432,0.004721073946309768
21956,0.04815722179456535,0.008893639723332765,0.9429491384821019
21957,0.9821834520896725,0.003384166023532819,0.014432381886794689
21958,0.710515873782341,0.06667402419286068,0.22281010202479817
21959,0.2586339054123299,0.003071773867600516,0.7382943207200696
21960,0.01044197432163918,0.01292098571472149,0.9766370399636394
21961,0.9649118541591524,0.011616903846387513,0.02347124199446005
21962,0.8936665200162931,0.002114052151497304,0.10421942783220967
21963,0.9700961488908663,0.004158651184548305,0.02574519992458549
21964,0.6621532947549983,0.008964088957629495,0.32888261628737236
21965,0.9532241339451835,0.006366884603661538,0.04040898145115484
21966,0.0030779923955028604,0.0015119735269092265,0.9954100340775879
21967,0.2785909225269135,0.012168678817773544,0.709240398655313
21968,0.8232953316795019,0.007164105281060237,0.16954056303943785
21969,0.645662871776869,0.023921600526097212,0.3304155276970339
21970,0.9687201810526643,0.0013627968681461195,0.029917022079189434
21971,0.969961656427833,0.002886948458691394,0.027151395113475668
21972,0.9318550590434066,0.0030190560810394126,0.06512588487555399
21973,0.6533329830906319,0.1285038708217644,0.21816314608760373
21974,0.984698703049124,0.005997534583827865,0.009303762367048137
21975,0.9272112553523791,0.008821876931538434,0.06396686771608241
21976,0.11972356946725263,0.03540512272933612,0.8448713078034114
21977,0.9804322846431335,0.0016103221738790119,0.017957393182987336
21978,0.8276858909846622,0.07672026897196513,0.09559384004337265
21979,0.028991686908262846,0.004797155729492302,0.9662111573622448
21980,0.9691056413265483,0.005473241980572909,0.025421116692878776
21981,0.8825343515889813,0.007975614104830067,0.1094900343061886
21982,0.8884148190286877,0.005513614945128599,0.10607156602618355
21983,0.07250537721847909,0.023537471092073513,0.9039571516894473
21984,0.9419032181456466,0.0054321862099583175,0.05266459564439522
21985,0.7261347044510728,0.07748715846534547,0.19637813708358173
21986,0.5264610993801188,0.003380503014530254,0.4701583976053511
21987,0.037155109182036426,0.0037094775863173238,0.9591354132316463
21988,0.8562946245975135,0.014086014114812292,0.1296193612876741
21989,0.019491197334417624,0.002203213247542474,0.9783055894180399
21990,0.034173423274597776,0.014524122581447384,0.9513024541439548
21991,0.9844567832980313,0.0033666073736152145,0.012176609328353556
21992,0.9449196521295822,0.03445232499146077,0.02062802287895702
21993,0.8449379427213979,0.007373033965399733,0.14768902331320236
21994,0.37159441998810855,0.522933579073747,0.10547200093814445
21995,0.9473457753199316,0.006283604995370024,0.046370619684698355
21996,0.7677888102341038,0.2127568816221829,0.019454308143713357
21997,0.9672836932604025,0.01265250444321496,0.02006380229638236
21998,0.44113753919920434,0.35806099476299447,0.20080146603780114
21999,0.12796308028443237,0.0076914717389808115,0.8643454479765869
22000,0.10633031217803562,0.028196953991868612,0.8654727338300958
22001,0.9720820463971078,0.002020169868253635,0.02589778373463839
22002,0.8971312002480165,0.031298672142042926,0.07157012760994072
22003,0.9449997310514834,0.02526272755707619,0.029737541391440456
22004,0.9764383690728071,0.002329467646191449,0.021232163281001644
22005,0.11806807608553786,0.004345749447665554,0.8775861744667965
22006,0.6863365290564171,0.014925070698381787,0.29873840024520115
22007,0.8364966171763745,0.014543107039309654,0.14896027578431584
22008,0.9530230079261557,0.010439396911002815,0.03653759516284146
22009,0.009123053890173234,0.0016151502846691737,0.9892617958251576
22010,0.38037926604771793,0.005248415980440776,0.6143723179718412
22011,0.8840248446073748,0.013401531573083407,0.10257362381954167
22012,0.8456263740035764,0.0020494594618563422,0.1523241665345672
22013,0.9763609421464735,0.002490745009879513,0.021148312843646953
22014,0.6347156929697408,0.012283463792607198,0.3530008432376519
22015,0.5087808924825524,0.05698108234579079,0.4342380251716568
22016,0.11800234234415441,0.06072686544241266,0.8212707922134329
22017,0.4730567562782838,0.015308693517945716,0.5116345502037705
22018,0.8616668291832744,0.004203067190741094,0.13413010362598451
22019,0.9787243376056943,0.005619592280420311,0.015656070113885517
22020,0.9678806993579702,0.0094145379093536,0.022704762732676145
22021,0.9672525435803463,0.0022038151632441027,0.030543641256409508
22022,0.9504533531128323,0.009550618372138948,0.039996028515028766
22023,0.9656132813401255,0.002005047528725972,0.032381671131148364
22024,0.9680071159435281,0.004492634016672112,0.027500250039799723
22025,0.7178467573014292,0.04453939218328578,0.2376138505152851
22026,0.008086855124582295,0.0008963851191576838,0.99101675975626
22027,0.8033207555585329,0.03373557424247694,0.16294367019899023
22028,0.9197710099267714,0.03605720127589642,0.04417178879733201
22029,0.9681084165520032,0.010122008211300442,0.021769575236696485
22030,0.8857847321692152,0.003673913309687916,0.11054135452109694
22031,0.9787298708207572,0.00289810737463584,0.018372021804606783
22032,0.944558899188582,0.006837460676483268,0.048603640134934595
22033,0.8832913605727697,0.08447903937238407,0.03222960005484615
22034,0.9198429634293828,0.0015267721988762339,0.07863026437174096
22035,0.9563542048873608,0.00582257724430262,0.037823217868336596
22036,0.8673333533017424,0.006080264869406868,0.1265863818288508
22037,0.7191348922937253,0.011075027039361324,0.26979008066691335
22038,0.9779547125888481,0.0070025245323595995,0.01504276287879235
22039,0.7363234848566108,0.055589682714474765,0.20808683242891446
22040,0.02589420982858124,0.009221505507591479,0.9648842846638274
22041,0.9688138902479608,0.0024184055221176154,0.028767704229921684
22042,0.582689365746551,0.027935010119253357,0.38937562413419574
22043,0.6785134900403019,0.03201075940708123,0.289475750552617
22044,0.9832648297137572,0.0014530922403518216,0.015282078045891127
22045,0.9591854600994488,0.004324805701057184,0.036489734199494084
22046,0.9851780222891174,0.004310468452605928,0.01051150925827665
22047,0.8095985760841213,0.03232916583440299,0.15807225808147565
22048,0.9818026156235777,0.001510128385460674,0.016687255990961575
22049,0.9699747327805878,0.006990108054661409,0.0230351591647509
22050,0.9528153157216936,0.004523395417942888,0.04266128886036359
22051,0.18298070815634482,0.011256389505023083,0.805762902338632
22052,0.78482473625891,0.05142693119975767,0.16374833254133236
22053,0.9458900809464864,0.0031383854552671222,0.05097153359824635
22054,0.4105075777561283,0.01897058283196018,0.5705218394119115
22055,0.7452044174465039,0.015366834553014403,0.23942874800048175
22056,0.04507622008542524,0.11287531545190896,0.8420484644626658
22057,0.07171863073664247,0.15319182013674681,0.7750895491266107
22058,0.8777465371736984,0.023262965791774712,0.09899049703452696
22059,0.9447793205637229,0.006900802414279032,0.04831987702199805
22060,0.9693491927836627,0.0027186234996672393,0.02793218371667
22061,0.08815046539737603,0.02101462305881885,0.890834911543805
22062,0.526167739704554,0.018589276996529756,0.4552429832989163
22063,0.9801852632189567,0.002544785953276431,0.017269950827766892
22064,0.8511759796087102,0.008675219961000987,0.14014880043028877
22065,0.8945346316267891,0.004908209947558933,0.10055715842565188
22066,0.02781464168564542,0.0022960692768167375,0.9698892890375378
22067,0.6611001920717632,0.03641199628727001,0.30248781164096683
22068,0.9142087485686946,0.004959206797968394,0.08083204463333711
22069,0.9478394128998994,0.004016051302119322,0.048144535797981315
22070,0.8421370349177258,0.01759805224264386,0.14026491283963036
22071,0.05926866942900997,0.013174692031527,0.927556638539463
22072,0.06501110412068313,0.03762631762862517,0.8973625782506918
22073,0.957210673094401,0.003758419670040642,0.03903090723555822
22074,0.8174744891754612,0.03975667048510018,0.14276884033943882
22075,0.9552889369771658,0.0031496125308297937,0.041561450492004416
22076,0.6377227678875795,0.007174471497864891,0.3551027606145555
22077,0.9559540875489689,0.0018193965649696236,0.04222651588606152
22078,0.8338391761068888,0.005451471635303807,0.16070935225780747
22079,0.4368503041723674,0.008874920561324676,0.5542747752663079
22080,0.7962652015437867,0.021186145640985175,0.18254865281522828
22081,0.8861999098538239,0.02220499135508969,0.09159509879108638
22082,0.09018704504098589,0.04436295657673275,0.8654499983822813
22083,0.9746530678137029,0.0143946842555194,0.01095224793077772
22084,0.054147758179513346,0.005770500737171683,0.940081741083315
22085,0.7162055381491287,0.01548507344780455,0.26830938840306673
22086,0.9235912775397209,0.0060163462520553415,0.07039237620822368
22087,0.9333221734209842,0.03487486294759152,0.031802963631424354
22088,0.019188089616336727,0.0006580458727555563,0.9801538645109078
22089,0.06496430240680169,0.20346741603526872,0.7315682815579296
22090,0.8863519529173665,0.003646798770505052,0.1100012483121287
22091,0.4917995121769074,0.004269025474116658,0.5039314623489759
22092,0.9216900617918623,0.01970839837021959,0.058601539837918167
22093,0.9863522450741883,0.0009122910078957534,0.012735463917916074
22094,0.637263436492727,0.015054386244901293,0.34768217726237177
22095,0.9815030870311605,0.0016318512526076634,0.0168650617162319
22096,0.8245530150360925,0.05417658398932252,0.12127040097458501
22097,0.7087352425614214,0.011992635503526103,0.2792721219350525
22098,0.14644581627944672,0.16429102286871614,0.6892631608518371
22099,0.8083937025104609,0.004952784503930632,0.18665351298560837
22100,0.4783513775954005,0.05747184773760567,0.46417677466699375
22101,0.9423309451721706,0.0017542116731312847,0.055914843154698156
22102,0.9580461221582035,0.004185135349793246,0.0377687424920033
22103,0.9815932892641618,0.002005819436921952,0.016400891298916313
22104,0.014217981631795112,0.06329845581420951,0.9224835625539953
22105,0.7071621146540351,0.018966838312062983,0.27387104703390186
22106,0.0485389642629725,0.014377103917060303,0.9370839318199672
22107,0.9504592583301643,0.004177389596338947,0.04536335207349668
22108,0.007006622056985527,0.003950122004071935,0.9890432559389426
22109,0.8781956322119571,0.03158767401509909,0.09021669377294372
22110,0.9584892742122938,0.0028097553051297432,0.03870097048257659
22111,0.9712897148772845,0.0039536298771133205,0.024756655245602145
22112,0.7825680288196583,0.017488871912608527,0.19994309926773318
22113,0.27565639928346114,0.03576695833330248,0.6885766423832363
22114,0.59541751628876,0.013208248199096585,0.3913742355121434
22115,0.9259710815189436,0.005421643912619857,0.06860727456843667
22116,0.7083944805912307,0.22838979852674288,0.06321572088202657
22117,0.8379666469514637,0.012209791322900846,0.14982356172563532
22118,0.9703516605256758,0.0036520992564101937,0.025996240217913937
22119,0.9742839628508634,0.008463317088284147,0.01725272006085247
22120,0.8519268317366804,0.07706681970846448,0.07100634855485495
22121,0.7729094208102449,0.015054964419779137,0.21203561476997596
22122,0.8099052673427523,0.015357589704019844,0.17473714295322787
22123,0.9191778128792435,0.005854140326098408,0.07496804679465811
22124,0.9732659507618572,0.015893206804853104,0.010840842433289522
22125,0.9122097825871939,0.004854219119295261,0.08293599829351088
22126,0.1305164421613658,0.16164252883279576,0.7078410290058385
22127,0.9128428322690125,0.012209872904871955,0.07494729482611563
22128,0.852095413031962,0.006223955651564073,0.14168063131647388
22129,0.9793111686143532,0.001635958222215221,0.019052873163431638
22130,0.9886024967572885,0.005018896198221758,0.006378607044489788
22131,0.9876661637861923,0.0014925232312268417,0.010841312982580944
22132,0.6388265979250691,0.30512709226465873,0.05604630981027216
22133,0.30989115008872853,0.004270244898061578,0.6858386050132098
22134,0.6204550865419296,0.03462061365918215,0.3449242997988882
22135,0.9815611286853849,0.0036340735852392688,0.014804797729375797
22136,0.9297635897162372,0.022238911819242375,0.0479974984645204
22137,0.7942395884723332,0.010024226475668599,0.1957361850519982
22138,0.9398969533300714,0.019721047574426224,0.04038199909550253
22139,0.7915606761651055,0.014743191985246299,0.19369613184964823
22140,0.828190131742515,0.02955499281668627,0.14225487544079882
22141,0.15449737923736573,0.13322165391082066,0.7122809668518136
22142,0.955109134242379,0.0030242890943038623,0.041866576663317154
22143,0.9169005196260883,0.00798619197117158,0.07511328840274009
22144,0.29594614904715427,0.02676768767214409,0.6772861632807017
22145,0.007420763577748039,0.002944156348573278,0.9896350800736787
22146,0.531825430511031,0.12618448201197732,0.34199008747699156
22147,0.20200749034215928,0.003661337339147193,0.7943311723186935
22148,0.010432953211065252,0.003655385302406161,0.9859116614865285
22149,0.9768229762341005,0.012746078447163009,0.010430945318736545
22150,0.9091764429555599,0.057453058953959024,0.03337049809048124
22151,0.8644934202279536,0.006180581776094048,0.12932599799595235
22152,0.9504690543342517,0.009531022945100913,0.03999992272064738
22153,0.022083697552885743,0.003642882907038136,0.9742734195400761
22154,0.24296245393176336,0.023227471455940975,0.7338100746122957
22155,0.00904525955753507,0.0017043751402636223,0.9892503653022013
22156,0.9798719728394837,0.0008307838971149288,0.019297243263401386
22157,0.01594645200123684,0.0017422047360801866,0.9823113432626829
22158,0.016503381366451894,0.005345891805665524,0.9781507268278826
22159,0.9437433945534431,0.0053720935247420915,0.05088451192181475
22160,0.813164813870365,0.01053142816843152,0.17630375796120357
22161,0.967450461962803,0.001543213949624018,0.03100632408757295
22162,0.6264236818546018,0.024650335570774787,0.3489259825746233
22163,0.9459197335284825,0.008394017478172778,0.04568624899334458
22164,0.9768825237081956,0.001994558649569179,0.021122917642235287
22165,0.20546944465728567,0.006993879874950635,0.7875366754677636
22166,0.7804693383213729,0.0057013197462503435,0.21382934193237674
22167,0.9666094916496248,0.0020606176239554496,0.031329890726419854
22168,0.01553483987270128,0.004895572314413805,0.9795695878128848
22169,0.818265948607515,0.004429080604585494,0.1773049707878995
22170,0.5090580151089413,0.012738924715717847,0.47820306017534076
22171,0.5632657515396106,0.008585157245307503,0.4281490912150818
22172,0.9027069598017176,0.021329603005990204,0.0759634371922922
22173,0.9509711816209043,0.004725490706450412,0.044303327672645144
22174,0.6379289906947703,0.008536633237156647,0.353534376068073
22175,0.9531240265794301,0.003589630757646416,0.043286342662923485
22176,0.7024761279813049,0.03228848501506533,0.2652353870036298
22177,0.04520028222508776,0.003167943192506845,0.9516317745824053
22178,0.9077115508466924,0.006013980980771451,0.08627446817253621
22179,0.8148784574248807,0.0054036695376784025,0.1797178730374407
22180,0.809550045990021,0.10060119204418286,0.08984876196579605
22181,0.9851600009741395,0.0023884071410994368,0.012451591884761052
22182,0.07022055987668747,0.06737464457916356,0.8624047955441491
22183,0.9803387746467402,0.0010203365592938085,0.018640888793966033
22184,0.698297175801664,0.1851732203532351,0.11652960384510096
22185,0.8907911310294421,0.012387266924585414,0.09682160204597241
22186,0.45859360844034425,0.008282302547392805,0.5331240890122629
22187,0.7879434000748797,0.007697384101828142,0.2043592158232921
22188,0.9767694877052651,0.005233421533086048,0.01799709076164897
22189,0.9805301668498695,0.0013910451830952025,0.018078787967035305
22190,0.9413034480833847,0.009303766419486593,0.049392785497128756
22191,0.8248517997752293,0.13090224661950614,0.044245953605264635
22192,0.9861611397768598,0.000696998737507187,0.013141861485633195
22193,0.9693839741874795,0.0060449670361108826,0.024571058776409676
22194,0.15879821183448847,0.005637166091102398,0.8355646220744092
22195,0.9788065005074632,0.0014682315362165538,0.019725267956320066
22196,0.8230863791547365,0.007387097677713992,0.16952652316754946
22197,0.9779582370164175,0.0030545216974637874,0.018987241286118894
22198,0.9320774105231874,0.0056707765297298,0.06225181294708271
22199,0.03522314677467664,0.005360693786973231,0.9594161594383501
22200,0.8692630403327615,0.007198735610397764,0.12353822405684084
22201,0.8304837923153396,0.022493571258037224,0.14702263642662308
22202,0.9335762819557948,0.004683200200194915,0.061740517844010245
22203,0.6408280805445576,0.010817203494416743,0.34835471596102546
22204,0.9855845312016274,0.0005010361749819908,0.013914432623390522
22205,0.43897194637360676,0.03292568829080088,0.5281023653355924
22206,0.9558809740666357,0.0038865226301658586,0.040232503303198434
22207,0.8953232018931242,0.007194133900210894,0.09748266420666497
22208,0.9339709120200449,0.012930827652987809,0.05309826032696732
22209,0.8897039474143452,0.009725685033406482,0.1005703675522483
22210,0.9521550372607792,0.00466551840108539,0.04317944433813531
22211,0.9885709587004328,0.004139880158018711,0.007289161141548495
22212,0.9790445656459751,0.0030548617962757214,0.017900572557749014
22213,0.5246511266516424,0.03515317925803533,0.4401956940903224
22214,0.8996825192814615,0.042212421341522775,0.058105059377015676
22215,0.6324032903225083,0.011746649107163346,0.3558500605703283
22216,0.05669171598825465,0.003531021376781722,0.9397772626349638
22217,0.1652902500060298,0.0124582128793403,0.82225153711463
22218,0.08358292497219523,0.0020176634245205045,0.9143994116032842
22219,0.9429361117958137,0.005283118771488768,0.05178076943269746
22220,0.9605572507823849,0.023680967384824943,0.015761781832790134
22221,0.6691635582229859,0.025402899747854653,0.30543354202915945
22222,0.048532376701200294,0.009796134823956838,0.9416714884748428
22223,0.8578586956558811,0.004654678465036689,0.13748662587908225
22224,0.9923661998428221,0.0010875587861855491,0.006546241370992217
22225,0.855451872012072,0.010676844103399554,0.13387128388452846
22226,0.030603380073157802,0.0094103733529602,0.9599862465738819
22227,0.03459920634864282,0.0024320837654020887,0.962968709885955
22228,0.9442070175182458,0.01673226370207289,0.03906071877968127
22229,0.7230687637458041,0.18165176378773268,0.09527947246646336
22230,0.8857656387585785,0.027545670044889472,0.08668869119653194
22231,0.9046724613684887,0.008102505953489431,0.08722503267802198
22232,0.7600119889590654,0.02388191687821888,0.21610609416271562
22233,0.005399089302691011,0.0005138577309898378,0.994087052966319
22234,0.9619374223513926,0.006976877724308198,0.031085699924299198
22235,0.9517727991047689,0.004557717189283393,0.043669483705947726
22236,0.8664562380401337,0.013581495815293158,0.11996226614457299
22237,0.9772182079176176,0.007464984820890567,0.015316807261491785
22238,0.9117891763685415,0.006295608685109214,0.08191521494634925
22239,0.46672182035984644,0.021245754004160195,0.5120324256359934
22240,0.02722072547174869,0.07168439716828437,0.901094877359967
22241,0.046612488517210976,0.007873847814023631,0.9455136636687655
22242,0.9744660015865082,0.0035328673942515653,0.02200113101924014
22243,0.8426477023034575,0.029392052000219493,0.127960245696323
22244,0.9111880035495412,0.006833312123352975,0.08197868432710582
22245,0.9392665650414707,0.02452714744691737,0.036206287511612076
22246,0.9708476048075371,0.009668014558254346,0.019484380634208612
22247,0.9108588553747382,0.033931890988328335,0.05520925363693344
22248,0.8732101633581231,0.007234206869165805,0.11955562977271096
22249,0.01953972574429013,0.006298012304994525,0.9741622619507153
22250,0.01562554745114204,0.0032003403856405662,0.9811741121632173
22251,0.5797810776378305,0.011166718916675424,0.40905220344549403
22252,0.1175846640027846,0.008042292699846772,0.8743730432973686
22253,0.6793673450721847,0.1442292911061667,0.17640336382164865
22254,0.04415935323088043,0.011316755042835632,0.9445238917262839
22255,0.9478664777738908,0.008514913220775999,0.04361860900533331
22256,0.037929547645757365,0.0059921733295791296,0.9560782790246635
22257,0.9029256860412731,0.019618888935237614,0.07745542502348945
22258,0.9753509317400045,0.002708655104396573,0.021940413155598946
22259,0.4476999596602938,0.004943999386860587,0.5473560409528456
22260,0.16268479472145286,0.003322452394192658,0.8339927528843546
22261,0.35867265944053855,0.030600989273960134,0.6107263512855013
22262,0.0025309821847095152,0.00037759760082932056,0.9970914202144611
22263,0.4692151462098034,0.007503060148218655,0.523281793641978
22264,0.9824348421194298,0.0018993876467334081,0.015665770233836737
22265,0.8873702406730138,0.04305545039875766,0.06957430892822836
22266,0.9563257061113342,0.025557767056591227,0.01811652683207448
22267,0.9670360798199302,0.014379058404934385,0.018584861775135228
22268,0.9599688939039622,0.0064863212310013844,0.03354478486503636
22269,0.896415684654006,0.0036616740491702466,0.09992264129682385
22270,0.026488602716207284,0.0021727301710843896,0.9713386671127082
22271,0.28231139913463316,0.0579453473560776,0.6597432535092892
22272,0.9276789838283924,0.003222359671406174,0.06909865650020139
22273,0.6083246472202368,0.004709698876445089,0.38696565390331816
22274,0.9511751405147103,0.003411441024168505,0.04541341846112129
22275,0.1658590971353363,0.013798568436409428,0.8203423344282543
22276,0.9863491942908681,0.0009421293959846903,0.01270867631314734
22277,0.9712519188659565,0.015863328894075577,0.012884752239967762
22278,0.9205599183532271,0.0056338988131067165,0.07380618283366612
22279,0.8618161436738886,0.03535086719169459,0.10283298913441671
22280,0.9051752069988017,0.00773475710748086,0.0870900358937173
22281,0.9189886904446538,0.005092962767843231,0.07591834678750306
22282,0.9084722230105351,0.004634243024963621,0.08689353396450127
22283,0.800342687702077,0.1381477846586699,0.06150952763925299
22284,0.7176764996214797,0.023037045915957507,0.25928645446256277
22285,0.7055306512452195,0.01347937430987146,0.28098997444490886
22286,0.7118294672640946,0.004951124317040287,0.2832194084188651
22287,0.914529269943608,0.01286617361303043,0.07260455644336164
22288,0.9082762503345888,0.00457761794575865,0.0871461317196527
22289,0.9812719861587675,0.003058665161354914,0.015669348679877675
22290,0.8342050396057524,0.02354547148300404,0.14224948891124364
22291,0.8261422116674894,0.008267273198760474,0.16559051513375006
22292,0.9864335624149327,0.0016868110813935886,0.011879626503673671
22293,0.9662019524330541,0.0019113062962627578,0.03188674127068318
22294,0.3037156897263209,0.004025218553341095,0.692259091720338
22295,0.9144707581271911,0.011597135044369461,0.07393210682843926
22296,0.7345110573836358,0.025963266785428273,0.23952567583093592
22297,0.8765897866199744,0.0018947926881223219,0.12151542069190331
22298,0.9588527757999857,0.0025984293926442203,0.03854879480737011
22299,0.9200843115447579,0.03515212675116506,0.044763561704076964
22300,0.040236132264522176,0.002064297317285026,0.9576995704181928
22301,0.9656792482293431,0.017615075804792234,0.01670567596586448
22302,0.9694992432867706,0.0019159590596453248,0.028584797653583884
22303,0.9276908958018126,0.019095221802671695,0.053213882395515784
22304,0.9807571548029165,0.003546595703462111,0.0156962494936214
22305,0.4489031589328044,0.007149411037663396,0.5439474300295323
22306,0.06869577728779834,0.009798093536324591,0.9215061291758772
22307,0.9895343402892008,0.005101864952030652,0.0053637947587685374
22308,0.24995480679562973,0.028244680719269298,0.721800512485101
22309,0.46145581022263404,0.014727019489662489,0.5238171702877034
22310,0.0023487677698993204,0.0004880833381269161,0.9971631488919739
22311,0.1425388289173348,0.066643074029628,0.7908180970530373
22312,0.9757675836618611,0.0033087690202957465,0.020923647317843245
22313,0.1903045478575704,0.10960126189148725,0.7000941902509423
22314,0.6658070866909167,0.16127865173642983,0.1729142615726535
22315,0.5813835340230139,0.0037711915207117334,0.41484527445627445
22316,0.9593926461979881,0.005040196981581905,0.03556715682042998
22317,0.08206907409234876,0.02909438438853273,0.8888365415191185
22318,0.24325308964061912,0.08639727729756043,0.6703496330618205
22319,0.9504201371250537,0.014370534384652996,0.03520932849029332
22320,0.9853152156392407,0.003062710755830498,0.01162207360492875
22321,0.9926638822311817,0.0008393952803701786,0.006496722488448085
22322,0.9548958567517467,0.007158593647208307,0.037945549601045
22323,0.9633885333862987,0.003612052017060051,0.032999414596641186
22324,0.9772455884380388,0.0024858910991016787,0.02026852046285967
22325,0.9847718238127254,0.0006682135089727693,0.01455996267830169
22326,0.9791920823362606,0.0023104193485063503,0.018497498315233153
22327,0.9225369411405273,0.0015877614986563187,0.07587529736081623
22328,0.00899630238980023,0.005715615505117499,0.9852880821050822
22329,0.42655359322449155,0.0071436768744860156,0.5663027299010225
22330,0.8524016239166565,0.03864342042977963,0.10895495565356378
22331,0.012031362650159772,0.005996484894490233,0.9819721524553501
22332,0.7703977143619902,0.01007398828056453,0.2195282973574451
22333,0.9814546848219943,0.004581749429555006,0.013963565748450826
22334,0.8630826782157923,0.008928536021056088,0.12798878576315145
22335,0.028311293975881998,0.003552100099790682,0.9681366059243274
22336,0.9725838603921885,0.00185674270934849,0.02555939689846312
22337,0.5088121716466487,0.029977496900739063,0.46121033145261225
22338,0.02091576671842952,0.0023671228999094904,0.976717110381661
22339,0.05622468333033608,0.0014212712742212124,0.9423540453954427
22340,0.525735848179754,0.3660987273724509,0.10816542444779506
22341,0.9289276427853398,0.010045062331484259,0.06102729488317593
22342,0.3558875039473685,0.0030494213686821756,0.6410630746839493
22343,0.8184262330403808,0.005028081552903818,0.17654568540671545
22344,0.9535649735351525,0.0063629017183792075,0.04007212474646831
22345,0.9730088902221192,0.003172257460880844,0.023818852316999973
22346,0.05682901213521796,0.031470821099605195,0.9117001667651767
22347,0.9561313931071016,0.028993438286425432,0.014875168606472925
22348,0.93883215292564,0.016916941730496817,0.04425090534386313
22349,0.9222523084470867,0.014329843851941769,0.06341784770097154
22350,0.020486138351124814,0.004260760359167517,0.9752531012897078
22351,0.8870105217039527,0.004073425190334699,0.10891605310571266
22352,0.9344337171680451,0.02067481560677407,0.04489146722518079
22353,0.4078898716952217,0.004643769721896149,0.5874663585828822
22354,0.02461464460258055,0.019297683442732458,0.9560876719546869
22355,0.7493197911038149,0.001438530722057586,0.24924167817412762
22356,0.9700432519676978,0.004649652736386447,0.02530709529591579
22357,0.9811682327656236,0.001427282997061329,0.017404484237315134
22358,0.927692114337875,0.014734095777235522,0.05757378988488943
22359,0.9635951644236649,0.003432744124963209,0.03297209145137171
22360,0.8709492772660288,0.005682457042467541,0.12336826569150366
22361,0.9804210340213565,0.0034654011394900253,0.016113564839153403
22362,0.9822690940968216,0.0013441454517121713,0.016386760451466108
22363,0.9672499592144765,0.012818782812848114,0.019931257972675226
22364,0.5521687988200142,0.024892932461680967,0.4229382687183049
22365,0.35725712559746775,0.2398378132063528,0.40290506119617947
22366,0.9493166710262563,0.002880987439920907,0.04780234153382286
22367,0.9629570351426109,0.019758145777236384,0.017284819080152766
22368,0.9733757372567259,0.0011348904760918985,0.02548937226718209
22369,0.8053098229168258,0.015495049241954273,0.17919512784121994
22370,0.9350249595616713,0.03155046774634067,0.033424572691988105
22371,0.9369540167319811,0.009751144479262652,0.053294838788756335
22372,0.920112993133631,0.003401026722746212,0.0764859801436229
22373,0.02964138615250393,0.12755245340309304,0.8428061604444032
22374,0.18916025234028033,0.020593771841717057,0.7902459758180027
22375,0.7185753805783505,0.011680934832730083,0.26974368458891945
22376,0.04079083553714632,0.05162412784899969,0.9075850366138539
22377,0.4552560963538806,0.011750557187990283,0.5329933464581291
22378,0.7512915447277414,0.052004330689175385,0.1967041245830833
22379,0.020490496351739017,0.030019367226037603,0.9494901364222235
22380,0.9673950370835076,0.0031276208275985377,0.02947734208889405
22381,0.25999170336239374,0.01146382084001218,0.7285444757975941
22382,0.9609415526394256,0.02377438382827578,0.015284063532298596
22383,0.03510870345936336,0.0013609833159389884,0.9635303132246977
22384,0.8861739471215898,0.006505817899880823,0.10732023497852934
22385,0.003796464024264612,0.004907056811884004,0.9912964791638513
22386,0.9651543469678457,0.005413165375772424,0.02943248765638186
22387,0.38617886902637644,0.0011669459549931973,0.6126541850186304
22388,0.99152459833655,0.0016787318194275687,0.0067966698440223875
22389,0.22192875486402114,0.029683278503856287,0.7483879666321226
22390,0.9511557686118229,0.003829367941398204,0.04501486344677893
22391,0.7327714606610982,0.010779653664821877,0.2564488856740799
22392,0.8122454293076644,0.029850295208032885,0.15790427548430278
22393,0.04681181108494836,0.6267029517448167,0.3264852371702348
22394,0.724600277652758,0.015255440916544665,0.26014428143069745
22395,0.9769869968150173,0.0024272201595847967,0.020585783025397902
22396,0.6775614654699952,0.00411037905804893,0.3183281554719558
22397,0.9674184091321151,0.0044201546136157,0.028161436254269288
22398,0.8901115823429304,0.006913325986502008,0.10297509167056756
22399,0.27485828523162253,0.003761071775739998,0.7213806429926374
22400,0.6920740157543381,0.022171260511560462,0.28575472373410143
22401,0.009769974676631274,0.0014456354057679741,0.9887843899176006
22402,0.12164207012881703,0.03306448660056975,0.8452934432706132
22403,0.025638444774232456,0.0234865804260553,0.9508749747997123
22404,0.9851966299140822,0.001635151877999196,0.013168218207918574
22405,0.9818606468991864,0.0006243584783619576,0.017514994622451745
22406,0.9862596408164472,0.0009790430418518288,0.01276131614170103
22407,0.8655369848976189,0.012081347348099347,0.12238166775428182
22408,0.8292706857460501,0.002204919329787291,0.16852439492416266
22409,0.599582072214145,0.0021766669697975993,0.3982412608160575
22410,0.9534355656152217,0.005109404191700098,0.041455030193078314
22411,0.012454549783527046,0.0010765022643056225,0.9864689479521674
22412,0.028238601032580118,0.0032237016285622416,0.9685376973388576
22413,0.8985549541367537,0.005264183772562232,0.09618086209068412
22414,0.06531184558947391,0.02783185974527711,0.906856294665249
22415,0.017385657182685223,0.002703845236460622,0.9799104975808542
22416,0.05590846689373343,0.0014395695805765579,0.94265196352569
22417,0.9833637828484283,0.004541489064086594,0.012094728087485058
22418,0.6673465491335725,0.0041806380732453486,0.32847281279318213
22419,0.21504355003329753,0.012931318095243224,0.7720251318714593
22420,0.8515186757285533,0.017765906233842,0.13071541803760478
22421,0.03969419921683784,0.07583846379857993,0.8844673369845822
22422,0.7223758937139123,0.005352458733189305,0.2722716475528984
22423,0.8817159566696802,0.015732225063791114,0.10255181826652872
22424,0.5279930024831713,0.03375672576522341,0.43825027175160536
22425,0.031147579161807347,0.01833825789866489,0.9505141629395277
22426,0.6752504165463872,0.1796323578548477,0.14511722559876503
22427,0.9837608550496042,0.007319102698806708,0.008920042251589221
22428,0.5326906129575143,0.0099561233167069,0.45735326372577884
22429,0.2739562190718659,0.012206755974375245,0.7138370249537589
22430,0.3048490582075893,0.605254101215049,0.0898968405773617
22431,0.052160915368189224,0.027964901520409965,0.9198741831114009
22432,0.947967803495748,0.0011733101979570567,0.05085888630629482
22433,0.9898779925760974,0.0017805962993848905,0.008341411124517759
22434,0.9314412119834531,0.007762502434957184,0.060796285581589796
22435,0.4603961729428237,0.47109188267502217,0.06851194438215405
22436,0.94261838419936,0.0023851761291418367,0.05499643967149826
22437,0.004426113575389181,0.002226533814291628,0.9933473526103193
22438,0.9713698347660825,0.0016370243500602036,0.026993140883857136
22439,0.28351976325547873,0.03349296033850904,0.6829872764060122
22440,0.459154342125329,0.06279526509133912,0.4780503927833319
22441,0.14924411456404646,0.19929175974634927,0.6514641256896042
22442,0.012150862516001433,0.0018053979751832658,0.9860437395088152
22443,0.9561692461856498,0.01166474164358273,0.032166012170767325
22444,0.002733141928172836,0.0011950055918888499,0.9960718524799382
22445,0.9593475845692355,0.00520412077031318,0.03544829466045127
22446,0.7621374753402874,0.030772258874638688,0.2070902657850738
22447,0.0024257682736188307,0.0015990157533027378,0.9959752159730785
22448,0.9520797485015052,0.006735427483729056,0.04118482401476573
22449,0.9775527120729229,0.0025589038470580205,0.019888384080019045
22450,0.9789026910130916,0.002853791131885863,0.018243517855022616
22451,0.9495409774839013,0.020683487953472867,0.029775534562625817
22452,0.024075978686969455,0.10916479834685233,0.8667592229661782
22453,0.8623011007603929,0.05901820550805867,0.07868069373154832
22454,0.8691033780101914,0.05443538352543814,0.07646123846437033
22455,0.8801465946593477,0.029187692765757518,0.09066571257489472
22456,0.5429763990475927,0.006133697189382313,0.45088990376302496
22457,0.8900207176723598,0.08551368770660218,0.02446559462103787
22458,0.8684622460090863,0.019654483305901086,0.11188327068501269
22459,0.045847037646411626,0.04046435228432789,0.9136886100692604
22460,0.8850877972242349,0.04579607023208389,0.06911613254368108
22461,0.7158428011502274,0.07751603358062902,0.20664116526914364
22462,0.01817292197982469,0.0025004354819677032,0.9793266425382077
22463,0.7518771902717821,0.03945944402500155,0.20866336570321628
22464,0.6179919516974559,0.044007719407542535,0.3380003288950016
22465,0.9158524593599563,0.052366579567299155,0.03178096107274433
22466,0.9721129927403718,0.0028593642842899237,0.0250276429753384
22467,0.9403833760480209,0.0048953672382227725,0.054721256713756355
22468,0.6301221382011972,0.21963287183445698,0.15024498996434577
22469,0.7674822535130104,0.10077998274404702,0.13173776374294247
22470,0.21869256933428036,0.0026018757488565176,0.7787055549168631
22471,0.10710231337859648,0.011494628969145626,0.8814030576522579
22472,0.9435724276092904,0.0052865556551168385,0.05114101673559287
22473,0.6638396732665233,0.011196641336726043,0.3249636853967507
22474,0.9368191946202147,0.003492057428113515,0.059688747951671846
22475,0.6254320031629856,0.0059441988813674455,0.368623797955647
22476,0.6178621900496253,0.2653646288458575,0.11677318110451727
22477,0.9925518554447962,0.001906864031906134,0.005541280523297644
22478,0.9592048748149443,0.00824102122784679,0.03255410395720879
22479,0.9785491229798509,0.0023146505604854733,0.01913622645966356
22480,0.9413185418064186,0.009786826122366426,0.04889463207121491
22481,0.6810323065289263,0.03380181527227161,0.285165878198802
22482,0.9633183504237925,0.004396978811556767,0.032284670764650664
22483,0.4864712902299247,0.023049834967731924,0.49047887480234337
22484,0.012090394107668294,0.008176661858763791,0.9797329440335678
22485,0.9885406716139589,0.0011535788431347675,0.010305749542906403
22486,0.9385264920972421,0.004345448261814117,0.05712805964094374
22487,0.9532786624406959,0.004389414163161453,0.04233192339614272
22488,0.5583137637852397,0.002168659098421273,0.43951757711633915
22489,0.9138491489346358,0.0081021610288421,0.07804869003652214
22490,0.9916819875622891,0.000844010647689934,0.007474001790020832
22491,0.9292713415827588,0.012538599420146571,0.05819005899709469
22492,0.8996750051262609,0.005627613008782313,0.09469738186495687
22493,0.6346129031858236,0.015541296568840655,0.34984580024533574
22494,0.010435184941192029,0.009586600916707783,0.9799782141421002
22495,0.8977231209338176,0.005120971109418929,0.09715590795676358
22496,0.8013330527202941,0.0020450057485687707,0.1966219415311372
22497,0.8368508873812244,0.00649732199750626,0.1566517906212692
22498,0.9017307106434678,0.013968317298829032,0.08430097205770332
22499,0.8561767276146262,0.012346329504635354,0.1314769428807385
22500,0.951909201090681,0.005497909575907476,0.04259288933341143
22501,0.9790191248112592,0.0013875345742543812,0.019593340614486296
22502,0.6960468891174931,0.004389679361439565,0.29956343152106724
22503,0.9391109951212544,0.005003566400649679,0.055885438478095836
22504,0.06517746048628976,0.009346644301931295,0.925475895211779
22505,0.9650416052348538,0.002543371075462566,0.032415023689683665
22506,0.9824240284981023,0.0016816716989567007,0.015894299802941037
22507,0.3522201401132915,0.0036323061422470636,0.6441475537444615
22508,0.12650453459359232,0.14884250439614405,0.7246529610102636
22509,0.9567059948975387,0.0023918332833615065,0.04090217181909968
22510,0.9810957995868932,0.003998297459442252,0.014905902953664474
22511,0.922781352823151,0.00997876619028867,0.06723988098656018
22512,0.4217065034876751,0.003109143867016539,0.5751843526453084
22513,0.8981387275006404,0.005994712425140785,0.09586656007421884
22514,0.6656902127486403,0.01866366983166866,0.31564611741969095
22515,0.7906309168181451,0.0977344085203577,0.11163467466149705
22516,0.8828385810667138,0.04799601768294985,0.06916540125033646
22517,0.5122400267900751,0.005737947730782659,0.48202202547914225
22518,0.7252409493489601,0.09443678471226398,0.18032226593877587
22519,0.9512961967920844,0.021953876024753065,0.026749927183162527
22520,0.9453986746269847,0.010990619567469181,0.0436107058055461
22521,0.9337847664403058,0.004381165923194075,0.061834067636500116
22522,0.9727595600120781,0.0034992550016055357,0.023741184986316353
22523,0.9032802373408265,0.006843122495921789,0.08987664016325154
22524,0.9725643092561063,0.010878585661066151,0.01655710508282747
22525,0.94966138338622,0.0040836776023627655,0.04625493901141737
22526,0.925965069037458,0.00884250580353187,0.06519242515901011
22527,0.9427280709149254,0.012721173118420723,0.044550755966653977
22528,0.9768968579498472,0.002228374328727855,0.020874767721425113
22529,0.985347519560469,0.0004509862826780317,0.014201494156852889
22530,0.9765073092162877,0.0026405277320548574,0.02085216305165729
22531,0.9687361857830569,0.0035397428880592384,0.027724071328883906
22532,0.12157997978685375,0.011553943015434174,0.866866077197712
22533,0.9492126559111902,0.006758214327778839,0.04402912976103095
22534,0.9706990138999148,0.002767530295644385,0.026533455804441025
22535,0.1429924823620148,0.028185962572208546,0.8288215550657767
22536,0.9463595794317179,0.004611170633104646,0.04902924993517756
22537,0.9380408528702634,0.022648893967628148,0.03931025316210832
22538,0.9762471407314067,0.002104503339238602,0.021648355929354463
22539,0.7085944469403594,0.02105049033462965,0.270355062725011
22540,0.8375583416650132,0.005680715260636204,0.15676094307435054
22541,0.6946740190115458,0.007504523082546839,0.2978214579059074
22542,0.08878095611860815,0.019941474354375183,0.8912775695270166
22543,0.9043500310415401,0.001000026337041252,0.09464994262141876
22544,0.9632084492598909,0.006608889384896289,0.030182661355212814
22545,0.7874063085732657,0.10509836238191492,0.1074953290448194
22546,0.9202393350382748,0.019554565103890274,0.06020609985783499
22547,0.9589371049682012,0.003013825694004067,0.03804906933779485
22548,0.46807675245417113,0.019052538137241084,0.5128707094085878
22549,0.9918316275800187,0.001501737843487245,0.006666634576493935
22550,0.9876705481723497,0.001856118668147295,0.010473333159502888
22551,0.35521155075373817,0.031238872957063145,0.6135495762891987
22552,0.9726595040574266,0.007199403653842842,0.02014109228873052
22553,0.8697901552208352,0.006204350051807224,0.12400549472735749
22554,0.903030969765543,0.0061744763074953095,0.09079455392696159
22555,0.985221649457696,0.002501771435818997,0.012276579106484933
22556,0.9373218189345751,0.02493674988760637,0.037741431177818495
22557,0.19621417596330049,0.012179976238652341,0.7916058477980471
22558,0.05295539583229479,0.01794030313819625,0.929104301029509
22559,0.41400775235951454,0.0038361119001421176,0.5821561357403433
22560,0.8783325761480877,0.027619879242960745,0.09404754460895161
22561,0.9590397010753242,0.002783842356350375,0.03817645656832545
22562,0.8637798036658705,0.014086173993223289,0.1221340223409062
22563,0.9075460268918187,0.006520249493077992,0.08593372361510333
22564,0.8424818125085105,0.006009797707747138,0.15150838978374243
22565,0.5103998604886284,0.0496742291743784,0.4399259103369932
22566,0.001757632896358338,0.0006232186323906105,0.9976191484712511
22567,0.9168483041549089,0.039384543895512186,0.04376715194957901
22568,0.9868898870021748,0.0011908533513593407,0.011919259646465782
22569,0.8676473196363181,0.0020387369746125952,0.13031394338906918
22570,0.5297080609370427,0.030481591398121823,0.4398103476648356
22571,0.17571081912112715,0.005782741829567992,0.8185064390493049
22572,0.9524593484419779,0.019814757188877277,0.027725894369144775
22573,0.1419117328882012,0.011465378001551759,0.846622889110247
22574,0.8579755454306067,0.08091280253103719,0.06111165203835614
22575,0.858251613943913,0.07086897295771474,0.07087941309837227
22576,0.925365607170017,0.006975175996152716,0.06765921683383022
22577,0.9731005482760869,0.011473358597768967,0.015426093126144054
22578,0.9824697602014767,0.005388455527213445,0.012141784271309953
22579,0.36318149805025196,0.0040403710296654126,0.6327781309200827
22580,0.17807244934483765,0.014084915205474884,0.8078426354496875
22581,0.001230337209907866,0.000373615164856021,0.998396047625236
22582,0.961335354179298,0.0012198076250955093,0.0374448381956065
22583,0.7365320397397017,0.018751849140326328,0.24471611111997185
22584,0.8664186130373432,0.019308684800440828,0.11427270216221593
22585,0.9793110435633292,0.003641832868552131,0.017047123568118598
22586,0.1353518704940752,0.032534862157089076,0.8321132673488357
22587,0.9647919874755043,0.015081829653087785,0.020126182871407834
22588,0.9215341422677693,0.01136224190681216,0.06710361582541853
22589,0.9013075942793721,0.010698337695323417,0.08799406802530445
22590,0.9553827910295025,0.004681227898076576,0.03993598107242091
22591,0.698012034345998,0.014519074361493817,0.28746889129250813
22592,0.048133706457340185,0.007600492649476404,0.9442658008931833
22593,0.8945905005249729,0.008334748988887275,0.0970747504861398
22594,0.06870161440846005,0.00842491349756368,0.9228734720939762
22595,0.8957340047937733,0.019311056964619606,0.084954938241607
22596,0.77878475836724,0.04989839309853117,0.17131684853422866
22597,0.9254887142871233,0.002847183574926331,0.07166410213795056
22598,0.9470295939903445,0.005168672891567893,0.04780173311808762
22599,0.8903241593295694,0.013403793557480835,0.09627204711294966
22600,0.9352292396137838,0.005606800298952879,0.05916396008726339
22601,0.9298044019153595,0.014956092856986913,0.055239505227653495
22602,0.026610179777351098,0.020445586477701304,0.9529442337449475
22603,0.3280864292961108,0.0201506729000568,0.6517628978038323
22604,0.6433341895821246,0.08850151624677634,0.26816429417109894
22605,0.07063657178335259,0.06263460217244493,0.8667288260442025
22606,0.8660250170185563,0.012207334271278954,0.1217676487101648
22607,0.7867420091462594,0.007417830521048845,0.20584016033269167
22608,0.9758301309261127,0.01030671321082078,0.013863155863066325
22609,0.8949609247931954,0.06334781181217371,0.04169126339463087
22610,0.9693569085118281,0.015671096161044184,0.014971995327127766
22611,0.9845321304986117,0.0036932266539179363,0.011774642847470516
22612,0.9133844429443055,0.010009134084522739,0.07660642297117179
22613,0.7260816858437068,0.024403601068385378,0.24951471308790785
22614,0.9578333272350524,0.005223808923877844,0.03694286384106976
22615,0.756339235264478,0.025264591209537897,0.2183961735259842
22616,0.9491736535110781,0.00481462606241311,0.0460117204265088
22617,0.910615525197106,0.025807934431429244,0.06357654037146482
22618,0.0016814264218340746,0.0009135826494403374,0.9974049909287256
22619,0.5746431583904074,0.0015438178977110989,0.4238130237118815
22620,0.8310989175814515,0.004247999484299006,0.16465308293424943
22621,0.010984288870922237,0.00408680848553888,0.9849289026435388
22622,0.9311599678754264,0.006126963390097225,0.06271306873447645
22623,0.9807597247413278,0.006378700348458796,0.012861574910213511
22624,0.9132274925799609,0.005792804682640798,0.08097970273739839
22625,0.9710293341065604,0.0027664838815834834,0.026204182011856175
22626,0.9845738431588696,0.0026311093578768995,0.012795047483253413
22627,0.06731571791617548,0.011109851146280813,0.9215744309375437
22628,0.013176951752417513,0.004604050901951564,0.982218997345631
22629,0.0051164623563500836,0.0007666204305130077,0.994116917213137
22630,0.6970163175988047,0.15215573267541685,0.15082794972577854
22631,0.3956842561646582,0.04893096655218875,0.555384777283153
22632,0.9714386921430949,0.0007844082451267424,0.027776899611778504
22633,0.9656869178225189,0.0011560394425827085,0.033157042734898355
22634,0.9778527306986042,0.0012098419260563543,0.02093742737533937
22635,0.9321326860966428,0.032822663215963624,0.03504465068739362
22636,0.9854008226281419,0.0008472026758111572,0.01375197469604681
22637,0.848943245579875,0.002475580360577197,0.14858117405954782
22638,0.030017414305094043,0.007944827329983084,0.9620377583649228
22639,0.962913269790692,0.004541417889144713,0.032545312320163174
22640,0.8507776942575971,0.08541205791826437,0.06381024782413851
22641,0.954988641835297,0.005731875699079036,0.039279482465624
22642,0.9712698003726353,0.004501532743580445,0.024228666883784226
22643,0.5810342358089194,0.01895190320137844,0.40001386098970215
22644,0.7712246994251035,0.013942368461520185,0.21483293211337642
22645,0.2898571741322291,0.10974145977608814,0.6004013660916827
22646,0.2923676265253603,0.03415102742342189,0.6734813460512178
22647,0.9765689358937159,0.0075792840779873956,0.01585178002829688
22648,0.9407804667178488,0.004984937938955549,0.0542345953431957
22649,0.9298456620848278,0.02921252526204327,0.040941812653129135
22650,0.9776126321784114,0.002269568342897928,0.02011779947869076
22651,0.9167042434823978,0.006665411902037662,0.0766303446155646
22652,0.9908392482196011,0.0004968938406527719,0.008663857939746101
22653,0.9693322520496673,0.012414358401499804,0.018253389548832856
22654,0.8218418310250561,0.006586333378171096,0.17157183559677278
22655,0.1799656338715309,0.01657699087307364,0.8034573752553955
22656,0.04003521462862562,0.05468192625491887,0.9052828591164555
22657,0.930357978321594,0.0083820444021553,0.06125997727625064
22658,0.3503259096291303,0.020629871205976164,0.6290442191648936
22659,0.9837371864195051,0.0024083750722402523,0.013854438508254597
22660,0.9769080011686229,0.003486724351711736,0.019605274479665362
22661,0.8034429347850159,0.009213651288173183,0.1873434139268109
22662,0.6487373311685481,0.004627048493640224,0.3466356203378117
22663,0.8339465162758974,0.0012312063068448881,0.1648222774172577
22664,0.984226125632749,0.0024742821409449544,0.013299592226306176
22665,0.6001924430844748,0.008672988145782868,0.3911345687697423
22666,0.9873799683961787,0.002164650875317593,0.01045538072850382
22667,0.8776088295438885,0.032149617305752325,0.09024155315035906
22668,0.9800990131737592,0.002191249883660837,0.017709736942580098
22669,0.9342438428453214,0.03611234844058738,0.029643808714091276
22670,0.9799380364101777,0.0019404211853052294,0.01812154240451708
22671,0.4914265876554724,0.0013010068908283084,0.5072724054536992
22672,0.07756308761414453,0.001645083987950431,0.9207918283979051
22673,0.04710582644260594,0.006046347301302944,0.9468478262560912
22674,0.9656175396815598,0.005045088102982148,0.029337372215458055
22675,0.9846834390638817,0.0010637238957416334,0.014252837040376611
22676,0.8698698291977787,0.004265081919843793,0.1258650888823775
22677,0.008412831989653,0.004742115364539009,0.986845052645808
22678,0.9946710547446738,0.0003263708646665997,0.005002574390659558
22679,0.9447046224060336,0.010829093670987638,0.04446628392297891
22680,0.9845704151591609,0.0022435766899492424,0.01318600815088994
22681,0.08700470014921612,0.011068020833904351,0.9019272790168795
22682,0.8584043921393083,0.008085085963354843,0.13351052189733684
22683,0.9791654568088829,0.0018062937504915062,0.019028249440625533
22684,0.9422701040523905,0.018278583904416043,0.03945131204319354
22685,0.22733219799767243,0.009508611784599299,0.7631591902177284
22686,0.8296579707958133,0.10343094158088156,0.06691108762330526
22687,0.9777333958507886,0.0035241174076707095,0.018742486741540637
22688,0.9385888382230908,0.010741820511982143,0.050669341264926906
22689,0.9368465180936002,0.005890899027998231,0.05726258287840158
22690,0.6259059532690665,0.014351831513985207,0.3597422152169482
22691,0.9273777278832854,0.005517837512348354,0.06710443460436621
22692,0.7187528708168454,0.04990287679085017,0.23134425239230436
22693,0.9090884748021156,0.008935691095583582,0.08197583410230085
22694,0.9475616550226601,0.01882005622170337,0.03361828875563639
22695,0.957945608809918,0.0032811296783458537,0.038773261511736296
22696,0.12193255830791883,0.00609288647665843,0.8719745552154227
22697,0.962987514187552,0.00222741581637738,0.03478506999607073
22698,0.011631479845392905,0.00459593770828017,0.9837725824463268
22699,0.9358945497668508,0.00649945948162098,0.05760599075152817
22700,0.9362258939457238,0.018064085726658644,0.04571002032761772
22701,0.6290004918774503,0.007418886899064222,0.3635806212234854
22702,0.8605091068895291,0.025156981205168596,0.11433391190530237
22703,0.970974937381778,0.016478403970339197,0.012546658647882961
22704,0.9696141066899319,0.017779547572803242,0.012606345737264891
22705,0.020184743705765684,0.009719736895859832,0.9700955193983745
22706,0.9184699048525409,0.0049346727101517935,0.07659542243730712
22707,0.5569258820301165,0.004808594163837992,0.43826552380604555
22708,0.9621501082650564,0.0137682166636912,0.024081675071252417
22709,0.9171475404413753,0.006484283761456687,0.07636817579716795
22710,0.9828070234550157,0.003004879275063198,0.01418809726992097
22711,0.08966367842071742,0.007660931385105488,0.9026753901941771
22712,0.35580279216171823,0.056092721016427045,0.5881044868218546
22713,0.9299925878328602,0.01416645604038859,0.05584095612675136
22714,0.9450959620164303,0.004599172168263191,0.050304865815306535
22715,0.062467578938845504,0.055348860712112334,0.8821835603490422
22716,0.9257825937017082,0.026033818839269595,0.04818358745902204
22717,0.9737544335331944,0.00362674147530248,0.022618824991503028
22718,0.9580739617925892,0.02373699395406316,0.018189044253347598
22719,0.9449514765734416,0.004497826037810163,0.05055069738874812
22720,0.002371138888278612,0.0006578100541870823,0.9969710510575344
22721,0.020211148473694297,0.006543076977961652,0.973245774548344
22722,0.9812100743983293,0.0035871458421462108,0.015202779759524589
22723,0.8527394783998584,0.06183460466015927,0.08542591693998222
22724,0.8047901397678145,0.011147764919494636,0.18406209531269094
22725,0.8984962879666003,0.004506518565218163,0.09699719346818157
22726,0.9377802265639277,0.009545538932089596,0.05267423450398274
22727,0.8691574267069018,0.009188805004290972,0.12165376828880732
22728,0.8460341430879837,0.03556139135492464,0.11840446555709144
22729,0.38135360664890894,0.061843409333603855,0.5568029840174872
22730,0.9721146769897403,0.002711715892352187,0.025173607117907452
22731,0.9515730250555755,0.0006986209247091017,0.04772835401971538
22732,0.9476172494820323,0.004296417562986553,0.048086332954980986
22733,0.021099971794922817,0.0024096528348669685,0.9764903753702103
22734,0.9106107158543715,0.013212486577567984,0.07617679756806031
22735,0.9040293024776824,0.0042338756861331215,0.0917368218361846
22736,0.1215073023988555,0.47253055349926687,0.4059621441018776
22737,0.8063910305365427,0.018790842269917202,0.17481812719354012
22738,0.7793668308032901,0.01955596903125129,0.20107720016545855
22739,0.08709293693424586,0.0014959302092378557,0.9114111328565163
22740,0.0260369090616814,0.009048658949049156,0.9649144319892695
22741,0.5862800406324041,0.006473301274170607,0.40724665809342525
22742,0.9737702358131869,0.0015059432424258457,0.024723820944387253
22743,0.8828553508832324,0.013800885832494088,0.10334376328427351
22744,0.08027148622169634,0.0021720305155974624,0.9175564832627061
22745,0.9770453767579876,0.0036259273739677896,0.019328695868044567
22746,0.03756129225107511,0.003251000211010873,0.959187707537914
22747,0.9510461895236656,0.003173016945815494,0.04578079353051873
22748,0.26313891956809854,0.2523132779271938,0.48454780250470775
22749,0.512266564861243,0.018958243009955706,0.46877519212880137
22750,0.9751507386143904,0.0017074138304551247,0.023141847555154527
22751,0.9596418868977694,0.003050170066942148,0.03730794303528837
22752,0.9238729551836191,0.004941850332020134,0.07118519448436071
22753,0.9199649510637002,0.0047279875623771695,0.07530706137392257
22754,0.3021987747112118,0.015328118526088353,0.6824731067626998
22755,0.970978666845443,0.006551817321862693,0.022469515832694343
22756,0.09389187064004671,0.02596042628548375,0.8801477030744695
22757,0.9503976947875336,0.007106566364802305,0.042495738847664194
22758,0.5745952784073834,0.01112640417924531,0.4142783174133713
22759,0.8492383563742365,0.011859503963171581,0.13890213966259207
22760,0.9612780331952046,0.004494077973055005,0.03422788883174039
22761,0.9546521304605405,0.028639049935153038,0.01670881960430645
22762,0.011449597039546972,0.01546520274526821,0.9730852002151849
22763,0.8731956605700508,0.09214438941947678,0.03465995001047241
22764,0.8912942270143381,0.018121402858455815,0.09058437012720603
22765,0.9691850949737665,0.005464657902190703,0.025350247124042897
22766,0.7571684507377752,0.011742273069969547,0.23108927619225533
22767,0.9730442738951027,0.015742288445569356,0.011213437659328076
22768,0.049131928203283576,0.00861404661020871,0.9422540251865078
22769,0.9444946533492107,0.004089493012412958,0.051415853638376315
22770,0.6910253317872509,0.0866567417431682,0.222317926469581
22771,0.9643918195080515,0.0034134870491669736,0.03219469344278164
22772,0.08720392404705757,0.004043016859136183,0.9087530590938063
22773,0.9804940272370012,0.001103665796605137,0.01840230696639353
22774,0.752069599676896,0.011781429565084852,0.2361489707580192
22775,0.5461168222586789,0.014326077061466047,0.4395571006798551
22776,0.3276293115914495,0.026394183088027132,0.6459765053205233
22777,0.696865695170253,0.011925194179111932,0.29120911065063504
22778,0.7823050981847177,0.009387419324450747,0.20830748249083164
22779,0.9749584663814498,0.004152102877741399,0.02088943074080878
22780,0.16838188290199074,0.007121890328786548,0.8244962267692226
22781,0.5037668072836424,0.025489309012140044,0.47074388370421755
22782,0.3985868644178802,0.12634374197344192,0.47506939360867784
22783,0.8412017855234782,0.016118443076948687,0.14267977139957308
22784,0.4782892057008603,0.022505920868621597,0.49920487343051817
22785,0.5906953177360856,0.011475077030267284,0.397829605233647
22786,0.9294778366697246,0.004819190398296927,0.06570297293197846
22787,0.9767424211236124,0.0028858573087612812,0.020371721567626296
22788,0.9099447418814581,0.009879343096783712,0.08017591502175814
22789,0.9441907046935417,0.0022258340349314634,0.05358346127152665
22790,0.8375498331752804,0.0036835466394516156,0.15876662018526794
22791,0.9366203892562396,0.0014716522296492798,0.06190795851411111
22792,0.9280581678403858,0.02820656089222182,0.04373527126739267
22793,0.9361845895788946,0.0018358535079771095,0.0619795569131282
22794,0.10602548852250679,0.0024771774461661883,0.891497334031327
22795,0.8992265623044661,0.004374695343023676,0.09639874235251006
22796,0.5439815466323517,0.010917409822882735,0.44510104354476565
22797,0.9810664124635526,0.006070849740535662,0.01286273779591163
22798,0.9348966847992042,0.010368968195426919,0.05473434700536887
22799,0.01644538385068981,0.005302386616019223,0.9782522295332909
22800,0.5933907253541213,0.020366626738557794,0.3862426479073209
22801,0.6277822566565744,0.019925241607746898,0.35229250173567883
22802,0.9681731991646856,0.004659039420999616,0.027167761414314862
22803,0.9559341862618181,0.0033357500479131515,0.040730063690268686
22804,0.9575813347322841,0.0223988021946883,0.020019863073027572
22805,0.10832369485478478,0.017249143877282987,0.8744271612679322
22806,0.7078401835352623,0.01827218802930535,0.27388762843543235
22807,0.9464184449139764,0.032382148253874546,0.02119940683214907
22808,0.7676234615752314,0.005376353932977591,0.2270001844917909
22809,0.5257555476909849,0.024032588880265136,0.4502118634287501
22810,0.9397808203880037,0.012291055634662781,0.047928123977333495
22811,0.9795806268225229,0.004047533510755545,0.016371839666721438
22812,0.12654808751559066,0.04754459817016647,0.8259073143142429
22813,0.944514031765751,0.030516911906079053,0.024969056328169995
22814,0.9248183860692862,0.02821726901629142,0.04696434491442234
22815,0.20964471880352809,0.003100944902336645,0.7872543362941353
22816,0.864201812383347,0.023264074181861383,0.1125341134347916
22817,0.968551165026251,0.0021194310475815444,0.02932940392616764
22818,0.9742752379587866,0.0019913565942131337,0.02373340544700012
22819,0.0015754201711940792,0.0004002035636897798,0.9980243762651161
22820,0.9607205881159296,0.007934253782122192,0.03134515810194822
22821,0.9832027122218902,0.0015003571347669456,0.015296930643342862
22822,0.48980104808008945,0.00486211231140351,0.505336839608507
22823,0.7657902734831018,0.00196613556857563,0.23224359094832253
22824,0.9818058005291401,0.002189638194314866,0.016004561276545166
22825,0.6762340033552928,0.023347576070698546,0.3004184205740087
22826,0.003716468877112567,0.003944290137386405,0.992339240985501
22827,0.022704128742218107,0.005459610855743973,0.971836260402038
22828,0.44236975638124243,0.004852278042449635,0.552777965576308
22829,0.856391195424255,0.0065581782374474346,0.13705062633829768
22830,0.954979196733073,0.002091049621251515,0.04292975364567547
22831,0.9643050483660451,0.01638536627122675,0.01930958536272807
22832,0.5272491452407668,0.007767614675034095,0.464983240084199
22833,0.9459278756689946,0.030740144972892573,0.023331979358112674
22834,0.15717072543748678,0.03995357803700027,0.8028756965255129
22835,0.37399373866965363,0.07050959862050749,0.5554966627098389
22836,0.05264500069361267,0.004463985964146484,0.9428910133422408
22837,0.12520060301291527,0.0028421989186560134,0.8719571980684286
22838,0.3001996390132321,0.03000353969267441,0.6697968212940936
22839,0.990737016811326,0.0010323383225865315,0.008230644866087492
22840,0.09925655687757343,0.008968727178027006,0.8917747159443995
22841,0.001470199461140649,0.0005792887813911258,0.9979505117574681
22842,0.8595101332118062,0.00419043532442162,0.13629943146377216
22843,0.9772027039170821,0.0036078287657190086,0.019189467317198925
22844,0.9759886140873705,0.006833057041572834,0.017178328871056782
22845,0.0027088147962224317,0.0008225436298347738,0.9964686415739428
22846,0.9721247873752434,0.003126326589034037,0.024748886035722523
22847,0.950126314981748,0.010959029004453903,0.03891465601379806
22848,0.4646819095893711,0.02543682628710504,0.5098812641235239
22849,0.6098334878204703,0.02558269068637656,0.3645838214931532
22850,0.6867407706847973,0.04308487909992105,0.2701743502152818
22851,0.6974483921041008,0.020113816961321015,0.2824377909345781
22852,0.6848512678076621,0.10852589698445368,0.20662283520788424
22853,0.5988243371133979,0.019514711815105317,0.38166095107149683
22854,0.9683727670528851,0.0019328830981042147,0.029694349849010666
22855,0.9823803102289649,0.006111864836435178,0.011507824934599875
22856,0.9410075668284728,0.004063956351148315,0.05492847682037897
22857,0.9838547465709397,0.005492761111210919,0.010652492317849337
22858,0.9585731770097146,0.027840731221776507,0.013586091768509072
22859,0.5315251211095097,0.35876188873996506,0.10971299015052524
22860,0.0481694756746055,0.008817623659299377,0.9430129006660952
22861,0.869093149537358,0.008013190609518255,0.12289365985312385
22862,0.9818846711161099,0.0072380921457336515,0.01087723673815664
22863,0.9589748496452015,0.014320804765656031,0.026704345589142663
22864,0.03764220790660248,0.031665622107309256,0.9306921699860882
22865,0.07126862604366069,0.009789588126392737,0.9189417858299467
22866,0.0236167837325781,0.0029339551180334648,0.9734492611493885
22867,0.01863845152423509,0.0009307087917713409,0.9804308396839936
22868,0.9404369065699828,0.005682643467932875,0.053880449962084305
22869,0.9562046568941963,0.017660257230549682,0.02613508587525408
22870,0.8448336536823139,0.01157282604197126,0.1435935202757147
22871,0.9337106109202408,0.0068324209270914,0.05945696815266783
22872,0.9570783973697683,0.0032214506525319988,0.03970015197769974
22873,0.49349193720822615,0.009774597283280357,0.49673346550849357
22874,0.9346198516976504,0.007584917351789992,0.05779523095055944
22875,0.26135725263442794,0.012376805468086642,0.7262659418974854
22876,0.9768228850625907,0.002542789046015163,0.020634325891394172
22877,0.6485682026677223,0.053195147235481105,0.2982366500967965
22878,0.21890986333324278,0.00892869508627266,0.7721614415804846
22879,0.844181378752103,0.13977474902934742,0.016043872218549672
22880,0.23976136643049298,0.0670886949532652,0.6931499386162419
22881,0.9712642036313905,0.0029496403948657992,0.025786155973743584
22882,0.9767659211980092,0.0011062284956557544,0.022127850306335017
22883,0.9720809627138745,0.00493419632283732,0.022984840963288285
22884,0.9821590986152289,0.004129341877390819,0.013711559507380358
22885,0.06331757852735564,0.012967578834617601,0.9237148426380268
22886,0.8303627733049865,0.032155678464823166,0.13748154823019026
22887,0.8177340955213601,0.011995310856129811,0.17027059362250999
22888,0.9493093670901532,0.00973122306282918,0.04095940984701756
22889,0.9399440407330344,0.013422718588314736,0.04663324067865067
22890,0.7589438236678582,0.01623540182547354,0.22482077450666824
22891,0.8859689562345489,0.0015725169088944035,0.11245852685655684
22892,0.9787748323207336,0.002025851650608528,0.019199316028657796
22893,0.7185502505386318,0.018000206740605505,0.2634495427207628
22894,0.9262540173246154,0.05156161218002932,0.022184370495355175
22895,0.9856884015282931,0.0011268663982445441,0.013184732073462293
22896,0.9156878358867218,0.04659612789202716,0.03771603622125108
22897,0.9676082302387167,0.003773428123896436,0.02861834163738679
22898,0.8230455633036853,0.03772595931514709,0.13922847738116773
22899,0.9740684755689231,0.006921527216823763,0.019009997214253203
22900,0.32264709385862655,0.008946198894335882,0.6684067072470375
22901,0.9798854601010666,0.008555495707124959,0.011559044191808499
22902,0.8926592510474215,0.005284412011280803,0.1020563369412978
22903,0.09863812937852609,0.0032011377176709263,0.898160732903803
22904,0.616896213534301,0.23804558744521861,0.14505819902048028
22905,0.9473855727470107,0.008025173421705748,0.04458925383128363
22906,0.9635180060537398,0.0039729540170815245,0.03250903992917858
22907,0.8956921090875242,0.01414514024081989,0.09016275067165602
22908,0.4692034790474296,0.011782309574504726,0.5190142113780658
22909,0.6388885559776589,0.001986672401745218,0.35912477162059586
22910,0.7149864249310629,0.018308805012640022,0.26670477005629706
22911,0.9940280744825003,0.00038508678124069603,0.005586838736259123
22912,0.9697620360963048,0.001783166509098117,0.028454797394596994
22913,0.7518344553173207,0.001981208047304291,0.2461843366353749
22914,0.022048094096748995,0.0034369406439919443,0.9745149652592591
22915,0.93255105201645,0.036526143794961635,0.030922804188588324
22916,0.03565996641100575,0.002741625004569772,0.9615984085844244
22917,0.9697286415711369,0.003966497070612457,0.02630486135825077
22918,0.987185650047128,0.0007454367905856742,0.012068913162286468
22919,0.9847362465564808,0.0023937463259636207,0.01287000711755545
22920,0.5320917845671389,0.00494995810626637,0.4629582573265948
22921,0.0066736076900875815,0.0012006391916737648,0.9921257531182387
22922,0.07301032107282099,0.01161579249813962,0.9153738864290394
22923,0.11134071194347234,0.10811481285212615,0.7805444752044015
22924,0.5991774682944675,0.010404288027533423,0.3904182436779991
22925,0.5087399438191357,0.015593622107520983,0.4756664340733434
22926,0.08010698337087152,0.006425168916415293,0.9134678477127132
22927,0.7846050346636951,0.019972257825319372,0.19542270751098564
22928,0.34665374052677206,0.006362737563183709,0.6469835219100442
22929,0.6440295373956659,0.0007804491031646999,0.35519001350116947
22930,0.7687869580606613,0.01112838880804672,0.22008465313129183
22931,0.82536246062204,0.007190454536292384,0.16744708484166748
22932,0.3645329689651071,0.002979446997202724,0.6324875840376902
22933,0.6584747442294148,0.006398533614885011,0.33512672215570016
22934,0.9216277950482681,0.002505705199471738,0.07586649975226016
22935,0.9830712991699817,0.007668876174935796,0.009259824655082438
22936,0.991820157593657,0.0024219034087939063,0.0057579389975488835
22937,0.9042063432292459,0.025587495977681077,0.0702061607930731
22938,0.8844526293576452,0.004751210871623271,0.11079615977073153
22939,0.9786857260796212,0.0029814697317032002,0.018332804188675406
22940,0.022945234703251882,0.010237147546220064,0.966817617750528
22941,0.6179655818569619,0.012687881087974064,0.36934653705506404
22942,0.028574940558705464,0.01091260358343006,0.9605124558578645
22943,0.3465074899222853,0.0033334519923246104,0.6501590580853901
22944,0.9736596251035379,0.015470828254569127,0.010869546641892934
22945,0.9801231323299738,0.0013219137717964096,0.01855495389822987
22946,0.9598363593172423,0.002859513822854082,0.03730412685990346
22947,0.8174928549154573,0.015089581032107254,0.16741756405243532
22948,0.8981690662282615,0.04340438808942877,0.058426545682309844
22949,0.06787476454838325,0.022535402671558152,0.9095898327800586
22950,0.8548758330405754,0.12486163349546923,0.020262533463955408
22951,0.9723965894282515,0.010042282445681604,0.017561128126066965
22952,0.7631148527328339,0.00743964401139407,0.229445503255772
22953,0.9603939291958358,0.004260328362805509,0.03534574244135881
22954,0.09621475071903912,0.026047275656020333,0.8777379736249404
22955,0.9414076131959609,0.004979726578563218,0.053612660225475915
22956,0.00754141222146316,0.004437375200185606,0.9880212125783512
22957,0.9904631721443627,0.0003576218234447114,0.009179206032192383
22958,0.1730178735924179,0.0019392673534754947,0.8250428590541066
22959,0.9196054140669743,0.008910309441799694,0.07148427649122602
22960,0.9771206122761644,0.0012094919352959631,0.021669895788539482
22961,0.9754631029136089,0.0015781683337085766,0.02295872875268249
22962,0.027996599687615833,0.010555552722214829,0.9614478475901693
22963,0.5084097005614358,0.34261133316923564,0.14897896626932852
22964,0.9721023206843847,0.0015619114495174066,0.026335767866097676
22965,0.053385505794895274,0.797757891713099,0.1488566024920058
22966,0.00812444263773322,0.005037369729198461,0.9868381876330684
22967,0.8378864847363497,0.009079894905131313,0.1530336203585188
22968,0.9554550866817483,0.003798239129503613,0.04074667418874798
22969,0.2846680114786911,0.2192305889098538,0.4961013996114551
22970,0.9700230841735832,0.0032998845533338504,0.02667703127308303
22971,0.9606242908106337,0.0053368505636779895,0.034038858625688256
22972,0.4087857589741554,0.004744318482173233,0.5864699225436714
22973,0.8821015672035515,0.01404072912303057,0.1038577036734178
22974,0.7308150688774587,0.0021613084690441224,0.2670236226534972
22975,0.8928386681291132,0.007665533844605444,0.09949579802628145
22976,0.9802978315871188,0.003863069384197361,0.015839099028683773
22977,0.17826661108953068,0.014209189800060376,0.807524199110409
22978,0.933104829429258,0.0023600051964585834,0.06453516537428336
22979,0.4673521716403957,0.0035978950596443115,0.52904993329996
22980,0.9012268278396078,0.0033008368328671417,0.09547233532752492
22981,0.8353300586682372,0.008010498893027369,0.15665944243873545
22982,0.9384324364912605,0.01915498551888955,0.042412577989849716
22983,0.9606615894613525,0.01028573505706467,0.029052675481582777
22984,0.2589179861044986,0.01210723686803495,0.7289747770274664
22985,0.9577313257062839,0.022496191039883935,0.019772483253832185
22986,0.21969063429534103,0.13361162037450286,0.6466977453301561
22987,0.9152509530605546,0.007771137054012135,0.07697790988543332
22988,0.693474222652033,0.029250610058515893,0.2772751672894511
22989,0.01088369756674053,0.0029964771043033416,0.986119825328956
22990,0.9048471705859636,0.005708337976781573,0.08944449143725478
22991,0.9857502037189612,0.0018316202680199072,0.012418176013019117
22992,0.3725004356996666,0.010733874750583851,0.6167656895497495
22993,0.8846755242729093,0.021095637554212312,0.09422883817287857
22994,0.8239250912346536,0.016554809514441875,0.15952009925090443
22995,0.9497141848462651,0.0022337418710753894,0.04805207328265956
22996,0.13877125768067833,0.008744269349991467,0.8524844729693303
22997,0.7130583198981595,0.003324154728249152,0.2836175253735914
22998,0.9146329946422888,0.021929166357805636,0.06343783899990557
22999,0.5124818750420175,0.11028296102103426,0.3772351639369482
23000,0.021320135237581448,0.001723434200393723,0.9769564305620249
23001,0.017367619937222568,0.0013939986449950281,0.9812383814177824
23002,0.008309101135077277,0.0015791521962986855,0.990111746668624
23003,0.022935029868931357,0.028282476133481844,0.9487824939975869
23004,0.9770069812440002,0.000673862163959109,0.02231915659204077
23005,0.9765892962372403,0.0016992673149788654,0.02171143644778078
23006,0.042246149107610105,0.010668908387052999,0.9470849425053369
23007,0.9197615897417756,0.014746320372122087,0.06549208988610222
23008,0.09347249351970632,0.01694726433393418,0.8895802421463594
23009,0.736574799284153,0.11049289910483485,0.15293230161101198
23010,0.9072427083333737,0.00847071042603401,0.08428658124059228
23011,0.3986845308325361,0.014720782765478004,0.586594686401986
23012,0.890812007169864,0.03129116199997021,0.0778968308301656
23013,0.8375553467508179,0.004553813303436161,0.15789083994574593
23014,0.43034925256232404,0.02849546917844124,0.5411552782592347
23015,0.9210874841835659,0.005020050525840572,0.07389246529059346
23016,0.941355134188972,0.005128175172388282,0.053516690638639654
23017,0.9721072675032008,0.0026796762009299513,0.025213056295869223
23018,0.9777471701423232,0.002220903322765829,0.020031926534910892
23019,0.9901052574508057,0.003335699077010582,0.006559043472183801
23020,0.34777309081477126,0.010875964324311304,0.6413509448609174
23021,0.9460325209317986,0.01313922646011728,0.040828252608084176
23022,0.8772077217686957,0.027144030196038754,0.09564824803526574
23023,0.9577618994439804,0.0015510482357816103,0.04068705232023807
23024,0.20066557247124525,0.0038707441091584568,0.7954636834195963
23025,0.667562962076875,0.012707394222533561,0.3197296437005914
23026,0.9520267274613695,0.0164912524778632,0.031482020060767404
23027,0.9467887718629561,0.0025368856718654925,0.05067434246517846
23028,0.9600766856222855,0.003913225440595063,0.03601008893711936
23029,0.9026244714012376,0.0017516672904966907,0.09562386130826576
23030,0.9441482464287019,0.01363692257156865,0.04221483099972936
23031,0.9581595427894125,0.0023959344413887985,0.03944452276919859
23032,0.004201830416786605,0.0004190973165512986,0.995379072266662
23033,0.694717912873529,0.14423645235516444,0.16104563477130648
23034,0.06463117621355435,0.005444435855982118,0.9299243879304635
23035,0.773234175439436,0.07318105943677436,0.15358476512378985
23036,0.1156054065367357,0.01652464068622866,0.8678699527770355
23037,0.5045460379229576,0.02832546672581351,0.46712849535122886
23038,0.9716831361957511,0.009288998505395139,0.019027865298853884
23039,0.9192928525808394,0.0016753184476614065,0.07903182897149925
23040,0.2803635680358556,0.03146768689044234,0.6881687450737021
23041,0.46938228192172665,0.0015597324733688691,0.5290579856049046
23042,0.2108617375568356,0.005740769463380198,0.7833974929797842
23043,0.05055908733733198,0.12684463135651242,0.8225962813061556
23044,0.06229462039945284,0.0006203800547988446,0.9370849995457483
23045,0.8984144925242198,0.006605885436561883,0.0949796220392183
23046,0.9707406796567021,0.00692505272010181,0.022334267623196055
23047,0.9475673188019493,0.0039853176113555525,0.04844736358669517
23048,0.5197494771398795,0.0253956098320218,0.4548549130280986
23049,0.8149732845200113,0.0122872039968438,0.17273951148314495
23050,0.5939485659424136,0.025265569463113636,0.3807858645944727
23051,0.8997941771931819,0.002510795266431205,0.09769502754038688
23052,0.8303893825640157,0.04127888005901635,0.12833173737696785
23053,0.5950023026954222,0.355811945508433,0.0491857517961448
23054,0.9073097242665646,0.022418419950558863,0.0702718557828766
23055,0.8990857025718431,0.0013538710046809741,0.09956042642347605
23056,0.029402217487479513,0.004413232571785014,0.9661845499407355
23057,0.007190600673209708,0.001385263683431738,0.9914241356433586
23058,0.9095724570703716,0.004116909907310207,0.08631063302231827
23059,0.9180173028719093,0.04482294057550205,0.037159756552588664
23060,0.4367323836551495,0.004911296329002228,0.5583563200158483
23061,0.9771289804084573,0.007893238541662293,0.014977781049880559
23062,0.9203140178719681,0.017861433072654646,0.06182454905537733
23063,0.7345335339425945,0.042843210096065544,0.22262325596134008
23064,0.009015303931329684,0.0017910145367314037,0.9891936815319389
23065,0.9486083862396288,0.0019612823243760923,0.04943033143599508
23066,0.03067902765688619,0.005270880238795661,0.9640500921043181
23067,0.9766176964388461,0.003067440254013536,0.02031486330714036
23068,0.3913030638415816,0.014701124021916064,0.5939958121365023
23069,0.8990141153416054,0.010408842401109541,0.09057704225728495
23070,0.0466835385147696,0.0033852196107242967,0.9499312418745061
23071,0.7063292320867632,0.03056837207272143,0.26310239584051537
23072,0.9876954980442367,0.001603998199833408,0.010700503755929817
23073,0.9264462961258598,0.011264099395105332,0.06228960447903484
23074,0.8405870277260493,0.004363159481341855,0.15504981279260896
23075,0.5190581838342031,0.06707375055503713,0.4138680656107599
23076,0.8793935691690876,0.03605216568226421,0.08455426514864818
23077,0.5276555931905151,0.027653611593377918,0.44469079521610694
23078,0.9414577184892096,0.00795534811175715,0.05058693339903311
23079,0.3720481629789723,0.008276487844617179,0.6196753491764104
23080,0.8031719694770302,0.1287580436003187,0.06806998692265119
23081,0.9382560843255991,0.02888885885382279,0.032855056820577856
23082,0.0957159964019624,0.09061416611094919,0.8136698374870884
23083,0.5564804865817701,0.0065531385170702235,0.43696637490115975
23084,0.958669746642411,0.0035026344866500273,0.03782761887093896
23085,0.947626878238402,0.028179656263941838,0.02419346549765615
23086,0.9680639230539164,0.0032285635224016864,0.02870751342368189
23087,0.7807094856159542,0.015727181367993698,0.2035633330160521
23088,0.9760452198831393,0.0019174398493398824,0.02203734026752093
23089,0.8653623445874016,0.002752898086329833,0.13188475732626878
23090,0.6019168325803955,0.12092703657285236,0.27715613084675217
23091,0.00881583314825639,0.003634095405230426,0.9875500714465132
23092,0.9570136156160691,0.003850476354706125,0.03913590802922479
23093,0.9220424036670276,0.01326045293033228,0.06469714340264003
23094,0.9383568363348784,0.005046788002111645,0.05659637566300983
23095,0.9609042929829505,0.023205433181426337,0.015890273835623078
23096,0.9904050890179648,0.0012255750456368632,0.008369335936398367
23097,0.9816335063839318,0.0010929907413334788,0.01727350287473481
23098,0.23693548624219593,0.002456188947417275,0.7606083248103868
23099,0.966377675946016,0.0033842083906568256,0.030238115663327264
23100,0.8523596759502651,0.011974347187131432,0.1356659768626035
23101,0.00227890682383888,0.0010810986217138123,0.9966399945544474
23102,0.15940557593960727,0.022788090954514596,0.817806333105878
23103,0.9688574248061755,0.004400661102049797,0.02674191409177456
23104,0.8118098567361551,0.08379991612717393,0.10439022713667113
23105,0.9482189878387268,0.010895724590589947,0.040885287570683104
23106,0.8742274822207797,0.013937645617120901,0.11183487216209939
23107,0.9866278084127433,0.004217819963126954,0.009154371624129676
23108,0.8330699469774234,0.07911592973507656,0.08781412328749993
23109,0.2522975931439275,0.009006135362579363,0.7386962714934932
23110,0.795894794294196,0.08346219302143248,0.1206430126843715
23111,0.7140101310112948,0.012327659663286621,0.27366220932541857
23112,0.9780154540000154,0.0010576093480316317,0.0209269366519531
23113,0.9312958328469845,0.0017909066860073925,0.06691326046700809
23114,0.8142041391206892,0.007327918960144376,0.1784679419191664
23115,0.27545270218670814,0.07157511922633411,0.6529721785869578
23116,0.08083964552244834,0.0673806840980864,0.8517796703794653
23117,0.6548126346293237,0.0051541834402326426,0.3400331819304437
23118,0.8136786066454302,0.005246511751271794,0.18107488160329815
23119,0.8753079857083695,0.02627526220677541,0.09841675208485504
23120,0.9706239811300954,0.001268641427296494,0.028107377442608075
23121,0.0038003319661474026,0.0017032924496487483,0.9944963755842039
23122,0.9802145142027907,0.0008557500518108422,0.018929735745398378
23123,0.36997935943060517,0.016987855670497293,0.6130327848988975
23124,0.40398065077729217,0.013638661152635151,0.5823806880700727
23125,0.06258871680423483,0.018482686568904717,0.9189285966268605
23126,0.8301914135436137,0.015726242204376864,0.15408234425200962
23127,0.9720168626789152,0.004168940805296379,0.023814196515788352
23128,0.08521635130851164,0.007177238850334109,0.9076064098411543
23129,0.26399636052060393,0.012490302466611322,0.7235133370127848
23130,0.9092142367094332,0.007622189413201439,0.08316357387736516
23131,0.8555354791422054,0.004711131687072431,0.13975338917072214
23132,0.0033712340128976607,0.0006320725559594919,0.9959966934311428
23133,0.023550485605768622,0.05283443800118869,0.9236150763930427
23134,0.194058113373131,0.0021559807249669732,0.803785905901902
23135,0.824216512895279,0.0037085834316020645,0.17207490367311884
23136,0.9540154934941187,0.0032641450538796924,0.042720361452001636
23137,0.721877602273876,0.005027853576868208,0.2730945441492558
23138,0.9215617331731646,0.01528767490702876,0.06315059191980676
23139,0.5476210965164399,0.007571075523462125,0.44480782796009805
23140,0.9792329687955921,0.0024569029220939515,0.01831012828231406
23141,0.957678121230911,0.0027088415340901636,0.03961303723499885
23142,0.9563375551026565,0.010743109273739676,0.032919335623603836
23143,0.058013205785393124,0.015467856665642092,0.9265189375489649
23144,0.1501719183295241,0.023138736873634946,0.826689344796841
23145,0.9863939203213289,0.0022141457910964967,0.01139193388757447
23146,0.3445637381678411,0.017947421031876687,0.6374888408002821
23147,0.9706336570950488,0.006549833194804977,0.02281650971014639
23148,0.9804025340538289,0.010004482561332536,0.009592983384838516
23149,0.6568273716333096,0.01489077478369733,0.328281853582993
23150,0.8795086165475344,0.004717861589788991,0.11577352186267653
23151,0.9833397678546888,0.0052711373723619325,0.01138909477294927
23152,0.737396278629216,0.019962604919511785,0.24264111645127218
23153,0.14749901149096162,0.06635641637226738,0.7861445721367709
23154,0.9123981648535013,0.004337070869979263,0.08326476427651937
23155,0.9652967094003774,0.0017888575960693525,0.032914433003553234
23156,0.7702940720856466,0.019374377840991046,0.21033155007336238
23157,0.900637389775786,0.0063987754788902874,0.0929638347453238
23158,0.9483705892695118,0.0015777815199682918,0.050051629210520046
23159,0.8171087725134027,0.08403946327423512,0.09885176421236216
23160,0.7916676560076046,0.151819956737063,0.05651238725533239
23161,0.9140003414414076,0.01002499776053362,0.07597466079805883
23162,0.7612163742825842,0.017525128684945095,0.2212584970324707
23163,0.9238288525376995,0.004679093958451635,0.07149205350384878
23164,0.9443570620029953,0.007837612304033622,0.04780532569297104
23165,0.5329279669001735,0.015651783622413703,0.4514202494774128
23166,0.9793513769878381,0.0013611802360293888,0.019287442776132507
23167,0.9727894888147809,0.0024083712947592594,0.02480213989045981
23168,0.767201208437058,0.13200645892829183,0.10079233263465012
23169,0.8848351613615167,0.025987474269389244,0.08917736436909414
23170,0.8395555571943897,0.005809745685599597,0.1546346971200108
23171,0.03424415337915821,0.005830901095377223,0.9599249455254646
23172,0.922231872813216,0.031394943875271246,0.046373183311512745
23173,0.9902051053853795,0.0031449586688131644,0.006649935945807414
23174,0.7977343062460969,0.009444395308792836,0.1928212984451103
23175,0.7400320597911642,0.03430924796936366,0.22565869223947224
23176,0.8869016417032997,0.004369645376714644,0.10872871291998581
23177,0.782264889849858,0.04698591828932579,0.1707491918608162
23178,0.9799825207152464,0.00845764449955524,0.011559834785198383
23179,0.934688099149693,0.0354948333791804,0.029817067471126696
23180,0.1442137779268348,0.1385705340747755,0.7172156879983898
23181,0.35779396792670337,0.02021181723855065,0.621994214834746
23182,0.9844923915167935,0.0016171375213498446,0.013890470961856602
23183,0.9802557345161567,0.0014288157151050652,0.018315449768738393
23184,0.02316502213530547,0.0036184949121141085,0.9732164829525805
23185,0.958413791882658,0.013398883618356628,0.02818732449898521
23186,0.023981925077251394,0.002392181520725671,0.9736258934020229
23187,0.508158249987839,0.01836764554803189,0.47347410446412913
23188,0.9396422022857149,0.007204508446985897,0.05315328926729914
23189,0.6753962359511099,0.029907097846310616,0.2946966662025795
23190,0.01819172055253308,0.0033185792300039203,0.9784897002174631
23191,0.9535018870876381,0.005081296968996643,0.04141681594336531
23192,0.9857730778366183,0.001228459382830811,0.012998462780550895
23193,0.6536691696113808,0.02342147027540169,0.3229093601132175
23194,0.9044015175639856,0.0038043670684058495,0.09179411536760843
23195,0.9795666305502666,0.0029835200475494795,0.017449849402184022
23196,0.8845590811175523,0.023023131330487008,0.09241778755196056
23197,0.25267550251409654,0.0017685899292318,0.7455559075566717
23198,0.4200171491003302,0.10568551050161973,0.4742973403980501
23199,0.9049024468758315,0.003856620506210594,0.09124093261795801
23200,0.1565141362351711,0.19652792661854535,0.6469579371462836
23201,0.15310518939376233,0.02627903474480774,0.82061577586143
23202,0.11540844007027275,0.009206649312170967,0.8753849106175564
23203,0.8003751223726809,0.007867869061144936,0.1917570085661741
23204,0.9741136898607965,0.0010403971070354237,0.024845913032168043
23205,0.9047806205660095,0.002950886031048704,0.09226849340294167
23206,0.7818640042242954,0.011458993984094721,0.2066770017916099
23207,0.9602273205540534,0.029482053269321403,0.010290626176625378
23208,0.84856630655504,0.024192032748290612,0.12724166069666945
23209,0.14973860127750285,0.013666384116543251,0.836595014605954
23210,0.8179240607875281,0.016415147383727176,0.16566079182874457
23211,0.9077091829939709,0.04696871483743301,0.045322102168596105
23212,0.967593405457543,0.002022080831915793,0.03038451371054123
23213,0.14998003390548287,0.018889617133463855,0.8311303489610532
23214,0.007656098919885256,0.0064715046263005985,0.9858723964538142
23215,0.9707430929788428,0.004625113865489765,0.024631793155667363
23216,0.9708376334966677,0.0043569008805356396,0.02480546562279659
23217,0.9735435463344817,0.009780685908214022,0.016675767757304075
23218,0.9744829992111523,0.0026647444921359493,0.022852256296711886
23219,0.5569408452873029,0.00620199774071338,0.43685715697198374
23220,0.9869566651032183,0.0012400476273250873,0.011803287269456566
23221,0.9835235423758408,0.005953330704801692,0.010523126919357346
23222,0.04989217831046478,0.003248287861530358,0.9468595338280049
23223,0.9126359557735909,0.0028534495373999116,0.08451059468900922
23224,0.5244032403497179,0.14541666047252919,0.33018009917775293
23225,0.9429230904078355,0.0031649631261622437,0.05391194646600234
23226,0.9144978149283061,0.01609224331888182,0.0694099417528121
23227,0.9792804085234977,0.0026507873721478875,0.018068804104354283
23228,0.9481507172416006,0.007005879302467152,0.044843403455932164
23229,0.42223440756457864,0.010130267064612872,0.5676353253708085
23230,0.8414810549113324,0.0023918981296748723,0.1561270469589927
23231,0.7377943327981772,0.005002978032830853,0.2572026891689919
23232,0.9180001119220031,0.005954835364389091,0.07604505271360779
23233,0.9425446878901352,0.018095197949263498,0.039360114160601145
23234,0.9536894227175405,0.006779890793448027,0.03953068648901141
23235,0.004257644452413931,0.010161747632813847,0.9855806079147723
23236,0.9288823423023671,0.0025054055659422536,0.06861225213169078
23237,0.8145868751748584,0.0033711900404494,0.1820419347846921
23238,0.7459017488716815,0.020473338841387047,0.2336249122869315
23239,0.9047533233000997,0.06609182763045515,0.02915484906944518
23240,0.9616457296500138,0.00615061912090521,0.032203651229080976
23241,0.9803275295294411,0.001178873265444063,0.018493597205114985
23242,0.970956366864036,0.0021381327676940473,0.02690550036827012
23243,0.8851202373423823,0.002786374103130418,0.11209338855448726
23244,0.6399511346550354,0.020357900903692126,0.33969096444127245
23245,0.9375031700398346,0.0018711881232813716,0.06062564183688383
23246,0.9692131216378768,0.006361681484767648,0.024425196877355556
23247,0.5793184732425478,0.04139690500720522,0.3792846217502469
23248,0.9627606433249084,0.004666614836541046,0.03257274183855062
23249,0.975413601410367,0.0012509659617142288,0.023335432627918797
23250,0.9523471106364069,0.011295493458622017,0.036357395904971106
23251,0.36981172577189547,0.007200463790625252,0.6229878104374793
23252,0.9850138496355066,0.005154786428169984,0.009831363936323398
23253,0.8319955304500355,0.029146869450907834,0.13885760009905657
23254,0.27031597606155655,0.10084864494969246,0.628835378988751
23255,0.509367488041069,0.017437708051811215,0.47319480390711977
23256,0.949102699097582,0.005921731310564028,0.04497556959185388
23257,0.6669185120631284,0.00462811995956985,0.3284533679773018
23258,0.7689294666646441,0.00854346694597263,0.22252706638938322
23259,0.9703043051977587,0.009776024857854148,0.019919669944387083
23260,0.9639462847424838,0.0015658173280957291,0.03448789792942037
23261,0.9383512570418967,0.006153585754477796,0.05549515720362553
23262,0.1305608184005413,0.0015350871923224638,0.8679040944071361
23263,0.07649927478071866,0.03009848781541977,0.8934022374038616
23264,0.9562723960619496,0.004161702961447931,0.03956590097660251
23265,0.7068362824608143,0.018369026245732927,0.2747946912934527
23266,0.35330474283764046,0.004301563406555507,0.6423936937558041
23267,0.031914423592187484,0.009004493868873248,0.9590810825389393
23268,0.6704338153480163,0.0011054256486569727,0.3284607590033268
23269,0.15519931725227323,0.014872194741373903,0.8299284880063528
23270,0.4447749005766276,0.11138692550449711,0.44383817391887537
23271,0.9243699451641141,0.04107873471168913,0.034551320124196844
23272,0.738121954219985,0.009682464710237055,0.25219558106977785
23273,0.7176463396730298,0.010825168098673201,0.27152849222829695
23274,0.5411340540348445,0.050045763844721924,0.40882018212043353
23275,0.6657808418452602,0.05666598711107981,0.27755317104365995
23276,0.9645429005105952,0.003741225078783068,0.03171587441062166
23277,0.8795836287215539,0.007845058722523,0.11257131255592302
23278,0.15616010462241223,0.029411085730305906,0.8144288096472818
23279,0.7203590177441354,0.006442453269315144,0.27319852898654956
23280,0.8968245424776441,0.009119667793439588,0.0940557897289163
23281,0.950990812627254,0.029994867371756894,0.01901432000098903
23282,0.8666208636447401,0.009342731530741007,0.12403640482451894
23283,0.9647285573948059,0.004398788880233555,0.030872653724960543
23284,0.8918691546051732,0.006135638802065281,0.10199520659276136
23285,0.6188460683436516,0.024040761992343087,0.35711316966400536
23286,0.004712239307584207,0.0017705611636651534,0.9935171995287507
23287,0.010656442767485445,0.0007129829027112057,0.9886305743298034
23288,0.8157507965709756,0.0074157101979637294,0.17683349323106057
23289,0.6443817255538784,0.01771394063935985,0.3379043338067617
23290,0.2599915733588273,0.017067056337215343,0.7229413703039574
23291,0.01826633683001006,0.00245915471323293,0.9792745084567571
23292,0.04628424994972587,0.02148330897117043,0.9322324410791036
23293,0.9867399134465901,0.004581162917420937,0.008678923635988982
23294,0.9657632286761304,0.0017841405175738644,0.03245263080629588
23295,0.27112024556441044,0.009049194105147618,0.7198305603304419
23296,0.9798964602388014,0.0019146795866896676,0.018188860174508735
23297,0.0024205835105399337,0.0007397762104510595,0.996839640279009
23298,0.9616819807125865,0.0016451116415416654,0.036672907645872006
23299,0.898739037334033,0.0071117065284103135,0.09414925613755655
23300,0.9562213807956766,0.01117989277143604,0.03259872643288735
23301,0.9596556322067068,0.003917606875117612,0.03642676091817548
23302,0.9696145470520432,0.004366379291302087,0.026019073656654793
23303,0.9416843516861922,0.02076676880325961,0.03754887951054825
23304,0.1436863906040985,0.016834727829233204,0.8394788815666683
23305,0.8873590372530519,0.013906656472711713,0.09873430627423652
23306,0.29634616578191547,0.018659180825727043,0.6849946533923575
23307,0.9837242020097738,0.0055809154312720845,0.010694882558954132
23308,0.09073879083243122,0.023337133731566304,0.8859240754360025
23309,0.07294924023723406,0.0023958144434339307,0.924654945319332
23310,0.9577528333626406,0.0033489900351579348,0.03889817660220156
23311,0.4499906042581567,0.11732757790414848,0.4326818178376948
23312,0.4153972347408587,0.004375870382711461,0.5802268948764299
23313,0.07107147791490444,0.0018448411900105106,0.927083680895085
23314,0.9782218148869452,0.0016955615006052963,0.02008262361244948
23315,0.9745555685730247,0.006412575429126471,0.019031855997848738
23316,0.38083345981203526,0.06574544373751322,0.5534210964504516
23317,0.962894273176358,0.004029818885603399,0.03307590793803837
23318,0.9031299567802755,0.0062178321882178315,0.09065221103150663
23319,0.4902552546544007,0.028833125097886388,0.4809116202477129
23320,0.9601520706631516,0.005554923055334674,0.0342930062815137
23321,0.9198859121561549,0.011098055280577246,0.0690160325632677
23322,0.9189883688931351,0.03623433781191181,0.04477729329495328
23323,0.887188034070424,0.0485462744964426,0.06426569143313354
23324,0.8278163256387016,0.022664142434045048,0.14951953192725326
23325,0.7747452755304387,0.009929310907608044,0.21532541356195317
23326,0.06956161298436205,0.015172650257463251,0.9152657367581748
23327,0.677668758861576,0.005903090949734898,0.31642815018868903
23328,0.9237038605832818,0.03863216591970775,0.03766397349701048
23329,0.08664020323366674,0.003379808008105191,0.9099799887582282
23330,0.9895050409948545,0.003230693020760327,0.007264265984385331
23331,0.6921475918113141,0.0052767290830379185,0.3025756791056479
23332,0.44906677493568387,0.20912487477078906,0.341808350293527
23333,0.9610822764477353,0.004031748937337547,0.03488597461492711
23334,0.02311857787169066,0.01046132057370204,0.9664201015546072
23335,0.26763422848820223,0.002579766050620398,0.7297860054611773
23336,0.8905709117633797,0.040438152745608205,0.06899093549101215
23337,0.9139628207680155,0.011246491130156399,0.0747906881018281
23338,0.8247341531795581,0.010609004076234746,0.1646568427442071
23339,0.9763160366229727,0.013957660327530121,0.009726303049497193
23340,0.9225038798608464,0.010746331563546017,0.06674978857560773
23341,0.19101577272659467,0.19198613989935845,0.6169980873740468
23342,0.9776191617249652,0.0009621561037000363,0.02141868217133467
23343,0.010163891647888347,0.001693155438591664,0.98814295291352
23344,0.894284263394139,0.0020541857129672187,0.10366155089289388
23345,0.9842663562003978,0.002507703564781761,0.013225940234820313
23346,0.9800082106035569,0.007955424458308701,0.012036364938134387
23347,0.9822895195001351,0.0014637983422939212,0.016246682157570854
23348,0.9717713630376599,0.004567548057369043,0.02366108890497101
23349,0.7968279390792083,0.011610133020515346,0.19156192790027626
23350,0.9500114566670759,0.007319848152260707,0.042668695180663505
23351,0.9427898041791188,0.003965788577488419,0.053244407243392855
23352,0.9542059200597863,0.00192842227244463,0.04386565766776911
23353,0.9681522466088284,0.02097648227949695,0.010871271111674706
23354,0.9666742908087409,0.018712436834128432,0.014613272357130546
23355,0.016087617010219452,0.002927180272053648,0.9809852027177268
23356,0.8640435604205884,0.032759553109196864,0.10319688647021481
23357,0.9484699112358148,0.0015393467212647621,0.049990742042920304
23358,0.07308204600527454,0.015612797723387542,0.9113051562713379
23359,0.9732744938085607,0.002762690836659267,0.023962815354780134
23360,0.9752386962020381,0.0029370688780216065,0.021824234919940448
23361,0.9671343340638521,0.0022664337859556413,0.030599232150192345
23362,0.833567153547248,0.003214601118245211,0.16321824533450666
23363,0.9724959245122161,0.0010681210018572557,0.026435954485926484
23364,0.9451883918001218,0.015044049466072566,0.03976755873380568
23365,0.9873579261528428,0.0020254089410864477,0.010616664906070886
23366,0.9821532532758102,0.00296487362107282,0.014881873103117015
23367,0.9748051615551907,0.004269896637151146,0.020924941807658026
23368,0.9138562793480391,0.00316706782818226,0.0829766528237787
23369,0.7963783345420051,0.05311849077517848,0.1505031746828164
23370,0.5716777836548913,0.005097276744567227,0.4232249396005415
23371,0.019671505110687968,0.0032150439968385717,0.9771134508924735
23372,0.806053805718169,0.08604389747732491,0.10790229680450604
23373,0.9661823592794284,0.013777317798121592,0.02004032292245004
23374,0.9449297424634595,0.0030148399415636383,0.05205541759497693
23375,0.9767605233207939,0.0010129987258855114,0.02222647795332068
23376,0.12684200182063268,0.012925167433839273,0.860232830745528
23377,0.7836068582118377,0.1108345464160743,0.10555859537208807
23378,0.05510525819667169,0.016515015050434276,0.9283797267528939
23379,0.4878098269255817,0.006635235672124265,0.505554937402294
23380,0.7162250918650187,0.0068868349397166045,0.2768880731952645
23381,0.9870267180762471,0.001186024003927805,0.011787257919825165
23382,0.3103007395126537,0.032391993207610666,0.6573072672797357
23383,0.9107612081222828,0.017996703143925957,0.07124208873379141
23384,0.6650843113316598,0.038743067320418684,0.29617262134792144
23385,0.018452942462644305,0.003938276345581966,0.9776087811917736
23386,0.44348758816254036,0.011840539012639087,0.5446718728248205
23387,0.7593954120857982,0.01926931644036482,0.22133527147383697
23388,0.1031226311082245,0.037591071305300865,0.8592862975864746
23389,0.19456542564058027,0.009999908524557293,0.7954346658348624
23390,0.9855637265165702,0.005545407794737578,0.008890865688692145
23391,0.7071164270968308,0.051969033334581693,0.24091453956858758
23392,0.656882193765068,0.13153028769489347,0.21158751854003865
23393,0.4723275398552861,0.13312398478229542,0.3945484753624184
23394,0.012473019052050945,0.0014905985827174044,0.9860363823652316
23395,0.06624575045330454,0.004257653983471257,0.9294965955632241
23396,0.8203992348446789,0.007558350250715109,0.17204241490460603
23397,0.010027207149896952,0.0007966970217697435,0.9891760958283332
23398,0.982660214880842,0.002622498290145725,0.014717286829012303
23399,0.05622890700981023,0.008060699271334393,0.9357103937188553
23400,0.10352163670734717,0.007203004780280633,0.8892753585123722
23401,0.94873447171556,0.0036090626610280055,0.04765646562341189
23402,0.9028496535696434,0.002265935510877472,0.0948844109194792
23403,0.5505473206253484,0.0021068517314058186,0.4473458276432458
23404,0.008448503543629412,0.0012449062850447324,0.9903065901713258
23405,0.8357052432192822,0.0405425283493058,0.12375222843141187
23406,0.9080998951084686,0.02440509417451673,0.0674950107170148
23407,0.9859759595793286,0.0030611966997094024,0.010962843720961978
23408,0.00420426013479364,0.0034043518453039144,0.9923913880199023
23409,0.1842945356270867,0.014185871501506974,0.8015195928714064
23410,0.7792738483340046,0.06838907848370099,0.15233707318229456
23411,0.1854589781346424,0.14299457398036,0.6715464478849976
23412,0.9093222588212189,0.053521241932814746,0.03715649924596629
23413,0.9651397672426251,0.01969301635725801,0.01516721640011693
23414,0.6687240196823091,0.010539886417923765,0.3207360938997671
23415,0.9761632397619684,0.0069180369649902065,0.01691872327304134
23416,0.9607289969379568,0.0035746750425986423,0.035696328019444536
23417,0.9487986127509344,0.007150848416296698,0.044050538832768986
23418,0.12221555044210543,0.02353838011470576,0.8542460694431888
23419,0.00731488204468729,0.021252943297599382,0.9714321746577134
23420,0.008830117756521247,0.0016587336779823787,0.9895111485654964
23421,0.6687921578929628,0.026126233452053737,0.3050816086549835
23422,0.9933539811541409,0.001092613871998296,0.005553404973860706
23423,0.04586657405768729,0.003515249217130039,0.9506181767251828
23424,0.7866933290211257,0.015094038812977066,0.19821263216589716
23425,0.9144559936780059,0.01901293897633989,0.06653106734565431
23426,0.9723625310990154,0.002202407543884633,0.025435061357099987
23427,0.07569429192331874,0.09211381658157632,0.8321918914951049
23428,0.10848157470560263,0.014533920094991567,0.8769845051994059
23429,0.933886922400509,0.002383629905445736,0.06372944769404529
23430,0.9601198698432074,0.004626051554242286,0.035254078602550136
23431,0.005135889275435646,0.007410094999592097,0.9874540157249723
23432,0.002793287673946756,0.0005128732326656961,0.9966938390933875
23433,0.6156748142445473,0.01689759736598233,0.3674275883894704
23434,0.97635914588307,0.0018686067243828884,0.02177224739254702
23435,0.9549063622030901,0.02423463161657147,0.02085900618033833
23436,0.9747790533638255,0.0033899012325245962,0.02183104540364994
23437,0.9753223525971317,0.0024545840764574954,0.02222306332641068
23438,0.025000164462418324,0.00951374221498159,0.9654860933226002
23439,0.826817705900887,0.006801441803990104,0.16638085229512292
23440,0.8512879514815987,0.008277175902887814,0.14043487261551335
23441,0.20904209836962762,0.005176922720143077,0.7857809789102294
23442,0.925772088712405,0.03977252121092232,0.03445539007667255
23443,0.546726619397863,0.04372608495652279,0.40954729564561415
23444,0.19854128640377547,0.012761361226394537,0.78869735236983
23445,0.9568786027327714,0.01763459434707914,0.025486802920149484
23446,0.4266998547907592,0.008756585382140561,0.5645435598271002
23447,0.6958672760150659,0.0117090792832529,0.2924236447016812
23448,0.9517253300188374,0.0035661994668483602,0.04470847051431422
23449,0.06213271015463276,0.11829413003455759,0.8195731598108097
23450,0.010519513437255072,0.008008151377023834,0.981472335185721
23451,0.7933154147120891,0.010478365881683136,0.19620621940622782
23452,0.9831371049654903,0.0009640505694656322,0.01589884446504384
23453,0.08601388358779984,0.025227834868621818,0.8887582815435783
23454,0.3529756117987502,0.0059438253635071304,0.6410805628377426
23455,0.05647488498547292,0.004331402324588296,0.9391937126899387
23456,0.20013530204219715,0.034902754927902443,0.7649619430299004
23457,0.9540812075700239,0.005569713955333932,0.040349078474642065
23458,0.960468353022506,0.017609473388011082,0.021922173589482927
23459,0.8606386360958621,0.09562357769151243,0.043737786212625536
23460,0.8459749568091679,0.0062467869347468015,0.14777825625608526
23461,0.15472658637736952,0.002779073652764295,0.8424943399698662
23462,0.7803431839519039,0.012110040411047294,0.2075467756370489
23463,0.8248372186045858,0.006408749306574253,0.16875403208883993
23464,0.06505489749129867,0.004404294312472951,0.9305408081962284
23465,0.07418670703977506,0.015645767542170317,0.9101675254180547
23466,0.2884795517442598,0.034135515051802824,0.6773849332039373
23467,0.08933166140758408,0.0492406108688366,0.8614277277235793
23468,0.003407748894530988,0.000938058797676688,0.9956541923077924
23469,0.6871732627482866,0.02569100836911097,0.28713572888260247
23470,0.9280942285492594,0.025362019752386326,0.04654375169835419
23471,0.9875609809633514,0.005297079611175957,0.0071419394254726215
23472,0.9511785752326315,0.007793988207421787,0.041027436559946756
23473,0.782582133807782,0.03131008457826074,0.1861077816139572
23474,0.8865451143204014,0.005828069477985951,0.10762681620161259
23475,0.9818449956654762,0.0020889381575522974,0.016066066176971355
23476,0.23633819978476156,0.10822431217509475,0.6554374880401437
23477,0.9148458065147883,0.007731313476651209,0.0774228800085604
23478,0.9757628073906923,0.008012862872486638,0.016224329736820937
23479,0.3867012633253824,0.4204370570045857,0.19286167967003187
23480,0.7902030409312228,0.003319198397328613,0.20647776067144846
23481,0.9219053840518822,0.0052633052123977125,0.07283131073572008
23482,0.7649820269948108,0.029502460920191858,0.2055155120849974
23483,0.20112367013614557,0.05665939250788987,0.7422169373559646
23484,0.20946088227346477,0.010745373443492296,0.779793744283043
23485,0.503637997584496,0.021111470566168838,0.4752505318493352
23486,0.2532821406134844,0.030530388301723006,0.7161874710847925
23487,0.9393719425484987,0.007617108268856006,0.05301094918264548
23488,0.9587019860749549,0.004578405548381533,0.036719608376663423
23489,0.11767452545325174,0.00709117502955615,0.8752342995171921
23490,0.9617848275328192,0.0055852948332687285,0.032629877633911994
23491,0.6065340574243141,0.007344035813616293,0.3861219067620695
23492,0.8769478957599595,0.0036496496060414332,0.11940245463399915
23493,0.005612430169700771,0.0011325180707992043,0.9932550517595
23494,0.059506317024706046,0.011906428105646972,0.928587254869647
23495,0.9424403413465023,0.0045036752684481755,0.05305598338504947
23496,0.5451447334470527,0.013111489440000684,0.4417437771129466
23497,0.6451649740810131,0.00465946020269637,0.3501755657162905
23498,0.5459114324415423,0.010372747355256787,0.44371582020320094
23499,0.7560659077702654,0.20776004453352692,0.036174047696207697
23500,0.6146280913804415,0.011104721470160766,0.3742671871493977
23501,0.8542625500905517,0.04743016413571206,0.09830728577373615
23502,0.07839836598593596,0.04624559218171428,0.8753560418323497
23503,0.9782473475471734,0.0011400172962991696,0.020612635156527438
23504,0.8689362434862535,0.021728210799169947,0.10933554571457664
23505,0.00689736655938405,0.0010412845786541972,0.9920613488619617
23506,0.4151551945288605,0.14909329520794393,0.43575151026319564
23507,0.025885265070710636,0.05328135361776848,0.9208333813115209
23508,0.7192322248349768,0.02132381858476333,0.25944395658025976
23509,0.6109435510107945,0.010813913755302789,0.3782425352339027
23510,0.7099547388544057,0.11342348962680958,0.17662177151878478
23511,0.9349474659326138,0.005345193881136904,0.059707340186249264
23512,0.8683151222996569,0.03607593232238344,0.09560894537795965
23513,0.9742124287310193,0.0032174256857562485,0.022570145583224472
23514,0.6417307501278255,0.04050759455645126,0.31776165531572326
23515,0.9527701894046295,0.020050181690413782,0.027179628904956593
23516,0.9407994046234214,0.003812558832884909,0.05538803654369385
23517,0.1874068192889189,0.040489074575307274,0.7721041061357737
23518,0.8783961229394079,0.00958579212163627,0.11201808493895593
23519,0.8429235436853203,0.016360712761522445,0.14071574355315727
23520,0.9767172876741862,0.002286549208475221,0.02099616311733847
23521,0.9651787311161671,0.003214783330091042,0.03160648555374177
23522,0.9778524129040896,0.002966690485526159,0.01918089661038431
23523,0.963040911139625,0.0039551170859383885,0.033003971774436675
23524,0.528174364112385,0.06154935922959846,0.4102762766580165
23525,0.9590722292773933,0.004501981658020612,0.03642578906458596
23526,0.968126968179143,0.003967364037666447,0.02790566778319041
23527,0.6502082972531272,0.012821632762337876,0.3369700699845348
23528,0.22917640294230693,0.03545229493316241,0.7353713021245306
23529,0.7168695419068702,0.021968748300456104,0.2611617097926737
23530,0.6586196217042172,0.03975270349304586,0.30162767480273706
23531,0.3388584768278279,0.03858005545757477,0.6225614677145973
23532,0.15814089372922444,0.028437145138555574,0.81342196113222
23533,0.9451968426917432,0.001145957700130276,0.053657199608126524
23534,0.6154539476574411,0.30252736828641713,0.08201868405614178
23535,0.0031884539030506793,0.002601345773100491,0.9942102003238488
23536,0.7733238737410849,0.00805929930883365,0.21861682695008142
23537,0.8952272135509395,0.006611107713026413,0.09816167873603393
23538,0.704864706661859,0.07931395061158278,0.21582134272655829
23539,0.8390091578919618,0.013167326929368598,0.14782351517866965
23540,0.5337500563834842,0.021663059640609092,0.4445868839759068
23541,0.2325169684819439,0.010941066117147175,0.756541965400909
23542,0.7570419877916922,0.11015600285518981,0.13280200935311787
23543,0.08931200581921943,0.4399094386216449,0.47077855555913567
23544,0.9655810066861188,0.0010682258297375882,0.03335076748414362
23545,0.4143995616894989,0.020418386318150194,0.5651820519923508
23546,0.9048145320151734,0.0075439019200077145,0.08764156606481885
23547,0.9243948906399428,0.0074578528577287475,0.06814725650232833
23548,0.18398815595211726,0.012195155194586695,0.803816688853296
23549,0.8898996738281069,0.017137334571354843,0.09296299160053827
23550,0.988125626203929,0.0029717132154779744,0.008902660580593042
23551,0.9591966081086277,0.0019522011802836647,0.03885119071108848
23552,0.008851821301028306,0.0017085573915720895,0.9894396213073996
23553,0.8485806295523325,0.014769782644009542,0.13664958780365788
23554,0.9686194841270465,0.0163158654161147,0.015064650456838817
23555,0.021765837218551055,0.00175182717135483,0.9764823356100942
23556,0.9752001928003307,0.009971756746849456,0.014828050452819765
23557,0.9760153158608545,0.0009756981421686598,0.023008985996976872
23558,0.007778299972131032,0.000960665080643915,0.9912610349472252
23559,0.9756855189880091,0.0008917181754601712,0.023422762836530733
23560,0.45821799045015676,0.007348891905589926,0.5344331176442534
23561,0.606061495698778,0.0019194602299280332,0.392019044071294
23562,0.01267244512211144,0.00260280896786852,0.9847247459100201
23563,0.9490300998362481,0.0040595185574666065,0.0469103816062851
23564,0.1882926150203641,0.05078770179412293,0.760919683185513
23565,0.8334383677637169,0.016273732899730404,0.15028789933655254
23566,0.9569268199603457,0.0014657742415147836,0.041607405798139485
23567,0.6750660720785003,0.15520364990767124,0.16973027801382842
23568,0.5711876031657298,0.03991394000269594,0.38889845683157415
23569,0.012907360791508896,0.0019169724691549676,0.9851756667393361
23570,0.9866942652131917,0.0016615876282253545,0.01164414715858293
23571,0.6033022050383715,0.07450965997727389,0.32218813498435456
23572,0.9578573775003805,0.013436046767863759,0.028706575731755637
23573,0.6287485695222884,0.12979946894863542,0.24145196152907628
23574,0.962463647878207,0.008330506885148156,0.02920584523664489
23575,0.012319113233876517,0.0018902159226564417,0.9857906708434669
23576,0.9360882272855129,0.005388960233708716,0.05852281248077857
23577,0.9524140451174632,0.0013607057709253483,0.04622524911161151
23578,0.10935774357520907,0.032368768267975905,0.8582734881568149
23579,0.018202600401505693,0.005425486373491731,0.9763719132250026
23580,0.20115903070464766,0.01659315621487353,0.7822478130804789
23581,0.01790054024589753,0.0813849283825392,0.9007145313715633
23582,0.18615730721783702,0.03226246885377522,0.7815802239283878
23583,0.021462760808894078,0.0019009865335693253,0.9766362526575366
23584,0.581244213056222,0.045780978956552684,0.3729748079872254
23585,0.640922655257414,0.049836092732647726,0.3092412520099382
23586,0.7649318295763002,0.02147194739495123,0.21359622302874856
23587,0.9893756997674299,0.0012403378339229739,0.009383962398647076
23588,0.9521818392195035,0.002761600933324751,0.045056559847171836
23589,0.37149251895556795,0.008863179874318889,0.6196443011701133
23590,0.9388854249676347,0.016586429878655197,0.04452814515370994
23591,0.006953878090931645,0.0021525597053383377,0.99089356220373
23592,0.2295576136852762,0.039809239751344434,0.7306331465633793
23593,0.9708392635045169,0.0033833707589973607,0.025777365736485897
23594,0.03347862394193949,0.010452107428600218,0.9560692686294603
23595,0.9715619469781375,0.013109497520178948,0.015328555501683673
23596,0.7469794914024976,0.018949839335485975,0.23407066926201636
23597,0.9702918978084396,0.003348208836113326,0.02635989335544724
23598,0.9868448842432493,0.006843064367965056,0.006312051388785394
23599,0.12013409992010422,0.026006078766093732,0.853859821313802
23600,0.0290343351727908,0.023259531018727412,0.9477061338084818
23601,0.9559265140322307,0.003974302082886353,0.040099183884882796
23602,0.23933017510066648,0.009492797470440703,0.7511770274288928
23603,0.8763380337724747,0.05370349866335966,0.06995846756416582
23604,0.9851912586942122,0.003771385376413614,0.011037355929374238
23605,0.9594182931493205,0.01836688751658328,0.02221481933409616
23606,0.9813734738252079,0.004718997745000709,0.0139075284297914
23607,0.7641651744619161,0.006842429743747657,0.22899239579433628
23608,0.9517023182982073,0.005772146855084126,0.04252553484670856
23609,0.4089436341251449,0.006555058258430458,0.5845013076164246
23610,0.10422427456094664,0.005630695727162922,0.8901450297118905
23611,0.9827880118365223,0.0007980443910739828,0.016413943772403582
23612,0.44342428067459444,0.030971149200344036,0.5256045701250615
23613,0.8856739280971604,0.0076502586885012856,0.10667581321433825
23614,0.007897821256571406,0.005262818117107419,0.9868393606263212
23615,0.7599718467858424,0.033341934675536485,0.20668621853862118
23616,0.9617612759623443,0.01624795391304611,0.0219907701246097
23617,0.9562869963424446,0.012565144613652473,0.03114785904390306
23618,0.8374695696804376,0.011965048959397664,0.15056538136016465
23619,0.9656949010981035,0.0020903994137045903,0.03221469948819192
23620,0.8349513740388688,0.0770738104770865,0.08797481548404476
23621,0.7857726065798946,0.05659522588995834,0.15763216753014705
23622,0.94372188266119,0.007090819592090373,0.04918729774671975
23623,0.017982814349234842,0.002012111287607347,0.9800050743631578
23624,0.9349957627371286,0.009595991197969812,0.05540824606490172
23625,0.7517606637207772,0.0686852105767077,0.17955412570251517
23626,0.5382332277244127,0.008778304209890916,0.4529884680656964
23627,0.9717914907689145,0.0038696298360054583,0.02433887939508024
23628,0.9611478780222568,0.01209132903822761,0.026760792939515735
23629,0.003988943242678456,0.009380233741861244,0.9866308230154602
23630,0.9668584900425555,0.009978331055387177,0.023163178902057272
23631,0.005214560990144046,0.0047221692234215825,0.9900632697864344
23632,0.8955918267849879,0.023269024031736564,0.08113914918327556
23633,0.8769911002708553,0.01219250228096354,0.11081639744818135
23634,0.9337125490081567,0.00715108970138383,0.05913636129045951
23635,0.015410941354076231,0.004067954378510293,0.9805211042674136
23636,0.9852548674231604,0.001976591468351254,0.012768541108488426
23637,0.9875145655904741,0.0037714816954685735,0.008713952714057449
23638,0.03303711078426724,0.01368864770429885,0.9532742415114338
23639,0.8389283012535536,0.06202227526476438,0.09904942348168212
23640,0.9856581510254679,0.0018217176493350463,0.012520131325196908
23641,0.9738543839103192,0.007792182115407414,0.018353433974273203
23642,0.3867913290684185,0.039010796483998654,0.5741978744475829
23643,0.8978439138556819,0.002632564247844605,0.09952352189647362
23644,0.9049126522295031,0.003991465189668236,0.09109588258082861
23645,0.9665832405442387,0.005233531486824168,0.02818322796893724
23646,0.013235625662636068,0.0014321428015652681,0.9853322315357986
23647,0.7248283932572339,0.013844313627411708,0.26132729311535435
23648,0.9812339418809463,0.0013816016449721556,0.01738445647408157
23649,0.9885615466481945,0.0018662415598543975,0.00957221179195104
23650,0.7818764600607221,0.013499647593169914,0.20462389234610795
23651,0.6965307732066496,0.15226711168557847,0.151202115107772
23652,0.9906276886686695,0.0024696853858133566,0.006902625945517154
23653,0.9592138331100063,0.005008901864712776,0.03577726502528081
23654,0.9346972122881403,0.013335873822785612,0.05196691388907389
23655,0.2652892502081004,0.012853748118666193,0.7218570016732334
23656,0.36727356352136065,0.01135659153883757,0.6213698449398017
23657,0.12193380947436265,0.019506933406245926,0.8585592571193913
23658,0.9577721480801422,0.004596945048600076,0.03763090687125773
23659,0.060433180673280754,0.008357963248585292,0.931208856078134
23660,0.002734911250943714,0.0004012104852421163,0.9968638782638142
23661,0.54139855635123,0.021336095671872248,0.4372653479768977
23662,0.3943448599081982,0.015409169475019512,0.5902459706167823
23663,0.9356369343316271,0.0015125986924798013,0.06285046697589299
23664,0.05770993789432214,0.48842062352029203,0.4538694385853858
23665,0.011286767054378389,0.0027628676115482595,0.9859503653340733
23666,0.1493117077198634,0.008837975490695166,0.8418503167894413
23667,0.5739388287788934,0.11619560969500692,0.3098655615260999
23668,0.015138472846573865,0.0105655563765043,0.9742959707769219
23669,0.9722132741578892,0.008571852968395447,0.019214872873715417
23670,0.5572305642939732,0.005306253908914233,0.4374631817971125
23671,0.030811475559436172,0.0025431764600965094,0.9666453479804673
23672,0.3608192803328239,0.025169419697084534,0.6140112999700916
23673,0.08967305981751403,0.010718913219059715,0.8996080269634262
23674,0.8145413419716324,0.02535554514400338,0.1601031128843641
23675,0.7026069979151338,0.01686653575918233,0.2805264663256838
23676,0.9065493812498866,0.00593931180894407,0.08751130694116939
23677,0.602492183751018,0.0375800059153996,0.3599278103335823
23678,0.9856010414652717,0.0012185278625016893,0.013180430672226583
23679,0.8159836417623952,0.03798529578428506,0.1460310624533198
23680,0.9752096009048113,0.005612520000261493,0.01917787909492713
23681,0.8554178128667558,0.11115404965240129,0.03342813748084297
23682,0.9735100300571291,0.0014792163947428803,0.025010753548128154
23683,0.09693435095620322,0.23822587303197626,0.6648397760118205
23684,0.8677881680830338,0.006400766851836198,0.12581106506513
23685,0.9749308295382922,0.004283512248719047,0.020785658212988663
23686,0.9711444786801684,0.0037755532889231307,0.02507996803090836
23687,0.0030956185950939217,0.0006588288952925285,0.9962455525096136
23688,0.5598629325561094,0.0011274880904454173,0.4390095793534451
23689,0.015646144964875014,0.002677846159977246,0.9816760088751478
23690,0.3015131509384123,0.534778957726462,0.16370789133512573
23691,0.8854778525481155,0.004555862883580261,0.10996628456830423
23692,0.06400261508456263,0.004490003596816384,0.931507381318621
23693,0.964145747352056,0.001892169894506491,0.03396208275343732
23694,0.048352224976070036,0.006521588822407546,0.9451261862015226
23695,0.9842878142604043,0.0005609516773936227,0.015151234062201918
23696,0.9524660483840414,0.0021593670158786904,0.04537458460007996
23697,0.8732691952387616,0.006261382418674141,0.1204694223425643
23698,0.9278593944283394,0.003387930157225717,0.06875267541443485
23699,0.9691334841832889,0.004113005101310477,0.026753510715400476
23700,0.8685018329342292,0.00859581877675852,0.1229023482890122
23701,0.9189736372501663,0.023324847608672903,0.057701515141160724
23702,0.39077761474495054,0.02095891374799099,0.5882634715070585
23703,0.013247928308364429,0.002161285237760524,0.984590786453875
23704,0.2681733858284255,0.015135963644833252,0.7166906505267412
23705,0.8845225193291273,0.00824697432644268,0.10723050634442992
23706,0.9899924079281264,0.0008090497854042114,0.009198542286469387
23707,0.67084147557666,0.06222729671081327,0.26693122771252675
23708,0.9721580720522365,0.0035859392720093866,0.024255988675754053
23709,0.9835090905239828,0.002706383519993978,0.013784525956023362
23710,0.03541517619923923,0.008930795595496742,0.9556540282052639
23711,0.9594839160426585,0.00939703750256746,0.03111904645477411
23712,0.11046206934572922,0.021585085970548794,0.8679528446837221
23713,0.8417564789021267,0.003533955323379894,0.15470956577449335
23714,0.9355745957287538,0.009216198325700229,0.055209205945546014
23715,0.9742547755952342,0.006244715771513016,0.019500508633252575
23716,0.011465236214071212,0.0020203201370255787,0.9865144436489032
23717,0.007211576444904379,0.0017970930746886724,0.990991330480407
23718,0.952018171876434,0.004077495011954295,0.04390433311161164
23719,0.913878529140842,0.005071429709050342,0.08105004115010762
23720,0.9690794383047668,0.0011024043594139565,0.029818157335819176
23721,0.9227557382840614,0.00794529352047122,0.06929896819546733
23722,0.011783997974018391,0.0018604275982529051,0.9863555744277288
23723,0.0022153247001974194,0.0008354159227867365,0.9969492593770157
23724,0.9149304096572717,0.06079990728696086,0.024269683055767505
23725,0.3145091910379789,0.04620824799790838,0.6392825609641127
23726,0.910418189519659,0.004053536247956066,0.08552827423238486
23727,0.5971276518810849,0.02870392563801671,0.3741684224808983
23728,0.7221128719502792,0.0354291602184168,0.24245796783130402
23729,0.8905639671554818,0.00969156077047629,0.09974447207404193
23730,0.8046194029525365,0.0775108689529697,0.11786972809449363
23731,0.22236606970875583,0.08817890439346539,0.6894550258977789
23732,0.04082873611355436,0.012720222566818094,0.9464510413196275
23733,0.9865693441154727,0.0007891588927697133,0.012641496991757605
23734,0.8853794393843197,0.04990182982627201,0.06471873078940833
23735,0.5504603904122466,0.020078973569292228,0.42946063601846113
23736,0.9787948425133222,0.005458161175368658,0.01574699631130924
23737,0.9436185512010423,0.00507609411872288,0.05130535468023481
23738,0.9562498392784525,0.011752435536218105,0.0319977251853292
23739,0.960288105009546,0.0019160463939814623,0.03779584859647267
23740,0.9170027700667159,0.006300129601251368,0.07669710033203254
23741,0.8032687516429353,0.0062971571867516726,0.19043409117031304
23742,0.003683166478266629,0.0010834438057080419,0.9952333897160254
23743,0.7969622686371083,0.035458873516276766,0.167578857846615
23744,0.8668265590873513,0.00223747635566521,0.13093596455698356
23745,0.37483823812656797,0.20833249600404943,0.4168292658693827
23746,0.8758367971759821,0.025505364649026023,0.09865783817499191
23747,0.40268915233976893,0.0263689777657922,0.5709418698944388
23748,0.38010197980061955,0.0126336525626924,0.607264367636688
23749,0.9785540528021816,0.0021738344560927802,0.01927211274172558
23750,0.9805982945732735,0.0028194496400543584,0.016582255786671985
23751,0.9239289204797212,0.04522136523240495,0.030849714287873795
23752,0.9701112587197454,0.011305767245423766,0.018582974034830918
23753,0.770452346900946,0.019211008065450584,0.21033664503360344
23754,0.8130057381829886,0.0033497747916863296,0.18364448702532507
23755,0.9331084731929047,0.005765221770895399,0.06112630503619974
23756,0.9061026992697248,0.0023154091851889996,0.0915818915450864
23757,0.5720408309870125,0.018656806719287964,0.40930236229369954
23758,0.07582283453399975,0.005572402954938298,0.918604762511062
23759,0.9657604809768027,0.021730595097983692,0.012508923925213664
23760,0.01436522904844024,0.010570743755628925,0.9750640271959309
23761,0.0730897420615109,0.22530095506778788,0.7016093028707012
23762,0.2384200365215652,0.0020299480578933595,0.7595500154205415
23763,0.9648567494906457,0.0035664500912356667,0.03157680041811858
23764,0.9558240549144461,0.026310905506145687,0.017865039579408087
23765,0.7258814830445736,0.009479914546378662,0.26463860240904785
23766,0.012994048739423114,0.0027030075099973936,0.9843029437505795
23767,0.8983937843608231,0.00638987376808344,0.09521634187109358
23768,0.9738380840861187,0.005887033644731087,0.02027488226915004
23769,0.010102192661116765,0.0015202861371974824,0.9883775212016858
23770,0.9654137190144597,0.006186386214685995,0.028399894770854174
23771,0.7620391359519945,0.013903756775566113,0.2240571072724394
23772,0.11753935200667653,0.19331669555311315,0.6891439524402103
23773,0.9428889842147449,0.010005230380310788,0.04710578540494436
23774,0.9685334630439612,0.001950156295059369,0.02951638066097948
23775,0.21662063314430732,0.046747213800803065,0.7366321530548896
23776,0.9370644824239458,0.00466089789880327,0.0582746196772508
23777,0.0020520459674699997,0.000557595193214047,0.9973903588393159
23778,0.9808119239828432,0.001909700796711281,0.017278375220445612
23779,0.6558585198329028,0.006302718290335869,0.3378387618767615
23780,0.9242419704463847,0.019602445892555644,0.056155583661059785
23781,0.9895539182382893,0.004575498742370676,0.00587058301934006
23782,0.0060237052088144855,0.002365340405376181,0.9916109543858093
23783,0.928557957176297,0.013778450032080548,0.05766359279162249
23784,0.7754118054198662,0.014232373721247856,0.21035582085888588
23785,0.19436649173948722,0.004894524770332254,0.8007389834901806
23786,0.958738882202496,0.0024118695195721874,0.038849248277931646
23787,0.9048801211770849,0.016200743567488966,0.0789191352554261
23788,0.2254217156958924,0.023851811209460314,0.7507264730946472
23789,0.18039729034673868,0.3980979360408977,0.4215047736123636
23790,0.40592146896954173,0.48612115852173987,0.10795737250871841
23791,0.8634820525699227,0.023863432068739532,0.11265451536133785
23792,0.005323278184800937,0.0029952488264897727,0.9916814729887093
23793,0.7487999126712699,0.008365945966006432,0.24283414136272366
23794,0.019133239050618586,0.017301474038648526,0.9635652869107328
23795,0.8479041549021461,0.04630611563518572,0.10578972946266814
23796,0.44262447329044186,0.013714327914101761,0.5436611987954564
23797,0.5226740043166067,0.010032289062814434,0.4672937066205788
23798,0.6528667535118662,0.004174800034425084,0.3429584464537087
23799,0.8588126835344684,0.006903687145287813,0.13428362932024382
23800,0.9487548227399393,0.0036105648649170994,0.047634612395143563
23801,0.5618012955471503,0.027153895434275283,0.41104480901857443
23802,0.8538546737562603,0.002474197244034825,0.1436711289997047
23803,0.8437689744692088,0.028488541003866847,0.12774248452692447
23804,0.004607644608990338,0.0038189185788638494,0.9915734368121458
23805,0.0014347704159265637,0.0005649928684569474,0.9980002367156164
23806,0.9800299061170887,0.0013661577393766933,0.01860393614353449
23807,0.6789413615825916,0.024612863441221638,0.2964457749761868
23808,0.8021830746443602,0.003950198108264822,0.19386672724737491
23809,0.014559584000546149,0.009988604737302821,0.975451811262151
23810,0.964490724929987,0.004215305217786944,0.03129396985222609
23811,0.008982317128705123,0.0092189922052203,0.9817986906660745
23812,0.9577504476039358,0.004292140098646987,0.0379574122974171
23813,0.5058214111643311,0.1496220087872452,0.34455658004842377
23814,0.0373566054700514,0.0013773848739829305,0.9612660096559656
23815,0.1989722990699991,0.03228603568242904,0.7687416652475718
23816,0.8946249293450617,0.012022772923656654,0.09335229773128173
23817,0.9541047429568902,0.003915235406538004,0.04198002163657192
23818,0.9892290607662558,0.0029359689098479363,0.007834970323896248
23819,0.9407808519938471,0.0035314356241174616,0.05568771238203548
23820,0.9041577867405322,0.0070056242263677295,0.08883658903310013
23821,0.36973802544311796,0.20692708642264293,0.4233348881342391
23822,0.01445600341295914,0.01584966205971775,0.9696943345273231
23823,0.9118554322516912,0.021579375371522408,0.06656519237678624
23824,0.976553758935802,0.003836064682754969,0.01961017638144279
23825,0.9743452309790839,0.0027539751888957806,0.022900793832020296
23826,0.2667081629251062,0.026650312483889698,0.7066415245910042
23827,0.8942312881023039,0.013901991762487258,0.09186672013520886
23828,0.7377878195743669,0.011220288597257355,0.25099189182837583
23829,0.7177650027207108,0.05540036818670367,0.2268346290925855
23830,0.6389744282900561,0.1929496372174807,0.1680759344924631
23831,0.9611573704469801,0.008298507246170763,0.03054412230684911
23832,0.889057455825809,0.027666069551000518,0.0832764746231905
23833,0.9444890063696142,0.007119348077527868,0.04839164555285795
23834,0.9716491139540697,0.003075609823627733,0.025275276222302637
23835,0.4767506775415072,0.010818165390960763,0.5124311570675321
23836,0.024882623044107387,0.01009398291102135,0.9650233940448713
23837,0.9305039512769306,0.010681065409858054,0.05881498331321124
23838,0.9648315660538509,0.002481169150712517,0.03268726479543669
23839,0.43545583763099166,0.2965048983935144,0.268039263975494
23840,0.9348324831272298,0.006586418885415623,0.05858109798735467
23841,0.971997188574517,0.001304995260490667,0.026697816164992276
23842,0.5901802135387371,0.006984535290824722,0.4028352511704382
23843,0.3017231827826756,0.00799487402021102,0.6902819431971134
23844,0.8630430371647474,0.013150565312971735,0.12380639752228104
23845,0.8556142588570588,0.0032166492142685957,0.14116909192867264
23846,0.9322678629292518,0.006427997298601369,0.061304139772146854
23847,0.38686999832659275,0.07497611015839001,0.5381538915150172
23848,0.2593915549089094,0.32142832370188706,0.41918012138920346
23849,0.799783523795372,0.03161060643494923,0.16860586976967887
23850,0.8125947119214622,0.032034695606068864,0.155370592472469
23851,0.9480914499301716,0.004925431374577198,0.04698311869525107
23852,0.02172424665719852,0.002802143441921902,0.9754736099008796
23853,0.23494879370143207,0.002167779020356606,0.7628834272782113
23854,0.8871138340572868,0.012646176134983762,0.10023998980772926
23855,0.9692245990405971,0.0036395946421112517,0.02713580631729154
23856,0.3710860661250045,0.036709599516142284,0.5922043343588532
23857,0.10667298916174758,0.0021627209652995767,0.8911642898729527
23858,0.9190273265826209,0.006826805913260058,0.07414586750411885
23859,0.977896277856475,0.001985091915882251,0.020118630227642677
23860,0.9795420764223925,0.0015082834717064072,0.018949640105900997
23861,0.6405155877062513,0.010195208651022447,0.34928920364272625
23862,0.9914613573284509,0.0013992835837791221,0.007139359087770054
23863,0.9599623401810568,0.023136506614539677,0.016901153204403472
23864,0.8798280759527776,0.012439329976702811,0.10773259407051962
23865,0.9594821989996208,0.02719314729439872,0.01332465370598039
23866,0.9430915426198769,0.002824472024290841,0.054083985355832184
23867,0.8085117154844613,0.01948087481137788,0.17200740970416073
23868,0.9702466052652842,0.01197219062294649,0.01778120411176938
23869,0.5155538058750074,0.0031721369544932213,0.48127405717049926
23870,0.9606672346444985,0.005646945347691632,0.03368582000780964
23871,0.7506429380059698,0.03649895606275282,0.2128581059312773
23872,0.4255263641097193,0.038966213578342464,0.5355074223119383
23873,0.09411647925959553,0.004522514407236527,0.9013610063331678
23874,0.019660156542985748,0.009463518527023368,0.970876324929991
23875,0.9392540009486039,0.0068473994002354556,0.053898599651160534
23876,0.07283869848601292,0.008730048950346759,0.9184312525636403
23877,0.8461878297498358,0.002539103987196488,0.15127306626296763
23878,0.6665256389780722,0.005086703848132052,0.32838765717379587
23879,0.8307455094013977,0.027834254753931607,0.1414202358446708
23880,0.9742334689183905,0.0007469476698631912,0.02501958341174637
23881,0.2125453682165449,0.08462962738704169,0.7028250043964134
23882,0.8355648330278271,0.007665952905098683,0.15676921406707417
23883,0.7047392902460083,0.1269894886043995,0.16827122114959206
23884,0.0068419621669076865,0.0013317073593562857,0.991826330473736
23885,0.8906809037056472,0.002487523113083609,0.10683157318126914
23886,0.2942414572250942,0.01592474162953462,0.6898338011453712
23887,0.14683231166604044,0.02334283179688683,0.8298248565370727
23888,0.41796989850155836,0.05476906555770478,0.5272610359407369
23889,0.3792712428673197,0.010927173171767382,0.6098015839609129
23890,0.7679297429271389,0.027057923267839228,0.20501233380502182
23891,0.10253575255888102,0.005085125015739267,0.8923791224253798
23892,0.9800474707125103,0.0018416717051053322,0.01811085758238431
23893,0.6891834362141439,0.11862487571490422,0.19219168807095185
23894,0.9065132893554511,0.009849608836963166,0.08363710180758581
23895,0.14468936976682664,0.007170762957944254,0.848139867275229
23896,0.35254796964198426,0.07681423934078786,0.5706377910172279
23897,0.9360419013959155,0.00609394350768643,0.05786415509639813
23898,0.8408553758862659,0.0019501184414920248,0.15719450567224189
23899,0.4264994765022064,0.020725753062062972,0.5527747704357305
23900,0.9872281709904457,0.0009536119893013474,0.01181821702025311
23901,0.4004075587786676,0.006849022952636529,0.5927434182686958
23902,0.19879882907185853,0.022860526976932905,0.7783406439512086
23903,0.9208108534775087,0.023423108005432004,0.05576603851705938
23904,0.7308109871925152,0.11288599474821166,0.15630301805927313
23905,0.2382053822302865,0.3636467405211327,0.3981478772485807
23906,0.8947644319693978,0.007286164208763646,0.09794940382183852
23907,0.9512272968106423,0.004403532614613955,0.04436917057474381
23908,0.9584169140198345,0.005295458050542434,0.036287627929623124
23909,0.78618592133695,0.00310855316672683,0.21070552549632313
23910,0.812739461562903,0.012939639452352636,0.17432089898474443
23911,0.9311873711002675,0.0026998401036724584,0.06611278879605993
23912,0.010684702831449375,0.006002140655199563,0.983313156513351
23913,0.9637234440507482,0.014761857689265578,0.02151469825998627
23914,0.01693428336260693,0.002436124303403882,0.9806295923339893
23915,0.9840142009091671,0.0008793388962812862,0.01510646019455146
23916,0.9267533504775303,0.004693520605977866,0.06855312891649191
23917,0.4324363807577044,0.006617545900539896,0.5609460733417557
23918,0.8847095955967301,0.01314865589651457,0.10214174850675532
23919,0.9514575905215465,0.021810020190451952,0.026732389288001538
23920,0.7926311129174323,0.17285986016115856,0.034509026921409273
23921,0.9578221740919638,0.006323483886888824,0.035854342021147304
23922,0.5323976020731387,0.10174596012965564,0.36585643779720567
23923,0.6988682035272576,0.009563133966954657,0.2915686625057878
23924,0.1730436268941313,0.045398966296990854,0.7815574068088779
23925,0.9413249902090406,0.003753370029109492,0.054921639761849966
23926,0.6235701012429745,0.008557319292190923,0.36787257946483454
23927,0.5178557506082165,0.10562035804034313,0.3765238913514403
23928,0.9661886671859958,0.00092935397829237,0.03288197883571174
23929,0.8137320331429885,0.009733786487516336,0.17653418036949514
23930,0.8468111282627349,0.007278400356712096,0.1459104713805529
23931,0.796579065589459,0.016487814348322707,0.1869331200622182
23932,0.8334436428571652,0.07807057083984627,0.08848578630298862
23933,0.9319197113811137,0.0029529113930820243,0.06512737722580429
23934,0.4699329713732945,0.24875296679444223,0.2813140618322632
23935,0.843741744705529,0.01759854768872253,0.1386597076057485
23936,0.07328052228543169,0.017908630217416413,0.9088108474971519
23937,0.6278128399710715,0.040368257075785625,0.33181890295314276
23938,0.9789287511905259,0.004148415516807909,0.01692283329266605
23939,0.9883284593934056,0.0009093455094821901,0.010762195097112105
23940,0.9553084040942046,0.005067037983208267,0.039624557922587164
23941,0.979011768196036,0.005543712728694388,0.015444519075269465
23942,0.6558639840192116,0.025932177238953594,0.3182038387418348
23943,0.01117355567414299,0.0014358664875082892,0.9873905778383487
23944,0.9406483180962141,0.013338709653693865,0.04601297225009192
23945,0.5118715620104053,0.008528307129970308,0.47960013085962444
23946,0.9508824850624188,0.0009159957745635041,0.0482015191630176
23947,0.4319660698580788,0.07304793683853558,0.4949859933033855
23948,0.7796280955403061,0.004349456776068782,0.21602244768362516
23949,0.09555519169311615,0.002927889554011322,0.9015169187528725
23950,0.9615179459139217,0.0025208662280620507,0.0359611878580163
23951,0.9912053873634845,0.0007470295839629743,0.008047583052552484
23952,0.24343571746189394,0.031273023298072244,0.7252912592400338
23953,0.9449875723309192,0.027740245777230048,0.027272181891850725
23954,0.9163467495798625,0.006970201251706196,0.07668304916843138
23955,0.9721720399244228,0.004543718456126574,0.023284241619450537
23956,0.5011586416548128,0.08956333263924081,0.40927802570594646
23957,0.964541667048603,0.0052782880244111015,0.030180044926985748
23958,0.766875215421325,0.0019973634290969718,0.23112742114957807
23959,0.3236456071228917,0.25072050873853097,0.4256338841385774
23960,0.6335717784392645,0.003809396829935967,0.36261882473079954
23961,0.007403297152476201,0.001008920550780732,0.991587782296743
23962,0.9615908048084779,0.014737137539300253,0.023672057652221832
23963,0.1221303021600249,0.026892435217328054,0.8509772626226471
23964,0.32107280659030135,0.5174534037964267,0.16147378961327202
23965,0.038106572048387514,0.007903675528644799,0.9539897524229678
23966,0.7363016502957657,0.0034807729630588215,0.26021757674117557
23967,0.9519447039283326,0.020891891557079375,0.02716340451458811
23968,0.4490221793410688,0.08362050798567752,0.46735731267325364
23969,0.9636297112740329,0.007443873528227536,0.028926415197739596
23970,0.9374227734669575,0.004713887066100575,0.05786333946694172
23971,0.04799111104611539,0.02338090703778408,0.9286279819161005
23972,0.984858324105122,0.0010885189103970409,0.014053156984480872
23973,0.9443817108185742,0.009207396259039335,0.046410892922386406
23974,0.06945318092363086,0.18051689198856907,0.7500299270878
23975,0.912785429705219,0.05615467796064603,0.031059892334134854
23976,0.9773459327876229,0.002401504344209164,0.020252562868167845
23977,0.9461878199767543,0.005715080263434352,0.04809709975981117
23978,0.010013282815786445,0.0013418743398319972,0.9886448428443816
23979,0.7100961330633655,0.02362697243978795,0.26627689449684666
23980,0.8635724849907087,0.10958475064240468,0.026842764366886526
23981,0.2995830802849928,0.033070812290403324,0.6673461074246039
23982,0.03254640465088758,0.0064147938474667975,0.9610388015016456
23983,0.976844001247887,0.003374811590141522,0.019781187161971473
23984,0.2743077907072422,0.045604728850989824,0.680087480441768
23985,0.9578912266343627,0.0019575326015390435,0.04015124076409841
23986,0.9728110007944345,0.011946987549731681,0.015242011655833873
23987,0.014627762653729885,0.001973888921638198,0.9833983484246319
23988,0.07567658449166115,0.0162369209843505,0.9080864945239883
23989,0.9192949531035344,0.0022412257161723704,0.0784638211802931
23990,0.0044891144816787566,0.0010707099055749412,0.9944401756127463
23991,0.680899720770662,0.004072490172094664,0.3150277890572435
23992,0.6942836955143274,0.018961151996775356,0.28675515248889705
23993,0.950493805204843,0.011771559193463349,0.03773463560169355
23994,0.4172193200457091,0.008822379858287412,0.5739583000960035
23995,0.7130077054990314,0.0010684553773177815,0.285923839123651
23996,0.2309060866426862,0.007758511253482168,0.7613354021038315
23997,0.05058706215385846,0.08295143265721083,0.8664615051889306
23998,0.4074792675523649,0.030714201788920623,0.5618065306587146
23999,0.9874278352544453,0.0007809859733720858,0.011791178772182739
24000,0.06088756131655571,0.011986680395108118,0.9271257582883362
24001,0.9899195878243372,0.004238655773890376,0.005841756401772511
24002,0.03569571980198716,0.01085368817431306,0.9534505920236998
24003,0.00940841324162911,0.0014001518794600335,0.9891914348789108
24004,0.3102108465563131,0.11739095096124853,0.5723982024824384
24005,0.3682369511523653,0.16435837948947982,0.4674046693581549
24006,0.8953479680244116,0.018774597021198932,0.08587743495438942
24007,0.938162823576415,0.007205627534337807,0.054631548889247074
24008,0.8509711656198199,0.07867866580916891,0.07035016857101112
24009,0.007818962933517774,0.008798586894442148,0.98338245017204
24010,0.6102759948808171,0.012552253328535537,0.3771717517906473
24011,0.5013097040476525,0.04286006324847158,0.4558302327038758
24012,0.9620637551415029,0.0015955457156926363,0.036340699142804536
24013,0.9438486486133071,0.002704054985493246,0.053447296401199704
24014,0.930481259441989,0.01752524049707846,0.05199350006093262
24015,0.7185283592869556,0.00486156402567594,0.2766100766873686
24016,0.9701452160559738,0.01446330067120594,0.01539148327282029
24017,0.8535087508551007,0.02895151837294728,0.11753973077195197
24018,0.8087796821750809,0.05688685921711474,0.13433345860780446
24019,0.9234113158564599,0.012765359614120392,0.06382332452941977
24020,0.8477290312604197,0.003850991214068756,0.14841997752551164
24021,0.04795191692218917,0.006903422628433054,0.9451446604493777
24022,0.8569430136330903,0.02977779123809988,0.1132791951288098
24023,0.19378260145710874,0.33330543632751497,0.4729119622153763
24024,0.019879753054430727,0.0513379558122245,0.9287822911333447
24025,0.9880809686012553,0.0009832785760137163,0.010935752822730963
24026,0.0024364947781821806,0.0013089650762755682,0.9962545401455423
24027,0.419824274274572,0.002143283967778332,0.5780324417576497
24028,0.6755856022788923,0.008661401345245758,0.31575299637586196
24029,0.9707746355103387,0.0026545960785223596,0.02657076841113897
24030,0.6617470724782957,0.2238914733305935,0.11436145419111081
24031,0.002813185688418048,0.0007180251016909465,0.996468789209891
24032,0.9438611960998149,0.034026944241937335,0.0221118596582478
24033,0.04848207441357597,0.012762152756439528,0.9387557728299846
24034,0.03949306629550608,0.003487161704181625,0.9570197720003123
24035,0.9576245287969163,0.010916827721375198,0.03145864348170846
24036,0.7092816610999424,0.03349723771497918,0.2572211011850784
24037,0.9691708408859624,0.0050252265997265,0.025803932514310988
24038,0.9619315392536012,0.0037279239547839244,0.03434053679161499
24039,0.9699263678942457,0.004748874919918178,0.025324757185836114
24040,0.893507723983746,0.0019546204913672574,0.10453765552488688
24041,0.6779469198706588,0.004994625023187382,0.31705845510615377
24042,0.9660276754796125,0.0021699384849360966,0.03180238603545148
24043,0.9874225513258614,0.0012980049335401089,0.011279443740598303
24044,0.6940773742517111,0.023911889229816945,0.2820107365184719
24045,0.017616989185386626,0.007815814387311042,0.9745671964273023
24046,0.024755068807168417,0.003486349634097338,0.9717585815587342
24047,0.9645180758496381,0.006464102580948316,0.02901782156941354
24048,0.9181745280677931,0.00804455311347258,0.0737809188187343
24049,0.895357709232203,0.0029969193963348697,0.1016453713714622
24050,0.9295335408532898,0.007064131081223418,0.06340232806548683
24051,0.8769475436811455,0.003105743898194307,0.11994671242066009
24052,0.9124266891352428,0.005026595805051451,0.08254671505970577
24053,0.9608784228416468,0.006389467079026041,0.032732110079327095
24054,0.02776106436759013,0.0010828177206604912,0.9711561179117494
24055,0.7676873984292564,0.00611861572702519,0.22619398584371847
24056,0.02723328787736066,0.005545889976657378,0.9672208221459819
24057,0.09585622560633777,0.005178415898542016,0.8989653584951203
24058,0.702321190245561,0.0040295679347765795,0.29364924181966245
24059,0.8996746626821805,0.021081495594911355,0.07924384172290802
24060,0.9579035936060792,0.0025129814802536377,0.039583424913667085
24061,0.9161601636923847,0.009359225989502645,0.07448061031811268
24062,0.9152787497955727,0.01573424051643239,0.06898700968799493
24063,0.14761401035291466,0.0032671155997000306,0.8491188740473853
24064,0.8691299601491269,0.016657710613359765,0.11421232923751327
24065,0.9323172789178025,0.004374630134180693,0.06330809094801695
24066,0.8692471415061818,0.009864534950782372,0.12088832354303583
24067,0.03336511819268134,0.06769378610861418,0.8989410956987044
24068,0.01434313778254443,0.009987758270810674,0.975669103946645
24069,0.9824360803411024,0.008198158020683542,0.00936576163821385
24070,0.7391189073473633,0.018395316704446947,0.24248577594818976
24071,0.9827799856067144,0.005022957273713875,0.012197057119571829
24072,0.9833215474665475,0.0070083233962099,0.009670129137242552
24073,0.9630581299720237,0.003325837362106681,0.03361603266586965
24074,0.74224344684182,0.057002690016681797,0.20075386314149823
24075,0.955314985120415,0.026566662746988844,0.018118352132596216
24076,0.8985487745034435,0.006127772947529627,0.09532345254902692
24077,0.004418864151510124,0.0032796542745306325,0.9923014815739593
24078,0.7554688791101178,0.01119520042127133,0.23333592046861076
24079,0.9182075332277084,0.003148568993224205,0.07864389777906741
24080,0.06236995437920863,0.014085158836668586,0.9235448867841227
24081,0.8948040495623857,0.05511519217264499,0.050080758264969216
24082,0.01590071892313733,0.012042054290415967,0.9720572267864466
24083,0.8884335561756732,0.008160775402068325,0.1034056684222585
24084,0.9826554043022326,0.0017335045800936442,0.015611091117673899
24085,0.9643637506621817,0.0022390074815837402,0.03339724185623465
24086,0.867705236618755,0.01860951078315614,0.1136852525980889
24087,0.32597479531291285,0.026681144308143185,0.6473440603789439
24088,0.6744341597908771,0.014331333476522512,0.31123450673260034
24089,0.9576069960869138,0.0034399427682846643,0.03895306114480156
24090,0.9605810710047586,0.00485541824205825,0.034563510753183105
24091,0.8802070847117381,0.016380484531953798,0.10341243075630792
24092,0.8128400080492544,0.010782954734431595,0.17637703721631418
24093,0.9559507667885793,0.004974068181357,0.03907516503006391
24094,0.7368220021746573,0.0030526550852754304,0.2601253427400673
24095,0.9476336242394582,0.004871692350518152,0.04749468341002363
24096,0.31856651203326586,0.07940652138866418,0.60202696657807
24097,0.7176993482972492,0.012834929598134114,0.26946572210461656
24098,0.03201611069138676,0.00848371347590535,0.959500175832708
24099,0.9815337223133506,0.002604226850061477,0.015862050836587982
24100,0.5273373214918611,0.027176274296477555,0.4454864042116614
24101,0.20721841994579301,0.03777823938940855,0.7550033406647985
24102,0.9270502299093527,0.021380546558529563,0.05156922353211765
24103,0.015567462166836138,0.0030749728320805347,0.9813575650010834
24104,0.9599105846273338,0.0031609648327893705,0.036928450539876805
24105,0.8843784193728875,0.02063012145113363,0.09499145917597891
24106,0.031715190338225445,0.011179936068439684,0.9571048735933348
24107,0.9642872978562692,0.0053104704275891024,0.030402231716141724
24108,0.7384353462546033,0.019358959265686333,0.24220569447971035
24109,0.9776317067754898,0.002811927969273009,0.019556365255237036
24110,0.6078438183190369,0.055445249514866804,0.3367109321660963
24111,0.8758758404015738,0.0032692169644444966,0.12085494263398164
24112,0.9624549883948491,0.0028021420485707226,0.03474286955658009
24113,0.9715361529166991,0.004129249058512249,0.024334598024788667
24114,0.9688073933981214,0.0018675562446038966,0.029325050357274885
24115,0.9769617806876771,0.003237523596111099,0.019800695716211947
24116,0.5919920692341503,0.0022538750202126642,0.40575405574563705
24117,0.9182854434996485,0.00889722421683098,0.07281733228352054
24118,0.983920534578097,0.004219409567413047,0.011860055854489817
24119,0.6083889766797475,0.017686847001467672,0.37392417631878494
24120,0.9198915044159066,0.017620949257949107,0.06248754632614413
24121,0.7851080309150492,0.016310985176349248,0.1985809839086016
24122,0.5838474479794622,0.05144234255775302,0.36471020946278476
24123,0.9613385831962734,0.00934190312342661,0.029319513680299853
24124,0.9632141525329528,0.0029148750478702155,0.03387097241917683
24125,0.9648471580452777,0.0020913982400293323,0.033061443714692954
24126,0.9430450345196819,0.005641340447845732,0.05131362503247242
24127,0.5306184484485755,0.002363069140508953,0.4670184824109155
24128,0.9648940827236218,0.016137476409610486,0.01896844086676782
24129,0.9614279193235782,0.0035913073714224095,0.034980773304999636
24130,0.6113266445299979,0.05389274000352705,0.3347806154664752
24131,0.13199371958952963,0.014452335735737936,0.8535539446747324
24132,0.9798284677503858,0.0039047857876588904,0.016266746461955275
24133,0.8685382117939432,0.007772143993979846,0.12368964421207698
24134,0.19713798117724848,0.021303733087149827,0.7815582857356016
24135,0.9659297786424436,0.02401620526285242,0.010054016094704025
24136,0.5100586432080491,0.1869860068228666,0.3029553499690843
24137,0.9694010079076034,0.01008668357671961,0.020512308515677005
24138,0.07580692217041925,0.014050712164202051,0.9101423656653786
24139,0.7991381995846965,0.15480875369009833,0.04605304672520524
24140,0.8960137977722848,0.015260411312790108,0.08872579091492486
24141,0.5883607638569871,0.008431987148397307,0.40320724899461563
24142,0.4927151200424258,0.12423125544488191,0.38305362451269226
24143,0.8262436534881463,0.011835062468680775,0.16192128404317296
24144,0.9702065471051351,0.002592406938526629,0.027201045956338297
24145,0.9238092523553492,0.01154069908796876,0.06465004855668215
24146,0.8085914312524232,0.007240632054813156,0.1841679366927636
24147,0.34871132646227715,0.013560538951803695,0.6377281345859191
24148,0.8479320927861682,0.006723493488299876,0.14534441372553197
24149,0.9793850449704772,0.002768989384799707,0.017845965644722975
24150,0.9510861148498169,0.010891189212602955,0.0380226959375802
24151,0.916193872909444,0.023896668829801654,0.05990945826075442
24152,0.9511165679180449,0.008796076853092336,0.040087355228862774
24153,0.9941638913191023,0.0010983906161692106,0.004737718064728716
24154,0.9429036598168051,0.02684652518493844,0.030249814998256495
24155,0.849613266937469,0.00719383526528841,0.14319289779724265
24156,0.7053858947355353,0.015165373950727517,0.27944873131373726
24157,0.3599882010827046,0.006360659787805067,0.6336511391294904
24158,0.0236262483495988,0.0019280046274640875,0.9744457470229371
24159,0.9644251794300077,0.012952681660825902,0.02262213890916643
24160,0.7607775073349647,0.05453207620592849,0.1846904164591067
24161,0.5986294467583976,0.036042292003986225,0.36532826123761625
24162,0.42569536220978643,0.006638903193261615,0.5676657345969519
24163,0.4734884491239348,0.0049996592068101775,0.521511891669255
24164,0.005691066946935103,0.0008765550539842276,0.9934323779990807
24165,0.4273267216845872,0.024966205238083218,0.5477070730773296
24166,0.9574393189574134,0.007679973069275308,0.0348807079733113
24167,0.05870069620029374,0.014998935082141972,0.9263003687175643
24168,0.9773966884847842,0.0034444678848062375,0.01915884363040961
24169,0.9713064457048386,0.01603331894199237,0.012660235353168944
24170,0.9881804757222405,0.0016728769746478405,0.010146647303111694
24171,0.9491033971067494,0.0006169270132675091,0.05027967587998315
24172,0.330476572828823,0.010174093884693569,0.6593493332864835
24173,0.9623962749784625,0.02211502533944917,0.015488699682088445
24174,0.021180645217947547,0.002485408498486005,0.9763339462835664
24175,0.8703558024149152,0.021867678608977526,0.10777651897610739
24176,0.9679040862613153,0.013892404646854878,0.018203509091829807
24177,0.10341721213848909,0.002711676465074398,0.8938711113964364
24178,0.9826657873996049,0.0005648495487415092,0.016769363051653722
24179,0.22781528161641204,0.011242658541525974,0.7609420598420619
24180,0.014013157615212013,0.011017418523754987,0.9749694238610329
24181,0.21825047502999645,0.0036884238658379635,0.7780611011041656
24182,0.9886222550923969,0.004205366717538574,0.007172378190064566
24183,0.9529121707754826,0.00453110809940149,0.042556721125115944
24184,0.7126411769940171,0.023193634875755206,0.2641651881302277
24185,0.8712079920586836,0.04829663087354716,0.08049537706776927
24186,0.4564607526259385,0.032644222308790015,0.5108950250652715
24187,0.30038823055199715,0.03658778853630852,0.6630239809116942
24188,0.9699122892935516,0.014287566616377702,0.01580014409007061
24189,0.0052419150167851815,0.004190253999469648,0.9905678309837451
24190,0.17153063979095598,0.016416037352874953,0.812053322856169
24191,0.11647427182566508,0.012693340518716453,0.8708323876556184
24192,0.02187412454068734,0.0038835523899646202,0.974242323069348
24193,0.9377286925293058,0.035236783610880465,0.027034523859813565
24194,0.07611863221490624,0.009498781456355427,0.9143825863287383
24195,0.97469995921151,0.0032304906707317123,0.022069550117758092
24196,0.8747456641042691,0.005656808551845517,0.11959752734388543
24197,0.9261244176065259,0.007471763784962208,0.06640381860851181
24198,0.7590168721157646,0.02124754909464499,0.21973557878959032
24199,0.9890606090439888,0.0010527937306363695,0.009886597225374822
24200,0.9732984292996247,0.0015288951043686402,0.02517267559600681
24201,0.9580022352598392,0.004969062190728748,0.03702870254943203
24202,0.9732410625561551,0.0013334460292651557,0.02542549141457976
24203,0.1538680489867243,0.006854717995086012,0.8392772330181897
24204,0.9819007244209083,0.0027161281765899453,0.01538314740250187
24205,0.9821988359545182,0.003552286016070864,0.014248878029410954
24206,0.8076090902595133,0.0643270256079819,0.1280638841325048
24207,0.025133152071412996,0.05392526678871706,0.92094158113987
24208,0.9453108088579018,0.003619850732206655,0.05106934040989165
24209,0.6450175995648713,0.03852860851643797,0.3164537919186909
24210,0.9275488448952395,0.003996607449538412,0.06845454765522217
24211,0.7003528328863594,0.005992949990167735,0.2936542171234728
24212,0.8087814335472331,0.007923549587653327,0.1832950168651135
24213,0.026823568425901317,0.004727619701030116,0.9684488118730686
24214,0.8452221085012411,0.0404346424417107,0.11434324905704824
24215,0.9457589754872394,0.002713186286242883,0.051527838226517686
24216,0.08803459570552225,0.03383849087359128,0.8781269134208866
24217,0.9524652994520028,0.004921859146056069,0.04261284140194118
24218,0.7854469163094697,0.005779173434206836,0.20877391025632341
24219,0.9742997042785833,0.004818439220979607,0.020881856500437217
24220,0.96869445133487,0.004391044601099697,0.02691450406403028
24221,0.9854744147841465,0.001593872579842448,0.012931712636011082
24222,0.7721727652276374,0.06590861795370981,0.16191861681865266
24223,0.538810872899545,0.004612240366055274,0.4565768867343998
24224,0.04995456259415404,0.1784979254859266,0.7715475119199193
24225,0.9734088500617019,0.0018076268677399664,0.02478352307055834
24226,0.942373455999645,0.00420059186465047,0.053425952135704564
24227,0.014100583635113944,0.0013294538524786276,0.9845699625124075
24228,0.9688927734717316,0.002329565329579643,0.028777661198688815
24229,0.0018210521908087246,0.0003102520871695928,0.9978686957220216
24230,0.9814776632966449,0.002874305601091062,0.015648031102264193
24231,0.39901565270048234,0.003204074618759906,0.5977802726807577
24232,0.9758387335786431,0.005050553617755877,0.019110712803601007
24233,0.8859659134073302,0.04896714999042648,0.06506693660224323
24234,0.8797746896687849,0.02708862037517182,0.09313668995604332
24235,0.623098549262628,0.022044475522626037,0.354856975214746
24236,0.6949953658916539,0.025009338458319742,0.27999529565002634
24237,0.8626184036513835,0.07354499896918851,0.06383659737942793
24238,0.015479569869979259,0.0012767475701072292,0.9832436825599135
24239,0.9646417380847851,0.005179349867938954,0.030178912047275873
24240,0.9557389266218558,0.019111398205691892,0.025149675172452233
24241,0.021565612244140504,0.003052912675309892,0.9753814750805495
24242,0.6573482635035199,0.002036874464947,0.3406148620315331
24243,0.9010830146579193,0.01324707303942101,0.08566991230265968
24244,0.8725749741996853,0.003403047478728818,0.12402197832158587
24245,0.9507740428629755,0.014062574470248878,0.03516338266677547
24246,0.9425379619912998,0.005321362576426605,0.052140675432273756
24247,0.828866640700818,0.016925933893020547,0.1542074254061615
24248,0.13024217721658854,0.028453150108884932,0.8413046726745266
24249,0.9668926879423734,0.010392741883155554,0.02271457017447093
24250,0.2756334036940174,0.026984643069867566,0.6973819532361151
24251,0.6100403775898277,0.0017115929043226637,0.38824802950584963
24252,0.43092493729338643,0.17448220858383326,0.3945928541227804
24253,0.759645597530649,0.005867784548064208,0.23448661792128692
24254,0.7038083255907069,0.019194602052086587,0.2769970723572065
24255,0.016037194984545144,0.0018548786722258302,0.982107926343229
24256,0.9878305533235596,0.001443580182004179,0.010725866494436099
24257,0.9576171532457193,0.024782505613687087,0.017600341140593598
24258,0.7700373788786957,0.00830863729929423,0.22165398382200993
24259,0.9729724170707699,0.0013425942296653622,0.025684988699564888
24260,0.9847339925499462,0.008341766048785271,0.006924241401268496
24261,0.9621501082650564,0.0137682166636912,0.024081675071252417
24262,0.07705051124298455,0.0064428451271914215,0.9165066436298239
24263,0.5489129595912083,0.23815110749365076,0.21293593291514085
24264,0.9920589831096919,0.0009762874379909531,0.006964729452317212
24265,0.9714683758619519,0.0032040847652433768,0.025327539372804884
24266,0.8846832979347268,0.10150831144988001,0.013808390615393233
24267,0.9449360676237865,0.003323597228599751,0.0517403351476137
24268,0.9317823828278239,0.0037106222905073823,0.06450699488166874
24269,0.042086456901541704,0.12967213883941947,0.8282414042590388
24270,0.956138365703717,0.0048328451901850965,0.03902878910609792
24271,0.8857319386517187,0.00477737421772128,0.10949068713055993
24272,0.9842460634931588,0.002583201923929088,0.013170734582912264
24273,0.9521836813264346,0.003055023457429463,0.04476129521613587
24274,0.9111019683645837,0.00490924562516038,0.08398878601025596
24275,0.9544643555567203,0.01198240288480281,0.033553241558476825
24276,0.8940453582021988,0.006947243097919802,0.09900739869988147
24277,0.028155362202399323,0.0025556734393196515,0.9692889643582812
24278,0.20617443145480657,0.009517050998310633,0.7843085175468829
24279,0.09408284261191793,0.06767805713910958,0.8382391002489725
24280,0.027982241199102205,0.013714933960795267,0.9583028248401025
24281,0.9748860933542752,0.001916303092231664,0.023197603553492898
24282,0.21798410429436185,0.051324195147543036,0.7306917005580951
24283,0.01755329787676841,0.002417557268303069,0.9800291448549285
24284,0.7998336821786014,0.011890411561595106,0.18827590625980348
24285,0.9269773561026868,0.004665724058147057,0.0683569198391662
24286,0.964403977426868,0.0041087660089055645,0.031487256564226546
24287,0.9644634555961612,0.011317901343039937,0.02421864306079889
24288,0.9835116836088102,0.004513918647216181,0.011974397743973532
24289,0.9404340004211891,0.021638404175395254,0.037927595403415844
24290,0.9533072435659359,0.021981724539519517,0.024711031894544502
24291,0.9558569681553595,0.002428760379997868,0.04171427146464262
24292,0.8643059935265608,0.023482026592042213,0.11221197988139694
24293,0.9380863296177824,0.007921366267829476,0.05399230411438822
24294,0.9830295726725639,0.0008778314232156519,0.016092595904220568
24295,0.971796401018603,0.0011093564618883164,0.027094242519508805
24296,0.05264028022554128,0.0037104624788623646,0.9436492572955963
24297,0.11222635422012207,0.08366305781873346,0.8041105879611445
24298,0.05179536959552347,0.05774311109236814,0.8904615193121085
24299,0.40531871509724327,0.020512830548089868,0.5741684543546668
24300,0.9477662017648415,0.001115562694104274,0.051118235541054234
24301,0.025851177894028722,0.003666805270705033,0.9704820168352664
24302,0.9229894812147843,0.00836280974389055,0.06864770904132497
24303,0.0719657159032875,0.12944669922922036,0.7985875848674922
24304,0.955422739792926,0.014313173121743508,0.030264087085330304
24305,0.8950082001587494,0.04796365788570363,0.057028141955546875
24306,0.8374533710517885,0.01502753722445851,0.14751909172375297
24307,0.11235482068373089,0.03808837882006776,0.8495568004962013
24308,0.9488872950846233,0.011233346600736977,0.03987935831463981
24309,0.01053429489917988,0.0018657158659184344,0.9875999892349017
24310,0.9671794605914064,0.0038420506529380075,0.028978488755655632
24311,0.9902736908976529,0.0008170491418574618,0.008909259960489645
24312,0.9865597158023282,0.007591886029759473,0.00584839816791252
24313,0.5418435439982331,0.006442540683001533,0.4517139153187653
24314,0.9512227022714325,0.0021372748071322883,0.04664002292143508
24315,0.9809820969462673,0.0008442377037363449,0.018173665349996555
24316,0.9399293175651082,0.0012597822805289005,0.058810900154362876
24317,0.9497879464056241,0.02599335075618116,0.024218702838194585
24318,0.0038326725169811108,0.0005055090836809934,0.9956618183993379
24319,0.8032634064921648,0.008866126349428476,0.18787046715840666
24320,0.9540714825506567,0.003260349529519686,0.04266816791982361
24321,0.9643586791092451,0.0031447546947619594,0.032496566195992956
24322,0.8357492179211814,0.0028001222502829237,0.16145065982853574
24323,0.9540857656665219,0.014811031147248936,0.031103203186229177
24324,0.8816053963861052,0.02111215130278738,0.09728245231110728
24325,0.9766016846298967,0.0016148467530934956,0.021783468617009742
24326,0.5930176392057186,0.02252973078642903,0.38445263000785235
24327,0.9746329223979977,0.004738655745125591,0.020628421856876786
24328,0.746673043399499,0.01351545083761854,0.23981150576288254
24329,0.6857599940693748,0.1520091319007109,0.16223087402991435
24330,0.722351363086432,0.01661675164054265,0.2610318852730253
24331,0.9503413877174446,0.005952873258876426,0.043705739023678865
24332,0.8921300847006866,0.0015877943729308765,0.10628212092638255
24333,0.7626382835970963,0.09677419753131308,0.14058751887159054
24334,0.8677063817277859,0.007813248058304707,0.1244803702139094
24335,0.9550656130318449,0.004846431982834046,0.04008795498532104
24336,0.9544317615584108,0.003071489752867003,0.04249674868872219
24337,0.9868475837605957,0.001868084312834761,0.011284331926569639
24338,0.9677706581017179,0.0036980615628568365,0.028531280335425246
24339,0.7613094954866857,0.008569989047960951,0.23012051546535342
24340,0.979415314377727,0.0013630033198078094,0.019221682302465206
24341,0.18368282682897377,0.008798895128638932,0.8075182780423874
24342,0.5178853780446742,0.046752352320192626,0.4353622696351332
24343,0.5259575073051769,0.041585336127248254,0.43245715656757483
24344,0.16260409551001623,0.010013599224474744,0.827382305265509
24345,0.01134163347268151,0.0013666472101703173,0.9872917193171482
24346,0.01022782556445749,0.004540229350028451,0.985231945085514
24347,0.9429402632916777,0.004953059131672241,0.05210667757665006
24348,0.5765834376525183,0.07999136244167628,0.3434251999058054
24349,0.9824760337591993,0.0037550347091889276,0.013768931531611748
24350,0.2778467270981954,0.03533111851476959,0.686822154387035
24351,0.7205882443720809,0.02025538958094167,0.2591563660469774
24352,0.9582687822487695,0.0009066106912651404,0.04082460705996545
24353,0.9380826731486247,0.017463456953099688,0.04445386989827565
24354,0.02359876393837206,0.002585986341944416,0.9738152497196836
24355,0.9650264697841262,0.01501739774819481,0.019956132467679015
24356,0.01375440220850684,0.0024084167067286717,0.9838371810847645
24357,0.9335928689204427,0.002717641707207862,0.06368948937234938
24358,0.005619401232982215,0.0029666535675284644,0.9914139451994893
24359,0.8589242571441766,0.009944024302549264,0.13113171855327413
24360,0.9549147429247158,0.023030161067701,0.02205509600758308
24361,0.7719663392953228,0.08296375347164489,0.1450699072330324
24362,0.9140936193716495,0.008375685371735228,0.07753069525661521
24363,0.9580195744660451,0.029128714516965193,0.012851711016989814
24364,0.9587011933302056,0.002681026349875959,0.03861778031991848
24365,0.936590019479884,0.004093933301484172,0.059316047218631984
24366,0.7616930901346947,0.04187969178436503,0.19642721808094019
24367,0.44751401169173144,0.027591513571612596,0.524894474736656
24368,0.3852292068719509,0.520236705059638,0.09453408806841111
24369,0.7501694787098021,0.0070484877002920466,0.24278203358990574
24370,0.7587346315993541,0.021415666636629988,0.21984970176401597
24371,0.9929821976361006,0.0016342780088940087,0.0053835243550054215
24372,0.0037217967673762115,0.002490488101048071,0.9937877151315756
24373,0.9717869754251945,0.002971941012164347,0.025241083562641035
24374,0.898460301216421,0.004569277496206081,0.09697042128737297
24375,0.6831580345107554,0.019138302918798766,0.29770366257044584
24376,0.967318258954936,0.01570847285340671,0.016973268191657252
24377,0.8526244667232129,0.008996309554244597,0.1383792237225425
24378,0.9496105417539218,0.011094127153915443,0.03929533109216284
24379,0.23849249321008542,0.0071654549238692085,0.7543420518660453
24380,0.9241434137666084,0.00701569801158123,0.06884088822181049
24381,0.9430853128509818,0.005827444521812954,0.05108724262720527
24382,0.7922899559266404,0.014430651348048823,0.19327939272531078
24383,0.9670213085619733,0.0031380971304528875,0.0298405943075739
24384,0.9701933787985714,0.0007559806203785535,0.02905064058105002
24385,0.9744944037404271,0.006364556714804709,0.01914103954476832
24386,0.6971747614680905,0.01751714735295304,0.2853080911789564
24387,0.9860372647023944,0.004096408928579144,0.009866326369026561
24388,0.06477628639707667,0.02722334565458808,0.9080003679483354
24389,0.07154115217259896,0.002420741456274451,0.9260381063711265
24390,0.05414703579667329,0.011360922579239483,0.9344920416240872
24391,0.010231491176229617,0.016214819971111884,0.9735536888526584
24392,0.8022212359074544,0.005794764574937998,0.1919839995176076
24393,0.9217886671995106,0.003060406321984313,0.075150926478505
24394,0.9760775080640562,0.0024171225148053787,0.02150536942113825
24395,0.8425737942262935,0.015377976657645303,0.1420482291160611
24396,0.5085812741528583,0.0016292852067139464,0.48978944064042773
24397,0.5772778358760449,0.01637076641061887,0.4063513977133361
24398,0.9740279635340513,0.0015548421552163626,0.024417194310732276
24399,0.006360040556970349,0.0036440793217463736,0.9899958801212834
24400,0.940511756150371,0.007891469273098702,0.051596774576530384
24401,0.9279195307352497,0.009479355811310087,0.06260111345344019
24402,0.9470633060631383,0.004934534701151958,0.0480021592357098
24403,0.932630407759619,0.0012322229225868646,0.06613736931779411
24404,0.019549053369969142,0.01736053315250211,0.9630904134775288
24405,0.47352474754902857,0.2002938654597381,0.32618138699123345
24406,0.8431744141632196,0.0031677912359808122,0.1536577946007995
24407,0.3269344166460731,0.058705092571881695,0.6143604907820451
24408,0.9042916582761501,0.0184578348705913,0.0772505068532585
24409,0.8325361235518459,0.00357123834048384,0.16389263810767038
24410,0.9652580912833386,0.0023340352785511343,0.032407873438110184
24411,0.46251886134862236,0.038076801911925195,0.49940433673945234
24412,0.9570768674728873,0.009988665172457264,0.032934467354655356
24413,0.14784823785872211,0.01875631254154113,0.8333954495997367
24414,0.5403583452816548,0.22680628255909463,0.2328353721592506
24415,0.9471742714412287,0.0054702873320104616,0.04735544122676097
24416,0.887166049141715,0.018010104635570234,0.09482384622271472
24417,0.9708770164722438,0.0032764608956085545,0.025846522632147564
24418,0.9832520168266153,0.002771307732306724,0.013976675441078083
24419,0.9456868565491613,0.004786208795874709,0.04952693465496405
24420,0.734774572152275,0.00199332606753037,0.2632321017801946
24421,0.2614231766370596,0.056234179522557055,0.6823426438403833
24422,0.9655696403418,0.0047806168046949345,0.029649742853505124
24423,0.9075396929171985,0.010122176599529987,0.08233813048327142
24424,0.9423229194942804,0.005058200340489544,0.05261888016523016
24425,0.8062724751445357,0.008233834072947501,0.18549369078251676
24426,0.9572580115000143,0.013138412197699307,0.02960357630228627
24427,0.12683339400517446,0.005039244282135879,0.8681273617126897
24428,0.3333381888946894,0.06071869116313551,0.6059431199421751
24429,0.9512438557267056,0.005314182189070825,0.04344196208422369
24430,0.9693473961411252,0.00887122014639212,0.021781383712482713
24431,0.2969255287292296,0.20657557117686826,0.4964989000939021
24432,0.9440386735118785,0.008242519278264759,0.04771880720985674
24433,0.006678923191016567,0.006880801542985372,0.986440275265998
24434,0.9915572463507699,0.0008157006195106624,0.0076270530297194005
24435,0.9649126752940504,0.0034869226645151026,0.03160040204143432
24436,0.5923988360106348,0.024728088446205086,0.3828730755431602
24437,0.9693093578815701,0.002194047823251081,0.02849659429517866
24438,0.11566690031402616,0.015506098923540951,0.8688270007624329
24439,0.18099333642687881,0.016915414521415633,0.8020912490517056
24440,0.9746494237792901,0.0047753857660285046,0.020575190454681445
24441,0.9866785033014417,0.0008127564406881084,0.012508740257870228
24442,0.85667634090122,0.014703256353120026,0.12862040274565997
24443,0.10925338643460678,0.009021192492354304,0.8817254210730389
24444,0.7627546047124794,0.10686511171466112,0.13038028357285952
24445,0.8970039884450763,0.05736290356970357,0.04563310798522021
24446,0.9807566637284667,0.008618260708190602,0.010625075563342723
24447,0.9272857765470398,0.006207936033192212,0.06650628741976798
24448,0.11078814113045304,0.02253205756742372,0.8666798013021233
24449,0.9638831086147898,0.0010267174229685952,0.035090173962241684
24450,0.9370908408112832,0.03798895586003692,0.02492020332867979
24451,0.015067015402840275,0.027605676406731585,0.9573273081904281
24452,0.8259883536654574,0.009793787118313855,0.16421785921622875
24453,0.008889635312945893,0.0032891964498799713,0.9878211682371741
24454,0.3249593727459657,0.009147940652371877,0.6658926866016623
24455,0.31392557498819135,0.00903321892160062,0.677041206090208
24456,0.849899975044299,0.020804495507468185,0.12929552944823292
24457,0.4510345422756854,0.00660000736124458,0.54236545036307
24458,0.9877098481469989,0.0008736579140651614,0.011416493938935847
24459,0.3752962257374588,0.018895180270073676,0.6058085939924676
24460,0.9840447524800141,0.0009114879082939917,0.01504375961169193
24461,0.5026400105609028,0.029472992737502833,0.46788699670159434
24462,0.7479608448649604,0.0378248053774612,0.2142143497575785
24463,0.03389914236070383,0.012330252157155894,0.9537706054821403
24464,0.7411317942138324,0.023423915468776924,0.23544429031739073
24465,0.9654984622325218,0.005795123098913396,0.028706414668564835
24466,0.42110216846541154,0.03090571234656185,0.5479921191880266
24467,0.03335513537494336,0.0014529197925517675,0.9651919448325048
24468,0.9704218454062697,0.013081708117795464,0.01649644647593493
24469,0.029267591337242306,0.002385194859762548,0.9683472138029953
24470,0.3171868900160771,0.0737629902395522,0.6090501197443707
24471,0.9632749080190198,0.012128923354991968,0.024596168625988166
24472,0.941767005955187,0.009604634556078517,0.048628359488734424
24473,0.29273717135060795,0.41765769324809426,0.2896051354012978
24474,0.9846506911822756,0.0006039524861898969,0.014745356331534563
24475,0.8048020874605968,0.02283221796469884,0.17236569457470444
24476,0.9791739623960756,0.00273155229120743,0.01809448531271696
24477,0.1288064424650827,0.0028239318461574263,0.8683696256887599
24478,0.8977669591741364,0.005720951315483327,0.09651208951038028
24479,0.41647113947871045,0.01076598466934481,0.5727628758519447
24480,0.9427208996249806,0.003964087198395206,0.053315013176624175
24481,0.1398448463065126,0.02141728173906515,0.8387378719544223
24482,0.412882918492181,0.1024860727893155,0.48463100871850345
24483,0.002938344907469719,0.003514985126773528,0.9935466699657567
24484,0.049317970873334116,0.029670372436186542,0.9210116566904795
24485,0.36708341042343984,0.04803926309323702,0.5848773264833231
24486,0.8514150019965283,0.0077266242015505355,0.14085837380192112
24487,0.9780440929404973,0.017362362934924186,0.004593544124578392
24488,0.25848532292952797,0.0707047685019394,0.6708099085685326
24489,0.4676728935950328,0.04293090492941262,0.4893962014755547
24490,0.9469452364725618,0.002535618914239339,0.050519144613198876
24491,0.716427668664283,0.02113586319239639,0.26243646814332056
24492,0.042757945220843904,0.007595810440347909,0.9496462443388083
24493,0.9247504946053897,0.006114145838071437,0.06913535955653889
24494,0.7608068318928096,0.013669903540611726,0.22552326456657862
24495,0.9848734094994938,0.0013772568547714382,0.01374933364573485
24496,0.6976536920187203,0.020481713255818185,0.28186459472546155
24497,0.23652519396468988,0.06675955108129568,0.6967152549540144
24498,0.8922948696144033,0.005406219515656495,0.1022989108699402
24499,0.9217987571075577,0.006083456252027743,0.0721177866404146
24500,0.006015542492801475,0.001878971661635852,0.9921054858455627
24501,0.84518500484964,0.0013970677786396951,0.15341792737172025
24502,0.005239296215106106,0.000857329872345068,0.9939033739125488
24503,0.525056078660737,0.01635632201318337,0.4585875993260796
24504,0.9837082114165223,0.0009741268947476414,0.015317661688730078
24505,0.8822183567462731,0.015557001504026542,0.10222464174970042
24506,0.9812183164783521,0.004235068974289126,0.01454661454735878
24507,0.004380481716612765,0.0019344643842802338,0.993685053899107
24508,0.9671783399909281,0.004957842985545008,0.027863817023527065
24509,0.86610052964169,0.005128758449433791,0.1287707119088761
24510,0.8017135014920885,0.001605364225959877,0.19668113428195158
24511,0.9073132678196965,0.0024194669792660297,0.09026726520103746
24512,0.9845795882208156,0.005128006334780203,0.010292405444404034
24513,0.0046754135641902065,0.003985199401663396,0.9913393870341465
24514,0.6420099647378372,0.06489127559600011,0.29309875966616267
24515,0.9088489978741943,0.024277362606212632,0.0668736395195931
24516,0.9602836505009394,0.0034281838060883805,0.03628816569297221
24517,0.9819761485988113,0.007817088266169309,0.01020676313501937
24518,0.7294929538713413,0.007038969386956184,0.2634680767417027
24519,0.5391993831394575,0.0016786124117940402,0.4591220044487486
24520,0.9583201925890074,0.005855331188865181,0.03582447622212742
24521,0.7493878896599464,0.0780114016967138,0.1726007086433399
24522,0.9558294513775543,0.00562774384072101,0.03854280478172469
24523,0.9705327309982078,0.004618993009324267,0.024848275992467864
24524,0.9172374231519372,0.00550009495691845,0.07726248189114425
24525,0.010752076048762715,0.018062546713916678,0.9711853772373207
24526,0.9772385726882968,0.008003124522609553,0.014758302789093439
24527,0.34190794023576954,0.02699763661330062,0.6310944231509299
24528,0.01404052948073233,0.0012107103542676426,0.984748760165
24529,0.4620624523895942,0.11147797641980643,0.4264595711905995
24530,0.3676186617226759,0.005957271453713273,0.6264240668236108
24531,0.9311127194326975,0.006792417190764285,0.062094863376538176
24532,0.9619897513516782,0.0018711475062351672,0.03613910114208666
24533,0.9356945000113079,0.02485355681220504,0.03945194317648691
24534,0.9780234325781331,0.0007421244348107311,0.021234442987056245
24535,0.13082904752153296,0.009844388929883659,0.8593265635485833
24536,0.005726649523843044,0.0023242688629140263,0.9919490816132429
24537,0.9158926499886962,0.006216772041543859,0.07789057796976007
24538,0.9062192968367175,0.007357594614408703,0.08642310854887393
24539,0.7453099463724908,0.0037115018299469097,0.2509785517975623
24540,0.42722102723332384,0.017267270661391474,0.5555117021052848
24541,0.02411503242715729,0.002806965584296802,0.9730780019885459
24542,0.9195362738599471,0.004133765181847085,0.07632996095820567
24543,0.950430255141004,0.0034290061671055413,0.04614073869189045
24544,0.9682722620419145,0.002607778806702692,0.029119959151382754
24545,0.39412024251062405,0.02556700681237787,0.5803127506769981
24546,0.6250553092983792,0.03237254830934112,0.34257214239227984
24547,0.7747558389405647,0.0009796403508455418,0.2242645207085899
24548,0.9776064255043951,0.0010997845927664953,0.021293789902838423
24549,0.07217863817645019,0.006544349614868095,0.9212770122086817
24550,0.5372985235830269,0.03520517459798419,0.427496301818989
24551,0.9762901750522287,0.0012540018550806057,0.022455823092690595
24552,0.6663490232653059,0.016244294552739152,0.31740668218195506
24553,0.9544035280294143,0.012586510645725205,0.0330099613248604
24554,0.5932456285418154,0.01426938894339586,0.39248498251478875
24555,0.8610176967814736,0.09848171753483882,0.04050058568368747
24556,0.976621484035618,0.005534274076029346,0.017844241888352718
24557,0.9582512296851281,0.008366280393408183,0.033382489921463754
24558,0.966385992797005,0.01044541079762614,0.023168596405368978
24559,0.9441675926089627,0.0008525051752071988,0.05497990221583005
24560,0.9360606669918529,0.004320605833744502,0.0596187271744026
24561,0.9063702969842755,0.033704542572611226,0.05992516044311331
24562,0.5328896358737962,0.01720801279589612,0.44990235133030765
24563,0.33545114592969905,0.02427087903750315,0.6402779750327979
24564,0.8817035209362114,0.014718154023357794,0.10357832504043091
24565,0.9601340111091314,0.004310605224752843,0.03555538366611575
24566,0.959623311555603,0.010196842623176975,0.030179845821219874
24567,0.9656697655897121,0.006850547540169248,0.02747968687011858
24568,0.9589057109679016,0.004680178927081081,0.0364141101050175
24569,0.9123275666176265,0.0128733646099838,0.07479906877238975
24570,0.9571969232830289,0.0017011059917619302,0.041101970725209165
24571,0.861349797588106,0.0030267837443229365,0.1356234186675709
24572,0.5238364102795766,0.011485752966180861,0.4646778367542425
24573,0.9259012434515338,0.016084515521525435,0.058014241026940784
24574,0.9528934017844465,0.0068168401367669496,0.04028975807878676
24575,0.9812315398551671,0.0028804320472123487,0.01588802809762064
24576,0.9734847050679415,0.0077227212068880224,0.018792573725170406
24577,0.9811363713642423,0.004772003890377972,0.014091624745379868
24578,0.06919307306436702,0.04113767277531055,0.8896692541603224
24579,0.754698711856857,0.018788931970633558,0.22651235617250948
24580,0.9684248610207367,0.008027820821807665,0.023547318157455827
24581,0.8463346500982528,0.011038818775530078,0.1426265311262171
24582,0.05336212477501749,0.22075833833718533,0.7258795368877973
24583,0.8108934589558331,0.03100129559886829,0.15810524544529875
24584,0.7199724246674982,0.04171212588493233,0.23831544944756938
24585,0.17632356829273413,0.01835566127328577,0.8053207704339801
24586,0.9032087417433006,0.008606293436241686,0.08818496482045769
24587,0.04103763819212709,0.006018847184164697,0.9529435146237083
24588,0.24298577498524865,0.06635929962358676,0.6906549253911647
24589,0.6555657389526474,0.0019063038026924043,0.34252795724466006
24590,0.29208235988393993,0.0031349320675273895,0.7047827080485326
24591,0.8598221938070356,0.016925311904033066,0.12325249428893122
24592,0.8964178758738025,0.006648452724007565,0.0969336714021899
24593,0.045738217012057276,0.006557281032643447,0.9477045019552993
24594,0.9054380750953585,0.001520473853614062,0.09304145105102735
24595,0.9216429512905262,0.004417217684224887,0.07393983102524894
24596,0.9087348184839589,0.0018685063143384932,0.08939667520170255
24597,0.0623144376103114,0.011439594934955803,0.9262459674547329
24598,0.5880436291909612,0.03289445998707294,0.37906191082196594
24599,0.5589597284368792,0.3763141607455078,0.06472611081761308
24600,0.8135934921182338,0.005901882796856158,0.18050462508491008
24601,0.14859797977356246,0.058089224879435825,0.7933127953470017
24602,0.9298965505838238,0.004144221627418204,0.06595922778875796
24603,0.13845584288866464,0.10078628548946075,0.7607578716218746
24604,0.8139567315849274,0.05430311002884516,0.1317401583862273
24605,0.7808149631929898,0.01193597774661698,0.20724905906039323
24606,0.9282535009811318,0.008546116988917963,0.06320038202995029
24607,0.5486580027675899,0.046746894574550474,0.40459510265785964
24608,0.9862074997697594,0.0020334309321370157,0.011759069298103565
24609,0.9165145901403556,0.00393120104637403,0.07955420881327031
24610,0.691887145831914,0.00838198067835208,0.2997308734897338
24611,0.07264067431801316,0.012432383556200348,0.9149269421257865
24612,0.8733662143351986,0.004511875719041895,0.12212190994575939
24613,0.22702133109662737,0.031741928160986733,0.741236740742386
24614,0.9657231834029878,0.019653465348586446,0.014623351248425825
24615,0.6569456168863052,0.1512202229654295,0.19183416014826543
24616,0.017695753059268703,0.013477313971284722,0.9688269329694467
24617,0.9787689862127652,0.001620367052369323,0.0196106467348656
24618,0.9787952935812935,0.01040330838660774,0.010801398032098647
24619,0.9620082392021009,0.006083832171791557,0.031907928626107473
24620,0.9115262419328248,0.013983082308990358,0.07449067575818479
24621,0.5847130173708823,0.011302798945823247,0.4039841836832945
24622,0.8865971100948068,0.06709650661809778,0.046306383287095444
24623,0.9418636340124389,0.027653280133236167,0.03048308585432504
24624,0.9607855381170036,0.005218224527709647,0.033996237355286715
24625,0.8642791788707782,0.056245197250096114,0.07947562387912582
24626,0.8281972454633242,0.006324649395053341,0.16547810514162248
24627,0.5442885510078255,0.2019827499006096,0.2537286990915649
24628,0.9124852988397583,0.027396105845438157,0.060118595314803513
24629,0.8854360702352844,0.010541907100484357,0.1040220226642313
24630,0.5756760885503562,0.07889245424158063,0.3454314572080632
24631,0.07774606149291123,0.17172611504657692,0.7505278234605118
24632,0.006711252344877894,0.0007647186451665899,0.9925240290099555
24633,0.14071702458600938,0.0056067413915836225,0.8536762340224071
24634,0.6938874249011496,0.022911360108987765,0.2832012149898627
24635,0.9258524960863023,0.0031804665598682744,0.07096703735382945
24636,0.9615165641993819,0.014562913130962472,0.02392052266965549
24637,0.9682086779761426,0.0011434442161617588,0.03064787780769563
24638,0.9461087991582949,0.005448654304655659,0.04844254653704937
24639,0.9775952672092252,0.0023291705579521235,0.02007556223282282
24640,0.20380110936172371,0.00617112198594443,0.7900277686523318
24641,0.6539227398265417,0.021061969451737272,0.32501529072172103
24642,0.973850906064516,0.003252935215661869,0.022896158719822292
24643,0.2682863869537821,0.012459389495858153,0.7192542235503596
24644,0.8863049618509732,0.011971125728347558,0.10172391242067923
24645,0.2944342444146391,0.052445718461336444,0.6531200371240244
24646,0.9682377241102019,0.0192554354968003,0.012506840392997648
24647,0.9704891324751486,0.006414364858078609,0.023096502666772833
24648,0.9654454339923346,0.0018515883091268857,0.03270297769853843
24649,0.598635380019251,0.0020801201059242862,0.3992844998748246
24650,0.7209001856245897,0.08777470054416858,0.1913251138312418
24651,0.950209576904646,0.005815031290567148,0.043975391804786865
24652,0.9181284374973063,0.006916197830970992,0.07495536467172252
24653,0.1947270969893731,0.019387209865349336,0.7858856931452776
24654,0.9857528055912794,0.000813188104182463,0.013434006304538226
24655,0.018901217446884156,0.0018166063725405179,0.9792821761805753
24656,0.9627813656478191,0.02553945957502758,0.011679174777153089
24657,0.024733705285300243,0.011579318143441847,0.963686976571258
24658,0.5003893424182382,0.009708643734299638,0.48990201384746224
24659,0.01968309869434356,0.0025483799156485664,0.9777685213900079
24660,0.9216448253536508,0.004791850675991152,0.07356332397035807
24661,0.9595115375600796,0.011816457178135828,0.02867200526178458
24662,0.9590187411267823,0.005180465245234619,0.0358007936279831
24663,0.9071974155900319,0.01089026298435928,0.0819123214256089
24664,0.9530572126623884,0.003034568524085346,0.0439082188135264
24665,0.48234848843518396,0.32198121345828257,0.19567029810653347
24666,0.4947451143880852,0.0050332919128899594,0.5002215936990247
24667,0.007335094874313007,0.0024601434848675057,0.9902047616408196
24668,0.7983898249501027,0.019717745219098498,0.1818924298307987
24669,0.8926089586016185,0.009887389997757474,0.09750365140062421
24670,0.9666716444941281,0.020632114303040638,0.012696241202831355
24671,0.08541375900993055,0.002606146687829401,0.91198009430224
24672,0.8748715120109577,0.01762409340605127,0.1075043945829911
24673,0.9514584644778983,0.021547624281602614,0.026993911240498967
24674,0.9595519968832441,0.003810231299544401,0.03663777181721148
24675,0.9430845237490708,0.029298375270968298,0.027617100979960865
24676,0.8856539282515185,0.0013153079556991341,0.11303076379278257
24677,0.328439083754996,0.04427580069452761,0.6272851155504765
24678,0.9717839128782759,0.0057994693767443525,0.022416617744979675
24679,0.9604423532674422,0.0037031678322975506,0.0358544789002604
24680,0.44918391996625723,0.002141350327233635,0.5486747297065092
24681,0.8330138382617861,0.009011493703770893,0.1579746680344429
24682,0.3425460676032209,0.004036607223155299,0.6534173251736238
24683,0.9581474708388936,0.0030593526880755536,0.038793176473030905
24684,0.8186942181820589,0.006671926629182823,0.17463385518875818
24685,0.9776070437584742,0.01190958138059748,0.010483374860928256
24686,0.8420708982933643,0.005807188556966674,0.15212191314966897
24687,0.03910572850366171,0.004450923567574821,0.9564433479287634
24688,0.9176161165762703,0.00590626857590426,0.07647761484782548
24689,0.017304651824747698,0.0021972765065436575,0.9804980716687086
24690,0.8241190189984634,0.012325546355119498,0.16355543464641706
24691,0.9847054860210712,0.0008502449608247252,0.01444426901810399
24692,0.005089840328062469,0.002996822569188987,0.9919133371027485
24693,0.9796838999243385,0.01180930848030979,0.008506791595351889
24694,0.959356581811362,0.025164586376135504,0.015478831812502512
24695,0.967514988123884,0.002038789897553494,0.030446221978562286
24696,0.12113176732938062,0.04407453201518139,0.8347937006554379
24697,0.08535288542620832,0.011387825269227667,0.903259289304564
24698,0.5509676296678381,0.020329072743589475,0.42870329758857245
24699,0.864815817441854,0.005874217241861943,0.12930996531628408
24700,0.7012180769307237,0.016023015792795612,0.2827589072764806
24701,0.9535811889753486,0.0011295532344485226,0.04528925779020288
24702,0.9786858570821589,0.0035826920052846687,0.017731450912556436
24703,0.9641735865536161,0.004642322812125727,0.03118409063425824
24704,0.12356272591494193,0.022692688378696684,0.8537445857063614
24705,0.9506255979543523,0.0031528299016977965,0.04622157214394979
24706,0.966410410903957,0.00351482239062393,0.030074766705418993
24707,0.04475264502266043,0.007857460720174271,0.9473898942571652
24708,0.959573254848051,0.02443940719904332,0.01598733795290556
24709,0.4734503827469429,0.0047841093228208065,0.5217655079302362
24710,0.026177907542782753,0.006777510537673956,0.9670445819195432
24711,0.8317106561194253,0.061927532746149705,0.10636181113442501
24712,0.10604077700781774,0.0016339216286649274,0.8923253013635174
24713,0.6000389472213383,0.020060829661199937,0.37990022311746163
24714,0.012444374388850475,0.004411879469862639,0.9831437461412869
24715,0.012923904115264352,0.0021845484638460333,0.9848915474208896
24716,0.5122490939421924,0.012441839103387682,0.47530906695441993
24717,0.7852276414941887,0.15906610714623856,0.055706251359572745
24718,0.9610243284916861,0.01859042953902572,0.02038524196928826
24719,0.9773035239833396,0.012937246585937933,0.009759229430722412
24720,0.405786496703983,0.07747416074889335,0.5167393425471236
24721,0.9625972724134482,0.004404089767523582,0.03299863781902817
24722,0.017383859741246264,0.0070080512299552115,0.9756080890287986
24723,0.666172262654763,0.049110425675939824,0.2847173116692971
24724,0.6040411178689976,0.004269352537777277,0.39168952959322506
24725,0.7076434384959932,0.02012527626545393,0.27223128523855294
24726,0.9873112537283105,0.003964556646116335,0.00872418962557309
24727,0.8632970212864215,0.07735996867765521,0.059343010035923294
24728,0.9680329093916841,0.0023435316922928414,0.02962355891602297
24729,0.9434084390281867,0.0016126291116155375,0.05497893186019775
24730,0.9904647200593168,0.004606042935343414,0.004929237005339838
24731,0.9536182821754479,0.006617750779773795,0.03976396704477834
24732,0.8516265964881802,0.00847937676072665,0.13989402675109322
24733,0.06047532875292505,0.00164221567160055,0.9378824555754744
24734,0.9592451000279489,0.0053026825522123604,0.03545221741983868
24735,0.9840023337262271,0.0033193652803469955,0.012678300993425828
24736,0.9866475604218212,0.001962547681566356,0.011389891896612441
24737,0.9794302921148035,0.006031617667802146,0.014538090217394505
24738,0.02380356623579297,0.005688039592611772,0.9705083941715953
24739,0.9671174630407035,0.0031107233407876673,0.029771813618508825
24740,0.804672597270818,0.015978095561448896,0.1793493071677331
24741,0.8601739342277231,0.08256675024902323,0.057259315523253564
24742,0.3426794406582382,0.006148742589947183,0.6511718167518146
24743,0.9585440688141847,0.005038544337719939,0.0364173868480954
24744,0.8577200017397395,0.004651368756252537,0.137628629504008
24745,0.7578006959579754,0.014417181764376865,0.22778212227764782
24746,0.8202509133453555,0.008120864400793081,0.1716282222538514
24747,0.9622599099269327,0.022163654840758128,0.015576435232309168
24748,0.9837456841016818,0.00471265398804334,0.011541661910274975
24749,0.44220402781560725,0.0043030493290345286,0.5534929228553583
24750,0.9755738531135675,0.0036426320664776435,0.020783514819954996
24751,0.8994616128976763,0.003673151018506476,0.09686523608381711
24752,0.9902655716761879,0.0007658524553097534,0.00896857586850223
24753,0.038373996572824025,0.01644052809869889,0.9451854753284772
24754,0.013200824753660939,0.002115984266164351,0.9846831909801748
24755,0.9050391514903232,0.018726678950331532,0.07623416955934527
24756,0.2246449506973331,0.009237187129172436,0.7661178621734944
24757,0.10519774996913732,0.09869199601360602,0.7961102540172567
24758,0.9900548831091593,0.0019487664331221208,0.007996350457718428
24759,0.7201528345079975,0.0291383437867828,0.25070882170521974
24760,0.9556863776165267,0.0023186964486887392,0.041994925934784606
24761,0.3515512086968757,0.07622704155220432,0.57222174975092
24762,0.7263687335276886,0.008723742199349706,0.2649075242729617
24763,0.9422435442507896,0.008851099802421398,0.04890535594678897
24764,0.8198881508327637,0.017643203573697742,0.16246864559353874
24765,0.4310100402810481,0.027812359064268013,0.5411776006546839
24766,0.01583044126591377,0.002760768088830841,0.9814087906452554
24767,0.9511056008364229,0.009666976992661742,0.03922742217091523
24768,0.5255961563403264,0.006830377285784111,0.4675734663738894
24769,0.9210708172923366,0.007393937449538137,0.07153524525812523
24770,0.9632504589295005,0.00800570062175844,0.0287438404487411
24771,0.9550286770097556,0.029798546765155216,0.015172776225089352
24772,0.974456874636255,0.001399848402958095,0.024143276960786844
24773,0.020685308555738437,0.0015299027952320194,0.9777847886490295
24774,0.021206228033683668,0.0046848847760164606,0.9741088871902998
24775,0.30143276660192886,0.016895254999836767,0.6816719783982343
24776,0.023100601412232788,0.006769127989516252,0.9701302705982509
24777,0.6851635469048889,0.17350770236873828,0.1413287507263728
24778,0.11192868550377753,0.0585667283581868,0.8295045861380357
24779,0.2972633886361143,0.11642186561415262,0.5863147457497331
24780,0.9745307882876967,0.016429486306425878,0.009039725405877419
24781,0.1739906255141465,0.021452228259253303,0.8045571462266001
24782,0.9622309716782473,0.001262649278266763,0.036506379043485825
24783,0.9503944863969327,0.0031138923226394295,0.04649162128042796
24784,0.9876194630975351,0.0006983840426255253,0.011682152859839211
24785,0.962728869242297,0.02762291501696609,0.009648215740737
24786,0.9173801690437742,0.02248552375603509,0.060134307200190786
24787,0.07233331009910911,0.11980861946879315,0.8078580704320977
24788,0.934099328902319,0.014793897766318367,0.051106773331362654
24789,0.9613774433633646,0.022726153115763197,0.015896403520872245
24790,0.887549868626378,0.0074868686556760905,0.10496326271794593
24791,0.10373708827439848,0.07249752022188678,0.8237653915037148
24792,0.9524649167622673,0.0287436383749056,0.018791444862826908
24793,0.0018597390930347433,0.0005777537427531249,0.9975625071642121
24794,0.7017100013867932,0.016518367174730875,0.281771631438476
24795,0.6819869932824424,0.006006896802730215,0.31200610991482747
24796,0.8169796263739229,0.051990610689036265,0.13102976293704094
24797,0.5120869999989732,0.006017355828687372,0.4818956441723393
24798,0.9161016995598119,0.016401319231395085,0.0674969812087932
24799,0.9650645941714034,0.008458845390644681,0.026476560437951862
24800,0.94808375415721,0.003142880417130869,0.04877336542565923
24801,0.9792354085573711,0.0011722568646815982,0.01959233457794713
24802,0.7425713986292636,0.0630820774518592,0.1943465239188772
24803,0.9106635705268333,0.011140393403184515,0.07819603606998214
24804,0.6748533533843478,0.007232351966969674,0.3179142946486824
24805,0.9691198602149043,0.005683688644607149,0.025196451140488563
24806,0.981120791074617,0.003208722258509457,0.015670486666873696
24807,0.9224162362833281,0.006928106981522548,0.07065565673514933
24808,0.9288796726940418,0.004016491139700024,0.06710383616625828
24809,0.9348845841247085,0.006056138779885113,0.05905927709540636
24810,0.9473679394025012,0.0008762915764653239,0.051755769021033425
24811,0.9560938630869227,0.005091920585288696,0.03881421632778869
24812,0.3761256465873793,0.5412524090191151,0.08262194439350559
24813,0.06836780966115316,0.0019325324470610861,0.9296996578917859
24814,0.9614379817088072,0.01402227243177084,0.024539745859422073
24815,0.8557269086836704,0.012449277205206844,0.13182381411112276
24816,0.9752918575885551,0.008752641608403795,0.01595550080304111
24817,0.9496473606986028,0.0008327696638458002,0.04951986963755142
24818,0.5602030142305359,0.009764081367351154,0.430032904402113
24819,0.36752145878574183,0.05972252373508376,0.5727560174791744
24820,0.9278411664489836,0.002644444627893618,0.0695143889231226
24821,0.9322018503680984,0.005748124934939214,0.06205002469696243
24822,0.010314092572394047,0.0040455261752190205,0.9856403812523868
24823,0.6571325544738796,0.06857262351573226,0.2742948220103882
24824,0.1622777004454987,0.026021494720017652,0.8117008048344837
24825,0.9415373161671076,0.004484000394935607,0.053978683437956795
24826,0.5356585825228803,0.3478902448169359,0.11645117266018383
24827,0.9781484072356077,0.014886746428578571,0.006964846335813611
24828,0.8991386441967284,0.0070838761543732705,0.09377747964889832
24829,0.9369577899651854,0.0020875979628763247,0.0609546120719383
24830,0.7105512829568451,0.0330457089207657,0.2564030081223892
24831,0.7173216493594567,0.01809687921330204,0.26458147142724114
24832,0.47573885682416917,0.003994082782333687,0.5202670603934971
24833,0.9159085249902909,0.009844238528326917,0.07424723648138239
24834,0.7833464801340946,0.01770831947601583,0.1989452003898895
24835,0.948241406985291,0.011320645766468285,0.04043794724824058
24836,0.9589245624276399,0.0051003483450558626,0.03597508922730439
24837,0.9578935942095601,0.003701007763055874,0.03840539802738412
24838,0.9498608529633471,0.005419535399037386,0.044719611637615404
24839,0.9699196900823579,0.010067068390553763,0.020013241527088346
24840,0.5853509495674548,0.029966058653202704,0.3846829917793425
24841,0.9824233457738176,0.0033182134203282978,0.014258440805854101
24842,0.8762997547750279,0.022853599155272557,0.10084664606969945
24843,0.9620964501103226,0.010100720447090292,0.027802829442587003
24844,0.5698417789454708,0.32758617456767253,0.1025720464868567
24845,0.08263707849227615,0.005703738710684259,0.9116591827970396
24846,0.6036048031717741,0.015201460938974712,0.38119373588925126
24847,0.98918109271717,0.0008748494594742473,0.009944057823355633
24848,0.9458464012258103,0.01672054878928192,0.037433049984907804
24849,0.8739895054439855,0.010120096497835842,0.1158903980581787
24850,0.924810503964858,0.03713125483324729,0.038058241201894716
24851,0.981693175714458,0.009174753120590698,0.009132071164951424
24852,0.23584721540408107,0.04864336588607388,0.7155094187098451
24853,0.763576283745078,0.01169481159287192,0.2247289046620501
24854,0.9725893672021312,0.004078172063191445,0.023332460734677412
24855,0.9612870702499219,0.0026407872759565644,0.03607214247412149
24856,0.9013890835848438,0.016421655903797485,0.08218926051135868
24857,0.8520726953541894,0.011880215903661895,0.13604708874214877
24858,0.19862055582879926,0.0016071799620859027,0.7997722642091148
24859,0.9345662622102154,0.004033454026912005,0.061400283762872446
24860,0.9301087793579484,0.015340752880447431,0.05455046776160409
24861,0.8896913962341556,0.08664589462970625,0.023662709136138174
24862,0.9065109765916214,0.009439163751019688,0.08404985965735887
24863,0.010670112244305807,0.004874246893242437,0.9844556408624517
24864,0.020698338493496244,0.004376500388171203,0.9749251611183325
24865,0.9029734950662781,0.006586883491507415,0.0904396214422146
24866,0.016792039902314558,0.003040592825785082,0.9801673672719003
24867,0.9388463578943496,0.0072989106307221,0.0538547314749283
24868,0.9452399353513877,0.024767241711457347,0.029992822937155002
24869,0.9086226481825591,0.0035836567712394457,0.08779369504620126
24870,0.7681993517822003,0.012050079865439038,0.2197505683523606
24871,0.9738847551366062,0.0020452753878441106,0.02406996947554965
24872,0.9722761518829721,0.003450770549673161,0.024273077567354622
24873,0.9814770899942395,0.002430666656281231,0.016092243349479278
24874,0.6005909129831449,0.08344270513681237,0.3159663818800426
24875,0.8871901827779907,0.008497077726763108,0.10431273949524625
24876,0.893055876779376,0.028693437418889373,0.07825068580173458
24877,0.9809259244781288,0.0031834111632990185,0.01589066435857224
24878,0.00624514571687996,0.015529727866061896,0.978225126417058
24879,0.7565963410461081,0.1165939860915281,0.12680967286236386
24880,0.9272168214618516,0.006041691318260742,0.06674148721988747
24881,0.8489724491805185,0.11083075708045244,0.040196793739029096
24882,0.9245959365825841,0.00421021754089862,0.07119384587651746
24883,0.10557441538997843,0.006710082790803348,0.8877155018192181
24884,0.545933438336572,0.009989844326275945,0.4440767173371519
24885,0.817419588246363,0.0073113447618930886,0.17526906699174383
24886,0.35395248410862407,0.08906423010920243,0.5569832857821735
24887,0.04640411981578787,0.003203797223923758,0.9503920829602883
24888,0.012116539471326716,0.0055439693903515655,0.9823394911383216
24889,0.9596040378592688,0.013414747958038476,0.026981214182692625
24890,0.925161170110392,0.00531168401177071,0.06952714587783733
24891,0.26909632393977284,0.011929728413345244,0.7189739476468818
24892,0.8406884241822108,0.015115436203037926,0.1441961396147513
24893,0.27826896082950425,0.005727333116802639,0.7160037060536931
24894,0.0018877676132630155,0.0024780140912538675,0.9956342182954832
24895,0.6714226661970203,0.048327132205923336,0.2802502015970564
24896,0.864974903835883,0.013255014248344304,0.1217700819157726
24897,0.1426457509221505,0.07865917889857676,0.7786950701792728
24898,0.02068658579581932,0.0016207779651131878,0.9776926362390675
24899,0.007462643976960878,0.0027820560941709807,0.9897552999288681
24900,0.9610121866076977,0.019041729291909486,0.01994608410039283
24901,0.039440403265665995,0.022949426450286536,0.9376101702840475
24902,0.699831165091733,0.003740633070631423,0.2964282018376355
24903,0.9346081682956947,0.04568533651873348,0.01970649518557176
24904,0.31914817642116766,0.0146309338126481,0.6662208897661843
24905,0.9090011216719754,0.0030194138391435228,0.0879794644888812
24906,0.0012311614535692461,0.0003592719189379833,0.9984095666274927
24907,0.9438291466328363,0.028775945435653857,0.027394907931509966
24908,0.3247246953163083,0.009004579516119047,0.6662707251675726
24909,0.9571278963020597,0.006461495515759595,0.0364106081821807
24910,0.973076328861786,0.0014447268188269998,0.025478944319387072
24911,0.96186786797741,0.012933094361295997,0.025199037661294155
24912,0.962912905515162,0.005167169599948685,0.03191992488488924
24913,0.8081234451233712,0.011537953914329593,0.18033860096229912
24914,0.9815585523426561,0.0022596180039247413,0.01618182965341904
24915,0.9591618443352514,0.005012015397810979,0.035826140266937596
24916,0.7257543764765476,0.029234783092943615,0.24501084043050878
24917,0.34819066512520125,0.043054407059300144,0.6087549278154986
24918,0.8478241067218008,0.06458915279437843,0.08758674048382092
24919,0.4728284662459149,0.05043091035147854,0.4767406234026065
24920,0.9556185162603369,0.004356324507787079,0.04002515923187605
24921,0.9903186701071088,0.002715042921326087,0.0069662869715651195
24922,0.11383969471691853,0.015287166435968072,0.8708731388471134
24923,0.16328774544157265,0.004852972408313184,0.8318592821501142
24924,0.5814235443839316,0.0022747494912068026,0.4163017061248616
24925,0.5068346335216382,0.0025062302545191045,0.4906591362238427
24926,0.1967128616687814,0.17121464888344368,0.6320724894477748
24927,0.008143356870697364,0.012756434660442486,0.9791002084688601
24928,0.9522631100460249,0.02075440823559996,0.02698248171837503
24929,0.9595319254391754,0.0029075381285300758,0.037560536432294414
24930,0.5197748465791412,0.009853697543467998,0.4703714558773909
24931,0.9446433637851109,0.013116807954922576,0.04223982825996664
24932,0.20862145262149712,0.003023327818245039,0.7883552195602579
24933,0.9269464271254916,0.003880184101458477,0.06917338877305003
24934,0.9881551059953902,0.0005933627205689801,0.01125153128404083
24935,0.9867454515158884,0.0014279575068341969,0.011826590977277437
24936,0.9762412574116601,0.003017428762890041,0.020741313825449876
24937,0.9711929021827073,0.0024843332307755393,0.026322764586517215
24938,0.2672027284053277,0.026293593775414403,0.7065036778192579
24939,0.4496340594777303,0.008466736748170837,0.5418992037740988
24940,0.6710181225509123,0.01480478168323677,0.3141770957658509
24941,0.011692013592465137,0.0010805615626713503,0.9872274248448636
24942,0.9486829803591255,0.026476759230745977,0.024840260410128545
24943,0.669947798030924,0.012637285561605595,0.3174149164074705
24944,0.04661830232530037,0.0031516777282880343,0.9502300199464115
24945,0.1616798099112011,0.009617260258047301,0.8287029298307517
24946,0.9658795853587709,0.006285588560658527,0.0278348260805705
24947,0.035188728044364716,0.009344950243340599,0.9554663217122947
24948,0.9235078379379237,0.01120580455775832,0.06528635750431808
24949,0.8674977536218681,0.0021529801451578567,0.13034926623297402
24950,0.9800092685294387,0.001626543077100277,0.018364188393461024
24951,0.5535863861882632,0.04485236923024364,0.40156124458149317
24952,0.44434649152069056,0.005190140832842812,0.5504633676464666
24953,0.08484404674296156,0.02387855056085606,0.8912774026961824
24954,0.9654422938385618,0.006273623448072379,0.028284082713365806
24955,0.3523356702546589,0.1413869346177609,0.5062773951275802
24956,0.9173955213247569,0.04294345165718009,0.03966102701806297
24957,0.7137262515343767,0.06406322046248392,0.22221052800313928
24958,0.8737178250151572,0.016000948611984707,0.11028122637285807
24959,0.025945649340198097,0.002579104283728313,0.9714752463760737
24960,0.19430767943391572,0.011165574736438047,0.7945267458296462
24961,0.9075435051809537,0.004585474693011561,0.08787102012603476
24962,0.40172336988775154,0.04821786964482266,0.5500587604674257
24963,0.9005369593044518,0.0022512757182662703,0.09721176497728189
24964,0.20249630759575135,0.017628030968739113,0.7798756614355096
24965,0.9495956768801004,0.002697455254082545,0.04770686786581691
24966,0.7847144663027906,0.004850216283213461,0.21043531741399593
24967,0.14004460357506096,0.001606805509188189,0.8583485909157509
24968,0.08624987490120158,0.12811443099517647,0.7856356941036219
24969,0.04104438515940062,0.003578775042522153,0.9553768397980772
24970,0.9683540929381231,0.010771655199772495,0.02087425186210426
24971,0.9368589065871368,0.00937568423411181,0.0537654091787514
24972,0.008158332787916446,0.0011503137909943714,0.9906913534210893
24973,0.4736213461071264,0.004961671276349131,0.5214169826165245
24974,0.9830423187988296,0.00121223815145413,0.015745443049716285
24975,0.9506431533849193,0.002866543566985352,0.04649030304809526
24976,0.663077182124617,0.0032021392134113772,0.3337206786619716
24977,0.9756807683926462,0.005623162658253641,0.01869606894910016
24978,0.9602216330825617,0.0065053993291972236,0.033272967588241005
24979,0.45401835502135235,0.012669847087703596,0.5333117978909441
24980,0.9042373753272807,0.019817205789607637,0.07594541888311186
24981,0.9417468079064918,0.006866758299641489,0.05138643379386661
24982,0.958498971035018,0.012309759129143864,0.02919126983583806
24983,0.9069328047176943,0.003513443607095642,0.08955375167520989
24984,0.8062302170060458,0.08236321991329307,0.11140656308066112
24985,0.7388191973863523,0.019197655326402562,0.24198314728724524
24986,0.7125645401576327,0.03925806254795658,0.24817739729441066
24987,0.13815253104554454,0.0033570489092562003,0.8584904200451993
24988,0.9637744506193119,0.001964284666402723,0.03426126471428549
24989,0.9746502928495004,0.001509096366932122,0.023840610783567372
24990,0.9795224961408868,0.0010587144402690225,0.019418789418844156
24991,0.2670299356274761,0.027941330028544587,0.7050287343439793
24992,0.817362468889304,0.09686631804582779,0.0857712130648683
24993,0.033174414343116944,0.002533140206970276,0.9642924454499128
24994,0.9000362823518896,0.0046665097257359255,0.09529720792237445
24995,0.8694424308790465,0.012975692456067837,0.11758187666488558
24996,0.9039616177944468,0.0014892807938867896,0.09454910141166648
24997,0.924517177794265,0.03575044090779361,0.039732381297941294
24998,0.9363470053149563,0.002740781709498852,0.06091221297554476
24999,0.9240956664217853,0.006145715148510797,0.06975861842970393
